shape,seed,method,cov,width
normal,40000,cohen,0.3049151827190546,0.7839279899665139
normal,40000,cohen_stable,0.8886072051659715,3.183927989966516
normal,40000,latentcp,0.9633059654066932,4.178359206318703
normal,40000,latentcp_tuned,0.9216304099302295,3.521157653490907
normal,40000,latentcp_multi,0.9641137218038887,4.1974542616700035
normal,40000,latentcp_pac,0.9950354553339505,5.618651359520339
normal,40000,noisy_threshold,0.9579975509853362,4.066991767556752
normal,40000,simple_shrink,0.9554549955251193,4.017851578457547
normal,40001,cohen,0.34916083134883585,0.905193418925005
normal,40001,cohen_stable,0.9589076228785529,4.085193418925006
normal,40001,latentcp,0.9890468463250166,5.088380186643522
normal,40001,latentcp_tuned,0.9319830612800327,3.7682102206013557
normal,40001,latentcp_multi,0.9744176483303775,4.608831887608992
normal,40001,latentcp_pac,0.995749236369119,5.717854380461395
normal,40001,noisy_threshold,0.9818970331390047,4.727010635113349
normal,40001,simple_shrink,0.980534918330541,4.673004454125419
normal,40002,cohen,0.2864553339431275,0.7341993597918655
normal,40002,cohen_stable,0.7876390496816041,2.494199359791867
normal,40002,latentcp,0.9912899139394716,5.246456807690443
normal,40002,latentcp_tuned,0.9541148962373408,4.006421011023499
normal,40002,latentcp_multi,0.9886303646688952,5.177285912049552
normal,40002,latentcp_pac,0.9945349980155396,5.55653010000913
normal,40002,noisy_threshold,0.9814291973565521,4.708072392658989
normal,40002,simple_shrink,0.9796039694383116,4.637963327941175
normal,40003,cohen,0.28066798979725593,0.7187033796719238
normal,40003,cohen_stable,0.8227759698270862,2.6987033796719255
normal,40003,latentcp,0.96329111741982,4.178673376069598
normal,40003,latentcp_tuned,0.968699121721002,4.30751460146283
normal,40003,latentcp_multi,0.9707195182323015,4.5462197589487765
normal,40003,latentcp_pac,0.9822196085348929,4.7405244972914735
normal,40003,noisy_threshold,0.9546750162996118,4.003251755306482
normal,40003,simple_shrink,0.9507139428619837,3.9322173742987396
normal,40004,cohen,0.27564908254445974,0.7052998151181442
normal,40004,cohen_stable,0.9094778746146648,3.3852998151181466
normal,40004,latentcp,0.9840559858064611,4.820390756524313
normal,40004,latentcp_tuned,0.9902737791628391,5.342023360404494
normal,40004,latentcp_multi,0.9866009338825416,4.947209654293784
normal,40004,latentcp_pac,0.9960044611461382,5.757027501233534
normal,40004,noisy_threshold,0.982145866598839,4.737258808036039
normal,40004,simple_shrink,0.9804147342023184,4.668399469454014
normal,40005,cohen,0.3135085974603087,0.8072421039433504
normal,40005,cohen_stable,0.9569908427317726,4.047242103943352
normal,40005,latentcp,0.9883925037407234,5.047715830768738
normal,40005,latentcp_tuned,0.9753615462084264,4.495204226205992
normal,40005,latentcp_multi,0.9917074041515676,5.331110241448448
normal,40005,latentcp_pac,0.9978860548068996,6.147477351347882
normal,40005,noisy_threshold,0.9844896539413661,4.840476271331273
normal,40005,simple_shrink,0.9828415289715893,4.766588589478938
normal,40006,cohen,0.3431764837365124,0.8886060450948232
normal,40006,cohen_stable,0.9348610087409746,3.6886060450948257
normal,40006,latentcp,0.983212537447171,4.78266028081904
normal,40006,latentcp_tuned,0.8999946623438672,3.386425303686841
normal,40006,latentcp_multi,0.9928431091119718,5.428417971025251
normal,40006,latentcp_pac,0.9976601643292188,6.086639505164295
normal,40006,noisy_threshold,0.9811004538516808,4.695012891313091
normal,40006,simple_shrink,0.9790668955717747,4.618377685453236
normal,40007,cohen,0.3543494812914363,0.9196258120294116
normal,40007,cohen_stable,0.8689088290728944,3.0196258120294135
normal,40007,latentcp,0.9787186994760702,4.606026932754795
normal,40007,latentcp_tuned,0.9810972660490005,4.696072147676908
normal,40007,latentcp_multi,0.9821238307209267,4.737549027246482
normal,40007,latentcp_pac,0.9946293243900864,5.567844391879146
normal,40007,noisy_threshold,0.9775649651392178,4.565841571723422
normal,40007,simple_shrink,0.975517680104466,4.498949110643077
normal,40008,cohen,0.288312401697901,0.7391810866277209
normal,40008,cohen_stable,0.8471654287229815,2.8591810866277227
normal,40008,latentcp,0.9851700984624372,4.873013805094513
normal,40008,latentcp_tuned,0.8974310501567535,3.3678916893260045
normal,40008,latentcp_multi,0.9651367633837025,4.346211911316407
normal,40008,latentcp_pac,0.9946311746833462,5.568057809595919
normal,40008,noisy_threshold,0.9833761681110715,4.789847061135269
normal,40008,simple_shrink,0.9817006040115557,4.719007497054075
normal,40009,cohen,0.3965625282771965,1.038927252400088
normal,40009,cohen_stable,0.7370575998406927,2.238927252400089
normal,40009,latentcp,0.98332002420151,4.78746494997238
normal,40009,latentcp_tuned,0.9854136209001015,4.913802421829427
normal,40009,latentcp_multi,0.9860513065567278,4.918411366439056
normal,40009,latentcp_pac,0.9935551223084654,5.448507535066449
normal,40009,noisy_threshold,0.9630439110037297,4.1724976635557285
normal,40009,simple_shrink,0.9602333412462967,4.112329084644413
normal,40010,cohen,0.30096375141912346,0.7732435135970395
normal,40010,cohen_stable,0.9307249502948878,3.633243513597042
normal,40010,latentcp,0.9928971630023355,5.383968497278205
normal,40010,latentcp_tuned,0.995338269398534,5.836817239600139
normal,40010,latentcp_multi,0.9515851956841945,4.068131778600851
normal,40010,latentcp_pac,0.9993287871979301,6.802151057289707
normal,40010,noisy_threshold,0.9873221834163601,4.985387363564417
normal,40010,simple_shrink,0.9861104387125779,4.920213927225466
normal,40011,cohen,0.32295792599403944,0.8330057227572869
normal,40011,cohen_stable,0.9307067305913679,3.6330057227572894
normal,40011,latentcp,0.9903795113760319,5.178359333810703
normal,40011,latentcp_tuned,0.9426884369675779,3.908725449043792
normal,40011,latentcp_multi,0.97107362685088,4.370883607205073
normal,40011,latentcp_pac,0.9980824432028998,6.205425451071542
normal,40011,noisy_threshold,0.9801936441974188,4.65999225461406
normal,40011,simple_shrink,0.9783588002757608,4.5932139734630635
normal,40012,cohen,0.281200197243999,0.7201265846611244
normal,40012,cohen_stable,0.8689727250950032,3.0201265846611265
normal,40012,latentcp,0.9882251906303501,5.037644663664834
normal,40012,latentcp_tuned,0.9838183725955797,4.9530002792824
normal,40012,latentcp_multi,0.9838183725955797,4.9530002792824
normal,40012,latentcp_pac,0.994544600812585,5.557672844017751
normal,40012,noisy_threshold,0.984344748601327,4.833710032196316
normal,40012,simple_shrink,0.9828572776422382,4.767264555687818
normal,40013,cohen,0.28108897227907503,0.7198291217915691
normal,40013,cohen_stable,0.7456781018789258,2.2798291217915705
normal,40013,latentcp,0.9937024849579212,5.463761891452458
normal,40013,latentcp_tuned,0.9886101816407199,5.277559605449124
normal,40013,latentcp_multi,0.99561982346911,5.730693183009903
normal,40013,latentcp_pac,0.9990124119904528,6.588078612627246
normal,40013,noisy_threshold,0.990450409436191,5.183451204784841
normal,40013,simple_shrink,0.9892482834268663,5.101332925267244
normal,40014,cohen,0.29893634832371396,0.7677700883894891
normal,40014,cohen_stable,0.9239178329355304,3.5477700883894916
normal,40014,latentcp,0.9919870640063303,5.303049994721855
normal,40014,latentcp_tuned,0.9934007895048381,5.434180917567755
normal,40014,latentcp_multi,0.9934007895048381,5.434180917567755
normal,40014,latentcp_pac,0.9985635963172149,6.374468620225625
normal,40014,noisy_threshold,0.9816271445083478,4.716033840765777
normal,40014,simple_shrink,0.9799382737154254,4.650382864396678
normal,40015,cohen,0.2833268338574737,0.7258171895345598
normal,40015,cohen_stable,0.8722184247914744,3.045817189534562
normal,40015,latentcp,0.9867344884635715,4.95312135849086
normal,40015,latentcp_tuned,0.988359850557911,5.0470589401452886
normal,40015,latentcp_multi,0.9721596470958704,4.419831739963858
normal,40015,latentcp_pac,0.9959302382433626,5.745406537855586
normal,40015,noisy_threshold,0.9860409305508171,4.916629903814095
normal,40015,simple_shrink,0.9847704158322785,4.853746089034857
normal,40016,cohen,0.3204493787349474,0.8261528498518289
normal,40016,cohen_stable,0.8108428030690142,2.6261528498518305
normal,40016,latentcp,0.9979515539277637,6.166234034047116
normal,40016,latentcp_tuned,0.9886166359980458,5.203936900339084
normal,40016,latentcp_multi,0.9897215485993331,5.277522763219635
normal,40016,latentcp_pac,0.9989770258839937,6.568261729699012
normal,40016,noisy_threshold,0.9975095259918125,6.048992884562116
normal,40016,simple_shrink,0.997198782003504,5.977498758104388
normal,40017,cohen,0.31047022711295386,0.7989865637830116
normal,40017,cohen_stable,0.8499891879694723,2.8789865637830134
normal,40017,latentcp,0.9733362185345341,4.432833058547349
normal,40017,latentcp_tuned,0.9924606911872454,5.516615391444138
normal,40017,latentcp_multi,0.9924606911872454,5.516615391444138
normal,40017,latentcp_pac,0.9907720103904873,5.206983017966606
normal,40017,noisy_threshold,0.9708681819322014,4.363396286215575
normal,40017,simple_shrink,0.9680338470788892,4.289667219705767
normal,40018,cohen,0.36448417347075557,0.947955352259163
normal,40018,cohen_stable,0.905865013207696,3.347955352259165
normal,40018,latentcp,0.9929922476055136,5.392953707552098
normal,40018,latentcp_tuned,0.9792974900406999,4.789601240618765
normal,40018,latentcp_multi,0.9495826222316899,4.059164161602627
normal,40018,latentcp_pac,0.9977842648167479,6.119360447141875
normal,40018,noisy_threshold,0.991494710398662,5.262648094183255
normal,40018,simple_shrink,0.9907173747282125,5.202932098049291
normal,40019,cohen,0.3450549998441086,0.8938062704991374
normal,40019,cohen_stable,0.9460082972867099,3.85380627049914
normal,40019,latentcp,0.994359951615271,5.536012254890818
normal,40019,latentcp_tuned,0.9919726676007187,5.303106200700501
normal,40019,latentcp_multi,0.9912720602313131,5.269157322851202
normal,40019,latentcp_pac,0.9996210834175101,7.108697235420068
normal,40019,noisy_threshold,0.9932110894264254,5.414050381716048
normal,40019,simple_shrink,0.9925354023750723,5.350747550204361
normal,40020,cohen,0.3177374356559912,0.8187552306484771
normal,40020,cohen_stable,0.8471042713568775,2.858755230648479
normal,40020,latentcp,0.9799969463645786,4.652581621384237
normal,40020,latentcp_tuned,0.9895691106788814,5.166813229068273
normal,40020,latentcp_multi,0.9599749666230164,4.123551630591039
normal,40020,latentcp_pac,0.9931505440849694,5.408152618845822
normal,40020,noisy_threshold,0.9720192576562119,4.395112541819599
normal,40020,simple_shrink,0.9700701290158442,4.34203443292794
normal,40021,cohen,0.3444942913086724,0.8922534510287328
normal,40021,cohen_stable,0.9174585702118474,3.472253451028735
normal,40021,latentcp,0.9903183544051555,5.174016754787504
normal,40021,latentcp_tuned,0.9579967810604499,4.24353417916157
normal,40021,latentcp_multi,0.9733439643736895,4.635006597848113
normal,40021,latentcp_pac,0.994875907716638,5.598262702357383
normal,40021,noisy_threshold,0.9825930711382,4.755995638588201
normal,40021,simple_shrink,0.9807107061501026,4.679784895547504
normal,40022,cohen,0.3640785658099406,0.9468179325481123
normal,40022,cohen_stable,0.9115084390826251,3.4068179325481145
normal,40022,latentcp,0.994489288453608,5.551115522697152
normal,40022,latentcp_tuned,0.968346121129633,4.428433010607137
normal,40022,latentcp_multi,0.9786009567683712,4.742677564926886
normal,40022,latentcp_pac,0.9966030394638469,5.858655474863687
normal,40022,noisy_threshold,0.9881692431453342,5.0343052444538055
normal,40022,simple_shrink,0.9868520372335563,4.959472336182549
normal,40023,cohen,0.34228654593227215,0.8861445615173587
normal,40023,cohen_stable,0.9569343040837213,4.046144561517361
normal,40023,latentcp,0.985856266711365,4.907187554396184
normal,40023,latentcp_tuned,0.9322914940902569,3.7694201606506397
normal,40023,latentcp_multi,0.9790174529672965,4.75492166576294
normal,40023,latentcp_pac,0.9921719960069945,5.318800234848365
normal,40023,noisy_threshold,0.9853138585726227,4.880055121083539
normal,40023,simple_shrink,0.9840364685095353,4.819496503314517
normal,40024,cohen,0.33596301236570825,0.8686925978004392
normal,40024,cohen_stable,0.8427397508253855,2.828692597800441
normal,40024,latentcp,0.9883650256790772,5.046053370906335
normal,40024,latentcp_tuned,0.9911285464349239,5.403643174157001
normal,40024,latentcp_multi,0.9918206025232635,5.3135903469349515
normal,40024,latentcp_pac,0.9987722834018468,6.464722883574658
normal,40024,noisy_threshold,0.9819726032355309,4.730109865152653
normal,40024,simple_shrink,0.9804211559135712,4.668644899162402
normal,40025,cohen,0.3390758023474041,0.8772750628543711
normal,40025,cohen_stable,0.8686085625427167,3.017275062854373
normal,40025,latentcp,0.9944245533022996,5.543518540905768
normal,40025,latentcp_tuned,0.9953224792409823,5.870530356285014
normal,40025,latentcp_multi,0.9953224792409823,5.870530356285014
normal,40025,latentcp_pac,0.9962372011479314,5.794784151088489
normal,40025,noisy_threshold,0.9927139790736204,5.366961135829591
normal,40025,simple_shrink,0.992047425262859,5.308153406675239
normal,40026,cohen,0.32059432884343475,0.8265485612188894
normal,40026,cohen_stable,0.9627737703003902,4.166548561218889
normal,40026,latentcp,0.9937524013612408,5.4689919396524
normal,40026,latentcp_tuned,0.9966434874083845,6.111003125876177
normal,40026,latentcp_multi,0.9966434874083845,6.111003125876177
normal,40026,latentcp_pac,0.9982200498166918,6.249371854671376
normal,40026,noisy_threshold,0.9925485701836314,5.351931152257671
normal,40026,simple_shrink,0.991956845474929,5.300505746762414
normal,40027,cohen,0.3051249827590539,0.7844959022462539
normal,40027,cohen_stable,0.8535673259157239,2.9044959022462558
normal,40027,latentcp,0.9933320858126364,5.4259817911243715
normal,40027,latentcp_tuned,0.9652473704207202,4.247559141006722
normal,40027,latentcp_multi,0.9943153209237443,5.7554627523142745
normal,40027,latentcp_pac,0.9960031961774934,5.756828453889386
normal,40027,noisy_threshold,0.9921631783657687,5.318040811396332
normal,40027,simple_shrink,0.9915281338826558,5.265323590621108
normal,40028,cohen,0.3409419374074638,0.8824280448744908
normal,40028,cohen_stable,0.9489684084012475,3.9024280448744935
normal,40028,latentcp,0.9954766825578767,5.678327905694025
normal,40028,latentcp_tuned,0.9971576324048896,6.0227786220058785
normal,40028,latentcp_multi,0.9997550433549591,7.674168148226953
normal,40028,latentcp_pac,0.9998338254192879,7.531125052487055
normal,40028,noisy_threshold,0.9932107249569049,5.41401473721981
normal,40028,simple_shrink,0.9927054495958119,5.366178650098628
normal,40029,cohen,0.2827382109446695,0.7242415244084612
normal,40029,cohen_stable,0.8204431570259443,2.684241524408463
normal,40029,latentcp,0.993208641022475,5.413821720553733
normal,40029,latentcp_tuned,0.9655259991875823,4.4273471388449535
normal,40029,latentcp_multi,0.9744810424533327,4.665933700931919
normal,40029,latentcp_pac,0.9965585596297559,5.850567682011421
normal,40029,noisy_threshold,0.9815279983005627,4.712036840077489
normal,40029,simple_shrink,0.979647033869095,4.639553178923727
normal,40030,cohen,0.29786463243912586,0.7648790773755403
normal,40030,cohen_stable,0.9203017422815605,3.5048790773755427
normal,40030,latentcp,0.9951350693524074,5.631748121595235
normal,40030,latentcp_tuned,0.9960055281397512,5.758579517282957
normal,40030,latentcp_multi,0.994149658607966,5.546804005204203
normal,40030,latentcp_pac,0.9997599614758728,7.345321478474134
normal,40030,noisy_threshold,0.9893463902154431,5.107719903171393
normal,40030,simple_shrink,0.9885997175531174,5.060367382857509
normal,40031,cohen,0.4055227509257246,1.064718366668712
normal,40031,cohen_stable,0.944169860480415,3.8247183666687143
normal,40031,latentcp,0.9834960334435816,4.795313849877697
normal,40031,latentcp_tuned,0.9962567754561422,6.06190615714902
normal,40031,latentcp_multi,0.9857459455992529,4.9309369879549925
normal,40031,latentcp_pac,0.9955416180382435,5.687553821095625
normal,40031,noisy_threshold,0.9751952377739159,4.4888595601555785
normal,40031,simple_shrink,0.972988720021416,4.422709521955527
normal,40032,cohen,0.35628810477825135,0.9250304263691698
normal,40032,cohen_stable,0.9454590387933728,3.8450304263691724
normal,40032,latentcp,0.9890141740243024,5.086300078201299
normal,40032,latentcp_tuned,0.9782097062417151,4.739101471812355
normal,40032,latentcp_multi,0.9914389708767709,5.259559107134264
normal,40032,latentcp_pac,0.9931583017760462,5.408906109446731
normal,40032,noisy_threshold,0.9836194659490953,4.800649420361704
normal,40032,simple_shrink,0.9823244960394979,4.744693080364211
normal,40033,cohen,0.35788008123119175,0.9294736916897985
normal,40033,cohen_stable,0.9695921563291634,4.3294736916897945
normal,40033,latentcp,0.9966783326277525,5.872574236537876
normal,40033,latentcp_tuned,0.9975630748996622,6.276752376894333
normal,40033,latentcp_multi,0.9973005307133316,6.001690279871301
normal,40033,latentcp_pac,0.9983501712885754,6.293901070375141
normal,40033,noisy_threshold,0.9966593000462713,5.869028904724476
normal,40033,simple_shrink,0.996253096703249,5.797438343087327
normal,40034,cohen,0.3351471159617836,0.8664456894267105
normal,40034,cohen_stable,0.9238082119607913,3.546445689426713
normal,40034,latentcp,0.9976067509122896,6.073043986840464
normal,40034,latentcp_tuned,0.9954821166860859,5.706828203981299
normal,40034,latentcp_multi,0.9802955888400757,4.8286976092024005
normal,40034,latentcp_pac,0.9995091987470933,6.971454422219895
normal,40034,noisy_threshold,0.9901041353646556,5.158893973603414
normal,40034,simple_shrink,0.9890312775975647,5.087387388270344
normal,40035,cohen,0.32412803686808167,0.8362055856232402
normal,40035,cohen_stable,0.8899798978006448,3.1962055856232423
normal,40035,latentcp,0.9907454575397787,5.205011716013417
normal,40035,latentcp_tuned,0.9580927156708593,4.090283848030147
normal,40035,latentcp_multi,0.9897735701147548,5.161985556070935
normal,40035,latentcp_pac,0.9976142478327212,6.074934836730936
normal,40035,noisy_threshold,0.9790049022831058,4.616145241141935
normal,40035,simple_shrink,0.9769424322813891,4.544958903223012
normal,40036,cohen,0.2576370193160029,0.6574515229171167
normal,40036,cohen_stable,0.9263410079982333,3.5774515229171193
normal,40036,latentcp,0.996875269148293,5.91038684120972
normal,40036,latentcp_tuned,0.9656713788503866,4.341377710054185
normal,40036,latentcp_multi,0.9970753998496071,6.116287222431522
normal,40036,latentcp_pac,0.9993081145126541,6.785549170064042
normal,40036,noisy_threshold,0.9948316687387668,5.592701043610298
normal,40036,simple_shrink,0.9942089232764304,5.518764335862633
normal,40037,cohen,0.3102270105328677,0.7983263112598888
normal,40037,cohen_stable,0.8810422311583943,3.118326311259891
normal,40037,latentcp,0.9862166399032262,4.925722128748806
normal,40037,latentcp_tuned,0.9995082429004745,7.210040191636063
normal,40037,latentcp_multi,0.9995082429004745,7.210040191636063
normal,40037,latentcp_pac,0.9938603444374149,5.480456404095992
normal,40037,noisy_threshold,0.9733322021592266,4.432692498970043
normal,40037,simple_shrink,0.9703338879353465,4.349039813208367
normal,40038,cohen,0.32908861877764556,0.8497950438363073
normal,40038,cohen_stable,0.9378042301311422,3.72979504383631
normal,40038,latentcp,0.9956444623301661,5.7023937064089605
normal,40038,latentcp_tuned,0.9968645733631414,6.158603968834316
normal,40038,latentcp_multi,0.9968645733631414,6.158603968834316
normal,40038,latentcp_pac,0.9997650092620541,7.356172038489472
normal,40038,noisy_threshold,0.9946968857837513,5.5760415589430625
normal,40038,simple_shrink,0.9941061634895225,5.5072599183271365
normal,40039,cohen,0.38104069160075116,0.9946516352631911
normal,40039,cohen_stable,0.9045503643405897,3.334651635263193
normal,40039,latentcp,0.9816621962849115,4.717632901438497
normal,40039,latentcp_tuned,0.9571130724519363,4.087679584185091
normal,40039,latentcp_multi,0.9988388087920174,6.8760275913528766
normal,40039,latentcp_pac,0.9949810569638332,5.611651627182655
normal,40039,noisy_threshold,0.9794919793867352,4.633842549736471
normal,40039,simple_shrink,0.9780499749816884,4.582463103742691
normal,40040,cohen,0.3205537459076519,0.8264377672235157
normal,40040,cohen_stable,0.9744654863596658,4.466437767223509
normal,40040,latentcp,0.9977995453183434,6.1235056167966535
normal,40040,latentcp_tuned,0.9976456945781839,6.132383336233721
normal,40040,latentcp_multi,0.9980610653850442,6.404948964059813
normal,40040,latentcp_pac,0.9991201507628047,6.652741024095047
normal,40040,noisy_threshold,0.9977254432796681,6.103647346563159
normal,40040,simple_shrink,0.9974657404982272,6.038441144217213
normal,40041,cohen,0.2655759361053547,0.6784929420526971
normal,40041,cohen_stable,0.7105124538426997,2.1184929420526983
normal,40041,latentcp,0.9968786291867314,5.911050844931953
normal,40041,latentcp_tuned,0.9955743426617083,5.926824952205875
normal,40041,latentcp_multi,0.9679090985407904,4.287605595109749
normal,40041,latentcp_pac,0.9997794306277331,7.388424816827758
normal,40041,noisy_threshold,0.9925527742041651,5.352309430044955
normal,40041,simple_shrink,0.991874122850555,5.293588540643919
normal,40042,cohen,0.3114341042845763,0.801604028687045
normal,40042,cohen_stable,0.858655332455482,2.941604028687047
normal,40042,latentcp,0.9845173991982221,4.841784378142649
normal,40042,latentcp_tuned,0.9870638092249147,4.9723962120189045
normal,40042,latentcp_multi,0.9869050058491322,4.963701672738244
normal,40042,latentcp_pac,0.9977331183227263,6.105676397001218
normal,40042,noisy_threshold,0.9843377323808602,4.833383816049303
normal,40042,simple_shrink,0.9831808900727312,4.781276747217411
normal,40043,cohen,0.3390357820278693,0.8771646181284525
normal,40043,cohen_stable,0.8965985281576787,3.2571646181284546
normal,40043,latentcp,0.9839605946617644,4.816060403473058
normal,40043,latentcp_tuned,0.9865667769934049,4.945463451547449
normal,40043,latentcp_multi,0.9911691418277452,5.289226979327346
normal,40043,latentcp_pac,0.9967947085325635,5.894664681510576
normal,40043,noisy_threshold,0.9798261157182133,4.646196153499176
normal,40043,simple_shrink,0.9780944247095451,4.584002352948802
normal,40044,cohen,0.3370286580237807,0.8716289467167329
normal,40044,cohen_stable,0.8216376434380521,2.6916289467167345
normal,40044,latentcp,0.966553636297685,4.2534074826775
normal,40044,latentcp_tuned,0.95288203925148,4.122235387669963
normal,40044,latentcp_multi,0.95288203925148,4.122235387669963
normal,40044,latentcp_pac,0.9935973257078268,5.452827998125017
normal,40044,noisy_threshold,0.9614774694551353,4.13850218366843
normal,40044,simple_shrink,0.9586832123868776,4.080673686443686
normal,40045,cohen,0.34124464549525535,0.8832644680389858
normal,40045,cohen_stable,0.9054031355495165,3.343264468038988
normal,40045,latentcp,0.981890316398164,4.726741516280367
normal,40045,latentcp_tuned,0.9996773769527687,7.458238674687429
normal,40045,latentcp_multi,0.9623103274423044,4.176875016894071
normal,40045,latentcp_pac,0.9946950342028044,5.5758157785158176
normal,40045,noisy_threshold,0.9808516328638497,4.685259794330436
normal,40045,simple_shrink,0.9790342173093523,4.617200189482904
normal,40046,cohen,0.3486795952663255,0.9038572426697518
normal,40046,cohen_stable,0.9513822445562536,3.9438572426697545
normal,40046,latentcp,0.9894874243424518,5.1170185065591305
normal,40046,latentcp_tuned,0.9998445030311629,7.927937757972455
normal,40046,latentcp_multi,0.9813887464884463,4.7076059753654995
normal,40046,latentcp_pac,0.9986705110542854,6.419074951845605
normal,40046,noisy_threshold,0.9889710836758896,5.08356257070585
normal,40046,simple_shrink,0.9879373587969027,5.020612997348408
normal,40047,cohen,0.2917826662775702,0.7485026722430126
normal,40047,cohen_stable,0.9188847267583513,3.488502672243015
normal,40047,latentcp,0.9788016328598889,4.608915062161432
normal,40047,latentcp_tuned,0.9096976350439673,3.5299267828270433
normal,40047,latentcp_multi,0.9258355427572477,3.722576504590967
normal,40047,latentcp_pac,0.9857260388204545,4.900610537564081
normal,40047,noisy_threshold,0.9784280903148765,4.595644436078366
normal,40047,simple_shrink,0.9769327239256727,4.544637137379113
normal,40048,cohen,0.305127372187099,0.7845023706051015
normal,40048,cohen_stable,0.8204854347708321,2.684502370605103
normal,40048,latentcp,0.9906190108946284,5.195697057735166
normal,40048,latentcp_tuned,0.9365626944348321,3.730142016518266
normal,40048,latentcp_multi,0.9711649188911957,4.37254818208997
normal,40048,latentcp_pac,0.9994127558866501,6.874876950589615
normal,40048,noisy_threshold,0.9851585709007389,4.872451001807949
normal,40048,simple_shrink,0.9835346355817112,4.7968670676915455
normal,40049,cohen,0.31730368728719394,0.8175730959014569
normal,40049,cohen_stable,0.816081598510713,2.6575730959014585
normal,40049,latentcp,0.9818331052582724,4.72440203569032
normal,40049,latentcp_tuned,0.9979560035100349,6.390874109135675
normal,40049,latentcp_multi,0.9979560035100349,6.390874109135675
normal,40049,latentcp_pac,0.9973653416965098,6.014862259337492
normal,40049,noisy_threshold,0.978977498598701,4.6151602356306825
normal,40049,simple_shrink,0.9770979937758468,4.550130821931414
normal,40050,cohen,0.3477101056814813,0.9011666297457039
normal,40050,cohen_stable,0.8531040758460764,2.9011666297457057
normal,40050,latentcp,0.9930813241845803,5.401483549407267
normal,40050,latentcp_tuned,0.9799613694991998,4.652210341430755
normal,40050,latentcp_multi,0.9527912960746912,3.9926987407731747
normal,40050,latentcp_pac,0.9996538007933049,7.156051870325903
normal,40050,noisy_threshold,0.9924948982378479,5.347118495895524
normal,40050,simple_shrink,0.991605807182323,5.271577858106134
normal,40051,cohen,0.31927046974395035,0.8229356473238538
normal,40051,cohen_stable,0.9762696970057825,4.522935647323846
normal,40051,latentcp,0.9980584394958035,6.198057915755268
normal,40051,latentcp_tuned,0.999299832719156,6.780978026873936
normal,40051,latentcp_multi,0.9999124594703187,8.165786010641998
normal,40051,latentcp_pac,0.9998643601051422,7.63197309322512
normal,40051,noisy_threshold,0.9977255428030685,6.103673616099676
normal,40051,simple_shrink,0.997443315748543,6.03310147873444
normal,40052,cohen,0.4123519970253635,1.0844950406975578
normal,40052,cohen_stable,0.9284935287695066,3.60449504069756
normal,40052,latentcp,0.996342086133689,5.812496150889194
normal,40052,latentcp_tuned,0.9905365438656253,5.374563983914408
normal,40052,latentcp_multi,0.9880744965835444,5.206735489579764
normal,40052,latentcp_pac,0.9991552527403167,6.675401164606199
normal,40052,noisy_threshold,0.9946871587359343,5.574854123462496
normal,40052,simple_shrink,0.994154722887505,5.512673634288747
normal,40053,cohen,0.32203533567113873,0.8304842489964392
normal,40053,cohen_stable,0.937852526566127,3.730484248996442
normal,40053,latentcp,0.9886663645536102,5.064494753002635
normal,40053,latentcp_tuned,0.9734808293163338,4.46431707201543
normal,40053,latentcp_multi,0.9758503990073436,4.536978242131076
normal,40053,latentcp_pac,0.997857496750219,6.139466350363958
normal,40053,noisy_threshold,0.9874485525788825,4.99249792765621
normal,40053,simple_shrink,0.986283503004701,4.92920685711643
normal,40054,cohen,0.2756533312146521,0.7053111482056953
normal,40054,cohen_stable,0.9113674566713923,3.4053111482056977
normal,40054,latentcp,0.9919968047425443,5.303883132815356
normal,40054,latentcp_tuned,0.9890797695249935,5.118960954169248
normal,40054,latentcp_multi,0.9999506935896147,8.546483778580875
normal,40054,latentcp_pac,0.9990842551415695,6.630419154099456
normal,40054,noisy_threshold,0.9879893604949594,5.023663154057949
normal,40054,simple_shrink,0.9870516930407442,4.970375801491839
normal,40055,cohen,0.32003223008728043,0.8250142214124523
normal,40055,cohen_stable,0.8536393465328662,2.905014221412454
normal,40055,latentcp,0.9937065907405461,5.464197577463503
normal,40055,latentcp_tuned,0.9869407984242968,4.995688198628971
normal,40055,latentcp_multi,0.994607073874198,5.833948226702687
normal,40055,latentcp_pac,0.9971867250607224,5.974878481508731
normal,40055,noisy_threshold,0.9907600094802842,5.206089403224535
normal,40055,simple_shrink,0.9897140357048777,5.132129380197369
normal,40056,cohen,0.3632690986433198,0.9445489099851927
normal,40056,cohen_stable,0.9415455773504973,3.784548909985195
normal,40056,latentcp,0.9877484207529221,5.009629443932423
normal,40056,latentcp_tuned,0.9951869988372135,5.808218934955141
normal,40056,latentcp_multi,0.9778793944973821,4.596206256862671
normal,40056,latentcp_pac,0.995148530346022,5.633468043569191
normal,40056,noisy_threshold,0.987130333010076,4.974711297375675
normal,40056,simple_shrink,0.9862005006458923,4.924881382971741
normal,40057,cohen,0.3467175273982359,0.8984136276541079
normal,40057,cohen_stable,0.8737868180447741,3.05841362765411
normal,40057,latentcp,0.976803136985599,4.5403810392947745
normal,40057,latentcp_tuned,0.8775555435425191,3.219955699872278
normal,40057,latentcp_multi,0.9362891600591987,3.865335760866939
normal,40057,latentcp_pac,0.9907487561589197,5.205258720215725
normal,40057,noisy_threshold,0.9763517334335223,4.525592033857688
normal,40057,simple_shrink,0.9742312202026697,4.459357434208936
normal,40058,cohen,0.3567248117693432,0.9262488364867556
normal,40058,cohen_stable,0.9467791273096706,3.866248836486758
normal,40058,latentcp,0.9903477385084095,5.176090399005243
normal,40058,latentcp_tuned,0.9977840722868578,6.358035534538187
normal,40058,latentcp_multi,0.9977840722868578,6.358035534538187
normal,40058,latentcp_pac,0.9968718931167921,5.909720749053784
normal,40058,noisy_threshold,0.9865989734585672,4.9458606587294
normal,40058,simple_shrink,0.9852900415957015,4.878884265339326
normal,40059,cohen,0.3185939808759071,0.8210904938420964
normal,40059,cohen_stable,0.9051884649056838,3.3410904938420987
normal,40059,latentcp,0.9950395357586496,5.61918680645123
normal,40059,latentcp_tuned,0.996009038720413,5.809632918356516
normal,40059,latentcp_multi,0.982767352839206,4.7645330839112585
normal,40059,latentcp_pac,0.9989310874372721,6.543462397933797
normal,40059,noisy_threshold,0.9933139782393843,5.424182172118187
normal,40059,simple_shrink,0.9924446607971473,5.342641687188133
normal,40060,cohen,0.29023724510630583,0.7443494721287016
normal,40060,cohen_stable,0.9466620576737765,3.8643494721287044
normal,40060,latentcp,0.9988627171337018,6.508319607611177
normal,40060,latentcp_tuned,0.9974238998891886,6.241423870307087
normal,40060,latentcp_multi,0.9994880144052538,6.950433104049208
normal,40060,latentcp_pac,0.9998840104502077,7.7089022543788746
normal,40060,noisy_threshold,0.9971953215793385,5.976744241461003
normal,40060,simple_shrink,0.9969214734839884,5.919572309298197
normal,40061,cohen,0.28883113272341404,0.7405734409353779
normal,40061,cohen_stable,0.9566463445513473,4.04057344093538
normal,40061,latentcp,0.9983784744916729,6.30401395302405
normal,40061,latentcp_tuned,0.9966998841136282,5.933110362779006
normal,40061,latentcp_multi,0.9987002038681374,6.433852446899011
normal,40061,latentcp_pac,0.9997765821629179,7.381900514924525
normal,40061,noisy_threshold,0.9953645305362153,5.662662389479896
normal,40061,simple_shrink,0.9947652401082989,5.584441883199282
normal,40062,cohen,0.3526307429605138,0.9148398181081387
normal,40062,cohen_stable,0.8221549679007609,2.6948398181081403
normal,40062,latentcp,0.9916596104306946,5.275940637825824
normal,40062,latentcp_tuned,0.9803371522881352,4.800450314374405
normal,40062,latentcp_multi,0.9803371522881352,4.800450314374405
normal,40062,latentcp_pac,0.9964057920446615,5.823481536238237
normal,40062,noisy_threshold,0.9914692763382447,5.260618430085378
normal,40062,simple_shrink,0.9909564891605995,5.220809832958279
normal,40063,cohen,0.3973469632803903,1.041178221246951
normal,40063,cohen_stable,0.950073026324447,3.9211782212469535
normal,40063,latentcp,0.9823703419113897,4.746647325246322
normal,40063,latentcp_tuned,0.9773955158413699,4.741467048397313
normal,40063,latentcp_multi,0.9656163580751245,4.256073744489867
normal,40063,latentcp_pac,0.9883649517238741,5.046063651903393
normal,40063,noisy_threshold,0.9817577099782504,4.721326387001066
normal,40063,simple_shrink,0.9799729730188178,4.651682281507507
normal,40064,cohen,0.329607637418544,0.8512191485726515
normal,40064,cohen_stable,0.9834072460798027,4.791219148572638
normal,40064,latentcp,0.9954654901785776,5.676744569670866
normal,40064,latentcp_tuned,0.9876589223370477,5.005470939927257
normal,40064,latentcp_multi,0.9993204078021595,7.045194430377615
normal,40064,latentcp_pac,0.9999340965167414,7.981220675369789
normal,40064,noisy_threshold,0.9925108678545902,5.348547225448651
normal,40064,simple_shrink,0.9918289798027085,5.289840254066402
normal,40065,cohen,0.34153107695818,0.884056058969696
normal,40065,cohen_stable,0.9441274010290561,3.8240560589696986
normal,40065,latentcp,0.9951883759603942,5.6387637412666844
normal,40065,latentcp_tuned,0.996043950807032,5.764788089675172
normal,40065,latentcp_multi,0.982687691089571,4.761227677687827
normal,40065,latentcp_pac,0.9994420537403641,6.9025485412587155
normal,40065,noisy_threshold,0.9934136501948192,5.43413174070104
normal,40065,simple_shrink,0.992724665594247,5.367942667375053
normal,40066,cohen,0.3951931409270353,1.035000887990369
normal,40066,cohen_stable,0.8984740537546401,3.275000887990371
normal,40066,latentcp,0.9957451910602378,5.717250922551174
normal,40066,latentcp_tuned,0.8405225661753487,2.925781257808984
normal,40066,latentcp_multi,0.9700907635982077,4.489407000534586
normal,40066,latentcp_pac,0.9990706378796527,6.6221625511107325
normal,40066,noisy_threshold,0.9892102075978557,5.098868051240569
normal,40066,simple_shrink,0.9881377439073251,5.03243139285079
normal,40067,cohen,0.2475807585095386,0.6309020210753422
normal,40067,cohen_stable,0.8116416285342039,2.630902021075344
normal,40067,latentcp,0.9762296577464943,4.521650563455232
normal,40067,latentcp_tuned,0.9871507191177753,5.001066741511696
normal,40067,latentcp_multi,0.9871507191177753,5.001066741511696
normal,40067,latentcp_pac,0.9991232880076271,6.654731641172532
normal,40067,noisy_threshold,0.9712894020644589,4.374875087692411
normal,40067,simple_shrink,0.9683750948687477,4.298239586268466
normal,40068,cohen,0.3701363840643248,0.9638376406185536
normal,40068,cohen_stable,0.6884231301759374,2.0238376406185545
normal,40068,latentcp,0.9818566022791957,4.725435330626835
normal,40068,latentcp_tuned,0.9902608521035792,5.198633981137264
normal,40068,latentcp_multi,0.8506743514594914,2.9182169103358984
normal,40068,latentcp_pac,0.9959924136525841,5.755133911305171
normal,40068,noisy_threshold,0.9792127019928623,4.623651129274149
normal,40068,simple_shrink,0.977140165757608,4.551538161442734
normal,40069,cohen,0.32929580633930233,0.8503634818986994
normal,40069,cohen_stable,0.8893283993677636,3.1903634818987014
normal,40069,latentcp,0.9969140328983588,5.918084836574983
normal,40069,latentcp_tuned,0.9824678621973507,4.903940320263769
normal,40069,latentcp_multi,0.9850905662944973,5.026615158495737
normal,40069,latentcp_pac,0.9983100755776558,6.279845370038679
normal,40069,noisy_threshold,0.996328991369444,5.810259539503575
normal,40069,simple_shrink,0.9959222887924652,5.7441733325235145
normal,40070,cohen,0.3391700446377597,0.8775351554026263
normal,40070,cohen_stable,0.908736020569247,3.3775351554026285
normal,40070,latentcp,0.9851909501314811,4.874031877782405
normal,40070,latentcp_tuned,0.9997691127176117,7.609609825500539
normal,40070,latentcp_multi,0.9968470383326538,5.931490397671942
normal,40070,latentcp_pac,0.9987484479146924,6.453726734166468
normal,40070,noisy_threshold,0.9843684150364918,4.834811342381725
normal,40070,simple_shrink,0.9832865488107974,4.785902958034086
normal,40071,cohen,0.27653210930735156,0.7076557265420189
normal,40071,cohen_stable,0.8749279936880967,3.067655726542021
normal,40071,latentcp,0.9883093170929871,5.0426928750764395
normal,40071,latentcp_tuned,0.9759667973169321,4.514150842902326
normal,40071,latentcp_multi,0.9985597349570913,6.39950205815664
normal,40071,latentcp_pac,0.9998087569835706,7.460623430127523
normal,40071,noisy_threshold,0.9736335712694737,4.441543387051549
normal,40071,simple_shrink,0.9717387986941621,4.387282754682986
normal,40072,cohen,0.3210974843163561,0.8279224184811884
normal,40072,cohen_stable,0.9058617767693911,3.3479224184811907
normal,40072,latentcp,0.9837997421782388,4.808752561728959
normal,40072,latentcp_tuned,0.9870301548441033,5.129205043226477
normal,40072,latentcp_multi,0.9864299534278524,4.938110597068709
normal,40072,latentcp_pac,0.9952979024869305,5.653528474820645
normal,40072,noisy_threshold,0.9781201522906475,4.58489451522464
normal,40072,simple_shrink,0.9761541861268226,4.519208813102364
normal,40073,cohen,0.33346273736849735,0.8618105091396724
normal,40073,cohen_stable,0.9439832423071914,3.821810509139675
normal,40073,latentcp,0.9976799527437825,6.091748812180927
normal,40073,latentcp_tuned,0.9988769156518734,6.51702627487314
normal,40073,latentcp_multi,0.9943144382189167,5.554863190888384
normal,40073,latentcp_pac,0.9987647279987695,6.461216122872579
normal,40073,noisy_threshold,0.9936489193149971,5.458165062110716
normal,40073,simple_shrink,0.9929465453106721,5.388619824371077
normal,40074,cohen,0.26452819493159985,0.6757117388639915
normal,40074,cohen_stable,0.964956541534961,4.21571173886399
normal,40074,latentcp,0.9938405551829763,5.4783416339479665
normal,40074,latentcp_tuned,0.9800614219951581,4.820804789739046
normal,40074,latentcp_multi,0.9558882577608171,4.171360965414873
normal,40074,latentcp_pac,0.9957981586941708,5.725195128790417
normal,40074,noisy_threshold,0.993109437170455,5.404174979196105
normal,40074,simple_shrink,0.9924844002317048,5.346180771004568
normal,40075,cohen,0.25531430366295327,0.6513092022305145
normal,40075,cohen_stable,0.884894574603386,3.1513092022305167
normal,40075,latentcp,0.978310736329162,4.591545008917708
normal,40075,latentcp_tuned,0.999436600754325,7.134848953710072
normal,40075,latentcp_multi,0.9572410379764514,4.071502537043077
normal,40075,latentcp_pac,0.9903796961458607,5.178374775823142
normal,40075,noisy_threshold,0.9770282292015295,4.547807612775297
normal,40075,simple_shrink,0.9753002559808261,4.49213314682616
normal,40076,cohen,0.32638358084628316,0.8423797994828282
normal,40076,cohen_stable,0.7927595632384232,2.5223797994828296
normal,40076,latentcp,0.9649913899764065,4.216634657001965
normal,40076,latentcp_tuned,0.989779194773854,5.322010263025166
normal,40076,latentcp_multi,0.989779194773854,5.322010263025166
normal,40076,latentcp_pac,0.9825335992113889,4.753510529790389
normal,40076,noisy_threshold,0.9435963181915297,3.815807124309663
normal,40076,simple_shrink,0.9385424446051405,3.740378307020934
normal,40077,cohen,0.3186104404746657,0.8211353798293568
normal,40077,cohen_stable,0.7996544451849052,2.5611353798293583
normal,40077,latentcp,0.9914214243360294,5.256814630459387
normal,40077,latentcp_tuned,0.9857880881577786,4.951950593434483
normal,40077,latentcp_multi,0.9886887146545824,5.11549651488942
normal,40077,latentcp_pac,0.9986152273930762,6.395612604905102
normal,40077,noisy_threshold,0.9719441039312235,4.393007807253841
normal,40077,simple_shrink,0.9696512558373191,4.3310175491926834
normal,40078,cohen,0.3187906597886976,0.8216268722040385
normal,40078,cohen_stable,0.9032490781824831,3.3216268722040407
normal,40078,latentcp,0.9763710267616588,4.52623028565584
normal,40078,latentcp_tuned,0.9864078798310245,4.961698301042589
normal,40078,latentcp_multi,0.9906593246607034,5.2528438380165605
normal,40078,latentcp_pac,0.999390038165413,6.85429127992958
normal,40078,noisy_threshold,0.9758402247476254,4.509157731462129
normal,40078,simple_shrink,0.9732386793340844,4.429963398926419
normal,40079,cohen,0.2464350968418429,0.627884493089423
normal,40079,cohen_stable,0.9255669498155157,3.5678844930894256
normal,40079,latentcp,0.9951196197029785,5.629654106012719
normal,40079,latentcp_tuned,0.9984125176606307,6.518692603687299
normal,40079,latentcp_multi,0.9891594286783696,5.117218560451725
normal,40079,latentcp_pac,0.997810362958469,6.1264555635555125
normal,40079,noisy_threshold,0.9918756014207608,5.2937116232192984
normal,40079,simple_shrink,0.9909822212257182,5.222758800642447
normal,40080,cohen,0.33602459523974965,0.8688622362019216
normal,40080,cohen_stable,0.9703272267733378,4.348862236201917
normal,40080,latentcp,0.9937457419428776,5.468290704549409
normal,40080,latentcp_tuned,0.9879850428292656,5.050575337576378
normal,40080,latentcp_multi,0.9892269927008783,5.101374457520525
normal,40080,latentcp_pac,0.9993809980445281,6.846297502389489
normal,40080,noisy_threshold,0.9902504312771458,5.16917411832425
normal,40080,simple_shrink,0.9891335056416972,5.093926066886253
normal,40081,cohen,0.33243314930724516,0.8589795025644298
normal,40081,cohen_stable,0.9721568829168665,4.3989795025644245
normal,40081,latentcp,0.9969111359414633,5.9175063327550514
normal,40081,latentcp_tuned,0.9928839612982848,5.4053093586633905
normal,40081,latentcp_multi,0.9972940155949616,5.998791384539285
normal,40081,latentcp_pac,0.9988287152761274,6.491564107741306
normal,40081,noisy_threshold,0.9944422253153922,5.545582657390763
normal,40081,simple_shrink,0.99384490946403,5.478805670946045
normal,40082,cohen,0.3783152252020181,0.9869279885282642
normal,40082,cohen_stable,0.8620488241269317,2.966927988528266
normal,40082,latentcp,0.9738336782750764,4.447470352053168
normal,40082,latentcp_tuned,0.9982457321408609,6.430128062733612
normal,40082,latentcp_multi,0.9498379765057723,3.932524435940989
normal,40082,latentcp_pac,0.9886104402094054,5.061027771759806
normal,40082,noisy_threshold,0.9705632544757958,4.3551754152920505
normal,40082,simple_shrink,0.967826796008378,4.28450412740624
normal,40083,cohen,0.3376664445498505,0.8733872436799239
normal,40083,cohen_stable,0.9583192459051777,4.073387243679925
normal,40083,latentcp,0.9830319296753629,4.774816263665397
normal,40083,latentcp_tuned,0.9858043999940219,4.905821488152376
normal,40083,latentcp_multi,0.9907566942245754,5.233286079584352
normal,40083,latentcp_pac,0.996966428126759,5.928631357702259
normal,40083,noisy_threshold,0.9809460660211944,4.688948194678588
normal,40083,simple_shrink,0.9793539400943398,4.628790182582316
normal,40084,cohen,0.36523622021390834,0.9500650808715769
normal,40084,cohen_stable,0.9855160926815283,4.890065080871561
normal,40084,latentcp,0.998648802039822,6.409755849210164
normal,40084,latentcp_tuned,0.9993889778705498,7.108977027567603
normal,40084,latentcp_multi,0.996932710502046,5.950584143239326
normal,40084,latentcp_pac,0.9993938265973256,6.857674072044541
normal,40084,noisy_threshold,0.9985358087635283,6.363377326268106
normal,40084,simple_shrink,0.9983769102475595,6.303450298752948
normal,40085,cohen,0.3485809196756733,0.903583314769508
normal,40085,cohen_stable,0.9818131401468551,4.7235833147694954
normal,40085,latentcp,0.9993766141424391,6.842460024969318
normal,40085,latentcp_tuned,0.9994719589602888,7.1957248087414065
normal,40085,latentcp_multi,0.9996371573631948,7.165017809543484
normal,40085,latentcp_pac,0.9999248140052103,7.918496867200081
normal,40085,noisy_threshold,0.9987367901698936,6.448418845030684
normal,40085,simple_shrink,0.9986051779979788,6.3914408269348515
normal,40086,cohen,0.37396082941986203,0.9746185648833059
normal,40086,cohen_stable,0.8188782977142273,2.6746185648833074
normal,40086,latentcp,0.9678680906418099,4.285538721258744
normal,40086,latentcp_tuned,0.9114843291277274,3.5130515782003577
normal,40086,latentcp_multi,0.9726594178896809,4.41430436794583
normal,40086,latentcp_pac,0.9954355622347245,5.672532538710378
normal,40086,noisy_threshold,0.9568730000668249,4.044955887808102
normal,40086,simple_shrink,0.9539795071718107,3.990410607540856
normal,40087,cohen,0.3054042037285538,0.7852518296805191
normal,40087,cohen_stable,0.9514618017606473,3.945251829680522
normal,40087,latentcp,0.9961132665586493,5.774423814049715
normal,40087,latentcp_tuned,0.9895389072094719,5.303707340474343
normal,40087,latentcp_multi,0.9895389072094719,5.303707340474343
normal,40087,latentcp_pac,0.9971196668856718,5.960458190604305
normal,40087,noisy_threshold,0.9955267329030322,5.685406896037852
normal,40087,simple_shrink,0.9951147436287746,5.629008078567884
normal,40088,cohen,0.300197356985346,0.7711737828383436
normal,40088,cohen_stable,0.9208410278816663,3.511173782838346
normal,40088,latentcp,0.9900289548773336,5.153948244397084
normal,40088,latentcp_tuned,0.9859468834219794,4.955844138152117
normal,40088,latentcp_multi,0.9655627309038224,4.482648137106926
normal,40088,latentcp_pac,0.9938930026427312,5.48410302552681
normal,40088,noisy_threshold,0.9888590406883357,5.076492306299558
normal,40088,simple_shrink,0.9879319511847504,5.020296483539226
normal,40089,cohen,0.35622186841732745,0.924845657275724
normal,40089,cohen_stable,0.7784522293100942,2.4448456572757253
normal,40089,latentcp,0.9591128452746409,4.089389672830967
normal,40089,latentcp_tuned,0.9775857996152485,4.729006004988849
normal,40089,latentcp_multi,0.9619876489961592,4.1716177744777525
normal,40089,latentcp_pac,0.987847670697395,5.015382042085666
normal,40089,noisy_threshold,0.952580929366249,3.9650757869513984
normal,40089,simple_shrink,0.948775675211242,3.8991914257032243
normal,40090,cohen,0.3016522157185204,0.7751034919054298
normal,40090,cohen_stable,0.9789759189913816,4.61510349190542
normal,40090,latentcp,0.9955037002041064,5.682132542511072
normal,40090,latentcp_tuned,0.9963182561105509,5.809944111431545
normal,40090,latentcp_multi,0.9907604771913483,5.2320829964113225
normal,40090,latentcp_pac,0.9969948640714287,5.934424343132333
normal,40090,noisy_threshold,0.9947374004281433,5.581008667120037
normal,40090,simple_shrink,0.9940801602620972,5.504377417536564
normal,40091,cohen,0.3324585872517043,0.8590494272470526
normal,40091,cohen_stable,0.876323750705543,3.0790494272470545
normal,40091,latentcp,0.9748448270904514,4.478029804014333
normal,40091,latentcp_tuned,0.9192204126719975,3.606190455941627
normal,40091,latentcp_multi,0.9192204126719975,3.606190455941627
normal,40091,latentcp_pac,0.9821258160097571,4.736431283191758
normal,40091,noisy_threshold,0.9538352349483141,3.9877674112950965
normal,40091,simple_shrink,0.9500890256649521,3.9214523437854067
normal,40092,cohen,0.2795770776486401,0.7157872482122474
normal,40092,cohen_stable,0.9324344818523367,3.65578724821225
normal,40092,latentcp,0.9846703643944285,4.848993708276481
normal,40092,latentcp_tuned,0.9462095960886089,3.9608134347037276
normal,40092,latentcp_multi,0.9468044865238587,3.9706697438170893
normal,40092,latentcp_pac,0.9918289048391296,5.289834213931073
normal,40092,noisy_threshold,0.9835437986389981,4.797274797452538
normal,40092,simple_shrink,0.9819170765634897,4.727831536846495
normal,40093,cohen,0.3163652021079868,0.8150163316177896
normal,40093,cohen_stable,0.8436655913760269,2.8350163316177914
normal,40093,latentcp,0.9905647276812517,5.191743006026595
normal,40093,latentcp_tuned,0.9472259749586013,4.0359045959435536
normal,40093,latentcp_multi,0.8209088975549524,2.7769868052898583
normal,40093,latentcp_pac,0.9946866402547784,5.574794261945812
normal,40093,noisy_threshold,0.9819593909581374,4.729567192338844
normal,40093,simple_shrink,0.9802145983087334,4.660785534778901
normal,40094,cohen,0.36085685488039226,0.9377943235834527
normal,40094,cohen_stable,0.8923611697900358,3.2177943235834547
normal,40094,latentcp,0.9713673190368158,4.377029916312788
normal,40094,latentcp_tuned,0.9889491587834459,5.10766377659251
normal,40094,latentcp_multi,0.9728884572613136,4.5733170770017795
normal,40094,latentcp_pac,0.9966103406436357,5.859992863780138
normal,40094,noisy_threshold,0.9573995742508943,4.055212987019681
normal,40094,simple_shrink,0.9549360846885784,4.008114739089774
normal,40095,cohen,0.3254371099715967,0.8397880029519649
normal,40095,cohen_stable,0.9684363997702958,4.299788002951962
normal,40095,latentcp,0.9858975386386379,4.909287024133046
normal,40095,latentcp_tuned,0.9999645597606454,8.583150183383145
normal,40095,latentcp_multi,0.9999645597606454,8.583150183383145
normal,40095,latentcp_pac,0.9965242690160971,5.844391386830456
normal,40095,noisy_threshold,0.9855539208640895,4.891951126729498
normal,40095,simple_shrink,0.984230499751074,4.828414010899315
normal,40096,cohen,0.28757279212940334,0.7371964793265589
normal,40096,cohen_stable,0.9641476683239663,4.197196479326558
normal,40096,latentcp,0.9917504177227344,5.283400736970448
normal,40096,latentcp_tuned,0.9938574937260123,5.70545446198216
normal,40096,latentcp_multi,0.9938574937260123,5.70545446198216
normal,40096,latentcp_pac,0.9980877037529018,6.2070558509498435
normal,40096,noisy_threshold,0.9903161767563735,5.173838861591824
normal,40096,simple_shrink,0.9893243539784042,5.106280752806126
normal,40097,cohen,0.3094443241897664,0.7962021668103563
normal,40097,cohen_stable,0.9086081734692071,3.3762021668103586
normal,40097,latentcp,0.9682715819873021,4.295855230988176
normal,40097,latentcp_tuned,0.9705190998740432,4.355222103379182
normal,40097,latentcp_multi,0.9730694436485016,4.426319289817132
normal,40097,latentcp_pac,0.9962550289801467,5.797766164663069
normal,40097,noisy_threshold,0.9666549534160276,4.255807934845188
normal,40097,simple_shrink,0.9630361571327961,4.172326390604216
normal,40098,cohen,0.3612916649153197,0.9390110542150456
normal,40098,cohen_stable,0.8228253537650576,2.699011054215047
normal,40098,latentcp,0.9961921283238158,5.787338171318327
normal,40098,latentcp_tuned,0.987981599240952,5.024430274122742
normal,40098,latentcp_multi,0.9968845111874282,5.913756278162665
normal,40098,latentcp_pac,0.9998529099416984,7.591863573894852
normal,40098,noisy_threshold,0.9951624436655662,5.635312595259233
normal,40098,simple_shrink,0.9946348424191922,5.568501056936092
normal,40099,cohen,0.3690090894623388,0.9606652032029528
normal,40099,cohen_stable,0.8165912898492091,2.6606652032029543
normal,40099,latentcp,0.9837356820655865,4.8058785756205324
normal,40099,latentcp_tuned,0.9823797698730046,4.794352927177528
normal,40099,latentcp_multi,0.9863942588524259,4.936306402728624
normal,40099,latentcp_pac,0.9995378446649166,7.003566636504161
normal,40099,noisy_threshold,0.981138331794067,4.696507437395521
normal,40099,simple_shrink,0.9791834945903908,4.622592195923702
normal,40100,cohen,0.31474666500133314,0.8106099908941502
normal,40100,cohen_stable,0.7906319375724888,2.5106099908941517
normal,40100,latentcp,0.9942211212325057,5.520172002623923
normal,40100,latentcp_tuned,0.98103690777672,4.918394309701933
normal,40100,latentcp_multi,0.9971593994093213,5.970441028127099
normal,40100,latentcp_pac,0.9987794221876628,6.468057813884977
normal,40100,noisy_threshold,0.9856034900801447,4.894429163586759
normal,40100,simple_shrink,0.9843842280224986,4.835548012596038
normal,40101,cohen,0.30311446837214695,0.7790561902322386
normal,40101,cohen_stable,0.9341624505298209,3.679056190232241
normal,40101,latentcp,0.9943329111063209,5.532926108648353
normal,40101,latentcp_tuned,0.9953302036814193,5.659272401274677
normal,40101,latentcp_multi,0.9977412457316942,6.3741565967356175
normal,40101,latentcp_pac,0.9983865729726336,6.306942305921925
normal,40101,noisy_threshold,0.9931319595948471,5.406351664774833
normal,40101,simple_shrink,0.9925257329697166,5.349879597507853
normal,40102,cohen,0.3514280731600356,0.9114939815042127
normal,40102,cohen_stable,0.9274652352282742,3.591493981504215
normal,40102,latentcp,0.9974323815601978,6.0305139450379865
normal,40102,latentcp_tuned,0.9895087879375114,5.304988169189971
normal,40102,latentcp_multi,0.9955272347760132,5.898202545753318
normal,40102,latentcp_pac,0.9990909186999737,6.634500703712891
normal,40102,noisy_threshold,0.9965640345412059,5.851555068625434
normal,40102,simple_shrink,0.9961888691433816,5.786771217662806
normal,40103,cohen,0.36100992848249186,0.9382226304376511
normal,40103,cohen_stable,0.9264031097707706,3.5782226304376534
normal,40103,latentcp,0.98198949824622,4.7308064808351125
normal,40103,latentcp_tuned,0.9991678663376783,6.920781925902279
normal,40103,latentcp_multi,0.9797550894104268,4.689004213195191
normal,40103,latentcp_pac,0.998095483832948,6.209463653527657
normal,40103,noisy_threshold,0.9673934063884966,4.273788504487555
normal,40103,simple_shrink,0.9643883283990349,4.202667670355363
normal,40104,cohen,0.35179695350686574,0.9125199378294426
normal,40104,cohen_stable,0.9783389784937679,4.592519937829433
normal,40104,latentcp,0.9988990040181102,6.526719841703129
normal,40104,latentcp_tuned,0.9992975847452382,7.028095380936006
normal,40104,latentcp_multi,0.9992975847452382,7.028095380936006
normal,40104,latentcp_pac,0.9996641838574769,7.171957753560105
normal,40104,noisy_threshold,0.9985470908898988,6.367856937507547
normal,40104,simple_shrink,0.9984241590491196,6.320683824306811
normal,40105,cohen,0.32476934655151135,0.8379602616224378
normal,40105,cohen_stable,0.9721206648601035,4.3979602616224325
normal,40105,latentcp,0.9942001458874785,5.51777484261904
normal,40105,latentcp_tuned,0.9990626451276816,6.6496439458707
normal,40105,latentcp_multi,0.995446448283217,5.675568451555552
normal,40105,latentcp_pac,0.9996685630279398,7.178804672291608
normal,40105,noisy_threshold,0.993564394113309,5.449439795700364
normal,40105,simple_shrink,0.992970428692576,5.3908802236852695
normal,40106,cohen,0.34667288454281037,0.8982898468496403
normal,40106,cohen_stable,0.9475163061470739,3.878289846849643
normal,40106,latentcp,0.9970366513647301,5.943029082033954
normal,40106,latentcp_tuned,0.9966205386699284,5.887808623251617
normal,40106,latentcp_multi,0.9939194655203011,5.6543507329299185
normal,40106,latentcp_pac,0.9992745001751152,6.759513702986105
normal,40106,noisy_threshold,0.9963583715161453,5.815287641412101
normal,40106,simple_shrink,0.9959563848784572,5.749478145321971
normal,40107,cohen,0.2683935514253821,0.6859787628049849
normal,40107,cohen_stable,0.9558842535393819,4.0259787628049875
normal,40107,latentcp,0.9859707825142147,4.913029266625791
normal,40107,latentcp_tuned,0.9896765836588252,5.269489036033393
normal,40107,latentcp_multi,0.9896765836588252,5.269489036033393
normal,40107,latentcp_pac,0.9908025671741698,5.2092541293877295
normal,40107,noisy_threshold,0.984206083649876,4.827286577976873
normal,40107,simple_shrink,0.9831960588802406,4.7819393340552185
normal,40108,cohen,0.3796217206870043,0.9906285971748718
normal,40108,cohen_stable,0.8777297414556093,3.0906285971748737
normal,40108,latentcp,0.9893488654013193,5.107881745102316
normal,40108,latentcp_tuned,0.9917004259579112,5.301927810128339
normal,40108,latentcp_multi,0.9707282322187402,4.378230092045372
normal,40108,latentcp_pac,0.9985213660915858,6.357689005411905
normal,40108,noisy_threshold,0.9885523309176245,5.057456092190736
normal,40108,simple_shrink,0.9873400761635642,4.986390332560031
normal,40109,cohen,0.3793447242369901,0.9898437302461898
normal,40109,cohen_stable,0.870207807563768,3.0298437302461916
normal,40109,latentcp,0.9909206877581989,5.2181109486653146
normal,40109,latentcp_tuned,0.9462371954822091,3.878594671658786
normal,40109,latentcp_multi,0.985255887736686,4.90139118057029
normal,40109,latentcp_pac,0.9966590419203226,5.868981600618149
normal,40109,noisy_threshold,0.985056539804384,4.8674928258128345
normal,40109,simple_shrink,0.983701189916178,4.8043095774614155
normal,40110,cohen,0.3742647072966858,0.9754763933327144
normal,40110,cohen_stable,0.878314658229592,3.0954763933327163
normal,40110,latentcp,0.9913029693138458,5.2474814255400375
normal,40110,latentcp_tuned,0.9953406477795016,5.841552553944684
normal,40110,latentcp_multi,0.9938784197747165,5.531064104883107
normal,40110,latentcp_pac,0.9974576157420018,6.036501779752368
normal,40110,noisy_threshold,0.9823683448921887,4.746528061327375
normal,40110,simple_shrink,0.9810104195589895,4.691470903030895
normal,40111,cohen,0.2890641580928377,0.7411990338842012
normal,40111,cohen_stable,0.8813817271726918,3.1211990338842033
normal,40111,latentcp,0.9858097623109852,4.90482324625807
normal,40111,latentcp_tuned,0.971283327154294,4.39244857395558
normal,40111,latentcp_multi,0.9862286121145989,5.063203917639595
normal,40111,latentcp_pac,0.9954562771827818,5.6754371367523735
normal,40111,noisy_threshold,0.9780904380099469,4.58386418668359
normal,40111,simple_shrink,0.9761870419707432,4.520267275017478
normal,40112,cohen,0.36313147004448987,0.9441632433609244
normal,40112,cohen_stable,0.8616814217258111,2.964163243360926
normal,40112,latentcp,0.9955569094859933,5.689720612033778
normal,40112,latentcp_tuned,0.9884393134125845,5.196463775102631
normal,40112,latentcp_multi,0.9950930927513221,5.629189461057817
normal,40112,latentcp_pac,0.9983716154536117,6.301547942334865
normal,40112,noisy_threshold,0.9883922475896043,5.047699528927534
normal,40112,simple_shrink,0.9874691389179884,4.993662282326897
normal,40113,cohen,0.2583676097523844,0.6593848175747032
normal,40113,cohen_stable,0.7736030561515554,2.419384817574705
normal,40113,latentcp,0.9793123381300722,4.627279620598689
normal,40113,latentcp_tuned,0.9860630993261233,5.084182991620905
normal,40113,latentcp_multi,0.935336641489441,3.7150149892557556
normal,40113,latentcp_pac,0.9855565933812859,4.892087228658058
normal,40113,noisy_threshold,0.9729467008533428,4.421495810370643
normal,40113,simple_shrink,0.9708753069297165,4.363589260426338
normal,40114,cohen,0.29953001176495353,0.7693722176633999
normal,40114,cohen_stable,0.9925200753161749,5.349372217663374
normal,40114,latentcp,0.996450358778842,5.831272448230793
normal,40114,latentcp_tuned,0.998937964542812,6.758658824760337
normal,40114,latentcp_multi,0.9938162680342333,5.477056555630476
normal,40114,latentcp_pac,0.9997285105506099,7.282173844850822
normal,40114,noisy_threshold,0.9963308648211529,5.810579066781801
normal,40114,simple_shrink,0.9959181545246218,5.743532844905231
normal,40115,cohen,0.2961440978525034,0.7602411804384195
normal,40115,cohen_stable,0.8584709033093845,2.9402411804384214
normal,40115,latentcp,0.988869778873277,5.077167569746694
normal,40115,latentcp_tuned,0.9855377058137581,5.03977199030998
normal,40115,latentcp_multi,0.9855377058137581,5.03977199030998
normal,40115,latentcp_pac,0.9973773383123222,6.017636021553638
normal,40115,noisy_threshold,0.9881221084795824,5.031502898308136
normal,40115,simple_shrink,0.9869342719597052,4.963945425216781
normal,40116,cohen,0.27984745887534807,0.7165098657193174
normal,40116,cohen_stable,0.958475555620951,4.076509865719319
normal,40116,latentcp,0.9887476620677572,5.069526409362827
normal,40116,latentcp_tuned,0.9476170203197682,3.9844363112197025
normal,40116,latentcp_multi,0.9619663348885661,4.260808097540584
normal,40116,latentcp_pac,0.9921961680730049,5.320882723063626
normal,40116,noisy_threshold,0.9876722947861385,5.005244444483453
normal,40116,simple_shrink,0.9865127876647921,4.941276775744258
normal,40117,cohen,0.350907466820088,0.9100464419738619
normal,40117,cohen_stable,0.963831071689857,4.190046441973861
normal,40117,latentcp,0.9944517648126409,5.546705416438045
normal,40117,latentcp_tuned,0.9976930971471668,6.336708234532264
normal,40117,latentcp_multi,0.9932490840772178,5.419265380958723
normal,40117,latentcp_pac,0.9997778875474637,7.384880707216489
normal,40117,noisy_threshold,0.9933873605077541,5.431494345608305
normal,40117,simple_shrink,0.9927893624510442,5.373912695192206
normal,40118,cohen,0.3469960657869908,0.8991860060406918
normal,40118,cohen_stable,0.6967988987911049,2.059186006040693
normal,40118,latentcp,0.9869869882939881,4.966826139940934
normal,40118,latentcp_tuned,0.9942502332016153,5.548318829434185
normal,40118,latentcp_multi,0.9942502332016153,5.548318829434185
normal,40118,latentcp_pac,0.9982065305543374,6.244918457714177
normal,40118,noisy_threshold,0.9799757764393242,4.65178734957616
normal,40118,simple_shrink,0.9778676281991794,4.576176863104926
normal,40119,cohen,0.32070651468647937,0.8268548489036944
normal,40119,cohen_stable,0.9702518373727917,4.34685484890369
normal,40119,latentcp,0.9824235905354811,4.748846838335785
normal,40119,latentcp_tuned,0.9515399605468912,4.05999310677072
normal,40119,latentcp_multi,0.9515399605468912,4.05999310677072
normal,40119,latentcp_pac,0.9910334859737562,5.226656686666661
normal,40119,noisy_threshold,0.9773774091127096,4.55949761079631
normal,40119,simple_shrink,0.9758488938607619,4.509433737716768
normal,40120,cohen,0.32384033447169486,0.8354186173987252
normal,40120,cohen_stable,0.9508985058404753,3.935418617398728
normal,40120,latentcp,0.9932301651734403,5.415918376253991
normal,40120,latentcp_tuned,0.9959647226574251,5.899677869259124
normal,40120,latentcp_multi,0.9693394724181743,4.339526437275302
normal,40120,latentcp_pac,0.9979754302131337,6.173208387674431
normal,40120,noisy_threshold,0.9920256284219771,5.306305997938838
normal,40120,simple_shrink,0.9913624463994117,5.252151946910035
normal,40121,cohen,0.3313923086639438,0.8561193036508588
normal,40121,cohen_stable,0.9160224696974504,3.456119303650861
normal,40121,latentcp,0.9836831907005918,4.803503660880994
normal,40121,latentcp_tuned,0.9922605228648196,5.350456933943153
normal,40121,latentcp_multi,0.9969645503723309,6.118286870671211
normal,40121,latentcp_pac,0.996667276959288,5.870512588092797
normal,40121,noisy_threshold,0.9802918313168445,4.663715769215274
normal,40121,simple_shrink,0.9784538557654752,4.596549935496475
normal,40122,cohen,0.2828628799077071,0.7245752090627331
normal,40122,cohen_stable,0.9415473284284706,3.784575209062736
normal,40122,latentcp,0.9934426371401693,5.437051044175201
normal,40122,latentcp_tuned,0.998040828492754,6.365775962773582
normal,40122,latentcp_multi,0.9449872106194671,3.85344751925139
normal,40122,latentcp_pac,0.9985655861710453,6.375270401483724
normal,40122,noisy_threshold,0.9719670876681668,4.393650967095797
normal,40122,simple_shrink,0.9694563740128506,4.3259363884980635
normal,40123,cohen,0.3504488598663775,0.9087716858224097
normal,40123,cohen_stable,0.9493443963238801,3.9087716858224124
normal,40123,latentcp,0.9892077080037831,5.099607625682275
normal,40123,latentcp_tuned,0.9806237723489784,4.718801573802327
normal,40123,latentcp_multi,0.9954576415486528,6.3200352014999055
normal,40123,latentcp_pac,0.9988155005684881,6.485239640888271
normal,40123,noisy_threshold,0.9845977322953787,4.845559217350049
normal,40123,simple_shrink,0.983016808490714,4.774142845026615
normal,40124,cohen,0.3077820573132626,0.7916938892968175
normal,40124,cohen_stable,0.9483268723714156,3.8916938892968203
normal,40124,latentcp,0.9906373408230229,5.197040060193262
normal,40124,latentcp_tuned,0.9889231324534523,5.098733231005534
normal,40124,latentcp_multi,0.9664060531085351,4.349495093702481
normal,40124,latentcp_pac,0.995418386033312,5.6701331201494325
normal,40124,noisy_threshold,0.981657549262573,4.717263367005381
normal,40124,simple_shrink,0.9799859289812636,4.652167959355958
normal,40125,cohen,0.3086492537919472,0.7940453322217667
normal,40125,cohen_stable,0.7984057548111616,2.554045332221768
normal,40125,latentcp,0.9944942419464854,5.551801750926233
normal,40125,latentcp_tuned,0.9962155194326627,6.140354329347056
normal,40125,latentcp_multi,0.9962155194326627,6.140354329347056
normal,40125,latentcp_pac,0.9981665595086091,6.231954719567751
normal,40125,noisy_threshold,0.9907821564555435,5.2077346256894685
normal,40125,simple_shrink,0.9898812659314553,5.143490346428973
normal,40126,cohen,0.3290089223621664,0.8495764076994927
normal,40126,cohen_stable,0.8486525396419,2.8695764076994945
normal,40126,latentcp,0.9879358758024894,5.020526319025875
normal,40126,latentcp_tuned,0.9960700355381621,5.8151393883766715
normal,40126,latentcp_multi,0.9483213213072292,3.9930552453638892
normal,40126,latentcp_pac,0.9974353169371514,6.031207204470324
normal,40126,noisy_threshold,0.987914000681156,5.019246720218206
normal,40126,simple_shrink,0.9868283717364859,4.958189655797293
normal,40127,cohen,0.34882530088968267,0.9042617590740187
normal,40127,cohen_stable,0.881742840324695,3.1242617590740207
normal,40127,latentcp,0.9887813127001494,5.071627831428016
normal,40127,latentcp_tuned,0.988496252887795,5.237912306770613
normal,40127,latentcp_multi,0.9652371515779927,4.374454964046394
normal,40127,latentcp_pac,0.9973985097199863,6.022559711934419
normal,40127,noisy_threshold,0.988328026805736,5.043819005184305
normal,40127,simple_shrink,0.9872692728703316,4.98242880277974
normal,40128,cohen,0.27685140324433277,0.7085078429338458
normal,40128,cohen_stable,0.8822420513435265,3.128507842933848
normal,40128,latentcp,0.9865432280127543,4.942893114941211
normal,40128,latentcp_tuned,0.9999698630699473,8.598676824086063
normal,40128,latentcp_multi,0.9755425702913962,4.5007382017693205
normal,40128,latentcp_pac,0.9968871537683313,5.912737627077654
normal,40128,noisy_threshold,0.9861699524731129,4.923295218700154
normal,40128,simple_shrink,0.984808306600583,4.855553406371631
normal,40129,cohen,0.3466178986797255,0.8981373928187031
normal,40129,cohen_stable,0.8382076162334275,2.7981373928187048
normal,40129,latentcp,0.97345783342994,4.436376526287299
normal,40129,latentcp_tuned,0.9786017256109174,4.648381689120789
normal,40129,latentcp_multi,0.9657191405746324,4.234576220552778
normal,40129,latentcp_pac,0.9986807801789338,6.423531120703003
normal,40129,noisy_threshold,0.9599277660759751,4.106007085288262
normal,40129,simple_shrink,0.9560201346973254,4.028565322577546
normal,40130,cohen,0.24947095456485568,0.6358837033352542
normal,40130,cohen_stable,0.9160013500247772,3.4558837033352567
normal,40130,latentcp,0.9836669548086711,4.802787556136923
normal,40130,latentcp_tuned,0.9979762334860157,6.387028647634532
normal,40130,latentcp_multi,0.9666363571707229,4.27652028245849
normal,40130,latentcp_pac,0.9939843933085831,5.493860877812631
normal,40130,noisy_threshold,0.981206817301082,4.699216339284108
normal,40130,simple_shrink,0.9794678038418865,4.632955564419178
normal,40131,cohen,0.3299361023563318,0.8521206272030071
normal,40131,cohen_stable,0.8280799665935055,2.7321206272030087
normal,40131,latentcp,0.9850880723958463,4.869022514449746
normal,40131,latentcp_tuned,0.9844293367341221,4.857240548418198
normal,40131,latentcp_multi,0.9450530454433616,3.8546147858840243
normal,40131,latentcp_pac,0.9993730319251307,6.839342916173191
normal,40131,noisy_threshold,0.979649901637895,4.639659155279631
normal,40131,simple_shrink,0.9778447423874623,4.575391080226427
normal,40132,cohen,0.3459093057157605,0.8961732115452863
normal,40132,cohen_stable,0.8606154012768681,2.956173211545288
normal,40132,latentcp,0.9810311193596399,4.6922900866517345
normal,40132,latentcp_tuned,0.8953468073793183,3.3508526383708737
normal,40132,latentcp_multi,0.9872837902973923,5.004856459224486
normal,40132,latentcp_pac,0.995070967296638,5.623271253979942
normal,40132,noisy_threshold,0.9800782358999474,4.655636217108512
normal,40132,simple_shrink,0.9785084374861324,4.598471270190338
normal,40133,cohen,0.3939212023706676,1.0313575029712019
normal,40133,cohen_stable,0.9001700840292246,3.291357502971204
normal,40133,latentcp,0.9921459705058655,5.3165631818444705
normal,40133,latentcp_tuned,0.9628316506971527,4.296023172164305
normal,40133,latentcp_multi,0.9617514030851255,4.271873097032828
normal,40133,latentcp_pac,0.9948843491465347,5.599319520217677
normal,40133,noisy_threshold,0.9909890882809458,5.223279756434902
normal,40133,simple_shrink,0.9900400433117036,5.154432854491798
normal,40134,cohen,0.3023822060185293,0.7770763908068661
normal,40134,cohen_stable,0.9521319758846154,3.957076390806869
normal,40134,latentcp,0.9948002027550905,5.588776978695472
normal,40134,latentcp_tuned,0.9917922932577957,5.4488174161448315
normal,40134,latentcp_multi,0.9917922932577957,5.4488174161448315
normal,40134,latentcp_pac,0.9989584216714631,6.558096461164493
normal,40134,noisy_threshold,0.9945591351740424,5.55940584095204
normal,40134,simple_shrink,0.9938949541170274,5.4841708845300206
normal,40135,cohen,0.27740033174513856,0.7099730978434766
normal,40135,cohen_stable,0.7941238502506394,2.5299730978434782
normal,40135,latentcp,0.9847599808355008,4.853253728360104
normal,40135,latentcp_tuned,0.9671732156200676,4.269494272238146
normal,40135,latentcp_multi,0.9872108208830221,4.980570871197872
normal,40135,latentcp_pac,0.9980454340532247,6.194100973246361
normal,40135,noisy_threshold,0.9822361785348546,4.741009259169833
normal,40135,simple_shrink,0.9807995386975219,4.683231883898499
normal,40136,cohen,0.35782459117790344,0.929318739830455
normal,40136,cohen_stable,0.9288719985448906,3.6093187398304574
normal,40136,latentcp,0.9895680419024842,5.122344760525436
normal,40136,latentcp_tuned,0.9934534899131904,5.4393218147477445
normal,40136,latentcp_multi,0.9856591178174869,4.937473283233419
normal,40136,latentcp_pac,0.9991766824641527,6.689668523928092
normal,40136,noisy_threshold,0.9889140609130185,5.079956322564024
normal,40136,simple_shrink,0.9877170305042418,5.007817577507044
normal,40137,cohen,0.34956320947294084,0.9063109522812298
normal,40137,cohen_stable,0.8697598292224078,3.0263109522812317
normal,40137,latentcp,0.9951289048353928,5.630875241578914
normal,40137,latentcp_tuned,0.998990623615355,6.608504261019903
normal,40137,latentcp_multi,0.9921611709819385,5.368159742499038
normal,40137,latentcp_pac,0.9996364488031033,7.130439875034558
normal,40137,noisy_threshold,0.9939455092964395,5.4896312024287095
normal,40137,simple_shrink,0.9933015033599262,5.422946294603187
normal,40138,cohen,0.3435506698582293,0.8896414102939225
normal,40138,cohen_stable,0.920710019169394,3.509641410293925
normal,40138,latentcp,0.9844252363581947,4.837477747479865
normal,40138,latentcp_tuned,0.9869071098616913,4.963707365815655
normal,40138,latentcp_multi,0.9869071098616913,4.963707365815655
normal,40138,latentcp_pac,0.9954696281399568,5.677317135351841
normal,40138,noisy_threshold,0.9837906195815465,4.80833337319272
normal,40138,simple_shrink,0.9822752752809032,4.742638043311656
normal,40139,cohen,0.3847635412962791,1.0052257975832255
normal,40139,cohen_stable,0.9598898644446501,4.105225797583226
normal,40139,latentcp,0.9953015634037773,5.654026750269597
normal,40139,latentcp_tuned,0.9961338418016191,5.779111828477795
normal,40139,latentcp_multi,0.9966373258232459,5.880065591997135
normal,40139,latentcp_pac,0.9997937766548023,7.4225366848847
normal,40139,noisy_threshold,0.9930514600922735,5.398601034561998
normal,40139,simple_shrink,0.9924095290425179,5.339526822621355
normal,40140,cohen,0.29623578476059015,0.7604882296229469
normal,40140,cohen_stable,0.9249639813682604,3.5604882296229494
normal,40140,latentcp,0.9699864572147584,4.339847155288255
normal,40140,latentcp_tuned,0.965918246591643,4.239202975242868
normal,40140,latentcp_multi,0.9829601504461604,4.936375736554078
normal,40140,latentcp_pac,0.9888595843734928,5.07652873167061
normal,40140,noisy_threshold,0.9601497608597427,4.1105958186762175
normal,40140,simple_shrink,0.9564946039147766,4.037650299731341
normal,40141,cohen,0.2974085897323897,0.7636493626615009
normal,40141,cohen_stable,0.9373721936602735,3.7236493626615035
normal,40141,latentcp,0.9758879058956973,4.510703432149806
normal,40141,latentcp_tuned,0.9670420287209464,4.286459448623023
normal,40141,latentcp_multi,0.9670420287209464,4.286459448623023
normal,40141,latentcp_pac,0.9957163911652441,5.712969936964503
normal,40141,noisy_threshold,0.9749000786181228,4.479722826872007
normal,40141,simple_shrink,0.9731009914581579,4.425960464030096
normal,40142,cohen,0.3845575095306621,1.0046398647615655
normal,40142,cohen_stable,0.9737383079590471,4.444639864761559
normal,40142,latentcp,0.9938631435764747,5.480756262968174
normal,40142,latentcp_tuned,0.9962008524434195,5.790230105823854
normal,40142,latentcp_multi,0.9949696107658776,5.611595723404127
normal,40142,latentcp_pac,0.9993233574479151,6.797744973747005
normal,40142,noisy_threshold,0.9922476021013393,5.325334969178676
normal,40142,simple_shrink,0.9916579770231948,5.275807706521829
normal,40143,cohen,0.33534221826775296,0.8669828847772174
normal,40143,cohen_stable,0.893362219032904,3.2269828847772195
normal,40143,latentcp,0.9688320434976362,4.309846537013991
normal,40143,latentcp_tuned,0.9041883005322947,3.4220848661747776
normal,40143,latentcp_multi,0.8851241448462426,3.2421023086693386
normal,40143,latentcp_pac,0.9795524730595113,4.636066961002902
normal,40143,noisy_threshold,0.9685753437608513,4.303306970161558
normal,40143,simple_shrink,0.9659914606514597,4.239940853560528
normal,40144,cohen,0.40154349632338016,1.0532428700877592
normal,40144,cohen_stable,0.815366058410911,2.6532428700877606
normal,40144,latentcp,0.9893716900378806,5.109375537775771
normal,40144,latentcp_tuned,0.9553604189506347,4.033743366764697
normal,40144,latentcp_multi,0.9778485209976631,4.59543274871122
normal,40144,latentcp_pac,0.994695408482268,5.575861098325816
normal,40144,noisy_threshold,0.9770430559817467,4.5483008415927255
normal,40144,simple_shrink,0.9748864999305158,4.479304737395903
normal,40145,cohen,0.27792450499657534,0.7113726293243832
normal,40145,cohen_stable,0.8279625584044263,2.731372629324385
normal,40145,latentcp,0.9917495329797182,5.283289327144504
normal,40145,latentcp_tuned,0.9931749871528284,5.595493061007816
normal,40145,latentcp_multi,0.9970429129258263,5.999995056105954
normal,40145,latentcp_pac,0.9988360926624418,6.495161011611114
normal,40145,noisy_threshold,0.9905808700620167,5.192909587008598
normal,40145,simple_shrink,0.9896301037741446,5.126489209906449
normal,40146,cohen,0.2887325293551759,0.740308746633533
normal,40146,cohen_stable,0.9566326226729525,4.040308746633535
normal,40146,latentcp,0.9870617279362083,4.970930514644298
normal,40146,latentcp_tuned,0.9286620516235657,3.7380485842942397
normal,40146,latentcp_multi,0.971231629339907,4.522080114926517
normal,40146,latentcp_pac,0.9947955491727152,5.588198786513418
normal,40146,noisy_threshold,0.9864798814141658,4.939533447527518
normal,40146,simple_shrink,0.9851014145529684,4.869669817068814
normal,40147,cohen,0.34561132252276267,0.8953474765040816
normal,40147,cohen_stable,0.9574064423354927,4.055347476504084
normal,40147,latentcp,0.991036630181751,5.226896210474341
normal,40147,latentcp_tuned,0.9812347954448923,4.826400557443795
normal,40147,latentcp_multi,0.945151120857727,3.9416595162549246
normal,40147,latentcp_pac,0.9996790756842476,7.195593386270872
normal,40147,noisy_threshold,0.9909348925904089,5.219177909084828
normal,40147,simple_shrink,0.9899084640170348,5.145353861424174
normal,40148,cohen,0.318335271627602,0.8203850376424517
normal,40148,cohen_stable,0.869005692920769,3.0203850376424537
normal,40148,latentcp,0.9971359727955849,5.963975543719432
normal,40148,latentcp_tuned,0.9880311939525365,5.067969316581097
normal,40148,latentcp_multi,0.9968189071029492,5.931233650961238
normal,40148,latentcp_pac,0.9997661952387387,7.358755141107428
normal,40148,noisy_threshold,0.9842373151525676,4.82872899159319
normal,40148,simple_shrink,0.9828428554700877,4.766645504600047
normal,40149,cohen,0.355175527205835,0.921927890522209
normal,40149,cohen_stable,0.8532100998357166,2.901927890522211
normal,40149,latentcp,0.9920119581963621,5.305150803194574
normal,40149,latentcp_tuned,0.9879581204769639,5.022837107253263
normal,40149,latentcp_multi,0.9981577732984195,6.252574152479821
normal,40149,latentcp_pac,0.9996259685283369,7.115519077323501
normal,40149,noisy_threshold,0.9897344825575469,5.133509598392413
normal,40149,simple_shrink,0.9886620348326207,5.064212363288275
laplace,41000,cohen,0.3852742155444471,0.6881266061778595
laplace,41000,cohen_stable,0.7715706902893029,2.0881266061778607
laplace,41000,latentcp,0.9750581547956565,5.2201579521158745
laplace,41000,latentcp_tuned,0.9841245716569097,5.891832596258544
laplace,41000,latentcp_multi,0.9719654939159911,5.055698264269177
laplace,41000,latentcp_pac,0.9907227084645416,6.618782004985567
laplace,41000,noisy_threshold,0.9737385658396553,5.147247763084387
laplace,41000,simple_shrink,0.9726243690059804,5.088484705327734
laplace,41001,cohen,0.4518765816699451,0.8503026946676151
laplace,41001,cohen_stable,0.8206620950873509,2.4303026946676165
laplace,41001,latentcp,0.9916358020365657,6.765308172658786
laplace,41001,latentcp_tuned,0.9886263038830849,6.46284000540443
laplace,41001,latentcp_multi,0.9895869218436288,6.586971167563774
laplace,41001,latentcp_pac,0.9959858040139541,7.803514789421927
laplace,41001,noisy_threshold,0.9844478534834658,5.8881582259024645
laplace,41001,simple_shrink,0.9836834532801793,5.820302759620464
laplace,41002,cohen,0.38313424799724993,0.6832120316872676
laplace,41002,cohen_stable,0.913608044253533,3.46321203168727
laplace,41002,latentcp,0.9826494466346847,5.73342170358987
laplace,41002,latentcp_tuned,0.9387896050581799,3.9885654710594984
laplace,41002,latentcp_multi,0.9844321081261056,5.887560032348546
laplace,41002,latentcp_pac,0.9907293745501287,6.619800044466799
laplace,41002,noisy_threshold,0.9599899439745927,4.5518223576189
laplace,41002,simple_shrink,0.9581796797066742,4.489241244199421
laplace,41003,cohen,0.40555521132412004,0.7355712760592708
laplace,41003,cohen_stable,0.9119029072970679,3.435571276059273
laplace,41003,latentcp,0.9858288112699012,6.01966273425742
laplace,41003,latentcp_tuned,0.9813927854141775,5.71766884673519
laplace,41003,latentcp_multi,0.9813927854141775,5.71766884673519
laplace,41003,latentcp_pac,0.9904147858232539,6.572604989114362
laplace,41003,noisy_threshold,0.9851838456593807,5.956720110795997
laplace,41003,simple_shrink,0.9844534985100524,5.888671641999828
laplace,41004,cohen,0.513344381071758,1.018514562721907
laplace,41004,cohen_stable,0.9001531476992148,3.258514562721909
laplace,41004,latentcp,0.9768671461533899,5.326637457627182
laplace,41004,latentcp_tuned,0.9788341109020309,5.45299245278241
laplace,41004,latentcp_multi,0.974132277125529,5.249708995428639
laplace,41004,latentcp_pac,0.9848568014824667,5.925843033637263
laplace,41004,noisy_threshold,0.9760868641395644,5.279722176009977
laplace,41004,simple_shrink,0.9747591042968513,5.203301470703421
laplace,41005,cohen,0.4555828533762236,0.8598977247971114
laplace,41005,cohen_stable,0.9356553824319418,3.879897724797114
laplace,41005,latentcp,0.9794970370199443,5.497315473022136
laplace,41005,latentcp_tuned,0.9888214533833368,6.369894456610555
laplace,41005,latentcp_multi,0.9885841162711949,6.430926847778449
laplace,41005,latentcp_pac,0.992730050844135,6.963596097408855
laplace,41005,noisy_threshold,0.977592408770626,5.371685839288039
laplace,41005,simple_shrink,0.9766850383085954,5.3155479367684775
laplace,41006,cohen,0.38566603269600597,0.6890282924428002
laplace,41006,cohen_stable,0.9342354280961234,3.849028292442803
laplace,41006,latentcp,0.9857486346674542,6.011684150375673
laplace,41006,latentcp_tuned,0.9735831074038853,5.222856913894947
laplace,41006,latentcp_multi,0.9857201948422343,6.021169922483463
laplace,41006,latentcp_pac,0.99028215814606,6.553171104008747
laplace,41006,noisy_threshold,0.9609839909602327,4.587402235681275
laplace,41006,simple_shrink,0.9591399162256624,4.522091605388953
laplace,41007,cohen,0.4772002524850383,0.9171977944993697
laplace,41007,cohen_stable,0.8576737409046626,2.7571977944993713
laplace,41007,latentcp,0.980249694733217,5.550203742353026
laplace,41007,latentcp_tuned,0.9819311027671792,5.676794704856929
laplace,41007,latentcp_multi,0.9859891979680391,6.049525794438867
laplace,41007,latentcp_pac,0.9979155568958146,8.730298902471269
laplace,41007,noisy_threshold,0.9786722639996184,5.441535841648106
laplace,41007,simple_shrink,0.9775483331049573,5.368906817662469
laplace,41008,cohen,0.36873515693366254,0.6505803609019445
laplace,41008,cohen_stable,0.9610715721724894,4.590580360901935
laplace,41008,latentcp,0.9831099372382098,5.771448607095612
laplace,41008,latentcp_tuned,0.9845763679566296,5.900652251429247
laplace,41008,latentcp_multi,0.9824506284131992,5.746082116875817
laplace,41008,latentcp_pac,0.9982845789247762,9.00584872472533
laplace,41008,noisy_threshold,0.9829847031382619,5.761000505871333
laplace,41008,simple_shrink,0.9821734584297326,5.695132531550972
laplace,41009,cohen,0.43208500552135454,0.8001387401764397
laplace,41009,cohen_stable,0.9319221838291849,3.8001387401764424
laplace,41009,latentcp,0.980048568172818,5.53588168097605
laplace,41009,latentcp_tuned,0.9817283260776105,5.661018424093654
laplace,41009,latentcp_multi,0.9966358619331814,8.156647716864745
laplace,41009,latentcp_pac,0.9955356046970496,7.653188542331576
laplace,41009,noisy_threshold,0.9759173317136427,5.269731467139247
laplace,41009,simple_shrink,0.9747351462486054,5.20195977001926
laplace,41010,cohen,0.4390768465354906,0.8176577846117357
laplace,41010,cohen_stable,0.9028788568773358,3.297657784611738
laplace,41010,latentcp,0.9763089458169038,5.292941081324541
laplace,41010,latentcp_tuned,0.9973490119280232,8.49137940513649
laplace,41010,latentcp_multi,0.9973490119280232,8.49137940513649
laplace,41010,latentcp_pac,0.9849044554476281,5.930305331466121
laplace,41010,noisy_threshold,0.9612313584966488,4.5963971132511166
laplace,41010,simple_shrink,0.959862548264012,4.547326524911028
laplace,41011,cohen,0.4205329992859643,0.7716607685740904
laplace,41011,cohen_stable,0.9413796007717843,4.011660768574093
laplace,41011,latentcp,0.9836520831543711,5.817586409154012
laplace,41011,latentcp_tuned,0.9851708358216453,5.956111409601231
laplace,41011,latentcp_multi,0.9703303617394303,4.9753109790511925
laplace,41011,latentcp_pac,0.9970933569880859,8.260077011373637
laplace,41011,noisy_threshold,0.9833819300965141,5.7944072044970945
laplace,41011,simple_shrink,0.9826141079588009,5.7305294075527735
laplace,41012,cohen,0.41649191721246165,0.7618325681986731
laplace,41012,cohen_stable,0.9602721467309094,4.561832568198664
laplace,41012,latentcp,0.9891450757096569,6.396683606794408
laplace,41012,latentcp_tuned,0.990098904563167,6.527621357697401
laplace,41012,latentcp_multi,0.9957827914357915,7.749960780432574
laplace,41012,latentcp_pac,0.9973858167756317,8.410050275792386
laplace,41012,noisy_threshold,0.9859141462762537,6.028204481469323
laplace,41012,simple_shrink,0.9850853792017,5.947352503769693
laplace,41013,cohen,0.4194080847664514,0.7689180287928918
laplace,41013,cohen_stable,0.900884962183899,3.268918028792894
laplace,41013,latentcp,0.9844124893154802,5.88494608568597
laplace,41013,latentcp_tuned,0.9857618529306211,6.013805812267119
laplace,41013,latentcp_multi,0.9844696778345176,5.920615710252729
laplace,41013,latentcp_pac,0.9944834872957073,7.353923782315958
laplace,41013,noisy_threshold,0.9729823744043782,5.107101108634926
laplace,41013,simple_shrink,0.9718093586140235,5.046996177684369
laplace,41014,cohen,0.40631538529605526,0.7373809248812044
laplace,41014,cohen_stable,0.9028598416688722,3.2973809248812067
laplace,41014,latentcp,0.9707196978222206,4.993363048185024
laplace,41014,latentcp_tuned,0.9788473680365196,5.47846960915458
laplace,41014,latentcp_multi,0.9831983669141695,5.855267538003083
laplace,41014,latentcp_pac,0.9931841887694456,7.054818759774037
laplace,41014,noisy_threshold,0.9675875762573651,4.849640212869249
laplace,41014,simple_shrink,0.9662282756199185,4.79154135351242
laplace,41015,cohen,0.4373945333066969,0.8134226420088773
laplace,41015,cohen_stable,0.8707437965503229,2.893422642008879
laplace,41015,latentcp,0.9799775345612519,5.530848342371287
laplace,41015,latentcp_tuned,0.9771817745431701,5.357097629548705
laplace,41015,latentcp_multi,0.9560686535488787,4.4939563825071565
laplace,41015,latentcp_pac,0.9875745640714265,6.2055827206267375
laplace,41015,noisy_threshold,0.9797519969469415,5.515007363403151
laplace,41015,simple_shrink,0.9788335683116376,5.452272366390058
laplace,41016,cohen,0.4994999856370424,0.9788445959579097
laplace,41016,cohen_stable,0.8474231757064954,2.6588445959579112
laplace,41016,latentcp,0.9724748043357596,5.080783007079279
laplace,41016,latentcp_tuned,0.9765514177225421,5.308246984214178
laplace,41016,latentcp_multi,0.962235730327163,4.648572324846909
laplace,41016,latentcp_pac,0.9792652299039178,5.48141260016763
laplace,41016,noisy_threshold,0.9591819397678756,4.523546836021419
laplace,41016,simple_shrink,0.9572845929506544,4.459291986577772
laplace,41017,cohen,0.4600915628109721,0.871658610779638
laplace,41017,cohen_stable,0.9295479712743957,3.7516586107796406
laplace,41017,latentcp,0.9690130028890064,4.913244591412817
laplace,41017,latentcp_tuned,0.9891940263684941,6.488678612172853
laplace,41017,latentcp_multi,0.9891940263684941,6.488678612172853
laplace,41017,latentcp_pac,0.9861259415739652,6.0496301420752685
laplace,41017,noisy_threshold,0.9638740927095986,4.6962426410157985
laplace,41017,simple_shrink,0.9620843611488314,4.627860606735158
laplace,41018,cohen,0.43203172306121035,0.8000060632020993
laplace,41018,cohen_stable,0.9347439464722782,3.860006063202102
laplace,41018,latentcp,0.9739750068062206,5.160038324305244
laplace,41018,latentcp_tuned,0.9699150072153667,4.955676760937661
laplace,41018,latentcp_multi,0.9819253497792123,5.68725976795484
laplace,41018,latentcp_pac,0.9944305474757088,7.340416833860827
laplace,41018,noisy_threshold,0.9704486433962327,4.980330723907748
laplace,41018,simple_shrink,0.9691131863866604,4.917822912444948
laplace,41019,cohen,0.436729262974056,0.8117513491376798
laplace,41019,cohen_stable,0.9243908629146473,3.6517513491376823
laplace,41019,latentcp,0.9934418414615288,7.109315820159718
laplace,41019,latentcp_tuned,0.991221184344663,6.773633082735253
laplace,41019,latentcp_multi,0.9916674904831981,6.847422123112783
laplace,41019,latentcp_pac,0.9968185554586697,8.13232185018038
laplace,41019,noisy_threshold,0.9898136441977234,6.486582002386073
laplace,41019,simple_shrink,0.9893417669574478,6.422541475590082
laplace,41020,cohen,0.38406446796029936,0.6853462441583806
laplace,41020,cohen_stable,0.8822560402547535,3.0253462441583827
laplace,41020,latentcp,0.9728536348549028,5.100419243816519
laplace,41020,latentcp_tuned,0.9786368425296513,5.43979535516517
laplace,41020,latentcp_multi,0.9604745710398079,4.584125790785269
laplace,41020,latentcp_pac,0.9915942025771761,6.758291979916257
laplace,41020,noisy_threshold,0.9686977598651674,4.898928572543536
laplace,41020,simple_shrink,0.9670837832890264,4.827827881630604
laplace,41021,cohen,0.42705717095852,0.7876735973417488
laplace,41021,cohen_stable,0.8964983529123913,3.207673597341751
laplace,41021,latentcp,0.9516088151912068,4.282872280187434
laplace,41021,latentcp_tuned,0.9604776101135286,4.582462761183803
laplace,41021,latentcp_multi,0.9286061966118442,3.7476998779641684
laplace,41021,latentcp_pac,0.9732277878836103,5.12000658665375
laplace,41021,noisy_threshold,0.9509216075750988,4.262915438028431
laplace,41021,simple_shrink,0.9485719260629808,4.196779254614494
laplace,41022,cohen,0.4227916270320877,0.7771838152705239
laplace,41022,cohen_stable,0.8057280678007979,2.3171838152705253
laplace,41022,latentcp,0.9579371680258086,4.481137714383189
laplace,41022,latentcp_tuned,0.9478992478447068,4.196066765814023
laplace,41022,latentcp_multi,0.9974933018126427,8.571152677818663
laplace,41022,latentcp_pac,0.9918395765340382,6.800188312429068
laplace,41022,noisy_threshold,0.9562248168892296,4.424633310078257
laplace,41022,simple_shrink,0.9544108284709099,4.3672117695531645
laplace,41023,cohen,0.39861911270726974,0.7191654822448998
laplace,41023,cohen_stable,0.96185052321094,4.61916548224489
laplace,41023,latentcp,0.9773780512195627,5.358221367377073
laplace,41023,latentcp_tuned,0.9959997138390674,7.882778685582362
laplace,41023,latentcp_multi,0.9682187254217374,4.877531845568341
laplace,41023,latentcp_pac,0.9888656518222041,6.3607373565302785
laplace,41023,noisy_threshold,0.9750209757697452,5.218050420752041
laplace,41023,simple_shrink,0.9738494671331386,5.15323259274423
laplace,41024,cohen,0.48240972548308797,0.9313605003760088
laplace,41024,cohen_stable,0.8844021245832576,3.0513605003760107
laplace,41024,latentcp,0.9759234805897132,5.270092798045914
laplace,41024,latentcp_tuned,0.9733836664495663,5.1435622496536215
laplace,41024,latentcp_multi,0.9963040183538076,8.023990816532839
laplace,41024,latentcp_pac,0.9818834526303322,5.672310987959777
laplace,41024,noisy_threshold,0.9549405440503651,4.383740193749773
laplace,41024,simple_shrink,0.9525835681227603,4.311635141106224
laplace,41025,cohen,0.38857205809328516,0.695733914796345
laplace,41025,cohen_stable,0.9179266096415186,3.5357339147963476
laplace,41025,latentcp,0.963356154885162,4.6761251390318135
laplace,41025,latentcp_tuned,0.9720265206252037,5.089381353773212
laplace,41025,latentcp_multi,0.9795512367068372,5.516328810414148
laplace,41025,latentcp_pac,0.9935323692988411,7.128973404961612
laplace,41025,noisy_threshold,0.961478629057837,4.605446007492845
laplace,41025,simple_shrink,0.9599156603875334,4.54919913072355
laplace,41026,cohen,0.4764729534360383,0.9152317618019947
laplace,41026,cohen_stable,0.9316855600272058,3.7952317618019973
laplace,41026,latentcp,0.9840107874850077,5.84896300200995
laplace,41026,latentcp_tuned,0.9853896909836871,5.977322311766082
laplace,41026,latentcp_multi,0.9859743431496932,6.1373159605171335
laplace,41026,latentcp_pac,0.9928845202796023,6.993968612595548
laplace,41026,noisy_threshold,0.978112565310653,5.404901589101149
laplace,41026,simple_shrink,0.977106487060025,5.341345588491241
laplace,41027,cohen,0.48358265164981273,0.9345689270209077
laplace,41027,cohen_stable,0.851229132796026,2.694568927020909
laplace,41027,latentcp,0.9709376679237708,5.003929632079154
laplace,41027,latentcp_tuned,0.9372584944093674,4.008478034798284
laplace,41027,latentcp_multi,0.9734311560016738,5.131529728603231
laplace,41027,latentcp_pac,0.9839921243799029,5.8473126920925935
laplace,41027,noisy_threshold,0.9524202588076274,4.306772745740645
laplace,41027,simple_shrink,0.950702518446757,4.256616346261554
laplace,41028,cohen,0.4347004534130386,0.806666733444612
laplace,41028,cohen_stable,0.8566099404390797,2.7466667334446138
laplace,41028,latentcp,0.965022868457489,4.741949995313865
laplace,41028,latentcp_tuned,0.9771981401517248,5.3622091596438075
laplace,41028,latentcp_multi,0.9761038775631741,5.385359351089653
laplace,41028,latentcp_pac,0.9845407954927871,5.896635242197042
laplace,41028,noisy_threshold,0.9597540472683903,4.543508730087731
laplace,41028,simple_shrink,0.9576873554873333,4.472689835674586
laplace,41029,cohen,0.455243987267653,0.859017737886095
laplace,41029,cohen_stable,0.9416837618036547,4.019017737886098
laplace,41029,latentcp,0.9882498728622849,6.284611243538247
laplace,41029,latentcp_tuned,0.9892804659780111,6.415167967993475
laplace,41029,latentcp_multi,0.9799299368401526,5.55554242494868
laplace,41029,latentcp_pac,0.9937205693850393,7.170735883366515
laplace,41029,noisy_threshold,0.9756729433732818,5.255452508017562
laplace,41029,simple_shrink,0.9746759831071679,5.198651953335739
laplace,41030,cohen,0.3852479186635547,0.688066109919006
laplace,41030,cohen_stable,0.8889455461458422,3.108066109919008
laplace,41030,latentcp,0.9578646772926066,4.4786331256408465
laplace,41030,latentcp_tuned,0.9759348100682359,5.355513986918204
laplace,41030,latentcp_multi,0.9614520057960797,4.605155358934788
laplace,41030,latentcp_pac,0.9852670597256814,5.964685361099207
laplace,41030,noisy_threshold,0.9419595086329451,4.025720670106047
laplace,41030,simple_shrink,0.9394833848291291,3.9666389792209564
laplace,41031,cohen,0.4996593669643985,0.9792950157869349
laplace,41031,cohen_stable,0.8578846485452281,2.7592950157869365
laplace,41031,latentcp,0.9779410859039902,5.393865276990587
laplace,41031,latentcp_tuned,0.9762710993598179,5.291401428101706
laplace,41031,latentcp_multi,0.9802248285494792,5.576726784568495
laplace,41031,latentcp_pac,0.9967161026220919,8.087497516854537
laplace,41031,noisy_threshold,0.9739625619936443,5.159361995104812
laplace,41031,simple_shrink,0.9728432965974585,5.099839877845148
laplace,41032,cohen,0.4257977457822765,0.7845683286069796
laplace,41032,cohen_stable,0.9184377136993376,3.544568328606982
laplace,41032,latentcp,0.9769161724328996,5.329640638215421
laplace,41032,latentcp_tuned,0.9818582383985699,5.7026955381180615
laplace,41032,latentcp_multi,0.9924400781217422,6.924057334533861
laplace,41032,latentcp_pac,0.9948508450506591,7.451381894017949
laplace,41032,noisy_threshold,0.9761822805526321,5.285376353556631
laplace,41032,simple_shrink,0.9753923928961414,5.23923649235178
laplace,41033,cohen,0.4499674263133499,0.845385440401853
laplace,41033,cohen_stable,0.9340658077292443,3.8453854404018557
laplace,41033,latentcp,0.9733673100700005,5.127399931603022
laplace,41033,latentcp_tuned,0.9586206707652386,4.518585750030901
laplace,41033,latentcp_multi,0.9996920599385996,11.527643259135136
laplace,41033,latentcp_pac,0.9909949031884608,6.660895775710765
laplace,41033,noisy_threshold,0.9719596864423392,5.054557712440449
laplace,41033,simple_shrink,0.9706307030072023,4.989070341501532
laplace,41034,cohen,0.48722404097030103,0.9445762281069263
laplace,41034,cohen_stable,0.9073674481007257,3.3645762281069285
laplace,41034,latentcp,0.9831086007772849,5.7713358719871
laplace,41034,latentcp_tuned,0.9917707141131135,6.872976570929093
laplace,41034,latentcp_multi,0.9673178228528195,4.850554149508282
laplace,41034,latentcp_pac,0.9912858832965011,6.707347582219102
laplace,41034,noisy_threshold,0.9820612616125537,5.686259636878267
laplace,41034,simple_shrink,0.981069151602058,5.610132164858625
laplace,41035,cohen,0.45297294882148614,0.8531342650430123
laplace,41035,cohen_stable,0.8861682819125565,3.0731342650430142
laplace,41035,latentcp,0.9822797551855038,5.703590583150181
laplace,41035,latentcp_tuned,0.9851329542683684,5.952567605024507
laplace,41035,latentcp_multi,0.9882224087613914,6.307796663829943
laplace,41035,latentcp_pac,0.9945460562666065,7.370055626516209
laplace,41035,noisy_threshold,0.9812683766319177,5.625093974528465
laplace,41035,simple_shrink,0.9801761671776625,5.544948077921023
laplace,41036,cohen,0.49155938315734066,0.9565837428612665
laplace,41036,cohen_stable,0.9336541708265216,3.836583742861269
laplace,41036,latentcp,0.9835063825495339,5.805038230826324
laplace,41036,latentcp_tuned,0.9802970157057191,5.638813615910383
laplace,41036,latentcp_multi,0.9764277817397853,5.3855977717971
laplace,41036,latentcp_pac,0.9910882556837137,6.675632897017121
laplace,41036,noisy_threshold,0.9799381195360941,5.52806713621548
laplace,41036,simple_shrink,0.9789020408921729,5.456854707928225
laplace,41037,cohen,0.37632644215723315,0.6676900922814331
laplace,41037,cohen_stable,0.9496838073900775,4.227690092281431
laplace,41037,latentcp,0.9751996186754277,5.228201759131342
laplace,41037,latentcp_tuned,0.9700358256398721,4.973224362640002
laplace,41037,latentcp_multi,0.9649058662548835,4.749831080154637
laplace,41037,latentcp_pac,0.9888435945726818,6.3579385744665675
laplace,41037,noisy_threshold,0.9721699617418345,5.065202914227008
laplace,41037,simple_shrink,0.9708905441572273,5.001638095737057
laplace,41038,cohen,0.42341989500744237,0.7787239679004729
laplace,41038,cohen_stable,0.9663993631641552,4.798723967900459
laplace,41038,latentcp,0.9886989696740811,6.339724034656074
laplace,41038,latentcp_tuned,0.9997034367853401,11.600839199920152
laplace,41038,latentcp_multi,0.9885678322695796,6.33920104735753
laplace,41038,latentcp_pac,0.9924968960577948,6.9189529659247295
laplace,41038,noisy_threshold,0.988550605802667,6.321277885938182
laplace,41038,simple_shrink,0.9878688802698379,6.239483719941258
laplace,41039,cohen,0.4272492227118084,0.788147724447323
laplace,41039,cohen_stable,0.8965330469024089,3.208147724447325
laplace,41039,latentcp,0.9673097731593987,4.837573420462267
laplace,41039,latentcp_tuned,0.9503790516757493,4.340790649597164
laplace,41039,latentcp_multi,0.9503790516757493,4.340790649597164
laplace,41039,latentcp_pac,0.9733082292567314,5.124262366414082
laplace,41039,noisy_threshold,0.9551222748379613,4.389455438348906
laplace,41039,simple_shrink,0.9533623577760966,4.3350557121439435
laplace,41040,cohen,0.45355248144495386,0.8546333085422742
laplace,41040,cohen_stable,0.9201533574945049,3.5746333085422766
laplace,41040,latentcp,0.9819813264980541,5.6799719114813225
laplace,41040,latentcp_tuned,0.9829056532095726,5.7688889353651716
laplace,41040,latentcp_multi,0.9897347731862836,6.574089434956116
laplace,41040,latentcp_pac,0.9894531715899668,6.4374012672263525
laplace,41040,noisy_threshold,0.9812175482481416,5.621261693794009
laplace,41040,simple_shrink,0.9802988914445021,5.553730323981541
laplace,41041,cohen,0.4050204904433734,0.7342997204441639
laplace,41041,cohen_stable,0.8573817800810679,2.7542997204441657
laplace,41041,latentcp,0.9739375558386141,5.1580982381056995
laplace,41041,latentcp_tuned,0.9436831640183185,4.116309615862877
laplace,41041,latentcp_multi,0.9310950891635195,3.844623508198241
laplace,41041,latentcp_pac,0.9947380444126759,7.420736078757249
laplace,41041,noisy_threshold,0.9667500680449868,4.813562320299929
laplace,41041,simple_shrink,0.9649801380818783,4.740217438519147
laplace,41042,cohen,0.4132995570931514,0.7541165243018173
laplace,41042,cohen_stable,0.913050624225763,3.4541165243018197
laplace,41042,latentcp,0.9561621899974188,4.422614347529666
laplace,41042,latentcp_tuned,0.9376723806890916,3.9384917216135147
laplace,41042,latentcp_multi,0.9483338835182383,4.279828324440708
laplace,41042,latentcp_pac,0.9634627763540293,4.6802329286991915
laplace,41042,noisy_threshold,0.9538890864225231,4.351118815175233
laplace,41042,simple_shrink,0.9517168361666399,4.286017946091625
laplace,41043,cohen,0.44999243874291134,0.845449752450107
laplace,41043,cohen_stable,0.9609300877055067,4.5854497524500974
laplace,41043,latentcp,0.9881688015200083,6.274887217543911
laplace,41043,latentcp_tuned,0.9995732385010544,11.054299976081616
laplace,41043,latentcp_multi,0.9860356348983356,6.065720562868333
laplace,41043,latentcp_pac,0.9992758834998853,10.225553564384962
laplace,41043,noisy_threshold,0.9858943385780381,6.026217194165285
laplace,41043,simple_shrink,0.9853341632151611,5.9711413191367075
laplace,41044,cohen,0.4048294540517776,0.7338457167545078
laplace,41044,cohen_stable,0.9632974117005109,4.673845716754497
laplace,41044,latentcp,0.9862864388119058,6.066085482162847
laplace,41044,latentcp_tuned,0.9983179884360419,9.121474095156712
laplace,41044,latentcp_multi,0.9983179884360419,9.121474095156712
laplace,41044,latentcp_pac,0.9960824645667288,7.83798527535213
laplace,41044,noisy_threshold,0.9836809411692102,5.820085042722019
laplace,41044,simple_shrink,0.9829948873118945,5.761847209194042
laplace,41045,cohen,0.47492960959577873,0.9110688308441586
laplace,41045,cohen_stable,0.9396726491720377,3.9710688308441613
laplace,41045,latentcp,0.9893115716067036,6.418540596953542
laplace,41045,latentcp_tuned,0.9681293853901378,4.958793304036483
laplace,41045,latentcp_multi,0.9863227386450518,6.154777273806458
laplace,41045,latentcp_pac,0.9936816100512716,7.161988815510186
laplace,41045,noisy_threshold,0.987996082284732,6.2543908839093
laplace,41045,simple_shrink,0.9873613991444787,6.181526898759985
laplace,41046,cohen,0.45087840675652835,0.8477296451213521
laplace,41046,cohen_stable,0.8587297279840398,2.7677296451213538
laplace,41046,latentcp,0.9751497825244926,5.225362412337438
laplace,41046,latentcp_tuned,0.985123617178351,5.95169104717533
laplace,41046,latentcp_multi,0.9773027366556135,5.3542218038933616
laplace,41046,latentcp_pac,0.9910818677791196,6.6746195533747334
laplace,41046,noisy_threshold,0.9591631819617583,4.522897088086213
laplace,41046,simple_shrink,0.956886443048117,4.446171170369488
laplace,41047,cohen,0.4596501989651531,0.8705029930776029
laplace,41047,cohen_stable,0.962155138455254,4.6305029930775925
laplace,41047,latentcp,0.9918309935619046,6.798741138870872
laplace,41047,latentcp_tuned,0.9880362709679735,6.281130048640802
laplace,41047,latentcp_multi,0.995036623781337,7.533172594523754
laplace,41047,latentcp_pac,0.995452540648852,7.6271256153321625
laplace,41047,noisy_threshold,0.9914541762271256,6.734927014825935
laplace,41047,simple_shrink,0.9910403198183546,6.668046286776052
laplace,41048,cohen,0.4658445106749696,0.8868084999024397
laplace,41048,cohen_stable,0.8737594591400824,2.9268084999024415
laplace,41048,latentcp,0.983266059889985,5.784580759808657
laplace,41048,latentcp_tuned,0.9846940151460609,5.911353402948914
laplace,41048,latentcp_multi,0.9912007523324317,6.708540989743592
laplace,41048,latentcp_pac,0.9992392491581777,10.155757028052927
laplace,41048,noisy_threshold,0.9795684584775664,5.502245944533037
laplace,41048,simple_shrink,0.9786774190763277,5.441877709186668
laplace,41049,cohen,0.4676398735782481,0.8915698534692944
laplace,41049,cohen_stable,0.8687309855546812,2.871569853469296
laplace,41049,latentcp,0.9499376061948263,4.234848778498506
laplace,41049,latentcp_tuned,0.9617074535743713,4.625786007101931
laplace,41049,latentcp_multi,0.9495479065351741,4.224497676975226
laplace,41049,latentcp_pac,0.9872711958989501,6.1714693349810545
laplace,41049,noisy_threshold,0.9448716571648819,4.0985200300169025
laplace,41049,simple_shrink,0.9414521619129739,4.013412385999454
laplace,41050,cohen,0.3993698692243353,0.7209320720191639
laplace,41050,cohen_stable,0.8293987006179537,2.5009320720191655
laplace,41050,latentcp,0.9468574058694077,4.15047011003318
laplace,41050,latentcp_tuned,0.9661753137775733,4.8194658066806655
laplace,41050,latentcp_multi,0.967409004941911,4.872033418725918
laplace,41050,latentcp_pac,0.991780893988575,6.790054872354142
laplace,41050,noisy_threshold,0.9438759718975283,4.073205527595631
laplace,41050,simple_shrink,0.9417075265269708,4.0195941681373855
laplace,41051,cohen,0.45259144608402635,0.8521483205712874
laplace,41051,cohen_stable,0.9052188447150493,3.3321483205712896
laplace,41051,latentcp,0.9757958586112733,5.26261615319457
laplace,41051,latentcp_tuned,0.9779106774416888,5.392639626151779
laplace,41051,latentcp_multi,0.9644432766257097,4.731504953071385
laplace,41051,latentcp_pac,0.9852963192014179,5.967496757273105
laplace,41051,noisy_threshold,0.9731350993120491,5.115118038390796
laplace,41051,simple_shrink,0.9718667417084623,5.049877795574775
laplace,41052,cohen,0.40009586503740624,0.7226424992506502
laplace,41052,cohen_stable,0.9123423030109317,3.4426424992506526
laplace,41052,latentcp,0.9793985690960101,5.490535789291445
laplace,41052,latentcp_tuned,0.9812894080779949,5.640560063381365
laplace,41052,latentcp_multi,0.981171154169912,5.618549540843447
laplace,41052,latentcp_pac,0.9935469908792786,7.132174180267751
laplace,41052,noisy_threshold,0.9715291114956799,5.033006703409196
laplace,41052,simple_shrink,0.9701337621080042,4.965341441324583
laplace,41053,cohen,0.5080739230292619,1.003281035782933
laplace,41053,cohen_stable,0.8602746954723359,2.7832810357829345
laplace,41053,latentcp,0.9709479324425746,5.004430702608751
laplace,41053,latentcp_tuned,0.9734170172160637,5.130712539731501
laplace,41053,latentcp_multi,0.9594856924644791,4.5598839839440695
laplace,41053,latentcp_pac,0.9966587507496143,8.06301207478527
laplace,41053,noisy_threshold,0.9699984044992622,4.958946525010289
laplace,41053,simple_shrink,0.9686668537228043,4.89753294327575
laplace,41054,cohen,0.38818179777135237,0.6948315429204888
laplace,41054,cohen_stable,0.6425362245816479,1.4548315429204894
laplace,41054,latentcp,0.9716239781697485,5.037726895960157
laplace,41054,latentcp_tuned,0.9793315704784792,5.554836119969073
laplace,41054,latentcp_multi,0.9730372349652302,5.110567515953667
laplace,41054,latentcp_pac,0.9890787677872414,6.388068386985167
laplace,41054,noisy_threshold,0.9705186790680362,4.983686338036004
laplace,41054,simple_shrink,0.9687547019692246,4.901503520189336
laplace,41055,cohen,0.4385246578190811,0.8162662773391074
laplace,41055,cohen_stable,0.8615517745499848,2.796266277339109
laplace,41055,latentcp,0.960050076286526,4.554002655956843
laplace,41055,latentcp_tuned,0.9412380451216955,4.026409901990329
laplace,41055,latentcp_multi,0.9571591841622568,4.587434562226738
laplace,41055,latentcp_pac,0.9831682205687671,5.776338147928374
laplace,41055,noisy_threshold,0.9532079051749531,4.330379916853056
laplace,41055,simple_shrink,0.9507733851513125,4.258650786071641
laplace,41056,cohen,0.4226029749679805,0.7767216758929214
laplace,41056,cohen_stable,0.9277858378608601,3.716721675892924
laplace,41056,latentcp,0.9766588413952698,5.3139598642934285
laplace,41056,latentcp_tuned,0.9875917847321269,6.220527246418485
laplace,41056,latentcp_multi,0.9888078709740449,6.36639943445635
laplace,41056,latentcp_pac,0.9923599474308485,6.893373002145331
laplace,41056,noisy_threshold,0.9719154022507415,5.052326000500258
laplace,41056,simple_shrink,0.970648858811832,4.9899448644702495
laplace,41057,cohen,0.399229091094878,0.720600641740182
laplace,41057,cohen_stable,0.8749846381631534,2.940600641740184
laplace,41057,latentcp,0.947908219558061,4.178694355682618
laplace,41057,latentcp_tuned,0.956871667946873,4.45924897489338
laplace,41057,latentcp_multi,0.9510640434959376,4.267661251357677
laplace,41057,latentcp_pac,0.982127104618226,5.691460538491777
laplace,41057,noisy_threshold,0.9466077089574056,4.143771469732913
laplace,41057,simple_shrink,0.9443959451093968,4.086368887382272
laplace,41058,cohen,0.3776478927899263,0.6706897321119958
laplace,41058,cohen_stable,0.6887671406905551,1.6506897321119967
laplace,41058,latentcp,0.9808749327739902,5.595697575774329
laplace,41058,latentcp_tuned,0.9825338492721116,5.724792948975141
laplace,41058,latentcp_multi,0.9482951482511183,4.204307969523932
laplace,41058,latentcp_pac,0.9889297083016569,6.368896923700641
laplace,41058,noisy_threshold,0.9647995124428876,4.732941946623421
laplace,41058,simple_shrink,0.963054101041042,4.66450147903422
laplace,41059,cohen,0.5326865850491878,1.075870211636293
laplace,41059,cohen_stable,0.8055475329224469,2.315870211636294
laplace,41059,latentcp,0.9574954084652748,4.466321209101099
laplace,41059,latentcp_tuned,0.9641058368383404,4.717899438763385
laplace,41059,latentcp_multi,0.9869602624852383,6.161743117739376
laplace,41059,latentcp_pac,0.9881274198950649,6.269949555412378
laplace,41059,noisy_threshold,0.9489115072258187,4.206148316764786
laplace,41059,simple_shrink,0.9467639059581408,4.1479147581203355
laplace,41060,cohen,0.42753048058925214,0.7888423658433035
laplace,41060,cohen_stable,0.8858222971453975,3.0688423658433055
laplace,41060,latentcp,0.9825063674451002,5.7217927272669575
laplace,41060,latentcp_tuned,0.9775649449494904,5.383132450274197
laplace,41060,latentcp_multi,0.9895407635361438,6.476593081665852
laplace,41060,latentcp_pac,0.9941121190856037,7.2617874128539
laplace,41060,noisy_threshold,0.9820746122198323,5.687312533617662
laplace,41060,simple_shrink,0.9811504238572795,5.616216612255269
laplace,41061,cohen,0.5028059324104641,0.9882168714070296
laplace,41061,cohen_stable,0.848430989583612,2.668216871407031
laplace,41061,latentcp,0.9640691500107255,4.70390017123697
laplace,41061,latentcp_tuned,0.9517801184027668,4.288543350800109
laplace,41061,latentcp_multi,0.9501636175218704,4.2419070778217245
laplace,41061,latentcp_pac,0.9904937723743729,6.584307037700546
laplace,41061,noisy_threshold,0.9472468968266767,4.160803938959495
laplace,41061,simple_shrink,0.9447422158484067,4.09520334966599
laplace,41062,cohen,0.38050594040165514,0.6771992289219226
laplace,41062,cohen_stable,0.9572213357650634,4.457199228921916
laplace,41062,latentcp,0.9784153828275746,5.4246046956755025
laplace,41062,latentcp_tuned,0.98659349491111,6.1922672947983015
laplace,41062,latentcp_multi,0.9761990226617401,5.381325115902516
laplace,41062,latentcp_pac,0.9934027849049727,7.100918571919092
laplace,41062,noisy_threshold,0.9751278556882246,5.224114521806294
laplace,41062,simple_shrink,0.9740312212535376,5.163096122253431
laplace,41063,cohen,0.4728620942775128,0.9055111632657948
laplace,41063,cohen_stable,0.9292410566416103,3.7455111632657974
laplace,41063,latentcp,0.9886641055759009,6.3353671745598215
laplace,41063,latentcp_tuned,0.9839999520853249,5.848708264512288
laplace,41063,latentcp_multi,0.975105053618273,5.249646628925186
laplace,41063,latentcp_pac,0.9965133545790116,8.002773206252138
laplace,41063,noisy_threshold,0.987604711211808,6.209018116944255
laplace,41063,simple_shrink,0.9870558037075985,6.147738742861236
laplace,41064,cohen,0.5023276055106345,0.9868569774576499
laplace,41064,cohen_stable,0.777741684757663,2.126856977457651
laplace,41064,latentcp,0.9628637223151111,4.657233071152516
laplace,41064,latentcp_tuned,0.9420185171245191,4.04012196954273
laplace,41064,latentcp_multi,0.9545725504988473,4.372932797153448
laplace,41064,latentcp_pac,0.991294484139609,6.7087441013061015
laplace,41064,noisy_threshold,0.9602793112590722,4.562087630725098
laplace,41064,simple_shrink,0.9585298799349093,4.501133625333895
laplace,41065,cohen,0.5184982490868424,1.0335714927695991
laplace,41065,cohen_stable,0.944678417251344,4.0935714927696
laplace,41065,latentcp,0.9807393932745854,5.585709968962813
laplace,41065,latentcp_tuned,0.9588666775868302,4.594065920004287
laplace,41065,latentcp_multi,0.9810974150909901,5.692702919405779
laplace,41065,latentcp_pac,0.9897076833752584,6.471947014484499
laplace,41065,noisy_threshold,0.9735182412272334,5.135432480387766
laplace,41065,simple_shrink,0.972517562667266,5.082977870390961
laplace,41066,cohen,0.45380342729938783,0.8552829089745502
laplace,41066,cohen_stable,0.8404091847264041,2.5952829089745517
laplace,41066,latentcp,0.9788299275994135,5.452029586215508
laplace,41066,latentcp_tuned,0.982924863538353,5.865772625752132
laplace,41066,latentcp_multi,0.982924863538353,5.865772625752132
laplace,41066,latentcp_pac,0.9925593674218771,6.930776993441574
laplace,41066,noisy_threshold,0.9785770549907356,5.43523670951494
laplace,41066,simple_shrink,0.977497685089882,5.365720130421091
laplace,41067,cohen,0.4388305339737604,0.8170369114949785
laplace,41067,cohen_stable,0.8163936205376732,2.39703691149498
laplace,41067,latentcp,0.9787064860990217,5.443806906891416
laplace,41067,latentcp_tuned,0.9572756077497832,4.531746504761316
laplace,41067,latentcp_multi,0.9587601706140737,4.581694525597033
laplace,41067,latentcp_pac,0.9837392776386956,5.825149556499554
laplace,41067,noisy_threshold,0.9781557685705524,5.407695841476509
laplace,41067,simple_shrink,0.977208244301548,5.3476455058737695
laplace,41068,cohen,0.39012635251273253,0.6993335259877362
laplace,41068,cohen_stable,0.9479335804839222,4.179333525987736
laplace,41068,latentcp,0.9874530329193495,6.191817742693065
laplace,41068,latentcp_tuned,0.9842833019368507,5.905228310438443
laplace,41068,latentcp_multi,0.9885535076006866,6.322483686001585
laplace,41068,latentcp_pac,0.996256317521808,7.902180661828104
laplace,41068,noisy_threshold,0.9831033438620262,5.77089577820372
laplace,41068,simple_shrink,0.9824460535813742,5.716925073759757
laplace,41069,cohen,0.46850004070482937,0.8938567336666594
laplace,41069,cohen_stable,0.8447033246612969,2.633856733666661
laplace,41069,latentcp,0.9777376237133089,5.380880713483301
laplace,41069,latentcp_tuned,0.9877969356754304,6.323190587864344
laplace,41069,latentcp_multi,0.9875988630975192,6.2091145308498925
laplace,41069,latentcp_pac,0.9923678810736153,6.894842323844922
laplace,41069,noisy_threshold,0.9712333577130148,5.018391721691989
laplace,41069,simple_shrink,0.9702600496335447,4.9713340338332275
laplace,41070,cohen,0.45726500268722314,0.8642741504543774
laplace,41070,cohen_stable,0.864266707563417,2.824274150454379
laplace,41070,latentcp,0.9756003735436546,5.251246220822387
laplace,41070,latentcp_tuned,0.9613207503432091,4.714423195590279
laplace,41070,latentcp_multi,0.9613207503432091,4.714423195590279
laplace,41070,latentcp_pac,0.9786240184729192,5.438344018157992
laplace,41070,noisy_threshold,0.9755069766421547,5.245837066734644
laplace,41070,simple_shrink,0.9741406178743199,5.169066251694466
laplace,41071,cohen,0.45906924296857815,0.8689833210139053
laplace,41071,cohen_stable,0.7717090283166836,2.0889833210139064
laplace,41071,latentcp,0.9620490498783049,4.626544731728394
laplace,41071,latentcp_tuned,0.9595279686010997,4.563893886921645
laplace,41071,latentcp_multi,0.9990192114364156,9.881758801787166
laplace,41071,latentcp_pac,0.9815325643319158,5.645181806273506
laplace,41071,noisy_threshold,0.9540651028117026,4.356527536465814
laplace,41071,simple_shrink,0.9522905054183721,4.302921332414238
laplace,41072,cohen,0.4345710979092035,0.8063431609566232
laplace,41072,cohen_stable,0.9312548386318396,3.786343160956626
laplace,41072,latentcp,0.9878864257966348,6.241537121355503
laplace,41072,latentcp_tuned,0.9836021847595805,5.936456690100399
laplace,41072,latentcp_multi,0.9885556486495699,6.3367200296094595
laplace,41072,latentcp_pac,0.9922076647123313,6.865463363274699
laplace,41072,noisy_threshold,0.9874951610623282,6.196574140071587
laplace,41072,simple_shrink,0.9869340194629486,6.134495450422893
laplace,41073,cohen,0.4182939110298749,0.7662067102049885
laplace,41073,cohen_stable,0.9230127422639713,3.626206710204991
laplace,41073,latentcp,0.9800197558177112,5.5338336289944765
laplace,41073,latentcp_tuned,0.9796088804671177,5.585605279497579
laplace,41073,latentcp_multi,0.9796088804671177,5.585605279497579
laplace,41073,latentcp_pac,0.9886037830112829,6.327861563205751
laplace,41073,noisy_threshold,0.9768274490614539,5.324212622691333
laplace,41073,simple_shrink,0.9756620799255646,5.254821120256075
laplace,41074,cohen,0.39525862458427957,0.7112849210045336
laplace,41074,cohen_stable,0.9388227788415784,3.9512849210045364
laplace,41074,latentcp,0.9675430793662413,4.847702664637577
laplace,41074,latentcp_tuned,0.9702791530094893,4.972934024706112
laplace,41074,latentcp_multi,0.9620898589252397,4.628741120757447
laplace,41074,latentcp_pac,0.993383895926649,7.096875217138245
laplace,41074,noisy_threshold,0.965118694500616,4.745823886319695
laplace,41074,simple_shrink,0.9634052120530288,4.678005560893181
laplace,41075,cohen,0.367352652385011,0.6474865423963254
laplace,41075,cohen_stable,0.7959138304878106,2.247486542396327
laplace,41075,latentcp,0.9727280388629618,5.093850522165846
laplace,41075,latentcp_tuned,0.9566836086719346,4.516177784394209
laplace,41075,latentcp_multi,0.9677051266880199,4.866182128630238
laplace,41075,latentcp_pac,0.9776959841205342,5.378237993002513
laplace,41075,noisy_threshold,0.9681758030782512,4.875541376179207
laplace,41075,simple_shrink,0.9664989888336535,4.802923330529657
laplace,41076,cohen,0.4604845359152839,0.8726883228652467
laplace,41076,cohen_stable,0.9104658404146095,3.412688322865249
laplace,41076,latentcp,0.9801239737575975,5.541229675887503
laplace,41076,latentcp_tuned,0.9706514195842143,5.0889765814561905
laplace,41076,latentcp_multi,0.9841144329030428,5.872603603319885
laplace,41076,latentcp_pac,0.9893311301893223,6.42113081808455
laplace,41076,noisy_threshold,0.979616103478073,5.50554764799279
laplace,41076,simple_shrink,0.9787541751665914,5.446977717963414
laplace,41077,cohen,0.4238769832683069,0.7798455410781884
laplace,41077,cohen_stable,0.9573013094349208,4.459845541078182
laplace,41077,latentcp,0.9875909304812299,6.207446727923624
laplace,41077,latentcp_tuned,0.9775122436598471,5.3961481684014085
laplace,41077,latentcp_multi,0.9714826512504974,5.06015192590134
laplace,41077,latentcp_pac,0.9978256009735577,8.670547540239655
laplace,41077,noisy_threshold,0.9820202535212721,5.683030423604292
laplace,41077,simple_shrink,0.9811739298322468,5.617981278620117
laplace,41078,cohen,0.45312023682174946,0.8535150958159301
laplace,41078,cohen_stable,0.8260590312903449,2.4735150958159315
laplace,41078,latentcp,0.9903374666094593,6.561243338387722
laplace,41078,latentcp_tuned,0.9831064410275799,5.801603968642046
laplace,41078,latentcp_multi,0.9767022414385746,5.335279363318639
laplace,41078,latentcp_pac,0.9966943397783788,8.078156249067641
laplace,41078,noisy_threshold,0.9852136339417865,5.959566287853207
laplace,41078,simple_shrink,0.9845913252161624,5.901265185862312
laplace,41079,cohen,0.41942730278293977,0.7689648410695851
laplace,41079,cohen_stable,0.8757218445679333,2.948964841069587
laplace,41079,latentcp,0.9756863023773747,5.256229365913996
laplace,41079,latentcp_tuned,0.9815716382951248,5.6488419508211845
laplace,41079,latentcp_multi,0.9587160271342191,4.519216669318432
laplace,41079,latentcp_pac,0.9911064484908739,6.678522876705706
laplace,41079,noisy_threshold,0.9714933140539981,5.0312296802672325
laplace,41079,simple_shrink,0.9700208414533984,4.960004552600022
laplace,41080,cohen,0.43500868995229935,0.8074380611121565
laplace,41080,cohen_stable,0.9088528844876553,3.387438061112159
laplace,41080,latentcp,0.9811432588736237,5.615679243370587
laplace,41080,latentcp_tuned,0.96676970497111,4.815118111343237
laplace,41080,latentcp_multi,0.9952646622639224,7.659283701134934
laplace,41080,latentcp_pac,0.992041581435297,6.835636569495377
laplace,41080,noisy_threshold,0.9783021436169994,5.417204175415988
laplace,41080,simple_shrink,0.9773006230530232,5.353389195036657
laplace,41081,cohen,0.43451350839629294,0.8061991291913237
laplace,41081,cohen_stable,0.9048192877214982,3.326199129191326
laplace,41081,latentcp,0.9807442491175743,5.586066657482609
laplace,41081,latentcp_tuned,0.9864547935316084,6.165627902694566
laplace,41081,latentcp_multi,0.9884667352361501,6.323256789450747
laplace,41081,latentcp_pac,0.9922085103576158,6.865615409445477
laplace,41081,noisy_threshold,0.967931429637138,4.864723315399811
laplace,41081,simple_shrink,0.9667397740120063,4.813124553750614
laplace,41082,cohen,0.43163551127943117,0.7990198589580522
laplace,41082,cohen_stable,0.9318683014935025,3.799019858958055
laplace,41082,latentcp,0.984303764314475,5.8751160258325035
laplace,41082,latentcp_tuned,0.9956438823543877,7.700600742807934
laplace,41082,latentcp_multi,0.9858080973823394,6.0444628382241055
laplace,41082,latentcp_pac,0.9983183621748598,9.033977942954095
laplace,41082,noisy_threshold,0.9768342816267912,5.324629673512575
laplace,41082,simple_shrink,0.9756958993001021,5.256787643237126
laplace,41083,cohen,0.42653720242229104,0.7863907240039123
laplace,41083,cohen_stable,0.9459474665020806,4.126390724003913
laplace,41083,latentcp,0.9816458896935137,5.653887462015621
laplace,41083,latentcp_tuned,0.9801044503385009,5.552705369472301
laplace,41083,latentcp_multi,0.983221722209733,5.781545850206083
laplace,41083,latentcp_pac,0.9927141547044513,6.960507167002273
laplace,41083,noisy_threshold,0.9814414171424826,5.6382190289688
laplace,41083,simple_shrink,0.980645940013755,5.57886470341152
laplace,41084,cohen,0.3969691012150398,0.7152906113457669
laplace,41084,cohen_stable,0.8311220556785079,2.5152906113457685
laplace,41084,latentcp,0.9757080575338892,5.257500118610347
laplace,41084,latentcp_tuned,0.9756134862971788,5.264345321642088
laplace,41084,latentcp_multi,0.9756134862971788,5.264345321642088
laplace,41084,latentcp_pac,0.9915634518067351,6.753127247186464
laplace,41084,noisy_threshold,0.9725556914216598,5.084941293104139
laplace,41084,simple_shrink,0.9712754998104811,5.0204650127726955
laplace,41085,cohen,0.5070178977035367,1.0002483755987854
laplace,41085,cohen_stable,0.8676758946496914,2.860248375598787
laplace,41085,latentcp,0.9556871416072272,4.407390517824021
laplace,41085,latentcp_tuned,0.9516278281932972,4.298426660174479
laplace,41085,latentcp_multi,0.8927334340490948,3.2947064588630837
laplace,41085,latentcp_pac,0.9702634105011879,4.9714975701679816
laplace,41085,noisy_threshold,0.9521206683429255,4.2978959302268995
laplace,41085,simple_shrink,0.949808595552653,4.231201810953175
laplace,41086,cohen,0.3773874560866741,0.6700980476446188
laplace,41086,cohen_stable,0.8528538115575548,2.7100980476446206
laplace,41086,latentcp,0.982348427074211,5.709081718815829
laplace,41086,latentcp_tuned,0.9891915821778626,6.493970726789081
laplace,41086,latentcp_multi,0.9891341267579767,6.424952015900823
laplace,41086,latentcp_pac,0.9925054924589912,6.920574070070782
laplace,41086,noisy_threshold,0.981517163511936,5.644002915989856
laplace,41086,simple_shrink,0.9806963057118081,5.5825497541809534
laplace,41087,cohen,0.42699752125604723,0.7875263696900769
laplace,41087,cohen_stable,0.9369002450949506,3.9075263696900797
laplace,41087,latentcp,0.9847478661378074,5.915706135629605
laplace,41087,latentcp_tuned,0.9859497680904872,6.0622435545771785
laplace,41087,latentcp_multi,0.9936084427582208,7.14652118211138
laplace,41087,latentcp_pac,0.9950908590694948,7.51888746827246
laplace,41087,noisy_threshold,0.9818897760963354,5.67280466027304
laplace,41087,simple_shrink,0.9808287450228776,5.592285866287322
laplace,41088,cohen,0.43611251396134776,0.8102037138766303
laplace,41088,cohen_stable,0.9243080752646173,3.650203713876633
laplace,41088,latentcp,0.9870434408179741,6.146388685725919
laplace,41088,latentcp_tuned,0.9881462761193791,6.27282307207633
laplace,41088,latentcp_multi,0.9842675647461802,5.882732165891866
laplace,41088,latentcp_pac,0.9908891179998024,6.644379435726157
laplace,41088,noisy_threshold,0.9743782226922559,5.182120594125639
laplace,41088,simple_shrink,0.973055573563874,5.110937853299377
laplace,41089,cohen,0.44105142367436073,0.8226449212441493
laplace,41089,cohen_stable,0.9110939809944965,3.4226449212441517
laplace,41089,latentcp,0.9698810851122462,4.953442093652172
laplace,41089,latentcp_tuned,0.9966298250017732,8.129969214520033
laplace,41089,latentcp_multi,0.9966298250017732,8.129969214520033
laplace,41089,latentcp_pac,0.9870399822012462,6.146011754480495
laplace,41089,noisy_threshold,0.964471530949029,4.719825983267836
laplace,41089,simple_shrink,0.9627302160877289,4.652157850738838
laplace,41090,cohen,0.4975544705198638,0.973358002328979
laplace,41090,cohen_stable,0.9315949869555085,3.7933580023289815
laplace,41090,latentcp,0.9835487188255057,5.808675341949533
laplace,41090,latentcp_tuned,0.984649747163151,5.920973841247392
laplace,41090,latentcp_multi,0.984649747163151,5.920973841247392
laplace,41090,latentcp_pac,0.9907671517111996,6.625573353929935
laplace,41090,noisy_threshold,0.9829008967159123,5.754052095990514
laplace,41090,simple_shrink,0.9820387564884168,5.6844865409454695
laplace,41091,cohen,0.42393378220881117,0.7799849727438346
laplace,41091,cohen_stable,0.9248297842223463,3.659984972743837
laplace,41091,latentcp,0.9701864159982694,4.967874158383143
laplace,41091,latentcp_tuned,0.9593507853506011,4.545731826019312
laplace,41091,latentcp_multi,0.9593507853506011,4.545731826019312
laplace,41091,latentcp_pac,0.9833527725814188,5.791932522641073
laplace,41091,noisy_threshold,0.9628308085402126,4.655980023101051
laplace,41091,simple_shrink,0.9607007336004783,4.577172094897679
laplace,41092,cohen,0.39915793489331547,0.7204331500975472
laplace,41092,cohen_stable,0.9193475764298311,3.5604331500975497
laplace,41092,latentcp,0.9810801502900509,5.610954820908335
laplace,41092,latentcp_tuned,0.9600407056363173,4.554295519816057
laplace,41092,latentcp_multi,0.9827285373405553,5.740608189162447
laplace,41092,latentcp_pac,0.9979311739818513,8.740934379404461
laplace,41092,noisy_threshold,0.9581386937841101,4.487855925710546
laplace,41092,simple_shrink,0.9564953798388833,4.433401318350562
laplace,41093,cohen,0.4106600570840632,0.7477684039080921
laplace,41093,cohen_stable,0.9403808280846091,3.987768403908095
laplace,41093,latentcp,0.9726506327999158,5.090996678840322
laplace,41093,latentcp_tuned,0.957232927375793,4.542388563326042
laplace,41093,latentcp_multi,0.9898587491064359,6.842577213449982
laplace,41093,latentcp_pac,0.9841299265373968,5.859786514679391
laplace,41093,noisy_threshold,0.9707783096552223,4.99619593451966
laplace,41093,simple_shrink,0.9694770586074533,4.934582433861036
laplace,41094,cohen,0.4545904447652509,0.8573221261214914
laplace,41094,cohen_stable,0.849403714832236,2.677322126121493
laplace,41094,latentcp,0.9792180754759658,5.478199104185205
laplace,41094,latentcp_tuned,0.9437862154947989,4.154499798747384
laplace,41094,latentcp_multi,0.9810173737459522,5.6069543331231015
laplace,41094,latentcp_pac,0.9815295605607193,5.644951831567396
laplace,41094,noisy_threshold,0.9571505712440556,4.454861767824006
laplace,41094,simple_shrink,0.9548296485652341,4.380263959396858
laplace,41095,cohen,0.41172240769118296,0.7503199811378845
laplace,41095,cohen_stable,0.9538630328097479,4.35031998113788
laplace,41095,latentcp,0.9778523388699861,5.3882351374850135
laplace,41095,latentcp_tuned,0.9797830710765636,5.5178756963334346
laplace,41095,latentcp_multi,0.9737784938781539,5.35117669542227
laplace,41095,latentcp_pac,0.9898524740778902,6.491986983268171
laplace,41095,noisy_threshold,0.9749783749563561,5.215640585539266
laplace,41095,simple_shrink,0.9740519100850895,5.164223248309901
laplace,41096,cohen,0.455392248894912,0.8594026847923608
laplace,41096,cohen_stable,0.925854847674692,3.6794026847923633
laplace,41096,latentcp,0.9786774250534407,5.441878546251034
laplace,41096,latentcp_tuned,0.9805607848333162,5.573459270799176
laplace,41096,latentcp_multi,0.9628034795543562,4.655699547755115
laplace,41096,latentcp_pac,0.9983976137081069,9.102248061578239
laplace,41096,noisy_threshold,0.972729203705424,5.093910817994091
laplace,41096,simple_shrink,0.9714846116779683,5.030798022230942
laplace,41097,cohen,0.46258998417611963,0.8782180597589275
laplace,41097,cohen_stable,0.9133024315265048,3.45821805975893
laplace,41097,latentcp,0.9701538119684744,4.9663142948805294
laplace,41097,latentcp_tuned,0.93938798506634,3.9837841889861365
laplace,41097,latentcp_multi,0.9867582818463876,6.118498197643773
laplace,41097,latentcp_pac,0.9855115185993152,5.988349310382006
laplace,41097,noisy_threshold,0.9599493547993527,4.5503884014794
laplace,41097,simple_shrink,0.9580047127761486,4.483336831575691
laplace,41098,cohen,0.41638601187825547,0.7615759150788222
laplace,41098,cohen_stable,0.9159201279678368,3.5015759150788246
laplace,41098,latentcp,0.9672366311317596,4.834520004577226
laplace,41098,latentcp_tuned,0.9432928755896942,4.0891859094764875
laplace,41098,latentcp_multi,0.9089912249546689,3.5323337746333916
laplace,41098,latentcp_pac,0.9844057423725339,5.884343275843078
laplace,41098,noisy_threshold,0.9657245070110019,4.770601499021239
laplace,41098,simple_shrink,0.9641653813576418,4.707691879366285
laplace,41099,cohen,0.38661698991415605,0.691219117997659
laplace,41099,cohen_stable,0.963229181162526,4.671219117997648
laplace,41099,latentcp,0.9873986648056721,6.185702976046603
laplace,41099,latentcp_tuned,0.9826447193241874,5.831587607151203
laplace,41099,latentcp_multi,0.9664444333755466,4.9013240993030704
laplace,41099,latentcp_pac,0.995010316330492,7.495873190864877
laplace,41099,noisy_threshold,0.9836750520329087,5.819574780818802
laplace,41099,simple_shrink,0.9828823395203408,5.752518120398244
laplace,41100,cohen,0.4114652265513508,0.7497018553052359
laplace,41100,cohen_stable,0.9263928567141719,3.6897018553052385
laplace,41100,latentcp,0.9729089435306608,5.10326272987334
laplace,41100,latentcp_tuned,0.9848809882204519,6.006932993211019
laplace,41100,latentcp_multi,0.9699028086842012,4.966355304189254
laplace,41100,latentcp_pac,0.9889969619628856,6.377514654434135
laplace,41100,noisy_threshold,0.9672409871550647,4.834598174342605
laplace,41100,simple_shrink,0.965689944421162,4.769176158305575
laplace,41101,cohen,0.41762904944271817,0.7645912563407316
laplace,41101,cohen_stable,0.8753369080919442,2.9445912563407335
laplace,41101,latentcp,0.9839767447888389,5.845954632163716
laplace,41101,latentcp_tuned,0.9608301086234357,4.607585744682643
laplace,41101,latentcp_multi,0.9617986415380128,4.734116137409767
laplace,41101,latentcp_pac,0.9983702359080817,9.07828941019397
laplace,41101,noisy_threshold,0.9736537038614923,5.142685199223058
laplace,41101,simple_shrink,0.9725427242828937,5.0842732503114005
laplace,41102,cohen,0.4805350685657385,0.9262476228554561
laplace,41102,cohen_stable,0.8042199283577409,2.3062476228554574
laplace,41102,latentcp,0.9726291430485259,5.088731365413322
laplace,41102,latentcp_tuned,0.9825482751153782,5.807306254860446
laplace,41102,latentcp_multi,0.9510958858649414,4.268639562411516
laplace,41102,latentcp_pac,0.9874165633552492,6.1877130841364805
laplace,41102,noisy_threshold,0.9685301345024686,4.891375579938876
laplace,41102,simple_shrink,0.9673451861634164,4.8391036369614175
laplace,41103,cohen,0.4719517823722729,0.9030710709763481
laplace,41103,cohen_stable,0.8521208487404586,2.7030710709763497
laplace,41103,latentcp,0.9689273952988661,4.9093841386185515
laplace,41103,latentcp_tuned,0.9595182516493075,4.562980978956942
laplace,41103,latentcp_multi,0.9715499168333789,5.034732953608329
laplace,41103,latentcp_pac,0.9947071223281406,7.412449393461365
laplace,41103,noisy_threshold,0.9499704447236621,4.235769508015956
laplace,41103,simple_shrink,0.9477026422478403,4.173074716137138
laplace,41104,cohen,0.4054083782431848,0.7352219960310107
laplace,41104,cohen_stable,0.8574747578502999,2.7552219960310125
laplace,41104,latentcp,0.969588216540258,4.939839072615765
laplace,41104,latentcp_tuned,0.9809872282987564,5.61982838620176
laplace,41104,latentcp_multi,0.9364858901871345,3.956445663185483
laplace,41104,latentcp_pac,0.9884938394793263,6.314287137128085
laplace,41104,noisy_threshold,0.9686557167413772,4.897030367772563
laplace,41104,simple_shrink,0.9672162781277776,4.83353188245507
laplace,41105,cohen,0.41629203172048346,0.7613482006710299
laplace,41105,cohen_stable,0.9669326208645326,4.821348200671015
laplace,41105,latentcp,0.9902108741239981,6.542835168299629
laplace,41105,latentcp_tuned,0.9939631561277266,7.227178176806688
laplace,41105,latentcp_multi,0.989670178435091,6.46752751597796
laplace,41105,latentcp_pac,0.9968124904932307,8.129628422373788
laplace,41105,noisy_threshold,0.9886975207044955,6.339542046430351
laplace,41105,simple_shrink,0.9880910415230804,6.265622769824651
laplace,41106,cohen,0.5005545429219229,0.9818274981462358
laplace,41106,cohen_stable,0.9171155745570898,3.521827498146238
laplace,41106,latentcp,0.975444959302218,5.242260753084723
laplace,41106,latentcp_tuned,0.9914544768918546,6.807617119354529
laplace,41106,latentcp_multi,0.9717206446990356,5.053627139645007
laplace,41106,latentcp_pac,0.9948498614991997,7.451111786069623
laplace,41106,noisy_threshold,0.9752336941573796,5.230145267119996
laplace,41106,simple_shrink,0.9742542428343319,5.175293934493299
laplace,41107,cohen,0.4130815872820277,0.7535912159955545
laplace,41107,cohen_stable,0.9406257964206366,3.9935912159955573
laplace,41107,latentcp,0.9799491830939382,5.528847904155836
laplace,41107,latentcp_tuned,0.9674198000195571,4.937095139724811
laplace,41107,latentcp_multi,0.9674198000195571,4.937095139724811
laplace,41107,latentcp_pac,0.9878363957808796,6.235701885924503
laplace,41107,noisy_threshold,0.9696159534992006,4.941032510837413
laplace,41107,simple_shrink,0.9685292541909527,4.891336020472925
laplace,41108,cohen,0.4747131070395461,0.9104858275927925
laplace,41108,cohen_stable,0.9294895223765964,3.750485827592795
laplace,41108,latentcp,0.9832708933206873,5.784989302254972
laplace,41108,latentcp_tuned,0.9903246960410305,6.571051087712598
laplace,41108,latentcp_multi,0.9828580539740281,5.762196347267179
laplace,41108,latentcp_pac,0.9932984742088254,7.078732917947504
laplace,41108,noisy_threshold,0.9827018131840959,5.737681633447758
laplace,41108,simple_shrink,0.9818507181223617,5.6697579371208
laplace,41109,cohen,0.3649163678317182,0.6420509555824649
laplace,41109,cohen_stable,0.8221457333464901,2.4420509555824665
laplace,41109,latentcp,0.9703177429444604,4.974081273864043
laplace,41109,latentcp_tuned,0.9728388251281135,5.100295102521772
laplace,41109,latentcp_multi,0.9925870767901042,6.948592930097528
laplace,41109,latentcp_pac,0.9948960227508175,7.4638446848940125
laplace,41109,noisy_threshold,0.9666909750452277,4.811051158841334
laplace,41109,simple_shrink,0.9652308510924008,4.750378444122852
laplace,41110,cohen,0.4292654622447584,0.7931349266614549
laplace,41110,cohen_stable,0.9462046224258265,4.133134926661455
laplace,41110,latentcp,0.9858081725538461,6.017604623271277
laplace,41110,latentcp_tuned,0.9707340483410912,4.994873713531221
laplace,41110,latentcp_multi,0.9720816220325703,5.092334064675941
laplace,41110,latentcp_pac,0.9966798145767367,8.071955748546968
laplace,41110,noisy_threshold,0.9833824703857699,5.794453184374346
laplace,41110,simple_shrink,0.9825304397103982,5.72373993899131
laplace,41111,cohen,0.38193305894026747,0.680460888405328
laplace,41111,cohen_stable,0.789013434031175,2.2004608884053294
laplace,41111,latentcp,0.9741169827848961,5.1682056494584865
laplace,41111,latentcp_tuned,0.9267980817361534,3.857248103952071
laplace,41111,latentcp_multi,0.9619109509512467,4.67713068587214
laplace,41111,latentcp_pac,0.9884258123639611,6.305986777403819
laplace,41111,noisy_threshold,0.971732947981595,5.043168142490113
laplace,41111,simple_shrink,0.9702410917798585,4.9704328247902065
laplace,41112,cohen,0.42472491042529836,0.7819284875335168
laplace,41112,cohen_stable,0.9227794908375673,3.6219284875335194
laplace,41112,latentcp,0.9717461289035563,5.043827860720438
laplace,41112,latentcp_tuned,0.9667969815643519,4.843758778426179
laplace,41112,latentcp_multi,0.9895464689339667,6.463152150572127
laplace,41112,latentcp_pac,0.9951327765863555,7.531014815724763
laplace,41112,noisy_threshold,0.970543398615271,4.9848726275973165
laplace,41112,simple_shrink,0.9691864050472525,4.921179352826456
laplace,41113,cohen,0.5154815805653459,1.0247389082439162
laplace,41113,cohen_stable,0.8662167294982392,2.844738908243918
laplace,41113,latentcp,0.9714213483787377,5.027664019007392
laplace,41113,latentcp_tuned,0.9738217713448577,5.152406431678961
laplace,41113,latentcp_multi,0.982392655600759,5.738267978902534
laplace,41113,latentcp_pac,0.9902322392483043,6.545925111610688
laplace,41113,noisy_threshold,0.9698253022089642,4.950810288347692
laplace,41113,simple_shrink,0.96839490606182,4.885311614475991
laplace,41114,cohen,0.4666440466517132,0.8889269124798496
laplace,41114,cohen_stable,0.9175306153879645,3.528926912479852
laplace,41114,latentcp,0.9843973355162942,5.8835718934740635
laplace,41114,latentcp_tuned,0.9857124788441561,6.008765969130698
laplace,41114,latentcp_multi,0.9880205785006377,6.282390549835315
laplace,41114,latentcp_pac,0.9966266072377721,8.049472071437114
laplace,41114,noisy_threshold,0.980967995195587,5.602595476308515
laplace,41114,simple_shrink,0.980121995676418,5.541088804657901
laplace,41115,cohen,0.44572498861554527,0.8345193691599238
laplace,41115,cohen_stable,0.8671387599077085,2.8545193691599255
laplace,41115,latentcp,0.9482160099348256,4.187037206645348
laplace,41115,latentcp_tuned,0.9489473371455788,4.220419459013433
laplace,41115,latentcp_multi,0.947869880080297,4.178258192551677
laplace,41115,latentcp_pac,0.9788042748454927,5.450316595636528
laplace,41115,noisy_threshold,0.9462380397444308,4.134013699373066
laplace,41115,simple_shrink,0.94406173725914,4.077894208015678
laplace,41116,cohen,0.492346744788096,0.9587754650046612
laplace,41116,cohen_stable,0.9278906346345399,3.7187754650046636
laplace,41116,latentcp,0.9764158299572765,5.299312152226636
laplace,41116,latentcp_tuned,0.9778356870113626,5.399795108122601
laplace,41116,latentcp_multi,0.9277650675779425,3.802667516029181
laplace,41116,latentcp_pac,0.9881921760986705,6.277683997481758
laplace,41116,noisy_threshold,0.9732637115566494,5.121904661322244
laplace,41116,simple_shrink,0.9724161916158764,5.077771033578853
laplace,41117,cohen,0.4307950510649705,0.7969301571590282
laplace,41117,cohen_stable,0.9485774133623486,4.196930157159027
laplace,41117,latentcp,0.9868866831196723,6.129381264332332
laplace,41117,latentcp_tuned,0.998254212873413,9.070972264386373
laplace,41117,latentcp_multi,0.998254212873413,9.070972264386373
laplace,41117,latentcp_pac,0.9963891153956158,7.953257759012397
laplace,41117,noisy_threshold,0.9843474633661842,5.879058722823631
laplace,41117,simple_shrink,0.98348620142288,5.803308749597346
laplace,41118,cohen,0.4568981857671315,0.8633186523951486
laplace,41118,cohen_stable,0.7953114721219485,2.24331865239515
laplace,41118,latentcp,0.9625741962870975,4.646254063430264
laplace,41118,latentcp_tuned,0.9969099571901583,8.257278114725686
laplace,41118,latentcp_multi,0.9784632582265188,5.440153626427584
laplace,41118,latentcp_pac,0.9942679583848721,7.299722823102955
laplace,41118,noisy_threshold,0.9552017202552119,4.391961188154646
laplace,41118,simple_shrink,0.9527263465419864,4.315899987403438
laplace,41119,cohen,0.4258488892495458,0.7846942964271526
laplace,41119,cohen_stable,0.9466425380386707,4.1446942964271525
laplace,41119,latentcp,0.9930777775614658,7.0329101094201585
laplace,41119,latentcp_tuned,0.9882402384834276,6.428223951575729
laplace,41119,latentcp_multi,0.9893334839443696,6.5662235576816865
laplace,41119,latentcp_pac,0.9946689130504532,7.40227682601792
laplace,41119,noisy_threshold,0.992441359259036,6.908523622029833
laplace,41119,simple_shrink,0.9920764672643914,6.841849419140919
laplace,41120,cohen,0.4553412644952499,0.8592702969324377
laplace,41120,cohen_stable,0.8913690927621163,3.1392702969324398
laplace,41120,latentcp,0.9554042300129651,4.3983793855142785
laplace,41120,latentcp_tuned,0.9467408249808277,4.147955406956242
laplace,41120,latentcp_multi,0.9592766112773845,4.527532445644549
laplace,41120,latentcp_pac,0.9944853549063177,7.35440264422694
laplace,41120,noisy_threshold,0.9499910938015994,4.2363533276000185
laplace,41120,simple_shrink,0.9476688559817412,4.172161370412191
laplace,41121,cohen,0.44309109694881355,0.827815002322549
laplace,41121,cohen_stable,0.9022005458679809,3.287815002322551
laplace,41121,latentcp,0.9792354769478593,5.4793851104442615
laplace,41121,latentcp_tuned,0.9795125406155271,5.499164026700999
laplace,41121,latentcp_multi,0.9902037419647275,6.64345869120332
laplace,41121,latentcp_pac,0.9957619809465689,7.726781115636191
laplace,41121,noisy_threshold,0.9775904341994703,5.371561223382206
laplace,41121,simple_shrink,0.9766696300111568,5.3146136257359
laplace,41122,cohen,0.4067400936767958,0.7383929829295628
laplace,41122,cohen_stable,0.9448667044404964,4.098392982929564
laplace,41122,latentcp,0.9892275808975219,6.407471082799586
laplace,41122,latentcp_tuned,0.9874733126848421,6.207467582353886
laplace,41122,latentcp_multi,0.9901614818106943,6.53645954756958
laplace,41122,latentcp_pac,0.9926947366410299,6.95674305712804
laplace,41122,noisy_threshold,0.9841010466541913,5.8569682959067695
laplace,41122,simple_shrink,0.983232517132661,5.781748839840698
laplace,41123,cohen,0.444408838695056,0.8311652387503643
laplace,41123,cohen_stable,0.9599713488539019,4.551165238750356
laplace,41123,latentcp,0.9851368273112506,5.9522396023693105
laplace,41123,latentcp_tuned,0.9883389867293585,6.325921305266632
laplace,41123,latentcp_multi,0.9705242034813168,4.984719354721307
laplace,41123,latentcp_pac,0.9965978248065359,8.037456916603514
laplace,41123,noisy_threshold,0.9809935526725801,5.60449585521443
laplace,41123,simple_shrink,0.9801241149105682,5.5412395848569735
laplace,41124,cohen,0.4727989209072727,0.9053416909454728
laplace,41124,cohen_stable,0.845959395882834,2.6453416909454743
laplace,41124,latentcp,0.9348467968545273,3.862257034995613
laplace,41124,latentcp_tuned,0.9562504476376152,4.4531286956328495
laplace,41124,latentcp_multi,0.9911761592447916,6.77610192490342
laplace,41124,latentcp_pac,0.9965438232300231,8.015185869265716
laplace,41124,noisy_threshold,0.9318314280831845,3.7982546825123604
laplace,41124,simple_shrink,0.9288076494230675,3.7368753522899265
laplace,41125,cohen,0.37234209599397583,0.6586841085025332
laplace,41125,cohen_stable,0.9288986450815708,3.738684108502536
laplace,41125,latentcp,0.9896223227181176,6.460266421527678
laplace,41125,latentcp_tuned,0.9905235040632882,6.589526030621809
laplace,41125,latentcp_multi,0.9905235040632882,6.589526030621809
laplace,41125,latentcp_pac,0.9955853382709361,7.669031341094651
laplace,41125,noisy_threshold,0.9789554760336918,5.460441052957231
laplace,41125,simple_shrink,0.9778610370239391,5.3887422572692945
laplace,41126,cohen,0.44627604883922695,0.8359260796941652
laplace,41126,cohen_stable,0.8831336048107463,3.035926079694167
laplace,41126,latentcp,0.9846728111520463,5.908769082451338
laplace,41126,latentcp_tuned,0.9890776007945528,6.400801208094906
laplace,41126,latentcp_multi,0.9890776007945528,6.400801208094906
laplace,41126,latentcp_pac,0.9965536836864973,8.019226394513673
laplace,41126,noisy_threshold,0.9799647655312758,5.52994672946698
laplace,41126,simple_shrink,0.9790016560160497,5.463547805032403
laplace,41127,cohen,0.4580218446965132,0.8662476425342365
laplace,41127,cohen_stable,0.9196784954628154,3.566247642534239
laplace,41127,latentcp,0.9883596687883434,6.297888104397447
laplace,41127,latentcp_tuned,0.9932962693615877,7.101206249685495
laplace,41127,latentcp_multi,0.9996391098800314,11.280442228755588
laplace,41127,latentcp_pac,0.9943774898966167,7.3270080489365625
laplace,41127,noisy_threshold,0.9876583074287011,6.215146319437987
laplace,41127,simple_shrink,0.9869546297823677,6.13672799668789
laplace,41128,cohen,0.5161862703676934,1.0267972557905423
laplace,41128,cohen_stable,0.9208371900917589,3.5867972557905445
laplace,41128,latentcp,0.97992919849851,5.527438424526342
laplace,41128,latentcp_tuned,0.9919482277463181,6.91207713310996
laplace,41128,latentcp_multi,0.9816261863630205,5.653159486633651
laplace,41128,latentcp_pac,0.9887695517737637,6.348583718010409
laplace,41128,noisy_threshold,0.9756521397173032,5.254243638394707
laplace,41128,simple_shrink,0.9743532217146293,5.180741318894433
laplace,41129,cohen,0.46381006308075157,0.8814323908931434
laplace,41129,cohen_stable,0.8169633967096457,2.4014323908931448
laplace,41129,latentcp,0.9886351270704972,6.331756766635504
laplace,41129,latentcp_tuned,0.9790366330307535,5.498647615833711
laplace,41129,latentcp_multi,0.9896079756266148,6.459192354255939
laplace,41129,latentcp_pac,0.996774063861936,8.112681490837428
laplace,41129,noisy_threshold,0.9876257765471808,6.211423565212481
laplace,41129,simple_shrink,0.9871038117848758,6.152993599040735
laplace,41130,cohen,0.4231124724452196,0.7779701345810084
laplace,41130,cohen_stable,0.908240622373564,3.3779701345810107
laplace,41130,latentcp,0.9739780353900904,5.160203503169371
laplace,41130,latentcp_tuned,0.9808796006831255,5.609949540162599
laplace,41130,latentcp_multi,0.9762494140298894,5.290133954469817
laplace,41130,latentcp_pac,0.9965848078416607,8.032056359437348
laplace,41130,noisy_threshold,0.9619666946340848,4.623478565197976
laplace,41130,simple_shrink,0.9607201005717279,4.5778692016605005
laplace,41131,cohen,0.4631934426206037,0.8798069743736918
laplace,41131,cohen_stable,0.9433417143531531,4.059806974373694
laplace,41131,latentcp,0.9809504005906695,5.601288802806987
laplace,41131,latentcp_tuned,0.9823644556825744,5.799813320020242
laplace,41131,latentcp_multi,0.9655620551081882,4.783602565061006
laplace,41131,latentcp_pac,0.9886746912271809,6.336688415142407
laplace,41131,noisy_threshold,0.9802420823553761,5.54965823971831
laplace,41131,simple_shrink,0.9794689474585774,5.495374792316277
laplace,41132,cohen,0.33476517708802106,0.5764549207300949
laplace,41132,cohen_stable,0.8896023473629153,3.116454920730097
laplace,41132,latentcp,0.9749787391969931,5.215663867411256
laplace,41132,latentcp_tuned,0.9771914826709603,5.347387266303051
laplace,41132,latentcp_multi,0.928289696243157,3.8572555533701314
laplace,41132,latentcp_pac,0.9867342100892387,6.113032673981466
laplace,41132,noisy_threshold,0.953883739371812,4.350954831583451
laplace,41132,simple_shrink,0.9521985785055038,4.300199039876173
laplace,41133,cohen,0.46708130292824457,0.8900867896107982
laplace,41133,cohen_stable,0.9128025127668435,3.4500867896108005
laplace,41133,latentcp,0.9790650981910138,5.467831313603783
laplace,41133,latentcp_tuned,0.9959141403508899,7.888351853421004
laplace,41133,latentcp_multi,0.9959141403508899,7.888351853421004
laplace,41133,latentcp_pac,0.9908464758854433,6.637775971383191
laplace,41133,noisy_threshold,0.9735623380337635,5.137789358653446
laplace,41133,simple_shrink,0.9723605659636714,5.074921994843644
laplace,41134,cohen,0.38230663890881234,0.6813159439906578
laplace,41134,cohen_stable,0.9122600400934078,3.44131594399066
laplace,41134,latentcp,0.9602561568603649,4.56126851640415
laplace,41134,latentcp_tuned,0.9700308663972592,5.042230473604544
laplace,41134,latentcp_multi,0.9398877783214039,3.9889141082104436
laplace,41134,latentcp_pac,0.9756504113019987,5.254143747779942
laplace,41134,noisy_threshold,0.9596868151956761,4.5411482149669995
laplace,41134,simple_shrink,0.9579853446762496,4.482684750900257
laplace,41135,cohen,0.39896934602149864,0.7199893344784889
laplace,41135,cohen_stable,0.8867187194026049,3.079989334478491
laplace,41135,latentcp,0.9817949210399805,5.665418656851639
laplace,41135,latentcp_tuned,0.9859611194570451,6.046751024871542
laplace,41135,latentcp_multi,0.9819349444640361,5.775212998478431
laplace,41135,latentcp_pac,0.990413124755594,6.572360044797773
laplace,41135,noisy_threshold,0.9756201799973958,5.252388517216798
laplace,41135,simple_shrink,0.9743628891588649,5.181274501191887
laplace,41136,cohen,0.42917823402911853,0.7929188018405995
laplace,41136,cohen_stable,0.7486533276118439,1.9529188018406005
laplace,41136,latentcp,0.9563221192137362,4.427835435022851
laplace,41136,latentcp_tuned,0.957536931633119,4.5842125932606645
laplace,41136,latentcp_multi,0.957536931633119,4.5842125932606645
laplace,41136,latentcp_pac,0.976611180426751,5.311079787718215
laplace,41136,noisy_threshold,0.947963649740581,4.180150494678421
laplace,41136,simple_shrink,0.9456258595451847,4.11800123390072
laplace,41137,cohen,0.4374009461290002,0.8134387619232726
laplace,41137,cohen_stable,0.9616957274100786,4.613438761923263
laplace,41137,latentcp,0.9782806663548774,5.415805058689867
laplace,41137,latentcp_tuned,0.9867891527258871,6.13144102918443
laplace,41137,latentcp_multi,0.9867891527258871,6.13144102918443
laplace,41137,latentcp_pac,0.9976267206381223,8.54677503322144
laplace,41137,noisy_threshold,0.9742250680410172,5.173692271414007
laplace,41137,simple_shrink,0.972961811068147,5.10602514851324
laplace,41138,cohen,0.41692801042174343,0.7628898963227551
laplace,41138,cohen_stable,0.952959425385056,4.322889896322751
laplace,41138,latentcp,0.9817039379304779,5.658366948907192
laplace,41138,latentcp_tuned,0.9848222533264318,6.008939946875312
laplace,41138,latentcp_multi,0.9839929820693891,5.8748484943171
laplace,41138,latentcp_pac,0.9927738378422357,6.972139623760421
laplace,41138,noisy_threshold,0.9787356070427393,5.445742283490751
laplace,41138,simple_shrink,0.9779685594686687,5.3956274105789
laplace,41139,cohen,0.42300673181904846,0.7777109399941908
laplace,41139,cohen_stable,0.9521144049409453,4.297710939994188
laplace,41139,latentcp,0.973301609325315,5.123911655818091
laplace,41139,latentcp_tuned,0.9722110340773219,5.067940494129837
laplace,41139,latentcp_multi,0.9888506815711391,6.370712495159628
laplace,41139,latentcp_pac,0.9923227637973245,6.88650681404202
laplace,41139,noisy_threshold,0.9715658142018753,5.034830986136572
laplace,41139,simple_shrink,0.970154379074577,4.966318024384578
laplace,41140,cohen,0.4637903448361858,0.8813803845158565
laplace,41140,cohen_stable,0.9664624183601289,4.801380384515842
laplace,41140,latentcp,0.9869785968192224,6.139328596968514
laplace,41140,latentcp_tuned,0.9825827986203248,5.811838870325049
laplace,41140,latentcp_multi,0.9879620118814614,6.334125895341535
laplace,41140,latentcp_pac,0.9933931470388537,7.098854055479096
laplace,41140,noisy_threshold,0.986157552108369,6.052855930002267
laplace,41140,simple_shrink,0.9855319531662223,5.990343807381035
laplace,41141,cohen,0.4169945425327058,0.7630512760218426
laplace,41141,cohen_stable,0.8222714911220088,2.443051276021844
laplace,41141,latentcp,0.9854172289472127,5.9791740750445594
laplace,41141,latentcp_tuned,0.9785016969036892,5.528927697655173
laplace,41141,latentcp_multi,0.9675283447588953,4.946905145934553
laplace,41141,latentcp_pac,0.9898892231047799,6.497114056128611
laplace,41141,noisy_threshold,0.9829507875519039,5.758184443111366
laplace,41141,simple_shrink,0.9822234125697227,5.699101051768872
laplace,41142,cohen,0.4687562836893661,0.8945387086702947
laplace,41142,cohen_stable,0.8998720479652267,3.254538708670297
laplace,41142,latentcp,0.9836042886440456,5.8134583068269645
laplace,41142,latentcp_tuned,0.9915461659752473,6.764944123119615
laplace,41142,latentcp_multi,0.9991993334998582,10.184649055197992
laplace,41142,latentcp_pac,0.9965740492827709,8.027608297947895
laplace,41142,noisy_threshold,0.9821591787854413,5.6940001535939455
laplace,41142,simple_shrink,0.9812727499936418,5.625424196285522
laplace,41143,cohen,0.38366018893493653,0.6844183072255143
laplace,41143,cohen_stable,0.8977166167120953,3.2244183072255166
laplace,41143,latentcp,0.9753259791415985,5.23554002489607
laplace,41143,latentcp_tuned,0.992938527554655,7.111223468404705
laplace,41143,latentcp_multi,0.992938527554655,7.111223468404705
laplace,41143,latentcp_pac,0.9921534787055074,6.855665005784849
laplace,41143,noisy_threshold,0.9704408802356204,4.979959257874562
laplace,41143,simple_shrink,0.9692835458592421,4.92564474721298
laplace,41144,cohen,0.4499304816551288,0.845290453514524
laplace,41144,cohen_stable,0.9411149499838394,4.005290453514527
laplace,41144,latentcp,0.9822918266468892,5.704554315063497
laplace,41144,latentcp_tuned,0.9866986684381678,6.192805912674494
laplace,41144,latentcp_multi,0.9866986684381678,6.192805912674494
laplace,41144,latentcp_pac,0.9869834121397169,6.139851678472116
laplace,41144,noisy_threshold,0.978929216876355,5.458677510728986
laplace,41144,simple_shrink,0.9778582118899453,5.388561802208476
laplace,41145,cohen,0.5303254247278417,1.068742709358045
laplace,41145,cohen_stable,0.8905574129464997,3.128742709358047
laplace,41145,latentcp,0.9767101621106655,5.317072962883501
laplace,41145,latentcp_tuned,0.9704822646693095,4.99505235077698
laplace,41145,latentcp_multi,0.9852599741869521,5.99191313467895
laplace,41145,latentcp_pac,0.9900057578024984,6.513508647308343
laplace,41145,noisy_threshold,0.9742535049431307,5.175253402735633
laplace,41145,simple_shrink,0.9731699237532632,5.116952444764871
laplace,41146,cohen,0.42765778641089064,0.7891568937522737
laplace,41146,cohen_stable,0.9404393340930215,3.9891568937522766
laplace,41146,latentcp,0.9874401943117251,6.190371393174848
laplace,41146,latentcp_tuned,0.9923290194835613,6.901818246726428
laplace,41146,latentcp_multi,0.9946665333342058,7.497296762998904
laplace,41146,latentcp_pac,0.9958420742467864,7.753763776492285
laplace,41146,noisy_threshold,0.9854095460396803,5.978429163632008
laplace,41146,simple_shrink,0.9846955918017062,5.910867333972627
laplace,41147,cohen,0.370702336100917,0.6549942851634682
laplace,41147,cohen_stable,0.9080473350272307,3.3749942851634707
laplace,41147,latentcp,0.9772364403124731,5.349399721544062
laplace,41147,latentcp_tuned,0.9607176131747127,4.607166847687227
laplace,41147,latentcp_multi,0.980499124147907,5.6999259597774135
laplace,41147,latentcp_pac,0.993905667967271,7.213049368445277
laplace,41147,noisy_threshold,0.9725661694749936,5.08548133347556
laplace,41147,simple_shrink,0.9715284400401638,5.032973351085123
laplace,41148,cohen,0.48809670522118886,0.9469850480626145
laplace,41148,cohen_stable,0.8807173650620965,3.0069850480626164
laplace,41148,latentcp,0.9450465988002914,4.103017298113892
laplace,41148,latentcp_tuned,0.94965429206539,4.227454693435584
laplace,41148,latentcp_multi,0.9535420287523025,4.411756386781228
laplace,41148,latentcp_pac,0.9786101586200087,5.43742370774481
laplace,41148,noisy_threshold,0.9330515606179299,3.823796616375424
laplace,41148,simple_shrink,0.9304098635651115,3.769066441566363
laplace,41149,cohen,0.33624913294059366,0.5796131659703683
laplace,41149,cohen_stable,0.9449142529161447,4.09961316597037
laplace,41149,latentcp,0.9744789936546934,5.187695438778881
laplace,41149,latentcp_tuned,0.9767145968434521,5.318037925734827
laplace,41149,latentcp_multi,0.9691864172872527,4.921859688393787
laplace,41149,latentcp_pac,0.9945758299556341,7.377797127201006
laplace,41149,noisy_threshold,0.9681928542088594,4.876299302688659
laplace,41149,simple_shrink,0.9668698920432834,4.818667978801218
gamma2_skew,42000,cohen,0.24790786011841087,0.6478810989624475
gamma2_skew,42000,cohen_stable,0.714773887586776,1.9278810989624486
gamma2_skew,42000,latentcp,0.9758616011942708,5.10955305183719
gamma2_skew,42000,latentcp_tuned,0.9776878057000183,5.241087796362843
gamma2_skew,42000,latentcp_multi,0.9720616706599446,4.8905401678552085
gamma2_skew,42000,latentcp_pac,0.9851414002696285,5.9121967687810475
gamma2_skew,42000,noisy_threshold,0.9651627760529731,4.494477685984817
gamma2_skew,42000,simple_shrink,0.9637065065794846,4.425325028312938
gamma2_skew,42001,cohen,0.32409536010099615,0.8476022212075565
gamma2_skew,42001,cohen_stable,0.95078800515643,3.907602221207559
gamma2_skew,42001,latentcp,0.9854970890822421,5.951991638130282
gamma2_skew,42001,latentcp_tuned,0.9865913745361768,6.081239354318311
gamma2_skew,42001,latentcp_multi,0.9787387591520104,5.321132620941669
gamma2_skew,42001,latentcp_pac,0.9964207506773337,8.21417128319303
gamma2_skew,42001,noisy_threshold,0.9817934395386455,5.577412554508147
gamma2_skew,42001,simple_shrink,0.9810235954276895,5.508949773034241
gamma2_skew,42002,cohen,0.3080958704178671,0.8055954860202421
gamma2_skew,42002,cohen_stable,0.8471805755737092,2.4055954860202435
gamma2_skew,42002,latentcp,0.9835995127040538,5.749762060614796
gamma2_skew,42002,latentcp_tuned,0.9848678694505857,5.882870452817826
gamma2_skew,42002,latentcp_multi,0.9969989664391892,8.49555018013935
gamma2_skew,42002,latentcp_pac,0.9981455222268885,9.257875391906076
gamma2_skew,42002,noisy_threshold,0.9787725456535366,5.323223237075492
gamma2_skew,42002,simple_shrink,0.9777453343075087,5.244742252458956
gamma2_skew,42003,cohen,0.3295525318145496,0.8619403804120842
gamma2_skew,42003,cohen_stable,0.9677008800096477,4.621940380412074
gamma2_skew,42003,latentcp,0.9831820197077232,5.708337259070641
gamma2_skew,42003,latentcp_tuned,0.9882878511860421,6.313646060300569
gamma2_skew,42003,latentcp_multi,0.994904716907111,7.729179980380505
gamma2_skew,42003,latentcp_pac,0.9929321534500565,7.122190902329676
gamma2_skew,42003,noisy_threshold,0.9747865665037149,5.036884425375103
gamma2_skew,42003,simple_shrink,0.9737692830437137,4.97084600296834
gamma2_skew,42004,cohen,0.32437834639161744,0.8483456025825973
gamma2_skew,42004,cohen_stable,0.937932231972256,3.5083456025825996
gamma2_skew,42004,latentcp,0.9779277971682302,5.258422870414804
gamma2_skew,42004,latentcp_tuned,0.9745248801866684,5.030332778172143
gamma2_skew,42004,latentcp_multi,0.9574261313864567,4.2383320408490075
gamma2_skew,42004,latentcp_pac,0.9824744493577455,5.640362017449398
gamma2_skew,42004,noisy_threshold,0.9695250975766064,4.719662672324334
gamma2_skew,42004,simple_shrink,0.9683761094255714,4.657476584568111
gamma2_skew,42005,cohen,0.24165174601089612,0.6315085048198328
gamma2_skew,42005,cohen_stable,0.8989387889656041,2.7115085048198346
gamma2_skew,42005,latentcp,0.9758738699254828,5.1103822192391215
gamma2_skew,42005,latentcp_tuned,0.9903773900496674,6.632956936504793
gamma2_skew,42005,latentcp_multi,0.9583188806386983,4.191327610841737
gamma2_skew,42005,latentcp_pac,0.9930442843077583,7.148017308284698
gamma2_skew,42005,noisy_threshold,0.9636891891974189,4.424518864531569
gamma2_skew,42005,simple_shrink,0.9624739437192908,4.368850236416815
gamma2_skew,42006,cohen,0.3426911214944887,0.8964847680819608
gamma2_skew,42006,cohen_stable,0.8660381006515717,2.496484768081962
gamma2_skew,42006,latentcp,0.9767869913443269,5.174629850559627
gamma2_skew,42006,latentcp_tuned,0.9927065509414209,7.0855528374546255
gamma2_skew,42006,latentcp_multi,0.9622115363280485,4.357685718575417
gamma2_skew,42006,latentcp_pac,0.9953063100639723,7.780742848207183
gamma2_skew,42006,noisy_threshold,0.9713923854887678,4.82572156865547
gamma2_skew,42006,simple_shrink,0.9702994909491989,4.762864156495555
gamma2_skew,42007,cohen,0.3135951065104699,0.8200289249264343
gamma2_skew,42007,cohen_stable,0.9100452688497841,2.860028924926436
gamma2_skew,42007,latentcp,0.9850621186493789,5.903450460012943
gamma2_skew,42007,latentcp_tuned,0.9808612659022249,5.503766542739002
gamma2_skew,42007,latentcp_multi,0.9668814290884279,4.5802556230499665
gamma2_skew,42007,latentcp_pac,0.9949017611551474,7.648137180401137
gamma2_skew,42007,noisy_threshold,0.980198419201236,5.438499039948915
gamma2_skew,42007,simple_shrink,0.9793036985675405,5.365261158446008
gamma2_skew,42008,cohen,0.28194311911066705,0.7370144236930432
gamma2_skew,42008,cohen_stable,0.944361936800291,3.697014423693046
gamma2_skew,42008,latentcp,0.9661161320404545,4.5412938518636645
gamma2_skew,42008,latentcp_tuned,0.9470501531785283,3.8002272131578616
gamma2_skew,42008,latentcp_multi,0.9481513884778826,3.8351347751094833
gamma2_skew,42008,latentcp_pac,0.9789544526655704,5.337506198593797
gamma2_skew,42008,noisy_threshold,0.962708058403427,4.37943854708562
gamma2_skew,42008,simple_shrink,0.9614950904345053,4.325256612252872
gamma2_skew,42009,cohen,0.3277356703691373,0.8571661418222165
gamma2_skew,42009,cohen_stable,0.9186561491820754,3.0371661418222184
gamma2_skew,42009,latentcp,0.9744365643649467,5.013877771349906
gamma2_skew,42009,latentcp_tuned,0.9803044944809849,5.47140543120738
gamma2_skew,42009,latentcp_multi,0.9914199900613241,6.8197613727158695
gamma2_skew,42009,latentcp_pac,0.9938316637587735,7.3417659328773786
gamma2_skew,42009,noisy_threshold,0.973893860128809,4.978798660115675
gamma2_skew,42009,simple_shrink,0.9731477890388519,4.9317092710509405
gamma2_skew,42010,cohen,0.25349527033600655,0.662506279357205
gamma2_skew,42010,cohen_stable,0.8780219103815091,2.5625062793572067
gamma2_skew,42010,latentcp,0.9804820881448378,5.462391155148295
gamma2_skew,42010,latentcp_tuned,0.981797148244382,5.588232652079365
gamma2_skew,42010,latentcp_multi,0.9792596893363946,5.362305853288456
gamma2_skew,42010,latentcp_pac,0.9878136639934187,6.237123878048803
gamma2_skew,42010,noisy_threshold,0.977589242170924,5.233124949490277
gamma2_skew,42010,simple_shrink,0.9766110681069166,5.162061299559659
gamma2_skew,42011,cohen,0.2896860254631539,0.7573093361503536
gamma2_skew,42011,cohen_stable,0.9475163667168074,3.7973093361503563
gamma2_skew,42011,latentcp,0.9712710834900606,4.818645751152917
gamma2_skew,42011,latentcp_tuned,0.9848040114843327,5.991474495217631
gamma2_skew,42011,latentcp_multi,0.9613022538268265,4.317348580353546
gamma2_skew,42011,latentcp_pac,0.9955898936463755,7.880570401167124
gamma2_skew,42011,noisy_threshold,0.9709717237819033,4.801257252120194
gamma2_skew,42011,simple_shrink,0.9701200975107492,4.75276029944612
gamma2_skew,42012,cohen,0.21558464518804005,0.5633179683017788
gamma2_skew,42012,cohen_stable,0.9122253408112424,2.903317968301781
gamma2_skew,42012,latentcp,0.9782073065637746,5.2795975820156595
gamma2_skew,42012,latentcp_tuned,0.9840985887438989,5.826679355011201
gamma2_skew,42012,latentcp_multi,0.9598905684628403,4.423314145297615
gamma2_skew,42012,latentcp_pac,0.9823470071508208,5.628404387020473
gamma2_skew,42012,noisy_threshold,0.9772665739970785,5.209356651526692
gamma2_skew,42012,simple_shrink,0.9763603918663262,5.144313475347916
gamma2_skew,42013,cohen,0.33574616743147445,0.8782204802184714
gamma2_skew,42013,cohen_stable,0.9456792136762114,3.738220480218474
gamma2_skew,42013,latentcp,0.9799484021427968,5.417715695241127
gamma2_skew,42013,latentcp_tuned,0.9837861159980121,5.7800356141210525
gamma2_skew,42013,latentcp_multi,0.9998087489777967,12.884715080155566
gamma2_skew,42013,latentcp_pac,0.9910305685635206,6.736389192825312
gamma2_skew,42013,noisy_threshold,0.9713854658727246,4.825316343320287
gamma2_skew,42013,simple_shrink,0.9703319687591254,4.764699678376092
gamma2_skew,42014,cohen,0.35179170592453546,0.920434079420402
gamma2_skew,42014,cohen_stable,0.913073557493703,2.920434079420404
gamma2_skew,42014,latentcp,0.9639875831887349,4.438466895742798
gamma2_skew,42014,latentcp_tuned,0.9635250375729101,4.428118729298687
gamma2_skew,42014,latentcp_multi,0.9637273116899965,4.437515689885384
gamma2_skew,42014,latentcp_pac,0.9742391829930597,5.001037270405368
gamma2_skew,42014,noisy_threshold,0.962127858704038,4.353313597808514
gamma2_skew,42014,simple_shrink,0.9608633929278034,4.297685600478066
gamma2_skew,42015,cohen,0.23267386023582304,0.6080178510324212
gamma2_skew,42015,cohen_stable,0.9153913570895649,2.9680178510324233
gamma2_skew,42015,latentcp,0.9804620930332534,5.460696437409066
gamma2_skew,42015,latentcp_tuned,0.9600972133776381,4.265312133599572
gamma2_skew,42015,latentcp_multi,0.98531964980614,5.932638769641355
gamma2_skew,42015,latentcp_pac,0.9949479140795069,7.662732805935127
gamma2_skew,42015,noisy_threshold,0.9723880314494872,4.885038471641218
gamma2_skew,42015,simple_shrink,0.9710965056956301,4.8084782541463245
gamma2_skew,42016,cohen,0.31739607489571203,0.8300079375959997
gamma2_skew,42016,cohen_stable,0.9434821363008081,3.670007937596002
gamma2_skew,42016,latentcp,0.9689656172359774,4.689172678752954
gamma2_skew,42016,latentcp_tuned,0.9825804472713483,5.747716008350101
gamma2_skew,42016,latentcp_multi,0.9825804472713483,5.747716008350101
gamma2_skew,42016,latentcp_pac,0.9901869270505731,6.590319948281194
gamma2_skew,42016,noisy_threshold,0.9680494508829182,4.640194681930519
gamma2_skew,42016,simple_shrink,0.9668027711439817,4.575768227887497
gamma2_skew,42017,cohen,0.26992476940727245,0.7055269693731523
gamma2_skew,42017,cohen_stable,0.8599079028849507,2.465526969373154
gamma2_skew,42017,latentcp,0.9639784113974704,4.43819097759229
gamma2_skew,42017,latentcp_tuned,0.9666388176724425,4.568107850187369
gamma2_skew,42017,latentcp_multi,0.9724217558194771,4.914183162197905
gamma2_skew,42017,latentcp_pac,0.9941360425466996,7.423243365568978
gamma2_skew,42017,noisy_threshold,0.9573571585774412,4.15201429782617
gamma2_skew,42017,simple_shrink,0.9560646570221943,4.101199841142729
gamma2_skew,42018,cohen,0.2374448859742032,0.6205005514890378
gamma2_skew,42018,cohen_stable,0.9500026319142795,3.8805005514890407
gamma2_skew,42018,latentcp,0.9771339941572873,5.199689364004931
gamma2_skew,42018,latentcp_tuned,0.9938996390029396,7.438855565149481
gamma2_skew,42018,latentcp_multi,0.9938996390029396,7.438855565149481
gamma2_skew,42018,latentcp_pac,0.9875412566923873,6.200972624720418
gamma2_skew,42018,noisy_threshold,0.9747430512009786,5.034007209511916
gamma2_skew,42018,simple_shrink,0.9739130767464311,4.980028662362123
gamma2_skew,42019,cohen,0.3481011330273651,0.910719608287109
gamma2_skew,42019,cohen_stable,0.9288267900530156,3.270719608287111
gamma2_skew,42019,latentcp,0.9793440791187963,5.3685001291212275
gamma2_skew,42019,latentcp_tuned,0.9808255723713064,5.492370943488907
gamma2_skew,42019,latentcp_multi,0.9711591927611769,4.834473671074083
gamma2_skew,42019,latentcp_pac,0.9968253055905367,8.40533199219211
gamma2_skew,42019,noisy_threshold,0.9567239633125547,4.126938568308724
gamma2_skew,42019,simple_shrink,0.9552289185004437,4.069100191757893
gamma2_skew,42020,cohen,0.3694240026765475,0.9668929412002565
gamma2_skew,42020,cohen_stable,0.9058233774052483,2.786892941200258
gamma2_skew,42020,latentcp,0.9605671389509669,4.284907033757382
gamma2_skew,42020,latentcp_tuned,0.938958917014432,3.6693840213794444
gamma2_skew,42020,latentcp_multi,0.9384257981897438,3.656631499324734
gamma2_skew,42020,latentcp_pac,0.9836429487213008,5.754130643186517
gamma2_skew,42020,noisy_threshold,0.9602423485771376,4.270993180635368
gamma2_skew,42020,simple_shrink,0.9593269699523999,4.232371451487808
gamma2_skew,42021,cohen,0.368728307222349,0.965058324889025
gamma2_skew,42021,cohen_stable,0.9378141752213224,3.5050583248890272
gamma2_skew,42021,latentcp,0.9852175555536848,5.920636766371121
gamma2_skew,42021,latentcp_tuned,0.9904825494339715,6.725804698728951
gamma2_skew,42021,latentcp_multi,0.9859069746246175,6.011713678560518
gamma2_skew,42021,latentcp_pac,0.9934542538165448,7.246047305153013
gamma2_skew,42021,noisy_threshold,0.984809482931925,5.875885285766915
gamma2_skew,42021,simple_shrink,0.9841275825359521,5.803653368302295
gamma2_skew,42022,cohen,0.24892189356420535,0.6505351666399521
gamma2_skew,42022,cohen_stable,0.9135705138236883,2.930535166639954
gamma2_skew,42022,latentcp,0.9885518257387192,6.3391993479271616
gamma2_skew,42022,latentcp_tuned,0.9929632417647493,7.246636876722016
gamma2_skew,42022,latentcp_multi,0.9973126584239883,8.683381850836287
gamma2_skew,42022,latentcp_pac,0.9983503820155326,9.442646354072497
gamma2_skew,42022,noisy_threshold,0.9869514393433447,6.125269062019717
gamma2_skew,42022,simple_shrink,0.9864157782793601,6.059353949995723
gamma2_skew,42023,cohen,0.3784685673280262,0.9907568372234223
gamma2_skew,42023,cohen_stable,0.8965821071715597,2.690756837223424
gamma2_skew,42023,latentcp,0.9672420828478991,4.5982012572392446
gamma2_skew,42023,latentcp_tuned,0.9827721926856345,5.736018648679069
gamma2_skew,42023,latentcp_multi,0.9758144137858901,5.128615398410108
gamma2_skew,42023,latentcp_pac,0.9830470246558346,5.69515639918563
gamma2_skew,42023,noisy_threshold,0.9642750651430481,4.452000373886094
gamma2_skew,42023,simple_shrink,0.9630791422156384,4.39635322251713
gamma2_skew,42024,cohen,0.358249220514829,0.9374396252602066
gamma2_skew,42024,cohen_stable,0.9643899407952176,4.4574396252602
gamma2_skew,42024,latentcp,0.9778733438850173,5.254328724331745
gamma2_skew,42024,latentcp_tuned,0.973879794263601,5.045239308692966
gamma2_skew,42024,latentcp_multi,0.973879794263601,5.045239308692966
gamma2_skew,42024,latentcp_pac,0.9881915557936592,6.288602029826386
gamma2_skew,42024,noisy_threshold,0.9752810546702383,5.069921684147523
gamma2_skew,42024,simple_shrink,0.9741944734453261,4.9981411636194535
gamma2_skew,42025,cohen,0.38116349143570943,0.9978719928470876
gamma2_skew,42025,cohen_stable,0.8409309724466618,2.377871992847089
gamma2_skew,42025,latentcp,0.9915207701961956,6.827568058290655
gamma2_skew,42025,latentcp_tuned,0.9791809851048977,5.463265389033382
gamma2_skew,42025,latentcp_multi,0.9778921282022757,5.3632895716558275
gamma2_skew,42025,latentcp_pac,0.9948042078594684,7.617708648695296
gamma2_skew,42025,noisy_threshold,0.9765559403216073,5.158142513361096
gamma2_skew,42025,simple_shrink,0.9755802817534523,5.090225429923991
gamma2_skew,42026,cohen,0.32661737455968537,0.8542278626413231
gamma2_skew,42026,cohen_stable,0.9194432628020102,3.054227862641325
gamma2_skew,42026,latentcp,0.9657417917135337,4.522749599095541
gamma2_skew,42026,latentcp_tuned,0.9846454271422524,5.866974581484146
gamma2_skew,42026,latentcp_multi,0.9682005250342323,4.648645200724367
gamma2_skew,42026,latentcp_pac,0.9896590909252854,6.505049755719049
gamma2_skew,42026,noisy_threshold,0.9657064622457514,4.5210108269382285
gamma2_skew,42026,simple_shrink,0.9642571443649813,4.451153360265017
gamma2_skew,42027,cohen,0.28687042906830834,0.7499285257295845
gamma2_skew,42027,cohen_stable,0.8607985158371771,2.469928525729586
gamma2_skew,42027,latentcp,0.9713924195739722,4.8257297332597835
gamma2_skew,42027,latentcp_tuned,0.9744602410681651,5.037679824136596
gamma2_skew,42027,latentcp_multi,0.9734410812353306,4.950627150704938
gamma2_skew,42027,latentcp_pac,0.9981363188316404,9.25005483576921
gamma2_skew,42027,noisy_threshold,0.9700030387261914,4.746198795882332
gamma2_skew,42027,simple_shrink,0.9687961634992375,4.679954363235474
gamma2_skew,42028,cohen,0.34216059094502477,0.8950891826621197
gamma2_skew,42028,cohen_stable,0.9617179918337128,4.335089182662116
gamma2_skew,42028,latentcp,0.9814625085981719,5.547648172580089
gamma2_skew,42028,latentcp_tuned,0.9826053009736034,5.680463013838696
gamma2_skew,42028,latentcp_multi,0.9973529763861576,8.708279883406172
gamma2_skew,42028,latentcp_pac,0.9981424635348444,9.255272039140404
gamma2_skew,42028,noisy_threshold,0.9775835089365562,5.232699742924961
gamma2_skew,42028,simple_shrink,0.9766775377305369,5.166798241238679
gamma2_skew,42029,cohen,0.36782341491622683,0.9626722354676525
gamma2_skew,42029,cohen_stable,0.8672253272851557,2.502672235467654
gamma2_skew,42029,latentcp,0.9697218002810969,4.730545209536272
gamma2_skew,42029,latentcp_tuned,0.9639057074971059,4.456408829405202
gamma2_skew,42029,latentcp_multi,0.932803607015282,3.4164804185065965
gamma2_skew,42029,latentcp_pac,0.9778847441457359,5.255186960458644
gamma2_skew,42029,noisy_threshold,0.951889500038272,3.9463176031112757
gamma2_skew,42029,simple_shrink,0.9502688952612408,3.8896428976839466
gamma2_skew,42030,cohen,0.37341105678340825,0.977409799941543
gamma2_skew,42030,cohen_stable,0.9499123085885177,3.8774097999415456
gamma2_skew,42030,latentcp,0.9867265178967025,6.097276127777747
gamma2_skew,42030,latentcp_tuned,0.9842022029789694,5.8846758853961445
gamma2_skew,42030,latentcp_multi,0.9842022029789694,5.8846758853961445
gamma2_skew,42030,latentcp_pac,0.9932129789255655,7.187650677042967
gamma2_skew,42030,noisy_threshold,0.9851418433169993,5.912243536538537
gamma2_skew,42030,simple_shrink,0.9845537933288295,5.848437678394686
gamma2_skew,42031,cohen,0.3318349951384635,0.8679390006070533
gamma2_skew,42031,cohen_stable,0.7758175559999289,2.1279390006070544
gamma2_skew,42031,latentcp,0.9767858909037015,5.174571732911853
gamma2_skew,42031,latentcp_tuned,0.984406337705303,5.85342239700576
gamma2_skew,42031,latentcp_multi,0.9764300689871135,5.149717557280667
gamma2_skew,42031,latentcp_pac,0.9970838186589751,8.540481544385067
gamma2_skew,42031,noisy_threshold,0.9752761809572542,5.069592956328824
gamma2_skew,42031,simple_shrink,0.9742462916165545,5.001497332831745
gamma2_skew,42032,cohen,0.3505493250295339,0.9171634809356921
gamma2_skew,42032,cohen_stable,0.944366756283018,3.6971634809356946
gamma2_skew,42032,latentcp,0.9787717345269533,5.323159843698305
gamma2_skew,42032,latentcp_tuned,0.9803507049477065,5.451842900797885
gamma2_skew,42032,latentcp_multi,0.9513621543016475,4.000427693304175
gamma2_skew,42032,latentcp_pac,0.9935307581737627,7.265005203128144
gamma2_skew,42032,noisy_threshold,0.9786793917579152,5.315955918308882
gamma2_skew,42032,simple_shrink,0.9778729661644056,5.254300217144769
gamma2_skew,42033,cohen,0.24434645874146516,0.6385603501411667
gamma2_skew,42033,cohen_stable,0.9078850979333859,2.8185603501411687
gamma2_skew,42033,latentcp,0.9514656844954623,3.9313535089567813
gamma2_skew,42033,latentcp_tuned,0.9341236461633998,3.425797342762869
gamma2_skew,42033,latentcp_multi,0.9921002101146358,7.006844080182995
gamma2_skew,42033,latentcp_pac,0.9606288601881591,4.287568478526651
gamma2_skew,42033,noisy_threshold,0.9511266763194801,3.919416888485739
gamma2_skew,42033,simple_shrink,0.9490103478374671,3.8468346224527914
gamma2_skew,42034,cohen,0.2800730387136102,0.7321138451326803
gamma2_skew,42034,cohen_stable,0.9448481317705355,3.712113845132683
gamma2_skew,42034,latentcp,0.9759092365004908,5.112826767216177
gamma2_skew,42034,latentcp_tuned,0.9844473264880378,5.847806954328733
gamma2_skew,42034,latentcp_multi,0.9983439091584028,9.513319752136283
gamma2_skew,42034,latentcp_pac,0.9887136480396347,6.362433823610856
gamma2_skew,42034,noisy_threshold,0.9739326106877028,4.981279874111873
gamma2_skew,42034,simple_shrink,0.9728212336049706,4.911495020199778
gamma2_skew,42035,cohen,0.40697874509813337,1.06615017578673
gamma2_skew,42035,cohen_stable,0.962855729142113,4.3861501757867245
gamma2_skew,42035,latentcp,0.9830515943469855,5.6957074479019445
gamma2_skew,42035,latentcp_tuned,0.9856719974548411,5.998126987057501
gamma2_skew,42035,latentcp_multi,0.9859574288618389,6.0311753240615795
gamma2_skew,42035,latentcp_pac,0.9951944063970458,7.74297376369708
gamma2_skew,42035,noisy_threshold,0.9815474040722261,5.555231501732081
gamma2_skew,42035,simple_shrink,0.9806962850816906,5.480655721741671
gamma2_skew,42036,cohen,0.2756731259807782,0.7205853771219077
gamma2_skew,42036,cohen_stable,0.8705891487179267,2.5205853771219093
gamma2_skew,42036,latentcp,0.9650348552045969,4.488301451140623
gamma2_skew,42036,latentcp_tuned,0.976815734493285,5.188927154047801
gamma2_skew,42036,latentcp_multi,0.976815734493285,5.188927154047801
gamma2_skew,42036,latentcp_pac,0.9934968866664339,7.256584825857669
gamma2_skew,42036,noisy_threshold,0.9594854413403064,4.238997571304148
gamma2_skew,42036,simple_shrink,0.9581678996786082,4.184647676346283
gamma2_skew,42037,cohen,0.30798954747385887,0.8053164752751174
gamma2_skew,42037,cohen_stable,0.940636374498738,3.58531647527512
gamma2_skew,42037,latentcp,0.976472862092301,5.152253690171849
gamma2_skew,42037,latentcp_tuned,0.992237544304655,6.979800827438717
gamma2_skew,42037,latentcp_multi,0.9911173410130988,6.761300812034433
gamma2_skew,42037,latentcp_pac,0.9943506483276002,7.483223230898382
gamma2_skew,42037,noisy_threshold,0.9747590770130452,5.035066271940238
gamma2_skew,42037,simple_shrink,0.9736765510039858,4.9649499252312825
gamma2_skew,42038,cohen,0.34270513033239847,0.8965216198142718
gamma2_skew,42038,cohen_stable,0.7426193136014599,2.016521619814273
gamma2_skew,42038,latentcp,0.9576303226572026,4.163030213306283
gamma2_skew,42038,latentcp_tuned,0.9612244385444849,4.313956216438278
gamma2_skew,42038,latentcp_multi,0.9607762798470043,4.294479595169779
gamma2_skew,42038,latentcp_pac,0.9950779492105383,7.704570900728179
gamma2_skew,42038,noisy_threshold,0.9543850355094432,4.037264959588588
gamma2_skew,42038,simple_shrink,0.9525113686911955,3.968551148988515
gamma2_skew,42039,cohen,0.36107280618081733,0.9448786511327256
gamma2_skew,42039,cohen_stable,0.8332121248389928,2.344878651132727
gamma2_skew,42039,latentcp,0.9835625415797067,5.746052509882701
gamma2_skew,42039,latentcp_tuned,0.9733704280692445,4.969597535404066
gamma2_skew,42039,latentcp_multi,0.990950608903774,6.7333402138240555
gamma2_skew,42039,latentcp_pac,0.9935513383817655,7.27014252910659
gamma2_skew,42039,noisy_threshold,0.9794851140738529,5.379859358540456
gamma2_skew,42039,simple_shrink,0.9788263421969005,5.327434229172154
gamma2_skew,42040,cohen,0.3558147500322749,0.9310273710080956
gamma2_skew,42040,cohen_stable,0.9421888509671503,3.631027371008098
gamma2_skew,42040,latentcp,0.9713229266109683,4.821683870621056
gamma2_skew,42040,latentcp_tuned,0.9815460741471881,5.5684716127549425
gamma2_skew,42040,latentcp_multi,0.9528946913881319,4.007047829666415
gamma2_skew,42040,latentcp_pac,0.9866642494701694,6.089608945177492
gamma2_skew,42040,noisy_threshold,0.9686468579629091,4.671931532721428
gamma2_skew,42040,simple_shrink,0.9675196213759031,4.612522968009357
gamma2_skew,42041,cohen,0.38531139521435354,1.008827683857528
gamma2_skew,42041,cohen_stable,0.9342622007640127,3.40882768385753
gamma2_skew,42041,latentcp,0.9871694211116159,6.152850917116971
gamma2_skew,42041,latentcp_tuned,0.9811263178021838,5.529009800281269
gamma2_skew,42041,latentcp_multi,0.9932176056043907,7.265093665154157
gamma2_skew,42041,latentcp_pac,0.9899373708871599,6.549460138543152
gamma2_skew,42041,noisy_threshold,0.9864470038243196,6.063126241210646
gamma2_skew,42041,simple_shrink,0.9859661925720257,6.0059576837763
gamma2_skew,42042,cohen,0.39974816894491016,1.047002832455676
gamma2_skew,42042,cohen_stable,0.9124086042571069,2.9070028324556776
gamma2_skew,42042,latentcp,0.9908897261071684,6.711092870639927
gamma2_skew,42042,latentcp_tuned,0.9927072240798028,7.095611225603959
gamma2_skew,42042,latentcp_multi,0.9823696528657089,5.631134402626312
gamma2_skew,42042,latentcp_pac,0.9994142997039649,11.06553649195263
gamma2_skew,42042,noisy_threshold,0.9882054638162657,6.290527174296553
gamma2_skew,42042,simple_shrink,0.9876705129095796,6.218028966632007
gamma2_skew,42043,cohen,0.29548307690372805,0.7725089800145595
gamma2_skew,42043,cohen_stable,0.9380814466477382,3.512508980014562
gamma2_skew,42043,latentcp,0.9872841268489191,6.167549927099242
gamma2_skew,42043,latentcp_tuned,0.9763394481291487,5.154906667465161
gamma2_skew,42043,latentcp_multi,0.990514737731734,6.646222731021287
gamma2_skew,42043,latentcp_pac,0.9957463241319023,7.938371842027757
gamma2_skew,42043,noisy_threshold,0.9860317980120719,6.013644713252761
gamma2_skew,42043,simple_shrink,0.9854274506838975,5.944125679931135
gamma2_skew,42044,cohen,0.2719749802304734,0.71089730328658
gamma2_skew,42044,cohen_stable,0.9460784488349716,3.7508973032865827
gamma2_skew,42044,latentcp,0.9735880223178409,4.959343748996808
gamma2_skew,42044,latentcp_tuned,0.9286213885694766,3.5925495995053733
gamma2_skew,42044,latentcp_multi,0.975584985823948,5.091239866759349
gamma2_skew,42044,latentcp_pac,0.9846864659702406,5.862624240098079
gamma2_skew,42044,noisy_threshold,0.9670944210947041,4.59062869181875
gamma2_skew,42044,simple_shrink,0.9657403408096518,4.522677557253717
gamma2_skew,42045,cohen,0.29456560948625937,0.7701031174355251
gamma2_skew,42045,cohen_stable,0.9028007640086274,2.750103117435527
gamma2_skew,42045,latentcp,0.9845396185809457,5.846929079810152
gamma2_skew,42045,latentcp_tuned,0.9856101702645518,5.965504315932856
gamma2_skew,42045,latentcp_multi,0.9994543910907965,11.260193931318105
gamma2_skew,42045,latentcp_pac,0.996940270294632,8.464044649041744
gamma2_skew,42045,noisy_threshold,0.9844169654861903,5.83393070506221
gamma2_skew,42045,simple_shrink,0.9838670856698805,5.77685426657564
gamma2_skew,42046,cohen,0.3194218639446368,0.835327420161406
gamma2_skew,42046,cohen_stable,0.9455877073674096,3.7353274201614086
gamma2_skew,42046,latentcp,0.975997134219582,5.118917370681571
gamma2_skew,42046,latentcp_tuned,0.9776983736234055,5.266898526704629
gamma2_skew,42046,latentcp_multi,0.9764771862248712,5.178147098135155
gamma2_skew,42046,latentcp_pac,0.9913476446199323,6.794790501579516
gamma2_skew,42046,noisy_threshold,0.96968559687591,4.728528806987118
gamma2_skew,42046,simple_shrink,0.9687118510281881,4.67541935165903
gamma2_skew,42047,cohen,0.38539428183324065,1.0090466639953344
gamma2_skew,42047,cohen_stable,0.8342036404104087,2.3490466639953356
gamma2_skew,42047,latentcp,0.9499181494811721,3.877930777170036
gamma2_skew,42047,latentcp_tuned,0.9531086617209374,4.015013656719233
gamma2_skew,42047,latentcp_multi,0.9531086617209374,4.015013656719233
gamma2_skew,42047,latentcp_pac,0.9774183252615455,5.2205036145310535
gamma2_skew,42047,noisy_threshold,0.9497209224437004,3.8708783640387803
gamma2_skew,42047,simple_shrink,0.9477761184783998,3.8058226116076797
gamma2_skew,42048,cohen,0.3259914766546372,0.8525834422174023
gamma2_skew,42048,cohen_stable,0.8990556178018011,2.712583442217404
gamma2_skew,42048,latentcp,0.9901368305702414,6.582036584189684
gamma2_skew,42048,latentcp_tuned,0.9895353028652871,6.57229300977259
gamma2_skew,42048,latentcp_multi,0.9940020719995494,7.413061248523665
gamma2_skew,42048,latentcp_pac,0.9952066702518289,7.74706917142181
gamma2_skew,42048,noisy_threshold,0.9883926831486206,6.316659933397012
gamma2_skew,42048,simple_shrink,0.9878563862985514,6.24286499283841
gamma2_skew,42049,cohen,0.332183015446994,0.868853734153046
gamma2_skew,42049,cohen_stable,0.9350168894924182,3.4288537341530483
gamma2_skew,42049,latentcp,0.9842066521235054,5.811876154769206
gamma2_skew,42049,latentcp_tuned,0.9832606172788687,5.73726538101526
gamma2_skew,42049,latentcp_multi,0.9646941721595991,4.636713882250735
gamma2_skew,42049,latentcp_pac,0.9870792568538991,6.1413887160985
gamma2_skew,42049,noisy_threshold,0.9730297876459723,4.924377529181976
gamma2_skew,42049,simple_shrink,0.9720768362810424,4.866279573085801
gamma2_skew,42050,cohen,0.3775305593917113,0.9882808157953971
gamma2_skew,42050,cohen_stable,0.8720002771547988,2.5282808157953984
gamma2_skew,42050,latentcp,0.9773289798963423,5.213928093428658
gamma2_skew,42050,latentcp_tuned,0.9762527291791099,5.148024958813103
gamma2_skew,42050,latentcp_multi,0.9936171110123752,7.365643331404997
gamma2_skew,42050,latentcp_pac,0.9830994756533081,5.7002655194521665
gamma2_skew,42050,noisy_threshold,0.9718965114651722,4.855501790740247
gamma2_skew,42050,simple_shrink,0.9708152264783219,4.792243164560414
gamma2_skew,42051,cohen,0.34304547530875096,0.897416946476592
gamma2_skew,42051,cohen_stable,0.9139075553538619,2.937416946476594
gamma2_skew,42051,latentcp,0.9859049132481839,5.998809114185483
gamma2_skew,42051,latentcp_tuned,0.9548060057235495,4.062121520054632
gamma2_skew,42051,latentcp_multi,0.9623386203441794,4.371754414616401
gamma2_skew,42051,latentcp_pac,0.9967326535981077,8.359517664733238
gamma2_skew,42051,noisy_threshold,0.9824738341679929,5.640304066528307
gamma2_skew,42051,simple_shrink,0.9817630363934314,5.574655875246314
gamma2_skew,42052,cohen,0.3003152247860392,0.7851821808345698
gamma2_skew,42052,cohen_stable,0.9507183576456718,3.9051821808345726
gamma2_skew,42052,latentcp,0.9970418389611058,8.517751581240654
gamma2_skew,42052,latentcp_tuned,0.9780487500128078,5.289528493008764
gamma2_skew,42052,latentcp_multi,0.9878550560686894,6.344998257648565
gamma2_skew,42052,latentcp_pac,0.9989831282021262,10.203365015036248
gamma2_skew,42052,noisy_threshold,0.9967121850228314,8.349568951093072
gamma2_skew,42052,simple_shrink,0.9965555334836588,8.275387333606545
gamma2_skew,42053,cohen,0.317520840257179,0.8303355362804612
gamma2_skew,42053,cohen_stable,0.9237445827810191,3.1503355362804633
gamma2_skew,42053,latentcp,0.9933426069363321,7.2187672666223826
gamma2_skew,42053,latentcp_tuned,0.9761906945095375,5.2394236083875345
gamma2_skew,42053,latentcp_multi,0.9855046648994261,6.061834944184741
gamma2_skew,42053,latentcp_pac,0.9994578631693514,11.185918503932761
gamma2_skew,42053,noisy_threshold,0.9896274092256054,6.5000679444329945
gamma2_skew,42053,simple_shrink,0.9891849171649235,6.432000085943332
gamma2_skew,42054,cohen,0.3645134303065507,0.9539461061996533
gamma2_skew,42054,cohen_stable,0.9281383922985659,3.2539461061996553
gamma2_skew,42054,latentcp,0.9846286847350405,5.856431356885162
gamma2_skew,42054,latentcp_tuned,0.9807296188328075,5.492848039224052
gamma2_skew,42054,latentcp_multi,0.9805991466135455,5.481679974386248
gamma2_skew,42054,latentcp_pac,0.9859585491465775,6.0050646058345585
gamma2_skew,42054,noisy_threshold,0.9828720598429006,5.678224031876249
gamma2_skew,42054,simple_shrink,0.982220339425462,5.616599600632462
gamma2_skew,42055,cohen,0.353175503966134,0.9240773923322485
gamma2_skew,42055,cohen_stable,0.9325456166767869,3.3640773923322507
gamma2_skew,42055,latentcp,0.9686583723557183,4.672549020247155
gamma2_skew,42055,latentcp_tuned,0.9836488973755096,5.764449411035266
gamma2_skew,42055,latentcp_multi,0.9841464571645497,5.806181244693996
gamma2_skew,42055,latentcp_pac,0.9918116345286586,6.884140303408386
gamma2_skew,42055,noisy_threshold,0.967583800433227,4.615851627427934
gamma2_skew,42055,simple_shrink,0.9660649991754445,4.538730814932715
gamma2_skew,42056,cohen,0.30269670736661836,0.7914292828119076
gamma2_skew,42056,cohen_stable,0.9029210910063102,2.7514292828119093
gamma2_skew,42056,latentcp,0.975930696166149,5.1143118687322575
gamma2_skew,42056,latentcp_tuned,0.9636685622413939,4.433230911518036
gamma2_skew,42056,latentcp_multi,0.9753693349646713,5.076423306613759
gamma2_skew,42056,latentcp_pac,0.9880453400932141,6.268495753353769
gamma2_skew,42056,noisy_threshold,0.9744393506698872,5.014059192039592
gamma2_skew,42056,simple_shrink,0.9732054958260656,4.935306096477014
gamma2_skew,42057,cohen,0.3194382754918861,0.8353705178461488
gamma2_skew,42057,cohen_stable,0.9402933651418949,3.5753705178461512
gamma2_skew,42057,latentcp,0.969112358296393,4.697072224282488
gamma2_skew,42057,latentcp_tuned,0.9629875737714572,4.403904184585064
gamma2_skew,42057,latentcp_multi,0.9627729211470808,4.394127556892389
gamma2_skew,42057,latentcp_pac,0.983596076278688,5.749417015003122
gamma2_skew,42057,noisy_threshold,0.9636622062398881,4.423263482905586
gamma2_skew,42057,simple_shrink,0.9624405363415564,4.3673445005771985
gamma2_skew,42058,cohen,0.2840645484233802,0.742574166870527
gamma2_skew,42058,cohen_stable,0.9476771490679704,3.8025741668705297
gamma2_skew,42058,latentcp,0.9715573732996361,4.83541631462167
gamma2_skew,42058,latentcp_tuned,0.9811939623424228,5.54864727495078
gamma2_skew,42058,latentcp_multi,0.9736334437460102,4.962836525770199
gamma2_skew,42058,latentcp_pac,0.9888759738884714,6.386069854391094
gamma2_skew,42058,noisy_threshold,0.9702255971444317,4.7586951691182096
gamma2_skew,42058,simple_shrink,0.9690181473026034,4.691951223156937
gamma2_skew,42059,cohen,0.320655865675162,0.8385681124988946
gamma2_skew,42059,cohen_stable,0.9613427520049783,4.318568112498891
gamma2_skew,42059,latentcp,0.9709030663676452,4.797306500685194
gamma2_skew,42059,latentcp_tuned,0.9702404473431934,4.760186209977267
gamma2_skew,42059,latentcp_multi,0.9730502622626733,4.926318896383794
gamma2_skew,42059,latentcp_pac,0.9907061341355338,6.678686643615808
gamma2_skew,42059,noisy_threshold,0.969564411592891,4.7218302422245495
gamma2_skew,42059,simple_shrink,0.9686471361111291,4.671946444537809
gamma2_skew,42060,cohen,0.3086688744305867,0.807099183117622
gamma2_skew,42060,cohen_stable,0.8602267392210211,2.4670991831176234
gamma2_skew,42060,latentcp,0.9644492481414483,4.460265491260609
gamma2_skew,42060,latentcp_tuned,0.949363518533977,3.8592121127451775
gamma2_skew,42060,latentcp_multi,0.9670702672374079,4.58997194913709
gamma2_skew,42060,latentcp_pac,0.9964056775293386,8.207466808578555
gamma2_skew,42060,noisy_threshold,0.9602527005650024,4.271434816580512
gamma2_skew,42060,simple_shrink,0.9592337221122276,4.228484077245926
gamma2_skew,42061,cohen,0.28662985604562013,0.7492979333214316
gamma2_skew,42061,cohen_stable,0.8721852416170851,2.529297933321433
gamma2_skew,42061,latentcp,0.9666716717620293,4.569131410043183
gamma2_skew,42061,latentcp_tuned,0.9450500274376499,3.718896620257267
gamma2_skew,42061,latentcp_multi,0.9387199899296457,3.544147118641498
gamma2_skew,42061,latentcp_pac,0.9901317755175615,6.581202872836723
gamma2_skew,42061,noisy_threshold,0.9551507302726775,4.066126511082335
gamma2_skew,42061,simple_shrink,0.9533083850728861,3.997457578597671
gamma2_skew,42062,cohen,0.2993365936334134,0.7826152742652526
gamma2_skew,42062,cohen_stable,0.9534492420652333,4.002615274265255
gamma2_skew,42062,latentcp,0.9729593196369906,4.920014060017214
gamma2_skew,42062,latentcp_tuned,0.9702738478856332,4.771588951899145
gamma2_skew,42062,latentcp_multi,0.9615631543887645,4.338375139146233
gamma2_skew,42062,latentcp_pac,0.9802076351407834,5.439270017006201
gamma2_skew,42062,noisy_threshold,0.971964754104884,4.859572685972907
gamma2_skew,42062,simple_shrink,0.9711922516650655,4.814039417259539
gamma2_skew,42063,cohen,0.34247910642648377,0.8959270451966455
gamma2_skew,42063,cohen_stable,0.9128509540076404,2.9159270451966472
gamma2_skew,42063,latentcp,0.9645743110166426,4.466251823865791
gamma2_skew,42063,latentcp_tuned,0.98933538029714,6.53847657473347
gamma2_skew,42063,latentcp_multi,0.960373938153493,4.289777760326246
gamma2_skew,42063,latentcp_pac,0.9907884011460848,6.693129718932621
gamma2_skew,42063,noisy_threshold,0.9569472405035273,4.1357403764354554
gamma2_skew,42063,simple_shrink,0.9554710195289928,4.078339512564256
gamma2_skew,42064,cohen,0.34758139113555087,0.9093517760833225
gamma2_skew,42064,cohen_stable,0.9027322214375325,2.749351776083324
gamma2_skew,42064,latentcp,0.9913251716379443,6.79058286648893
gamma2_skew,42064,latentcp_tuned,0.9878376125569239,6.251700711178335
gamma2_skew,42064,latentcp_multi,0.996319740360268,8.248778751426386
gamma2_skew,42064,latentcp_pac,0.9923347599384001,6.991024688927292
gamma2_skew,42064,noisy_threshold,0.9906470401543238,6.668388883800302
gamma2_skew,42064,simple_shrink,0.990247710850143,6.600425225943423
gamma2_skew,42065,cohen,0.30865949798179954,0.8070745767011389
gamma2_skew,42065,cohen_stable,0.904277007435279,2.7670745767011407
gamma2_skew,42065,latentcp,0.9676367900084574,4.618626375314227
gamma2_skew,42065,latentcp_tuned,0.9517276683374116,3.9576681841209176
gamma2_skew,42065,latentcp_multi,0.9657809897036586,4.659790132145914
gamma2_skew,42065,latentcp_pac,0.9761635048235369,5.130505879022333
gamma2_skew,42065,noisy_threshold,0.9651902778667864,4.495810233523167
gamma2_skew,42065,simple_shrink,0.9639469584753408,4.436557018810979
gamma2_skew,42066,cohen,0.2686130017376652,0.7020911458378918
gamma2_skew,42066,cohen_stable,0.9590799262136654,4.22209114583789
gamma2_skew,42066,latentcp,0.9830689732925353,5.697292488232636
gamma2_skew,42066,latentcp_tuned,0.9684443987272047,4.661730861705684
gamma2_skew,42066,latentcp_multi,0.9758861850879148,5.122471563299175
gamma2_skew,42066,latentcp_pac,0.992340421788007,6.992220159022988
gamma2_skew,42066,noisy_threshold,0.9827506477494614,5.666572838387297
gamma2_skew,42066,simple_shrink,0.9820611858931199,5.601884338605292
gamma2_skew,42067,cohen,0.37228007586871265,0.9744260967366092
gamma2_skew,42067,cohen_stable,0.8576342974722965,2.4544260967366105
gamma2_skew,42067,latentcp,0.9830817343369851,5.69853585067045
gamma2_skew,42067,latentcp_tuned,0.98882896624271,6.389589968832744
gamma2_skew,42067,latentcp_multi,0.9873524320923383,6.198936514499443
gamma2_skew,42067,latentcp_pac,0.9931542174685205,7.173736677003004
gamma2_skew,42067,noisy_threshold,0.9812753270722441,5.531034815189897
gamma2_skew,42067,simple_shrink,0.9804566295090457,5.460232804619685
gamma2_skew,42068,cohen,0.3042312500006979,0.7954551342402483
gamma2_skew,42068,cohen_stable,0.9486707105635569,3.835455134240251
gamma2_skew,42068,latentcp,0.9713766206947699,4.824812092643859
gamma2_skew,42068,latentcp_tuned,0.9851731392954705,6.0037101638921015
gamma2_skew,42068,latentcp_multi,0.9690926580304098,4.696628320841274
gamma2_skew,42068,latentcp_pac,0.9872931316015691,6.168708549900262
gamma2_skew,42068,noisy_threshold,0.9713424433200837,4.8227989857709055
gamma2_skew,42068,simple_shrink,0.9703188128782914,4.763955924590671
gamma2_skew,42069,cohen,0.2831890348556108,0.7402795964777185
gamma2_skew,42069,cohen_stable,0.9383590327056892,3.520279596477721
gamma2_skew,42069,latentcp,0.9641799200474854,4.447513694946984
gamma2_skew,42069,latentcp_tuned,0.9477361894982868,3.816180894640977
gamma2_skew,42069,latentcp_multi,0.9619233952854574,4.344768081691531
gamma2_skew,42069,latentcp_pac,0.9870097824814593,6.132607104780066
gamma2_skew,42069,noisy_threshold,0.9619674379462864,4.3461581386523935
gamma2_skew,42069,simple_shrink,0.9607504331008357,4.29280046872574
gamma2_skew,42070,cohen,0.40811449167037717,1.0691595321868608
gamma2_skew,42070,cohen_stable,0.8855326104085697,2.609159532186862
gamma2_skew,42070,latentcp,0.9731905387199055,4.934396297875056
gamma2_skew,42070,latentcp_tuned,0.9830463535221449,5.816352303468429
gamma2_skew,42070,latentcp_multi,0.9751688781498519,5.063031986500229
gamma2_skew,42070,latentcp_pac,0.9971155813499706,8.557894603302243
gamma2_skew,42070,noisy_threshold,0.9717119505928439,4.844539789956866
gamma2_skew,42070,simple_shrink,0.9708112397957924,4.7920141457863465
gamma2_skew,42071,cohen,0.28953685262865947,0.7569182688903093
gamma2_skew,42071,cohen_stable,0.9468891841339446,3.776918268890312
gamma2_skew,42071,latentcp,0.9782531303613677,5.283091275197799
gamma2_skew,42071,latentcp_tuned,0.9907411556669007,6.769841701798586
gamma2_skew,42071,latentcp_multi,0.9848262668220897,5.889889797616438
gamma2_skew,42071,latentcp_pac,0.9893635634040737,6.459147555585045
gamma2_skew,42071,noisy_threshold,0.977827390278881,5.250881056393584
gamma2_skew,42071,simple_shrink,0.9768167086894805,5.176758729158776
gamma2_skew,42072,cohen,0.28680763903579526,0.7497639391750393
gamma2_skew,42072,cohen_stable,0.9084910339489747,2.829763939175041
gamma2_skew,42072,latentcp,0.9876544040273418,6.215911247659227
gamma2_skew,42072,latentcp_tuned,0.9828451607901317,5.688590737904001
gamma2_skew,42072,latentcp_multi,0.9840983282733763,5.813348371280056
gamma2_skew,42072,latentcp_pac,0.994855231972122,7.633554036116238
gamma2_skew,42072,noisy_threshold,0.9852022745178534,5.918939345216068
gamma2_skew,42072,simple_shrink,0.9847114482153737,5.865308727185681
gamma2_skew,42073,cohen,0.32648520321601004,0.853880603025412
gamma2_skew,42073,cohen_stable,0.9238990216417206,3.153880603025414
gamma2_skew,42073,latentcp,0.9823657059432166,5.63015258187625
gamma2_skew,42073,latentcp_tuned,0.9896004365722005,6.506970371905092
gamma2_skew,42073,latentcp_multi,0.9836536302557917,5.755826847399688
gamma2_skew,42073,latentcp_pac,0.9924716850597143,7.0201810757411645
gamma2_skew,42073,noisy_threshold,0.9810753988138413,5.513471263550189
gamma2_skew,42073,simple_shrink,0.9801448781698845,5.434026904132743
gamma2_skew,42074,cohen,0.32823625137797124,0.8584814755799792
gamma2_skew,42074,cohen_stable,0.845598026772699,2.3984814755799806
gamma2_skew,42074,latentcp,0.964877193371283,4.480744265947317
gamma2_skew,42074,latentcp_tuned,0.9620135124043082,4.361406059776526
gamma2_skew,42074,latentcp_multi,0.9398840372766246,3.60771751527762
gamma2_skew,42074,latentcp_pac,0.9750390508338385,5.053683223783384
gamma2_skew,42074,noisy_threshold,0.956994674211483,4.137615895421918
gamma2_skew,42074,simple_shrink,0.9551834071064175,4.0673686827752595
gamma2_skew,42075,cohen,0.3300956142585147,0.8633675823551994
gamma2_skew,42075,cohen_stable,0.9483075743009863,3.823367582355202
gamma2_skew,42075,latentcp,0.9797000002127502,5.397315133605482
gamma2_skew,42075,latentcp_tuned,0.9890686243940888,6.525784252274811
gamma2_skew,42075,latentcp_multi,0.9886855416554092,6.369898311012198
gamma2_skew,42075,latentcp_pac,0.999206126521577,10.59091021843798
gamma2_skew,42075,noisy_threshold,0.9769907344659143,5.189295607465331
gamma2_skew,42075,simple_shrink,0.9760371361349077,5.121694213216777
gamma2_skew,42076,cohen,0.3625302539901751,0.948719246288992
gamma2_skew,42076,cohen_stable,0.8720800508938366,2.5287192462889934
gamma2_skew,42076,latentcp,0.9859078342635529,5.9991492908660184
gamma2_skew,42076,latentcp_tuned,0.9430143849520849,3.8186452585118356
gamma2_skew,42076,latentcp_multi,0.9869504369648204,6.12571565775502
gamma2_skew,42076,latentcp_pac,0.9912601289769314,6.778464718463471
gamma2_skew,42076,noisy_threshold,0.9760760959549103,5.1244046451629846
gamma2_skew,42076,simple_shrink,0.9749265102266332,5.046170138287074
gamma2_skew,42077,cohen,0.3150045468158797,0.8237289689545411
gamma2_skew,42077,cohen_stable,0.9348245474239774,3.4237289689545434
gamma2_skew,42077,latentcp,0.9851173355055828,5.909535790393465
gamma2_skew,42077,latentcp_tuned,0.9997511039166186,12.405379159110948
gamma2_skew,42077,latentcp_multi,0.9850046014866894,5.908175096624177
gamma2_skew,42077,latentcp_pac,0.9998242629381618,12.930577669230503
gamma2_skew,42077,noisy_threshold,0.9776932685982058,5.240858459014655
gamma2_skew,42077,simple_shrink,0.9770551904356972,5.1939623654224665
gamma2_skew,42078,cohen,0.39260779250194877,1.0281127448286953
gamma2_skew,42078,cohen_stable,0.8242675647171006,2.3081127448286964
gamma2_skew,42078,latentcp,0.9635291449953249,4.417139636681888
gamma2_skew,42078,latentcp_tuned,0.9938226111996846,7.420508158613838
gamma2_skew,42078,latentcp_multi,0.9761196122526637,5.1280398544757375
gamma2_skew,42078,latentcp_pac,0.9849680313710634,5.89313284848657
gamma2_skew,42078,noisy_threshold,0.9632076110783829,4.402247184189116
gamma2_skew,42078,simple_shrink,0.9616231422031754,4.330898492708568
gamma2_skew,42079,cohen,0.2501847676859594,0.6538406500581901
gamma2_skew,42079,cohen_stable,0.9147069360238154,2.953840650058192
gamma2_skew,42079,latentcp,0.9597755335247183,4.25119794277038
gamma2_skew,42079,latentcp_tuned,0.9553611056595183,4.074622010355025
gamma2_skew,42079,latentcp_multi,0.9634046010523386,4.421082509910016
gamma2_skew,42079,latentcp_pac,0.9911534824181908,6.758784946536797
gamma2_skew,42079,noisy_threshold,0.9592040310171824,4.227248087629658
gamma2_skew,42079,simple_shrink,0.9575642941832868,4.16029480895558
gamma2_skew,42080,cohen,0.3577898050117828,0.9362294385815835
gamma2_skew,42080,cohen_stable,0.9337831789451012,3.3962294385815857
gamma2_skew,42080,latentcp,0.9850280644121793,5.89970844578478
gamma2_skew,42080,latentcp_tuned,0.98525413326709,5.947166583944588
gamma2_skew,42080,latentcp_multi,0.9712112040375057,4.836939208429766
gamma2_skew,42080,latentcp_pac,0.994325707062162,7.476138675166896
gamma2_skew,42080,noisy_threshold,0.9767887489727151,5.174753006493241
gamma2_skew,42080,simple_shrink,0.9760253886992559,5.120877782250423
gamma2_skew,42081,cohen,0.37281095140288223,0.9758265833443955
gamma2_skew,42081,cohen_stable,0.9330003749325466,3.3758265833443977
gamma2_skew,42081,latentcp,0.9880602859107489,6.270539909723018
gamma2_skew,42081,latentcp_tuned,0.9912813192582642,6.8442704422038165
gamma2_skew,42081,latentcp_multi,0.9912813192582642,6.8442704422038165
gamma2_skew,42081,latentcp_pac,0.9941922068999836,7.438729891454066
gamma2_skew,42081,noisy_threshold,0.9874838285968076,6.1934495605902
gamma2_skew,42081,simple_shrink,0.986947868161707,6.124820941075282
gamma2_skew,42082,cohen,0.3832947510637549,1.0035005322323327
gamma2_skew,42082,cohen_stable,0.9309524694420985,3.3235005322323348
gamma2_skew,42082,latentcp,0.9799817202383824,5.420470604390863
gamma2_skew,42082,latentcp_tuned,0.9914753840350568,6.828761621590381
gamma2_skew,42082,latentcp_multi,0.9914753840350568,6.828761621590381
gamma2_skew,42082,latentcp_pac,0.9938664223078707,7.350868334340481
gamma2_skew,42082,noisy_threshold,0.9744183466814221,5.012688074377085
gamma2_skew,42082,simple_shrink,0.9734826229705204,4.95268426886653
gamma2_skew,42083,cohen,0.3174185137666988,0.8300668555524395
gamma2_skew,42083,cohen_stable,0.8437072009638641,2.390066855552441
gamma2_skew,42083,latentcp,0.9635651280785563,4.418788074308009
gamma2_skew,42083,latentcp_tuned,0.9992845234278722,10.85219574150103
gamma2_skew,42083,latentcp_multi,0.9992845234278722,10.85219574150103
gamma2_skew,42083,latentcp_pac,0.9708963507333747,4.796920587487136
gamma2_skew,42083,noisy_threshold,0.9602397891255126,4.270884006475515
gamma2_skew,42083,simple_shrink,0.958744964127026,4.208246997583909
gamma2_skew,42084,cohen,0.3525261689358379,0.922367743064826
gamma2_skew,42084,cohen_stable,0.7966948955890181,2.202367743064827
gamma2_skew,42084,latentcp,0.9687555338144478,4.677781779369952
gamma2_skew,42084,latentcp_tuned,0.9934102384161918,7.235887926937312
gamma2_skew,42084,latentcp_multi,0.9710090304053826,4.803983259787253
gamma2_skew,42084,latentcp_pac,0.9954047099497321,7.814693766608651
gamma2_skew,42084,noisy_threshold,0.9680407412735578,4.639736234621304
gamma2_skew,42084,simple_shrink,0.9668056710957807,4.575915369186983
gamma2_skew,42085,cohen,0.2802360698269509,0.7325410548163451
gamma2_skew,42085,cohen_stable,0.8967922340288682,2.692541054816347
gamma2_skew,42085,latentcp,0.970687202466354,4.7849042087469185
gamma2_skew,42085,latentcp_tuned,0.9908017385024691,6.764652792453983
gamma2_skew,42085,latentcp_multi,0.9694537925760216,4.737599663624679
gamma2_skew,42085,latentcp_pac,0.9867887648964918,6.104976607767435
gamma2_skew,42085,noisy_threshold,0.9615649964468855,4.3283343885469705
gamma2_skew,42085,simple_shrink,0.9599373971348822,4.25803265266396
gamma2_skew,42086,cohen,0.3263272680485411,0.8534656572535817
gamma2_skew,42086,cohen_stable,0.8489140367636715,2.413465657253583
gamma2_skew,42086,latentcp,0.9750190196992616,5.052336508615948
gamma2_skew,42086,latentcp_tuned,0.9840817318143488,5.808200891322977
gamma2_skew,42086,latentcp_multi,0.9840817318143488,5.808200891322977
gamma2_skew,42086,latentcp_pac,0.9975001932878773,8.78517214194152
gamma2_skew,42086,noisy_threshold,0.9741786475131323,4.997117446132029
gamma2_skew,42086,simple_shrink,0.9732184514725466,4.936114642648224
gamma2_skew,42087,cohen,0.32554247557676014,0.8514038273784106
gamma2_skew,42087,cohen_stable,0.9531425363533252,3.9914038273784134
gamma2_skew,42087,latentcp,0.9864125119139735,6.058959919731238
gamma2_skew,42087,latentcp_tuned,0.9953189735933458,7.8769033023690405
gamma2_skew,42087,latentcp_multi,0.9899504460705546,6.552330365823358
gamma2_skew,42087,latentcp_pac,0.9968223038044652,8.403827164992274
gamma2_skew,42087,noisy_threshold,0.9824997272315745,5.642744076477679
gamma2_skew,42087,simple_shrink,0.9818314841263769,5.580868397531248
gamma2_skew,42088,cohen,0.34411142408033546,0.9002212429081098
gamma2_skew,42088,cohen_stable,0.7498595887484008,2.040221242908111
gamma2_skew,42088,latentcp,0.9697314549574163,4.7310711270990655
gamma2_skew,42088,latentcp_tuned,0.971918949848712,4.857413843238026
gamma2_skew,42088,latentcp_multi,0.9763060336020601,5.208051671277333
gamma2_skew,42088,latentcp_pac,0.9828159770763957,5.672832176986735
gamma2_skew,42088,noisy_threshold,0.968011617404025,4.638204117192648
gamma2_skew,42088,simple_shrink,0.9669482357057038,4.583164301273927
gamma2_skew,42089,cohen,0.2438335196098701,0.6372179879713049
gamma2_skew,42089,cohen_stable,0.8699651996404517,2.5172179879713066
gamma2_skew,42089,latentcp,0.9660995098031934,4.540447529296381
gamma2_skew,42089,latentcp_tuned,0.9700384211947147,4.817856246957996
gamma2_skew,42089,latentcp_multi,0.9757817425739477,5.11459795462777
gamma2_skew,42089,latentcp_pac,0.9868394618793781,6.111274435342107
gamma2_skew,42089,noisy_threshold,0.9614254827229245,4.322197299767604
gamma2_skew,42089,simple_shrink,0.9598133558636783,4.252787944450797
gamma2_skew,42090,cohen,0.3783650829582624,0.9904836608404772
gamma2_skew,42090,cohen_stable,0.9491188034147269,3.8504836608404798
gamma2_skew,42090,latentcp,0.9797434739537161,5.400869464687616
gamma2_skew,42090,latentcp_tuned,0.983162757105131,5.71854796748154
gamma2_skew,42090,latentcp_multi,0.9831846248456344,5.70924630709013
gamma2_skew,42090,latentcp_pac,0.9954662962111652,7.836308165896756
gamma2_skew,42090,noisy_threshold,0.9787838863833376,5.324110085266474
gamma2_skew,42090,simple_shrink,0.9779250769628599,5.258218010844631
gamma2_skew,42091,cohen,0.3078778695790823,0.8050234140575823
gamma2_skew,42091,cohen_stable,0.9596290416608078,4.24502341405758
gamma2_skew,42091,latentcp,0.9862287621760925,6.036936304784551
gamma2_skew,42091,latentcp_tuned,0.9916714891778912,6.884326746344839
gamma2_skew,42091,latentcp_multi,0.9896154417953301,6.510537750623561
gamma2_skew,42091,latentcp_pac,0.9926489239364256,7.0587027645132165
gamma2_skew,42091,noisy_threshold,0.9839759329888288,5.788000553049129
gamma2_skew,42091,simple_shrink,0.9834419992552688,5.734013875804449
gamma2_skew,42092,cohen,0.31892617016546143,0.8340257213395827
gamma2_skew,42092,cohen_stable,0.9537594182748479,4.014025721339586
gamma2_skew,42092,latentcp,0.9806826605160035,5.479488836529458
gamma2_skew,42092,latentcp_tuned,0.9763461053329356,5.170342889680123
gamma2_skew,42092,latentcp_multi,0.9940622664353093,7.416538607302318
gamma2_skew,42092,latentcp_pac,0.9957538019718322,7.941186971769757
gamma2_skew,42092,noisy_threshold,0.9804022639913444,5.455633742067388
gamma2_skew,42092,simple_shrink,0.979730782707123,5.399828846408662
gamma2_skew,42093,cohen,0.30940695466952545,0.8090361547852298
gamma2_skew,42093,cohen_stable,0.9372357069709237,3.489036154785232
gamma2_skew,42093,latentcp,0.9819760100667253,5.594061069526921
gamma2_skew,42093,latentcp_tuned,0.9965573006642623,8.286890556007114
gamma2_skew,42093,latentcp_multi,0.9890461784792204,6.4118164856464634
gamma2_skew,42093,latentcp_pac,0.9975244043026518,8.800610693993224
gamma2_skew,42093,noisy_threshold,0.9700408800064756,4.748317208309373
gamma2_skew,42093,simple_shrink,0.9690829679212811,4.695470022094765
gamma2_skew,42094,cohen,0.37293106344460314,0.976143458410835
gamma2_skew,42094,cohen_stable,0.903342032070538,2.7561434584108366
gamma2_skew,42094,latentcp,0.9838995246087475,5.780169453043975
gamma2_skew,42094,latentcp_tuned,0.9579362125072401,4.189521483256113
gamma2_skew,42094,latentcp_multi,0.9838010524542188,5.783030850869089
gamma2_skew,42094,latentcp_pac,0.9917559154311015,6.873152426634352
gamma2_skew,42094,noisy_threshold,0.9837182799336948,5.761733937053126
gamma2_skew,42094,simple_shrink,0.9829711891403428,5.6877965849328005
gamma2_skew,42095,cohen,0.30765979516068065,0.8044511563931254
gamma2_skew,42095,cohen_stable,0.9252186100596997,3.1844511563931275
gamma2_skew,42095,latentcp,0.9594717047848819,4.2384426231695045
gamma2_skew,42095,latentcp_tuned,0.9904608857525163,6.716551592383158
gamma2_skew,42095,latentcp_multi,0.9394171579229034,3.570077172756567
gamma2_skew,42095,latentcp_pac,0.9733575223596438,4.944819736748759
gamma2_skew,42095,noisy_threshold,0.9563103899781036,4.110749485516317
gamma2_skew,42095,simple_shrink,0.9546945158610411,4.048874007361474
gamma2_skew,42096,cohen,0.3697254059685984,0.9676878124559227
gamma2_skew,42096,cohen_stable,0.9209660877780951,3.0876878124559246
gamma2_skew,42096,latentcp,0.9840496578717165,5.7955922363246
gamma2_skew,42096,latentcp_tuned,0.9716485684805974,4.862292156276963
gamma2_skew,42096,latentcp_multi,0.9687260958281008,4.697541055501752
gamma2_skew,42096,latentcp_pac,0.9938169287532941,7.337922373011475
gamma2_skew,42096,noisy_threshold,0.9701399508372532,4.753875599440135
gamma2_skew,42096,simple_shrink,0.9689132431363255,4.686271500520798
gamma2_skew,42097,cohen,0.34430681937283547,0.9007353156629772
gamma2_skew,42097,cohen_stable,0.9528488884494725,3.98073531566298
gamma2_skew,42097,latentcp,0.9792933991029663,5.364436483224263
gamma2_skew,42097,latentcp_tuned,0.9630946135717317,4.408173495806654
gamma2_skew,42097,latentcp_multi,0.9754653322952979,5.082998597589512
gamma2_skew,42097,latentcp_pac,0.9996000610566672,11.658828325396389
gamma2_skew,42097,noisy_threshold,0.9747199642223456,5.032482653935066
gamma2_skew,42097,simple_shrink,0.9735618470764766,4.957684560581149
gamma2_skew,42098,cohen,0.32285779197894793,0.8443514041509426
gamma2_skew,42098,cohen_stable,0.9571646090509648,4.144351404150942
gamma2_skew,42098,latentcp,0.9759104340889161,5.112909889927883
gamma2_skew,42098,latentcp_tuned,0.9873934929211573,6.254794310732684
gamma2_skew,42098,latentcp_multi,0.9873934929211573,6.254794310732684
gamma2_skew,42098,latentcp_pac,0.9903768493374208,6.6221014607784925
gamma2_skew,42098,noisy_threshold,0.9759117134691162,5.112997457028863
gamma2_skew,42098,simple_shrink,0.9749460340017078,5.047469587948423
gamma2_skew,42099,cohen,0.30448054949764974,0.7961092011517379
gamma2_skew,42099,cohen_stable,0.9456124492644704,3.7361092011517405
gamma2_skew,42099,latentcp,0.9914408112835329,6.812348978728673
gamma2_skew,42099,latentcp_tuned,0.986714706014192,6.115373463477841
gamma2_skew,42099,latentcp_multi,0.9920636502685306,6.935283525922321
gamma2_skew,42099,latentcp_pac,0.9961744787599298,8.107957064117132
gamma2_skew,42099,noisy_threshold,0.9851899356249861,5.917570028612932
gamma2_skew,42099,simple_shrink,0.9847477728734589,5.8692199231767574
gamma2_skew,42100,cohen,0.28922352626869396,0.7560968707019247
gamma2_skew,42100,cohen_stable,0.9195290489015846,3.0560968707019267
gamma2_skew,42100,latentcp,0.9583882584912993,4.193630101043372
gamma2_skew,42100,latentcp_tuned,0.9429789356469788,3.6661735453254
gamma2_skew,42100,latentcp_multi,0.9602850419580393,4.273372049599744
gamma2_skew,42100,latentcp_pac,0.9883320942983453,6.308157971470912
gamma2_skew,42100,noisy_threshold,0.9571903487713682,4.1453738530172455
gamma2_skew,42100,simple_shrink,0.9552361155402439,4.069374161956696
gamma2_skew,42101,cohen,0.411809585384092,1.0789537702477046
gamma2_skew,42101,cohen_stable,0.9130005036508778,2.918953770247706
gamma2_skew,42101,latentcp,0.9759094228099212,5.112839699941442
gamma2_skew,42101,latentcp_tuned,0.9671512112970723,4.602129941761769
gamma2_skew,42101,latentcp_multi,0.9768469854467148,5.179421477494639
gamma2_skew,42101,latentcp_pac,0.9936518556176472,7.2954673598709325
gamma2_skew,42101,noisy_threshold,0.9758529365497214,5.1089369676099725
gamma2_skew,42101,simple_shrink,0.9749117482833277,5.045188273189146
gamma2_skew,42102,cohen,0.2913741127321906,0.7617349779768734
gamma2_skew,42102,cohen_stable,0.9080633457814059,2.8217349779768752
gamma2_skew,42102,latentcp,0.970272886362181,4.761365763352057
gamma2_skew,42102,latentcp_tuned,0.9731458756584058,4.953828882842429
gamma2_skew,42102,latentcp_multi,0.9588747057547218,4.214086749606391
gamma2_skew,42102,latentcp_pac,0.98985791400707,6.536658495032237
gamma2_skew,42102,noisy_threshold,0.961865658248834,4.341633350057455
gamma2_skew,42102,simple_shrink,0.9603329076646072,4.274860355727969
gamma2_skew,42103,cohen,0.34509338247365706,0.9028047993333672
gamma2_skew,42103,cohen_stable,0.7913175434080176,2.1828047993333684
gamma2_skew,42103,latentcp,0.9714306106006467,4.827961955375014
gamma2_skew,42103,latentcp_tuned,0.9775603283236606,5.239907053873622
gamma2_skew,42103,latentcp_multi,0.9509789343021225,3.9848245844353176
gamma2_skew,42103,latentcp_pac,0.9837511946776287,5.76506683118025
gamma2_skew,42103,noisy_threshold,0.9700305180616031,4.747736874227795
gamma2_skew,42103,simple_shrink,0.9687576495856547,4.677881306765038
gamma2_skew,42104,cohen,0.38885634577617467,1.0181951424830205
gamma2_skew,42104,cohen_stable,0.9626806388352632,4.3781951424830154
gamma2_skew,42104,latentcp,0.982713469418259,5.663021004023258
gamma2_skew,42104,latentcp_tuned,0.9806689321790752,5.488591084654809
gamma2_skew,42104,latentcp_multi,0.9832853013558511,5.787209483983837
gamma2_skew,42104,latentcp_pac,0.9925809495252534,7.0438225200714575
gamma2_skew,42104,noisy_threshold,0.9815189967982201,5.552689003267929
gamma2_skew,42104,simple_shrink,0.9807091434698643,5.481758432378404
gamma2_skew,42105,cohen,0.3084698775278721,0.8065769627008716
gamma2_skew,42105,cohen_stable,0.9172268045201926,3.0065769627008736
gamma2_skew,42105,latentcp,0.9891561309841702,6.427666964886933
gamma2_skew,42105,latentcp_tuned,0.9800694311624925,5.453509195519417
gamma2_skew,42105,latentcp_multi,0.9833606195026984,5.751928815691574
gamma2_skew,42105,latentcp_pac,0.9963971566297074,8.203688972527896
gamma2_skew,42105,noisy_threshold,0.9867329825377777,6.098074215177407
gamma2_skew,42105,simple_shrink,0.9862790815085464,6.042938773576179
gamma2_skew,42106,cohen,0.3033973427713134,0.7932673467764735
gamma2_skew,42106,cohen_stable,0.9184752708342488,3.0332673467764755
gamma2_skew,42106,latentcp,0.974301162009328,5.005060017218299
gamma2_skew,42106,latentcp_tuned,0.9608646934449832,4.320261596285828
gamma2_skew,42106,latentcp_multi,0.9711541099921169,4.834867037053546
gamma2_skew,42106,latentcp_pac,0.9868075012983255,6.10730142580534
gamma2_skew,42106,noisy_threshold,0.9626504505936313,4.376827201384817
gamma2_skew,42106,simple_shrink,0.9610339894083504,4.305089058238093
gamma2_skew,42107,cohen,0.3094459653609418,0.8091385343915771
gamma2_skew,42107,cohen_stable,0.9466480177171788,3.7691385343915798
gamma2_skew,42107,latentcp,0.9914417096190918,6.81251919051609
gamma2_skew,42107,latentcp_tuned,0.9898605003489345,6.591864819500152
gamma2_skew,42107,latentcp_multi,0.9902254027728492,6.65156702899465
gamma2_skew,42107,latentcp_pac,0.9955112163291843,7.852256092955923
gamma2_skew,42107,noisy_threshold,0.9899223032479977,6.547024951337958
gamma2_skew,42107,simple_shrink,0.9895078473734735,6.481400330155765
gamma2_skew,42108,cohen,0.29916337197152243,0.78216093567575
gamma2_skew,42108,cohen_stable,0.8708797391422995,2.5221609356757515
gamma2_skew,42108,latentcp,0.9598109959502391,4.253450309518453
gamma2_skew,42108,latentcp_tuned,0.9492729639214822,3.9397289596892944
gamma2_skew,42108,latentcp_multi,0.921604320443491,3.1973149982445226
gamma2_skew,42108,latentcp_pac,0.9918538855999384,6.892523278740418
gamma2_skew,42108,noisy_threshold,0.9464550931439594,3.7629391404375157
gamma2_skew,42108,simple_shrink,0.9451130312141738,3.7203941277907897
gamma2_skew,42109,cohen,0.29069971757426194,0.7599668784855678
gamma2_skew,42109,cohen_stable,0.8628062738408935,2.4799668784855693
gamma2_skew,42109,latentcp,0.9760853720550446,5.12505112324839
gamma2_skew,42109,latentcp_tuned,0.9688714829086337,4.684496890235803
gamma2_skew,42109,latentcp_multi,0.9968202107010665,8.412360636562818
gamma2_skew,42109,latentcp_pac,0.9980858250649597,9.207814306808286
gamma2_skew,42109,noisy_threshold,0.966482135658547,4.5595753347480255
gamma2_skew,42109,simple_shrink,0.9653795833414619,4.50501026136388
gamma2_skew,42110,cohen,0.3022963386126742,0.7903789781748607
gamma2_skew,42110,cohen_stable,0.9434943131374198,3.6703789781748632
gamma2_skew,42110,latentcp,0.9659186161947764,4.531483200160083
gamma2_skew,42110,latentcp_tuned,0.9808773462441732,5.574017742004264
gamma2_skew,42110,latentcp_multi,0.9808773462441732,5.574017742004264
gamma2_skew,42110,latentcp_pac,0.9799646091800112,5.419055563904306
gamma2_skew,42110,noisy_threshold,0.9620508799822061,4.349876385867268
gamma2_skew,42110,simple_shrink,0.9602866129692522,4.2728823597629155
gamma2_skew,42111,cohen,0.3704380212740302,0.9695672468141465
gamma2_skew,42111,cohen_stable,0.8093243856643862,2.2495672468141477
gamma2_skew,42111,latentcp,0.9891788735914162,6.431089399063722
gamma2_skew,42111,latentcp_tuned,0.9961115695470539,8.082459870387902
gamma2_skew,42111,latentcp_multi,0.989704335648386,6.5327405846882
gamma2_skew,42111,latentcp_pac,0.9962486208721287,8.139208899278632
gamma2_skew,42111,noisy_threshold,0.9844334601938796,5.835672945458037
gamma2_skew,42111,simple_shrink,0.9837073238285289,5.760625994032701
gamma2_skew,42112,cohen,0.2529871908208422,0.6611762619720056
gamma2_skew,42112,cohen_stable,0.9188417979076174,3.0411762619720077
gamma2_skew,42112,latentcp,0.9668573853332234,4.578585832528681
gamma2_skew,42112,latentcp_tuned,0.9864214911734405,6.0706616369669835
gamma2_skew,42112,latentcp_multi,0.969310868757487,4.70841837452506
gamma2_skew,42112,latentcp_pac,0.9953889906126915,7.80922247731485
gamma2_skew,42112,noisy_threshold,0.9611635497619399,4.310732485202642
gamma2_skew,42112,simple_shrink,0.9594462701800803,4.237357406764355
gamma2_skew,42113,cohen,0.34804502702267537,0.9105719481781036
gamma2_skew,42113,cohen_stable,0.9654935429146568,4.510571948178096
gamma2_skew,42113,latentcp,0.9803292353478181,5.44947552122364
gamma2_skew,42113,latentcp_tuned,0.9959079851017996,8.078316236339145
gamma2_skew,42113,latentcp_multi,0.9723645443138917,4.884217842361907
gamma2_skew,42113,latentcp_pac,0.9940796902898711,7.407850409610631
gamma2_skew,42113,noisy_threshold,0.979709730594292,5.3981084227233245
gamma2_skew,42113,simple_shrink,0.978962539490458,5.338141814110437
gamma2_skew,42114,cohen,0.3472769038068591,0.9085504692893602
gamma2_skew,42114,cohen_stable,0.8963203325627769,2.688550469289362
gamma2_skew,42114,latentcp,0.9670493640029467,4.588359702465194
gamma2_skew,42114,latentcp_tuned,0.9552155749331257,4.266529414175765
gamma2_skew,42114,latentcp_multi,0.9552155749331257,4.266529414175765
gamma2_skew,42114,latentcp_pac,0.9749018154726784,5.044538020481717
gamma2_skew,42114,noisy_threshold,0.9574525199820698,4.15582168967088
gamma2_skew,42114,simple_shrink,0.9561354660930853,4.103946353968265
gamma2_skew,42115,cohen,0.3141622878497716,0.8215178423149485
gamma2_skew,42115,cohen_stable,0.9432028237790291,3.661517842314951
gamma2_skew,42115,latentcp,0.9841879781663654,5.809927839795578
gamma2_skew,42115,latentcp_tuned,0.9873604609767357,6.188857500247439
gamma2_skew,42115,latentcp_multi,0.9873604609767357,6.188857500247439
gamma2_skew,42115,latentcp_pac,0.9908489023490532,6.7038321037489315
gamma2_skew,42115,noisy_threshold,0.9786622644827059,5.314623101367807
gamma2_skew,42115,simple_shrink,0.9778836186332737,5.255100363144036
gamma2_skew,42116,cohen,0.3129374263651723,0.8183025038231726
gamma2_skew,42116,cohen_stable,0.8316382886300678,2.338302503823174
gamma2_skew,42116,latentcp,0.9676858685372234,4.621162779700979
gamma2_skew,42116,latentcp_tuned,0.9715212053234304,4.833851689379425
gamma2_skew,42116,latentcp_multi,0.9524384723092336,3.9664288584242837
gamma2_skew,42116,latentcp_pac,0.9825721524199053,5.649587819254204
gamma2_skew,42116,noisy_threshold,0.9629746725154591,4.391574829181723
gamma2_skew,42116,simple_shrink,0.9612419269316046,4.314155247727643
gamma2_skew,42117,cohen,0.3445883910409071,0.9014761278992482
gamma2_skew,42117,cohen_stable,0.9267878649122495,3.2214761278992503
gamma2_skew,42117,latentcp,0.9718984316306373,4.855616728017428
gamma2_skew,42117,latentcp_tuned,0.94006884629176,3.5790433321038155
gamma2_skew,42117,latentcp_multi,0.94006884629176,3.5790433321038155
gamma2_skew,42117,latentcp_pac,0.9784439241676377,5.297722628867612
gamma2_skew,42117,noisy_threshold,0.9705131714047319,4.774976297781303
gamma2_skew,42117,simple_shrink,0.9692458581028228,4.704344055929323
gamma2_skew,42118,cohen,0.3124806066674701,0.8171033863001611
gamma2_skew,42118,cohen_stable,0.8661573769002378,2.4971033863001626
gamma2_skew,42118,latentcp,0.9789205261066277,5.334832047678782
gamma2_skew,42118,latentcp_tuned,0.9778166340108686,5.2507426073815395
gamma2_skew,42118,latentcp_multi,0.9701087404986805,4.752762139559208
gamma2_skew,42118,latentcp_pac,0.9977963004886101,8.9849973829076
gamma2_skew,42118,noisy_threshold,0.976042826573215,5.122089830371979
gamma2_skew,42118,simple_shrink,0.975060525420491,5.055109607567423
gamma2_skew,42119,cohen,0.2995866937398024,0.7832712628571428
gamma2_skew,42119,cohen_stable,0.9571374008289247,4.143271262857143
gamma2_skew,42119,latentcp,0.972743459901113,4.906715362075054
gamma2_skew,42119,latentcp_tuned,0.9578800806730206,4.181164946240205
gamma2_skew,42119,latentcp_multi,0.9700590489286194,4.749811526815911
gamma2_skew,42119,latentcp_pac,0.9819959215411944,5.595886679439185
gamma2_skew,42119,noisy_threshold,0.969039069226733,4.693086196756216
gamma2_skew,42119,simple_shrink,0.9675335809814207,4.613246445848131
gamma2_skew,42120,cohen,0.31718858767422164,0.8294631405028676
gamma2_skew,42120,cohen_stable,0.9073453234138278,2.8094631405028694
gamma2_skew,42120,latentcp,0.9767225783690909,5.170018538419821
gamma2_skew,42120,latentcp_tuned,0.9718100689344412,4.850980547893769
gamma2_skew,42120,latentcp_multi,0.9784526952660018,5.299049245505446
gamma2_skew,42120,latentcp_pac,0.9919771410640306,6.917215409998809
gamma2_skew,42120,noisy_threshold,0.9695759133373244,4.722464899277631
gamma2_skew,42120,simple_shrink,0.9683862315145083,4.658014839940272
gamma2_skew,42121,cohen,0.3087316611902693,0.8072639534394526
gamma2_skew,42121,cohen_stable,0.8475495918335171,2.407263953439454
gamma2_skew,42121,latentcp,0.976989303619225,5.189193059430304
gamma2_skew,42121,latentcp_tuned,0.9701851534152541,4.76756053104484
gamma2_skew,42121,latentcp_multi,0.9806689303768955,5.55342482113519
gamma2_skew,42121,latentcp_pac,0.9914014666024932,6.804911258418358
gamma2_skew,42121,noisy_threshold,0.976827395905121,5.177526008081735
gamma2_skew,42121,simple_shrink,0.9756550820031035,5.095338548943653
gamma2_skew,42122,cohen,0.3021674171826734,0.7900407780301437
gamma2_skew,42122,cohen_stable,0.8525044606986141,2.430040778030145
gamma2_skew,42122,latentcp,0.9672375947807569,4.59832833483693
gamma2_skew,42122,latentcp_tuned,0.9769122887628648,5.1997130692935025
gamma2_skew,42122,latentcp_multi,0.9853850262063734,5.954020346091239
gamma2_skew,42122,latentcp_pac,0.9894645457707599,6.474696461414651
gamma2_skew,42122,noisy_threshold,0.9585347322096961,4.199612999046854
gamma2_skew,42122,simple_shrink,0.9569811574405792,4.137081243116726
gamma2_skew,42123,cohen,0.30598338187599694,0.8000522591505685
gamma2_skew,42123,cohen_stable,0.884131782933271,2.60005225915057
gamma2_skew,42123,latentcp,0.9745791512430694,5.023219282809643
gamma2_skew,42123,latentcp_tuned,0.9784572809073647,5.32148812258087
gamma2_skew,42123,latentcp_multi,0.9785136359180513,5.32584002778157
gamma2_skew,42123,latentcp_pac,0.9956348121314506,7.896959018359718
gamma2_skew,42123,noisy_threshold,0.9728431792414923,4.9128461085006006
gamma2_skew,42123,simple_shrink,0.9719447783275509,4.858380075765471
gamma2_skew,42124,cohen,0.29960423733807107,0.7833172783672913
gamma2_skew,42124,cohen_stable,0.8230752215079018,2.3033172783672926
gamma2_skew,42124,latentcp,0.9649843607349123,4.485870408159481
gamma2_skew,42124,latentcp_tuned,0.9726777241093205,4.914990110722276
gamma2_skew,42124,latentcp_multi,0.902105028853191,3.1386615503157724
gamma2_skew,42124,latentcp_pac,0.9838225537459615,5.772315312376072
gamma2_skew,42124,noisy_threshold,0.9643873265242752,4.457315654405669
gamma2_skew,42124,simple_shrink,0.9632563621249582,4.40448899207565
gamma2_skew,42125,cohen,0.3740697275141909,0.9791476443702356
gamma2_skew,42125,cohen_stable,0.9390281328100885,3.539147644370238
gamma2_skew,42125,latentcp,0.9807134873863391,5.482131587399603
gamma2_skew,42125,latentcp_tuned,0.9870197408549559,6.145462493123348
gamma2_skew,42125,latentcp_multi,0.9545262700740764,4.174284056087439
gamma2_skew,42125,latentcp_pac,0.9906231822220277,6.66424941332685
gamma2_skew,42125,noisy_threshold,0.9791821033148648,5.35554592487375
gamma2_skew,42125,simple_shrink,0.9784989577091834,5.301966687391601
gamma2_skew,42126,cohen,0.244747140597868,0.639608948818029
gamma2_skew,42126,cohen_stable,0.9555041848301536,4.079608948818031
gamma2_skew,42126,latentcp,0.9812028578826886,5.524656243227351
gamma2_skew,42126,latentcp_tuned,0.9549340469213701,4.241188385812743
gamma2_skew,42126,latentcp_multi,0.9721000931844748,5.028733676889422
gamma2_skew,42126,latentcp_pac,0.9841720655621299,5.808276648875949
gamma2_skew,42126,noisy_threshold,0.9735734515922116,4.958418205047361
gamma2_skew,42126,simple_shrink,0.9724884957085853,4.891138118837846
gamma2_skew,42127,cohen,0.3573979630935635,0.9351972950926837
gamma2_skew,42127,cohen_stable,0.8618563924459439,2.475197295092685
gamma2_skew,42127,latentcp,0.9689666050269031,4.689171629142927
gamma2_skew,42127,latentcp_tuned,0.9857518949660802,6.064123180733395
gamma2_skew,42127,latentcp_multi,0.9633241418277193,4.431149973992826
gamma2_skew,42127,latentcp_pac,0.9879901740383022,6.260972159637001
gamma2_skew,42127,noisy_threshold,0.9590672007169885,4.221563210553088
gamma2_skew,42127,simple_shrink,0.9575300846765868,4.158924571546797
gamma2_skew,42128,cohen,0.3007542807477777,0.786333849988345
gamma2_skew,42128,cohen_stable,0.8786689500815085,2.5663338499883466
gamma2_skew,42128,latentcp,0.9675443818095235,4.613849649682282
gamma2_skew,42128,latentcp_tuned,0.9673172733474142,4.628174744073005
gamma2_skew,42128,latentcp_multi,0.969302694402816,4.708074995485961
gamma2_skew,42128,latentcp_pac,0.98768274028631,6.219652021934235
gamma2_skew,42128,noisy_threshold,0.9668606266355553,4.578706114423103
gamma2_skew,42128,simple_shrink,0.9655203619845397,4.511883397586974
gamma2_skew,42129,cohen,0.2763114416650387,0.7222577305547642
gamma2_skew,42129,cohen_stable,0.9702887532798355,4.762257730554751
gamma2_skew,42129,latentcp,0.9785234146720322,5.30385627605667
gamma2_skew,42129,latentcp_tuned,0.9908252691250581,6.709656519017703
gamma2_skew,42129,latentcp_multi,0.985598138620475,5.973337350347836
gamma2_skew,42129,latentcp_pac,0.993403417272546,7.233569677449987
gamma2_skew,42129,noisy_threshold,0.9774093862778773,5.219835856158946
gamma2_skew,42129,simple_shrink,0.9765952675791332,5.16093719721328
gamma2_skew,42130,cohen,0.311475236422901,0.814464483994561
gamma2_skew,42130,cohen_stable,0.9297906361417209,3.294464483994563
gamma2_skew,42130,latentcp,0.9689249026153428,4.68690391715262
gamma2_skew,42130,latentcp_tuned,0.9712064151911619,4.815411472769561
gamma2_skew,42130,latentcp_multi,0.9667369535577488,4.572969815819881
gamma2_skew,42130,latentcp_pac,0.9870045124513459,6.131942954893414
gamma2_skew,42130,noisy_threshold,0.9641531007412816,4.446243866403304
gamma2_skew,42130,simple_shrink,0.9629262939324127,4.3893664069702
gamma2_skew,42131,cohen,0.38808388008077077,1.0161535716172359
gamma2_skew,42131,cohen_stable,0.8538076133032735,2.436153571617237
gamma2_skew,42131,latentcp,0.9838248374036326,5.772547624586069
gamma2_skew,42131,latentcp_tuned,0.9779246774201201,5.32075761424876
gamma2_skew,42131,latentcp_multi,0.9898835869690339,6.561992798233432
gamma2_skew,42131,latentcp_pac,0.9902140681851033,6.5948242863908515
gamma2_skew,42131,noisy_threshold,0.9785635456138602,5.306961124224005
gamma2_skew,42131,simple_shrink,0.9777874228776979,5.247888253407618
gamma2_skew,42132,cohen,0.34271317983246663,0.8965427948963507
gamma2_skew,42132,cohen_stable,0.9672098024837269,4.596542794896341
gamma2_skew,42132,latentcp,0.9850259645218222,5.899486601787898
gamma2_skew,42132,latentcp_tuned,0.9795050720240611,5.407549103809272
gamma2_skew,42132,latentcp_multi,0.977713214333178,5.268294223876255
gamma2_skew,42132,latentcp_pac,0.9951858758933051,7.740128477070666
gamma2_skew,42132,noisy_threshold,0.9820628051299229,5.602033412580145
gamma2_skew,42132,simple_shrink,0.9813419561667674,5.536928622759029
gamma2_skew,42133,cohen,0.37858227887783075,0.991057014852236
gamma2_skew,42133,cohen_stable,0.8827166528030124,2.5910570148522374
gamma2_skew,42133,latentcp,0.9782293372289885,5.281277762988228
gamma2_skew,42133,latentcp_tuned,0.9929232366229634,7.1327241625610895
gamma2_skew,42133,latentcp_multi,0.9798331075914041,5.408871975446658
gamma2_skew,42133,latentcp_pac,0.9949189105244899,7.653545379567513
gamma2_skew,42133,noisy_threshold,0.964476129870205,4.461531693297778
gamma2_skew,42133,simple_shrink,0.9632785488887575,4.405510193677861
gamma2_skew,42134,cohen,0.4021641118226214,1.0533983685205737
gamma2_skew,42134,cohen_stable,0.815507107449313,2.2733983685205748
gamma2_skew,42134,latentcp,0.9711043400793212,4.808932705889647
gamma2_skew,42134,latentcp_tuned,0.9765064598035252,5.162876265906716
gamma2_skew,42134,latentcp_multi,0.9765064598035252,5.162876265906716
gamma2_skew,42134,latentcp_pac,0.9881196444141159,6.2786832331782145
gamma2_skew,42134,noisy_threshold,0.961257497727153,4.314836022371856
gamma2_skew,42134,simple_shrink,0.9598015813997562,4.252290905031529
gamma2_skew,42135,cohen,0.27208644269894927,0.7111892813434282
gamma2_skew,42135,cohen_stable,0.9202186319903078,3.0711892813434303
gamma2_skew,42135,latentcp,0.9689386164989162,4.687646078665678
gamma2_skew,42135,latentcp_tuned,0.971208241326105,4.815483375806075
gamma2_skew,42135,latentcp_multi,0.9697114854287789,4.73933114871453
gamma2_skew,42135,latentcp_pac,0.9889060446240311,6.390485336929703
gamma2_skew,42135,noisy_threshold,0.9682604658724007,4.651338850646223
gamma2_skew,42135,simple_shrink,0.9671370479414977,4.592811284686327
gamma2_skew,42136,cohen,0.26179533008034145,0.6842368419265421
gamma2_skew,42136,cohen_stable,0.7972043875053825,2.2042368419265435
gamma2_skew,42136,latentcp,0.9741120301889005,4.992814983395676
gamma2_skew,42136,latentcp_tuned,0.9634242474140859,4.474767416349257
gamma2_skew,42136,latentcp_multi,0.9817206648666981,5.5805042003080345
gamma2_skew,42136,latentcp_pac,0.9867633096421042,6.101823309635788
gamma2_skew,42136,noisy_threshold,0.966156761072123,4.543294945581673
gamma2_skew,42136,simple_shrink,0.9646821376777608,4.471351335126951
gamma2_skew,42137,cohen,0.3506114640624764,0.9173270548631498
gamma2_skew,42137,cohen_stable,0.9065590444394716,2.7973270548631515
gamma2_skew,42137,latentcp,0.9564418262308139,4.115882414534533
gamma2_skew,42137,latentcp_tuned,0.9416634486123624,3.6250841971914003
gamma2_skew,42137,latentcp_multi,0.9756577789452617,5.158202092555577
gamma2_skew,42137,latentcp_pac,0.9674111713693964,4.606913112255127
gamma2_skew,42137,noisy_threshold,0.9506465355313239,3.9026900011342276
gamma2_skew,42137,simple_shrink,0.9484552063396039,3.8282719314407583
gamma2_skew,42138,cohen,0.30316380892486394,0.7926546803381873
gamma2_skew,42138,cohen_stable,0.9047319441160697,2.772654680338189
gamma2_skew,42138,latentcp,0.9782457543011885,5.282526422415738
gamma2_skew,42138,latentcp_tuned,0.9985709166566376,9.740956512381901
gamma2_skew,42138,latentcp_multi,0.9705324194046505,4.7981251160379665
gamma2_skew,42138,latentcp_pac,0.9946854178588308,7.581404422505725
gamma2_skew,42138,noisy_threshold,0.9769714375417711,5.187900930037613
gamma2_skew,42138,simple_shrink,0.975906014511247,5.112603335829402
gamma2_skew,42139,cohen,0.2968682976841212,0.7761416442109681
gamma2_skew,42139,cohen_stable,0.9014835522969864,2.73614164421097
gamma2_skew,42139,latentcp,0.9792243331051265,5.358914729444011
gamma2_skew,42139,latentcp_tuned,0.9871563488552568,6.17906177009802
gamma2_skew,42139,latentcp_multi,0.9990130727832874,10.343808855391767
gamma2_skew,42139,latentcp_pac,0.9981576145288252,9.268209181432018
gamma2_skew,42139,noisy_threshold,0.9783473970888561,5.290303739193921
gamma2_skew,42139,simple_shrink,0.9776126379249485,5.234861194298046
gamma2_skew,42140,cohen,0.3046220626803014,0.7964804819809816
gamma2_skew,42140,cohen_stable,0.9345515755566559,3.416480481980984
gamma2_skew,42140,latentcp,0.9785039903890278,5.302355386695098
gamma2_skew,42140,latentcp_tuned,0.9785567058128456,5.30709271479083
gamma2_skew,42140,latentcp_multi,0.9943640587853656,7.499199987192847
gamma2_skew,42140,latentcp_pac,0.9960150457477801,8.042723789043853
gamma2_skew,42140,noisy_threshold,0.9767793498567129,5.174079275661136
gamma2_skew,42140,simple_shrink,0.9756562429011844,5.095418024226141
gamma2_skew,42141,cohen,0.38776661932851314,1.0153151307130397
gamma2_skew,42141,cohen_stable,0.8108278455489881,2.255315130713041
gamma2_skew,42141,latentcp,0.9760423102413253,5.122054577236619
gamma2_skew,42141,latentcp_tuned,0.963324827081389,4.495691707862677
gamma2_skew,42141,latentcp_multi,0.9693319233880854,4.7900653030450435
gamma2_skew,42141,latentcp_pac,0.9845051531090835,5.8432664374921774
gamma2_skew,42141,noisy_threshold,0.968526677895861,4.665500460664763
gamma2_skew,42141,simple_shrink,0.9672592236820396,4.599082114097194
gamma2_skew,42142,cohen,0.36357446524743164,0.9514712407559731
gamma2_skew,42142,cohen_stable,0.8201051009446366,2.2914712407559743
gamma2_skew,42142,latentcp,0.9681871226312819,4.64745753915468
gamma2_skew,42142,latentcp_tuned,0.9544850277531849,4.041553816067721
gamma2_skew,42142,latentcp_multi,0.9738049227999599,4.9833703548350154
gamma2_skew,42142,latentcp_pac,0.9845480358647696,5.847824735619551
gamma2_skew,42142,noisy_threshold,0.9658054684908578,4.525886119682138
gamma2_skew,42142,simple_shrink,0.9645063027719165,4.462966494629416
gamma2_skew,42143,cohen,0.28832647170589953,0.7537452737896206
gamma2_skew,42143,cohen_stable,0.9127430035476164,2.9137452737896226
gamma2_skew,42143,latentcp,0.9701152238091072,4.75248725909693
gamma2_skew,42143,latentcp_tuned,0.9675604826197081,4.625830403446147
gamma2_skew,42143,latentcp_multi,0.9924381616243281,7.0912819990629234
gamma2_skew,42143,latentcp_pac,0.9791994438173515,5.356928083864599
gamma2_skew,42143,noisy_threshold,0.9626262898956699,4.375733156277744
gamma2_skew,42143,simple_shrink,0.9612869022126925,4.316122340505651
gamma2_skew,42144,cohen,0.2691497130837826,0.703496895947787
gamma2_skew,42144,cohen_stable,0.6938632025116938,1.863496895947788
gamma2_skew,42144,latentcp,0.9714081329551252,4.826649607944364
gamma2_skew,42144,latentcp_tuned,0.9944548706814436,7.590175412808696
gamma2_skew,42144,latentcp_multi,0.9944548706814436,7.590175412808696
gamma2_skew,42144,latentcp_pac,0.9917085603770065,6.863870879398003
gamma2_skew,42144,noisy_threshold,0.9701183138019092,4.752660131084748
gamma2_skew,42144,simple_shrink,0.9688855364277262,4.684774489872506
gamma2_skew,42145,cohen,0.3734185550572732,0.9774295827720181
gamma2_skew,42145,cohen_stable,0.913908173090431,2.93742958277202
gamma2_skew,42145,latentcp,0.9780877773610208,5.270510824229501
gamma2_skew,42145,latentcp_tuned,0.975342207640401,5.074717023331118
gamma2_skew,42145,latentcp_multi,0.9697329485103949,4.744251484816722
gamma2_skew,42145,latentcp_pac,0.9936454134756332,7.29383254325608
gamma2_skew,42145,noisy_threshold,0.9773977343689249,5.218978466604785
gamma2_skew,42145,simple_shrink,0.9763635856288213,5.144538444421497
gamma2_skew,42146,cohen,0.28630512275404585,0.7484467505789563
gamma2_skew,42146,cohen_stable,0.9379358611439294,3.5084467505789587
gamma2_skew,42146,latentcp,0.9805924225448218,5.471774736078482
gamma2_skew,42146,latentcp_tuned,0.9910683300257621,6.811751852961122
gamma2_skew,42146,latentcp_multi,0.9812000203888814,5.5344626743267
gamma2_skew,42146,latentcp_pac,0.9912518577607204,6.776930021280812
gamma2_skew,42146,noisy_threshold,0.9803275741985786,5.44933549991853
gamma2_skew,42146,simple_shrink,0.9795931956673223,5.388616161346814
gamma2_skew,42147,cohen,0.29262675448087844,0.7650192570413461
gamma2_skew,42147,cohen_stable,0.9226330624789166,3.125019257041348
gamma2_skew,42147,latentcp,0.9831507799189435,5.7052784733929665
gamma2_skew,42147,latentcp_tuned,0.9844362742877957,5.836668860565941
gamma2_skew,42147,latentcp_multi,0.9730470514239795,4.92609789492907
gamma2_skew,42147,latentcp_pac,0.9960115925769037,8.041339466478004
gamma2_skew,42147,noisy_threshold,0.979384019246721,5.37170904971324
gamma2_skew,42147,simple_shrink,0.9786105374129656,5.3106040737420575
gamma2_skew,42148,cohen,0.3073776419432838,0.8037107579624969
gamma2_skew,42148,cohen_stable,0.9419429823429835,3.6237107579624994
gamma2_skew,42148,latentcp,0.9737884456854132,4.972068954566143
gamma2_skew,42148,latentcp_tuned,0.9757325743502018,5.101295809307763
gamma2_skew,42148,latentcp_multi,0.9697199763694863,4.731054812287239
gamma2_skew,42148,latentcp_pac,0.9909214451091094,6.716756296003665
gamma2_skew,42148,noisy_threshold,0.9737687888758192,4.970814529450301
gamma2_skew,42148,simple_shrink,0.9726452477994162,4.900698390393394
gamma2_skew,42149,cohen,0.36404004599920065,0.9526983603025116
gamma2_skew,42149,cohen_stable,0.9116951677999703,2.8926983603025134
gamma2_skew,42149,latentcp,0.9695282528167232,4.719910704536262
gamma2_skew,42149,latentcp_tuned,0.9872664696968332,6.246213012220356
gamma2_skew,42149,latentcp_multi,0.9625359957871785,4.389460831025897
gamma2_skew,42149,latentcp_pac,0.9815654668998194,5.556860249497565
gamma2_skew,42149,noisy_threshold,0.9608734786557501,4.298122432646557
gamma2_skew,42149,simple_shrink,0.9592739421181138,4.230159746153724
trunc_laplace,43000,cohen,0.3143391200806982,0.6656949586896874
trunc_laplace,43000,cohen_stable,0.9593806970507519,4.325694958689684
trunc_laplace,43000,latentcp,1.0,5.358774281970414
trunc_laplace,43000,latentcp_tuned,1.0,7.691386778163558
trunc_laplace,43000,latentcp_multi,1.0,5.411213619409206
trunc_laplace,43000,latentcp_pac,1.0,8.224059630102596
trunc_laplace,43000,noisy_threshold,1.0,5.280926563572156
trunc_laplace,43000,simple_shrink,1.0,5.218588480677023
trunc_laplace,43001,cohen,0.3930400245345558,0.876088557626296
trunc_laplace,43001,cohen_stable,0.8628534536202972,3.136088557626298
trunc_laplace,43001,latentcp,0.9687548939600066,4.492956991079663
trunc_laplace,43001,latentcp_tuned,0.8470673169459869,3.114326032649874
trunc_laplace,43001,latentcp_multi,0.8884327464799578,3.505030056721663
trunc_laplace,43001,latentcp_pac,0.9771030207585764,4.655145900325928
trunc_laplace,43001,noisy_threshold,0.9650888444581951,4.42573918676488
trunc_laplace,43001,simple_shrink,0.9619648901233102,4.370341478261195
trunc_laplace,43002,cohen,0.3526611017254972,0.7652627925617894
trunc_laplace,43002,cohen_stable,0.9457014828351296,4.10526279256179
trunc_laplace,43002,latentcp,0.9974029801577228,5.1184610154851375
trunc_laplace,43002,latentcp_tuned,0.9403300065639306,4.097036213682
trunc_laplace,43002,latentcp_multi,0.9352428738146287,4.025668179391499
trunc_laplace,43002,latentcp_pac,1.0,5.308554823095967
trunc_laplace,43002,noisy_threshold,0.9919038515323564,4.981478205097494
trunc_laplace,43002,simple_shrink,0.9890594233904835,4.914287128312774
trunc_laplace,43003,cohen,0.35672578971446867,0.7761333899256329
trunc_laplace,43003,cohen_stable,0.9221139084448207,3.7761333899256355
trunc_laplace,43003,latentcp,0.9821016052337499,4.759254437931665
trunc_laplace,43003,latentcp_tuned,0.999812497576668,6.773517682098095
trunc_laplace,43003,latentcp_multi,0.9648620182949373,4.431780330609976
trunc_laplace,43003,latentcp_pac,1.0,5.307734177342702
trunc_laplace,43003,noisy_threshold,0.9758894085148588,4.630628320037335
trunc_laplace,43003,simple_shrink,0.9735718713939023,4.584781773771075
trunc_laplace,43004,cohen,0.35376651063007336,0.7682130011889177
trunc_laplace,43004,cohen_stable,0.8264844393208977,2.8282130011889195
trunc_laplace,43004,latentcp,0.9822169863587905,4.76169075788728
trunc_laplace,43004,latentcp_tuned,0.9856645978852591,4.83757370643102
trunc_laplace,43004,latentcp_multi,1.0,6.92488787064568
trunc_laplace,43004,latentcp_pac,1.0,5.97364842449643
trunc_laplace,43004,noisy_threshold,0.9815925671075978,4.748351332891266
trunc_laplace,43004,simple_shrink,0.9785403856061339,4.684451498688701
trunc_laplace,43005,cohen,0.385583622106886,0.8551353034684253
trunc_laplace,43005,cohen_stable,0.853848985549092,3.055135303468427
trunc_laplace,43005,latentcp,0.9805353412861034,4.725981842557149
trunc_laplace,43005,latentcp_tuned,0.9992995635580264,6.114646929600916
trunc_laplace,43005,latentcp_multi,0.9511877017110746,4.201240615976609
trunc_laplace,43005,latentcp_pac,1.0,5.4423128236073275
trunc_laplace,43005,noisy_threshold,0.9702645448424838,4.521196785864338
trunc_laplace,43005,simple_shrink,0.965932273379416,4.440974401586932
trunc_laplace,43006,cohen,0.3707853794885185,0.8142168338494509
trunc_laplace,43006,cohen_stable,0.9551161130871781,4.254216833849449
trunc_laplace,43006,latentcp,1.0,5.327452410414935
trunc_laplace,43006,latentcp_tuned,0.9977266494746089,5.130209332621807
trunc_laplace,43006,latentcp_multi,0.9947056129838756,5.080748779839978
trunc_laplace,43006,latentcp_pac,1.0,6.5571689121357135
trunc_laplace,43006,noisy_threshold,1.0,5.301583251836192
trunc_laplace,43006,simple_shrink,1.0,5.234907337407286
trunc_laplace,43007,cohen,0.37315004275667274,0.8206970057171579
trunc_laplace,43007,cohen_stable,0.9467113127817719,4.120697005717158
trunc_laplace,43007,latentcp,0.9959683495833067,5.081772456294809
trunc_laplace,43007,latentcp_tuned,0.9996289426922477,6.397328899007318
trunc_laplace,43007,latentcp_multi,0.9770152127783259,4.653830080812338
trunc_laplace,43007,latentcp_pac,1.0,7.226225472775484
trunc_laplace,43007,noisy_threshold,0.9896612754899929,4.928309012765901
trunc_laplace,43007,simple_shrink,0.987327382374704,4.87449713313009
trunc_laplace,43008,cohen,0.4450666626517914,1.0290310696591747
trunc_laplace,43008,cohen_stable,0.9405928126994088,4.029031069659177
trunc_laplace,43008,latentcp,1.0,6.567400772366664
trunc_laplace,43008,latentcp_tuned,1.0,7.055107898250997
trunc_laplace,43008,latentcp_multi,1.0,6.294130696232562
trunc_laplace,43008,latentcp_pac,1.0,9.615629478050513
trunc_laplace,43008,noisy_threshold,1.0,6.366354427837312
trunc_laplace,43008,simple_shrink,1.0,6.296508351840507
trunc_laplace,43009,cohen,0.32669455983316364,0.6972355098947594
trunc_laplace,43009,cohen_stable,0.9477844106201894,4.13723550989476
trunc_laplace,43009,latentcp,0.9962779348438607,5.089632360799455
trunc_laplace,43009,latentcp_tuned,0.9566479726980242,4.289665830590942
trunc_laplace,43009,latentcp_multi,0.9725670378980976,4.574893739455219
trunc_laplace,43009,latentcp_pac,1.0,6.203833418060133
trunc_laplace,43009,noisy_threshold,0.984230234595316,4.805342046402209
trunc_laplace,43009,simple_shrink,0.9814225598970203,4.744735538134766
trunc_laplace,43010,cohen,0.43318341092161394,0.9930074565762363
trunc_laplace,43010,cohen_stable,0.8646877994565338,3.1530074565762383
trunc_laplace,43010,latentcp,0.9675931247667168,4.47134583532162
trunc_laplace,43010,latentcp_tuned,0.9951189845505033,5.468371857243904
trunc_laplace,43010,latentcp_multi,0.9975898125945635,5.240679545240812
trunc_laplace,43010,latentcp_pac,1.0,5.884336197115149
trunc_laplace,43010,noisy_threshold,0.9601244609362538,4.338438608431107
trunc_laplace,43010,simple_shrink,0.9574116053597999,4.292359863240592
trunc_laplace,43011,cohen,0.4008986563636894,0.898422788088157
trunc_laplace,43011,cohen_stable,0.7981368512709537,2.6184227880881585
trunc_laplace,43011,latentcp,0.9934963188794511,5.0201891995360475
trunc_laplace,43011,latentcp_tuned,0.9983206666507336,5.147892605023978
trunc_laplace,43011,latentcp_multi,1.0,6.592829387003078
trunc_laplace,43011,latentcp_pac,1.0,7.11388869946835
trunc_laplace,43011,noisy_threshold,0.9749730454767942,4.612369176623024
trunc_laplace,43011,simple_shrink,0.9720335560744029,4.554944424634608
trunc_laplace,43012,cohen,0.3884912150574851,0.8632787247173539
trunc_laplace,43012,cohen_stable,0.8992445195737175,3.5032787247173562
trunc_laplace,43012,latentcp,0.9880996541495223,4.892140646403907
trunc_laplace,43012,latentcp_tuned,0.9971135739690138,5.604370505573056
trunc_laplace,43012,latentcp_multi,0.9922942881702145,5.070904279327066
trunc_laplace,43012,latentcp_pac,1.0,5.690737431979188
trunc_laplace,43012,noisy_threshold,0.984548050435484,4.812324694585383
trunc_laplace,43012,simple_shrink,0.9817667737960063,4.752063530853569
trunc_laplace,43013,cohen,0.3635021982077222,0.794394357855023
trunc_laplace,43013,cohen_stable,0.9423151292476215,4.054394357855025
trunc_laplace,43013,latentcp,1.0,5.408250904565677
trunc_laplace,43013,latentcp_tuned,0.9502051089094485,4.252269793665402
trunc_laplace,43013,latentcp_multi,0.9502051089094485,4.252269793665402
trunc_laplace,43013,latentcp_pac,1.0,6.083669699049526
trunc_laplace,43013,noisy_threshold,0.9969616959115257,5.107099176801583
trunc_laplace,43013,simple_shrink,0.9939716664983664,5.031845807507592
trunc_laplace,43014,cohen,0.4034068475810453,0.9056061821897221
trunc_laplace,43014,cohen_stable,0.9259230970588779,3.8256061821897247
trunc_laplace,43014,latentcp,1.0,5.827380373364299
trunc_laplace,43014,latentcp_tuned,0.9945706400573852,5.080899519588411
trunc_laplace,43014,latentcp_multi,1.0,5.730570310243019
trunc_laplace,43014,latentcp_pac,1.0,7.083052776038317
trunc_laplace,43014,noisy_threshold,1.0,5.641289087326226
trunc_laplace,43014,simple_shrink,1.0,5.575113048484803
trunc_laplace,43015,cohen,0.42045973756947963,0.9551719581759008
trunc_laplace,43015,cohen_stable,0.9563828673768522,4.275171958175898
trunc_laplace,43015,latentcp,1.0,5.467599256358191
trunc_laplace,43015,latentcp_tuned,0.9668395152850543,4.519494853485651
trunc_laplace,43015,latentcp_multi,0.9645814408082911,4.478215703619808
trunc_laplace,43015,latentcp_pac,1.0,5.7553692671970476
trunc_laplace,43015,noisy_threshold,1.0,5.351729063890987
trunc_laplace,43015,simple_shrink,1.0,5.280294287116599
trunc_laplace,43016,cohen,0.3681625095610985,0.8070545924129462
trunc_laplace,43016,cohen_stable,0.9594602857872827,4.327054592412942
trunc_laplace,43016,latentcp,1.0,5.251393210330075
trunc_laplace,43016,latentcp_tuned,0.9993056357275698,6.143424876768865
trunc_laplace,43016,latentcp_multi,1.0,5.375949640310753
trunc_laplace,43016,latentcp_pac,1.0,6.535934437517299
trunc_laplace,43016,noisy_threshold,0.9967203192898362,5.100913387641203
trunc_laplace,43016,simple_shrink,0.9941248466855017,5.035630121717982
trunc_laplace,43017,cohen,0.3881072766307976,0.8622014278011307
trunc_laplace,43017,cohen_stable,0.9225864260083294,3.7822014278011333
trunc_laplace,43017,latentcp,1.0,5.667447414748942
trunc_laplace,43017,latentcp_tuned,0.9998438078074884,6.723526397241236
trunc_laplace,43017,latentcp_multi,0.9998438078074884,6.723526397241236
trunc_laplace,43017,latentcp_pac,1.0,6.428319207919558
trunc_laplace,43017,noisy_threshold,1.0,5.548138204134352
trunc_laplace,43017,simple_shrink,1.0,5.486677711319593
trunc_laplace,43018,cohen,0.3480925172085616,0.7531176884299047
trunc_laplace,43018,cohen_stable,0.8668472005730252,3.173117688429907
trunc_laplace,43018,latentcp,0.9756788424434722,4.626421244271874
trunc_laplace,43018,latentcp_tuned,0.98192238205738,4.755926542681119
trunc_laplace,43018,latentcp_multi,0.9591903096050146,4.394015117850317
trunc_laplace,43018,latentcp_pac,1.0,5.395372202788007
trunc_laplace,43018,noisy_threshold,0.9701965932670595,4.519912237032751
trunc_laplace,43018,simple_shrink,0.9665640765396006,4.452466761344378
trunc_laplace,43019,cohen,0.2921569022747494,0.6103389176462661
trunc_laplace,43019,cohen_stable,0.8343009379220887,2.890338917646268
trunc_laplace,43019,latentcp,0.9825326810495938,4.768487856864601
trunc_laplace,43019,latentcp_tuned,0.9753126501182723,4.646169919035476
trunc_laplace,43019,latentcp_multi,0.999975997722493,6.052964578659649
trunc_laplace,43019,latentcp_pac,1.0,7.505916674311306
trunc_laplace,43019,noisy_threshold,0.961046786441319,4.354360284666605
trunc_laplace,43019,simple_shrink,0.9583963051544784,4.308957576447324
trunc_laplace,43020,cohen,0.35798227329320126,0.7795062364068173
trunc_laplace,43020,cohen_stable,0.9529871309994995,4.219506236406816
trunc_laplace,43020,latentcp,1.0,5.939825981587209
trunc_laplace,43020,latentcp_tuned,0.9993780271708207,5.419807602435091
trunc_laplace,43020,latentcp_multi,1.0,6.338752406828539
trunc_laplace,43020,latentcp_pac,1.0,7.029302203830362
trunc_laplace,43020,noisy_threshold,1.0,5.781324586629376
trunc_laplace,43020,simple_shrink,1.0,5.71554009718963
trunc_laplace,43021,cohen,0.3955013416657822,0.8830556818391977
trunc_laplace,43021,cohen_stable,0.8333976331978423,2.8830556818391995
trunc_laplace,43021,latentcp,0.9911388519607803,4.963176230067383
trunc_laplace,43021,latentcp_tuned,1.0,7.466158877809696
trunc_laplace,43021,latentcp_multi,0.9964272814505637,5.095127880281184
trunc_laplace,43021,latentcp_pac,1.0,8.406621780097943
trunc_laplace,43021,noisy_threshold,0.9887249339903925,4.9065383335316355
trunc_laplace,43021,simple_shrink,0.9858173072972876,4.840467563217551
trunc_laplace,43022,cohen,0.2640756746676258,0.5424787962733082
trunc_laplace,43022,cohen_stable,0.9591922081010016,4.3224787962733044
trunc_laplace,43022,latentcp,1.0,5.308506494492062
trunc_laplace,43022,latentcp_tuned,1.0,5.436403784037532
trunc_laplace,43022,latentcp_multi,0.9990952407260127,5.38504813748247
trunc_laplace,43022,latentcp_pac,1.0,5.907362621306907
trunc_laplace,43022,noisy_threshold,0.9955696839149399,5.071697140964648
trunc_laplace,43022,simple_shrink,0.9928388632777776,5.004089388504101
trunc_laplace,43023,cohen,0.33931253001058725,0.7299908062235541
trunc_laplace,43023,cohen_stable,0.808157868805631,2.689990806223556
trunc_laplace,43023,latentcp,0.9563872179337861,4.27525917097725
trunc_laplace,43023,latentcp_tuned,0.8894313339053412,3.4902986614338545
trunc_laplace,43023,latentcp_multi,0.8577434274847543,3.2080491904854718
trunc_laplace,43023,latentcp_pac,0.9797202374704783,4.708904001856117
trunc_laplace,43023,noisy_threshold,0.9555905763431891,4.262038783262879
trunc_laplace,43023,simple_shrink,0.9518610070597737,4.201397052638377
trunc_laplace,43024,cohen,0.4434247688469699,1.0240132548253427
trunc_laplace,43024,cohen_stable,0.8100778613119759,2.704013254825344
trunc_laplace,43024,latentcp,1.0,5.263159447408241
trunc_laplace,43024,latentcp_tuned,0.9770093997389864,4.7278596550868945
trunc_laplace,43024,latentcp_multi,0.9467470281857571,4.1835804171566044
trunc_laplace,43024,latentcp_pac,1.0,5.510635229999371
trunc_laplace,43024,noisy_threshold,0.9863953562489765,4.853422663496154
trunc_laplace,43024,simple_shrink,0.9832266100234408,4.783457144203977
trunc_laplace,43025,cohen,0.35168154956456554,0.7626522690633459
trunc_laplace,43025,cohen_stable,0.8501276428382161,3.022652269063348
trunc_laplace,43025,latentcp,0.9648699465199975,4.421805155844561
trunc_laplace,43025,latentcp_tuned,0.9996730075578952,5.4722084724926345
trunc_laplace,43025,latentcp_multi,0.9411832430896047,4.038147361830447
trunc_laplace,43025,latentcp_pac,1.0,5.996898035940628
trunc_laplace,43025,noisy_threshold,0.9554437132240183,4.259614202377771
trunc_laplace,43025,simple_shrink,0.9508420622924902,4.185157512220514
trunc_laplace,43026,cohen,0.2612395279296815,0.5357567201206441
trunc_laplace,43026,cohen_stable,0.95520967247425,4.255756720120642
trunc_laplace,43026,latentcp,0.9999998172153889,5.203799321572931
trunc_laplace,43026,latentcp_tuned,1.0,5.3370312602850865
trunc_laplace,43026,latentcp_multi,0.9988274939904924,5.992962473532128
trunc_laplace,43026,latentcp_pac,1.0,5.886362558203739
trunc_laplace,43026,noisy_threshold,0.9998022687974528,5.181434923228444
trunc_laplace,43026,simple_shrink,0.9969044730810834,5.105630914424475
trunc_laplace,43027,cohen,0.3698694968901393,0.811712802491102
trunc_laplace,43027,cohen_stable,0.947427099593356,4.131712802491102
trunc_laplace,43027,latentcp,0.9906402668276438,4.951340032809487
trunc_laplace,43027,latentcp_tuned,0.9957953875208503,5.078409814659883
trunc_laplace,43027,latentcp_multi,0.9921965780485844,4.98904098725763
trunc_laplace,43027,latentcp_pac,1.0,7.6688577281033465
trunc_laplace,43027,noisy_threshold,0.9867825423332142,4.862149398083064
trunc_laplace,43027,simple_shrink,0.9837520047070929,4.794882670500249
trunc_laplace,43028,cohen,0.3222141852585599,0.6857381141574299
trunc_laplace,43028,cohen_stable,0.9361941622712022,3.965738114157433
trunc_laplace,43028,latentcp,1.0,5.471994165636904
trunc_laplace,43028,latentcp_tuned,1.0,7.447134175124263
trunc_laplace,43028,latentcp_multi,0.9999989905621622,5.80943877232715
trunc_laplace,43028,latentcp_pac,1.0,6.897362515607719
trunc_laplace,43028,noisy_threshold,0.9967819189564691,5.10249011455702
trunc_laplace,43028,simple_shrink,0.99412118963488,5.035539687256211
trunc_laplace,43029,cohen,0.397135217529079,0.8876946300986992
trunc_laplace,43029,cohen_stable,0.9904861361564468,4.947694630098682
trunc_laplace,43029,latentcp,1.0,5.448567953965708
trunc_laplace,43029,latentcp_tuned,0.9987317462919623,5.931886517386158
trunc_laplace,43029,latentcp_multi,0.9991939759597411,5.764605712109347
trunc_laplace,43029,latentcp_pac,1.0,6.150979100791502
trunc_laplace,43029,noisy_threshold,1.0,5.440006643735882
trunc_laplace,43029,simple_shrink,1.0,5.382557245823068
trunc_laplace,43030,cohen,0.33285921386835415,0.7131685885674703
trunc_laplace,43030,cohen_stable,0.929493686861373,3.873168588567473
trunc_laplace,43030,latentcp,0.9978030928757746,5.128819820313073
trunc_laplace,43030,latentcp_tuned,0.9554647884335233,4.326132670045686
trunc_laplace,43030,latentcp_multi,0.9554647884335233,4.326132670045686
trunc_laplace,43030,latentcp_pac,1.0,5.609288260793567
trunc_laplace,43030,noisy_threshold,0.9931092527853687,5.010678171275162
trunc_laplace,43030,simple_shrink,0.9904311514663822,4.946396282428129
trunc_laplace,43031,cohen,0.349755714841057,0.7575302255612129
trunc_laplace,43031,cohen_stable,0.9528647685953069,4.2175302255612115
trunc_laplace,43031,latentcp,1.0,5.298909374399376
trunc_laplace,43031,latentcp_tuned,1.0,6.292341423857526
trunc_laplace,43031,latentcp_multi,0.9980911293433223,5.14289886208732
trunc_laplace,43031,latentcp_pac,1.0,6.827196051522155
trunc_laplace,43031,noisy_threshold,1.0,5.218331618253398
trunc_laplace,43031,simple_shrink,0.9983208994720116,5.1423092133370885
trunc_laplace,43032,cohen,0.3866048475089237,0.8579915548640953
trunc_laplace,43032,cohen_stable,0.8797606854789775,3.2979915548640975
trunc_laplace,43032,latentcp,0.9935218171588456,5.020783468156012
trunc_laplace,43032,latentcp_tuned,0.9888433760070903,5.087359808259461
trunc_laplace,43032,latentcp_multi,0.9333438178335672,4.011332518478665
trunc_laplace,43032,latentcp_pac,1.0,5.717705899578614
trunc_laplace,43032,noisy_threshold,0.978513617894202,4.683900409603917
trunc_laplace,43032,simple_shrink,0.9752406438399701,4.617683302029315
trunc_laplace,43033,cohen,0.41652886511342024,0.9436323601483854
trunc_laplace,43033,cohen_stable,0.8700808608424926,3.2036323601483874
trunc_laplace,43033,latentcp,0.9909625313256132,4.958981134835408
trunc_laplace,43033,latentcp_tuned,0.9474238375354228,4.132188214753845
trunc_laplace,43033,latentcp_multi,0.9986631545894977,5.949730767826054
trunc_laplace,43033,latentcp_pac,1.0,5.794490627843996
trunc_laplace,43033,noisy_threshold,0.9815576284836216,4.747607684657219
trunc_laplace,43033,simple_shrink,0.9780464011440757,4.674306852709511
trunc_laplace,43034,cohen,0.3761198455761512,0.8288666617181177
trunc_laplace,43034,cohen_stable,0.9737806179724746,4.588866661718108
trunc_laplace,43034,latentcp,1.0,5.548810359542518
trunc_laplace,43034,latentcp_tuned,1.0,7.210814733344966
trunc_laplace,43034,latentcp_multi,0.9928537996524129,5.0242814549876265
trunc_laplace,43034,latentcp_pac,1.0,6.313805188706676
trunc_laplace,43034,noisy_threshold,1.0,5.5457910819257314
trunc_laplace,43034,simple_shrink,1.0,5.490651646426031
trunc_laplace,43035,cohen,0.379208253516905,0.8373996730439246
trunc_laplace,43035,cohen_stable,0.9612219860498774,4.35739967304392
trunc_laplace,43035,latentcp,1.0,5.963355498280223
trunc_laplace,43035,latentcp_tuned,0.9997473701533929,5.534083177664156
trunc_laplace,43035,latentcp_multi,1.0,6.777031655138586
trunc_laplace,43035,latentcp_pac,1.0,6.8012011942318145
trunc_laplace,43035,noisy_threshold,1.0,5.8363599383655504
trunc_laplace,43035,simple_shrink,1.0,5.772403530662768
trunc_laplace,43036,cohen,0.4332552487255197,0.9932232092829811
trunc_laplace,43036,cohen_stable,0.8832545232814382,3.333223209282983
trunc_laplace,43036,latentcp,0.9972854292182325,5.115427960374185
trunc_laplace,43036,latentcp_tuned,0.9991190201373016,5.910186454402554
trunc_laplace,43036,latentcp_multi,0.9991868807629005,5.309973965196965
trunc_laplace,43036,latentcp_pac,1.0,5.39329729176405
trunc_laplace,43036,noisy_threshold,0.9788695861003522,4.6912420061452895
trunc_laplace,43036,simple_shrink,0.9762672918431539,4.638208826180386
trunc_laplace,43037,cohen,0.34329666184503527,0.7404506328728009
trunc_laplace,43037,cohen_stable,0.8878383747177367,3.3804506328728032
trunc_laplace,43037,latentcp,0.9737118796599228,4.587523654127425
trunc_laplace,43037,latentcp_tuned,0.9292366960901793,3.880081598233969
trunc_laplace,43037,latentcp_multi,0.9982844320214705,5.823264424851585
trunc_laplace,43037,latentcp_pac,1.0,6.300427195777763
trunc_laplace,43037,noisy_threshold,0.9664608752623725,4.45058483993688
trunc_laplace,43037,simple_shrink,0.9631389508219286,4.39097406204075
trunc_laplace,43038,cohen,0.2863947040668578,0.5962169849210861
trunc_laplace,43038,cohen_stable,0.9173670586795046,3.716216984921089
trunc_laplace,43038,latentcp,1.0,5.3897470583170275
trunc_laplace,43038,latentcp_tuned,0.9973782976583881,5.2138918202452444
trunc_laplace,43038,latentcp_multi,0.9999079450981492,7.016848543377222
trunc_laplace,43038,latentcp_pac,1.0,6.316225601802605
trunc_laplace,43038,noisy_threshold,1.0,5.280862516169479
trunc_laplace,43038,simple_shrink,1.0,5.209603009405426
trunc_laplace,43039,cohen,0.36270702600243393,0.7922425110769442
trunc_laplace,43039,cohen_stable,0.8831581359091762,3.3322425110769465
trunc_laplace,43039,latentcp,0.9722438970821824,4.55899698806598
trunc_laplace,43039,latentcp_tuned,0.899627424052637,3.5563743965290557
trunc_laplace,43039,latentcp_multi,0.9621387419330876,4.421383925663318
trunc_laplace,43039,latentcp_pac,0.9953547933131097,5.06628976232254
trunc_laplace,43039,noisy_threshold,0.956324276546813,4.274197658752838
trunc_laplace,43039,simple_shrink,0.9525581213831744,4.212587156558106
trunc_laplace,43040,cohen,0.3066349493538963,0.6462874287242073
trunc_laplace,43040,cohen_stable,0.802083006743137,2.646287428724209
trunc_laplace,43040,latentcp,0.9980872161157435,5.136209504273263
trunc_laplace,43040,latentcp_tuned,0.9808267257024849,4.807057294457834
trunc_laplace,43040,latentcp_multi,0.9800849845864148,4.789129935784106
trunc_laplace,43040,latentcp_pac,1.0,6.082126050651064
trunc_laplace,43040,noisy_threshold,0.9930946192902073,5.010321005899114
trunc_laplace,43040,simple_shrink,0.990300514757315,4.943315092691208
trunc_laplace,43041,cohen,0.42889012013516753,0.9801571644832969
trunc_laplace,43041,cohen_stable,0.8544186975353196,3.0601571644832988
trunc_laplace,43041,latentcp,0.9728304802145579,4.570345327139267
trunc_laplace,43041,latentcp_tuned,0.9996602598382316,6.301325337351891
trunc_laplace,43041,latentcp_multi,0.954564097374473,4.254251300788012
trunc_laplace,43041,latentcp_pac,1.0,6.861128319763837
trunc_laplace,43041,noisy_threshold,0.9706334413723465,4.528185420625055
trunc_laplace,43041,simple_shrink,0.9678230980663713,4.475575545284265
trunc_laplace,43042,cohen,0.3888030824518178,0.8641542424788824
trunc_laplace,43042,cohen_stable,0.9288237495583496,3.864154242478885
trunc_laplace,43042,latentcp,0.984179007852504,4.804222837003908
trunc_laplace,43042,latentcp_tuned,0.971990438281721,4.632732031990398
trunc_laplace,43042,latentcp_multi,0.9485230714276912,4.225090952845241
trunc_laplace,43042,latentcp_pac,1.0,5.522753978367964
trunc_laplace,43042,noisy_threshold,0.9741973646486235,4.597047951849762
trunc_laplace,43042,simple_shrink,0.9705070777031515,4.525788629271604
trunc_laplace,43043,cohen,0.39029214931919465,0.8683400792940659
trunc_laplace,43043,cohen_stable,0.9215048463920938,3.7683400792940684
trunc_laplace,43043,latentcp,1.0,5.576135221618973
trunc_laplace,43043,latentcp_tuned,0.9545016012765806,4.295078597394484
trunc_laplace,43043,latentcp_multi,0.9876775109911239,4.997452824831113
trunc_laplace,43043,latentcp_pac,1.0,5.902858258498241
trunc_laplace,43043,noisy_threshold,1.0,5.573958150683257
trunc_laplace,43043,simple_shrink,1.0,5.509081899039122
trunc_laplace,43044,cohen,0.3987749428423597,0.8923614971871601
trunc_laplace,43044,cohen_stable,0.8295528554616367,2.852361497187162
trunc_laplace,43044,latentcp,1.0,5.495922936581844
trunc_laplace,43044,latentcp_tuned,0.9500795658394804,4.234495251421119
trunc_laplace,43044,latentcp_multi,0.9973079340820005,5.197814545149992
trunc_laplace,43044,latentcp_pac,1.0,6.341750808588947
trunc_laplace,43044,noisy_threshold,0.9925643056486899,4.997422124534817
trunc_laplace,43044,simple_shrink,0.9904872339403452,4.947720560907176
trunc_laplace,43045,cohen,0.3947374076402095,0.8808905424458207
trunc_laplace,43045,cohen_stable,0.8177232625948259,2.7608905424458223
trunc_laplace,43045,latentcp,1.0,5.517862251597587
trunc_laplace,43045,latentcp_tuned,0.9944454145222548,5.067812067692185
trunc_laplace,43045,latentcp_multi,0.9988226614582117,5.848876605120616
trunc_laplace,43045,latentcp_pac,1.0,5.874889641271804
trunc_laplace,43045,noisy_threshold,1.0,5.208655699781087
trunc_laplace,43045,simple_shrink,0.9984367164157026,5.145339549150035
trunc_laplace,43046,cohen,0.4052212415254879,0.9108193852737259
trunc_laplace,43046,cohen_stable,0.9169321084791995,3.7108193852737283
trunc_laplace,43046,latentcp,0.9562888986565128,4.273670182814846
trunc_laplace,43046,latentcp_tuned,0.9181922087465639,3.739734087330969
trunc_laplace,43046,latentcp_multi,0.9636417878532509,4.48519972317625
trunc_laplace,43046,latentcp_pac,1.0,5.3065119520645645
trunc_laplace,43046,noisy_threshold,0.9554202178583904,4.2592265988759435
trunc_laplace,43046,simple_shrink,0.9508475815345085,4.185245106280927
trunc_laplace,43047,cohen,0.39280658326935164,0.8754290798728439
trunc_laplace,43047,cohen_stable,0.7860378246157871,2.5354290798728454
trunc_laplace,43047,latentcp,0.9690882657017684,4.499082060660374
trunc_laplace,43047,latentcp_tuned,0.9750910018883086,4.622855665288069
trunc_laplace,43047,latentcp_multi,0.9750910018883086,4.622855665288069
trunc_laplace,43047,latentcp_pac,1.0,5.759463307694802
trunc_laplace,43047,noisy_threshold,0.9685926487801866,4.489838683423849
trunc_laplace,43047,simple_shrink,0.9654117993834586,4.431558566009103
trunc_laplace,43048,cohen,0.30931023724198803,0.6530044907310435
trunc_laplace,43048,cohen_stable,0.7337351744412075,2.213004490731045
trunc_laplace,43048,latentcp,0.9944764825452684,5.044348455625426
trunc_laplace,43048,latentcp_tuned,0.9159515751757652,3.782214136526958
trunc_laplace,43048,latentcp_multi,0.9731090523026614,4.585771382292563
trunc_laplace,43048,latentcp_pac,1.0,6.044166888022793
trunc_laplace,43048,noisy_threshold,0.9709810679676598,4.534794495957904
trunc_laplace,43048,simple_shrink,0.9675377179245181,4.4703130559640245
trunc_laplace,43049,cohen,0.3949242707685825,0.8814199235058604
trunc_laplace,43049,cohen_stable,0.85456171837179,3.0614199235058623
trunc_laplace,43049,latentcp,0.9684539295337337,4.487260084929434
trunc_laplace,43049,latentcp_tuned,0.9821931191650483,4.789167183168878
trunc_laplace,43049,latentcp_multi,0.9751442297793657,4.616197352029783
trunc_laplace,43049,latentcp_pac,1.0,6.342819085122
trunc_laplace,43049,noisy_threshold,0.9408539586881068,4.032855262509651
trunc_laplace,43049,simple_shrink,0.9364693078832733,3.969636563325087
trunc_laplace,43050,cohen,0.36431145174232293,0.7965867929055279
trunc_laplace,43050,cohen_stable,0.7343659202896524,2.216586792905529
trunc_laplace,43050,latentcp,0.9999999504301806,5.2077547936605075
trunc_laplace,43050,latentcp_tuned,0.9855445602219696,4.966786250843018
trunc_laplace,43050,latentcp_multi,0.9231508678448828,3.862840514094037
trunc_laplace,43050,latentcp_pac,1.0,6.257612133177572
trunc_laplace,43050,noisy_threshold,0.996544697703003,5.0964252197450834
trunc_laplace,43050,simple_shrink,0.9937272104535539,5.025821952443261
trunc_laplace,43051,cohen,0.3755400801090047,0.8272690432146428
trunc_laplace,43051,cohen_stable,0.7431645557285274,2.267269043214644
trunc_laplace,43051,latentcp,0.9490863895651933,4.157818114024537
trunc_laplace,43051,latentcp_tuned,0.9879860012645338,5.124741866450339
trunc_laplace,43051,latentcp_multi,0.9879860012645338,5.124741866450339
trunc_laplace,43051,latentcp_pac,0.9962900141461154,5.08996968071842
trunc_laplace,43051,noisy_threshold,0.9459789475964233,4.1094911932614115
trunc_laplace,43051,simple_shrink,0.9409516998580467,4.034288537148811
trunc_laplace,43052,cohen,0.4033072267450088,0.9053203569216017
trunc_laplace,43052,cohen_stable,0.913216628256073,3.665320356921604
trunc_laplace,43052,latentcp,0.9999988021471986,5.211913589212738
trunc_laplace,43052,latentcp_tuned,0.9232843242327954,3.8749226624103814
trunc_laplace,43052,latentcp_multi,0.9527215185983795,4.286419150342361
trunc_laplace,43052,latentcp_pac,1.0,5.58872559005315
trunc_laplace,43052,noisy_threshold,0.991368560600558,4.968652399117036
trunc_laplace,43052,simple_shrink,0.9886734642281887,4.905348758058832
trunc_laplace,43053,cohen,0.37215852835891544,0.8179771725615042
trunc_laplace,43053,cohen_stable,0.8376977322590526,2.917977172561506
trunc_laplace,43053,latentcp,0.9955907091720472,5.072241220029063
trunc_laplace,43053,latentcp_tuned,0.9627847962515586,4.480152147577602
trunc_laplace,43053,latentcp_multi,0.9980599833215887,5.262864931787047
trunc_laplace,43053,latentcp_pac,1.0,5.802267245812618
trunc_laplace,43053,noisy_threshold,0.9937892034514269,5.027347785954682
trunc_laplace,43053,simple_shrink,0.9910390335086188,4.960799236898775
trunc_laplace,43054,cohen,0.4456687492069451,1.0308744103611027
trunc_laplace,43054,cohen_stable,0.8644574254166193,3.1508744103611046
trunc_laplace,43054,latentcp,1.0,5.521584132692478
trunc_laplace,43054,latentcp_tuned,0.9915212715772199,4.989048991418965
trunc_laplace,43054,latentcp_multi,0.9969974531695159,5.195571798753638
trunc_laplace,43054,latentcp_pac,1.0,7.447775188154376
trunc_laplace,43054,noisy_threshold,1.0,5.216228036375744
trunc_laplace,43054,simple_shrink,0.9986226967255551,5.1502157428467825
trunc_laplace,43055,cohen,0.4654090435289804,1.092314011099469
trunc_laplace,43055,cohen_stable,0.9718967889526491,4.55231401109946
trunc_laplace,43055,latentcp,1.0,5.806313234354177
trunc_laplace,43055,latentcp_tuned,0.9999281322744661,7.1800890041313075
trunc_laplace,43055,latentcp_multi,1.0,6.251157001769732
trunc_laplace,43055,latentcp_pac,1.0,7.185572015439376
trunc_laplace,43055,noisy_threshold,1.0,5.690581997350677
trunc_laplace,43055,simple_shrink,1.0,5.635303483932867
trunc_laplace,43056,cohen,0.3863930014075909,0.8573986955342816
trunc_laplace,43056,cohen_stable,0.9268166554175883,3.8373986955342843
trunc_laplace,43056,latentcp,0.9728315824982775,4.570365432355105
trunc_laplace,43056,latentcp_tuned,0.9629412166620351,4.396419770848999
trunc_laplace,43056,latentcp_multi,0.9640065745978855,4.465248776482813
trunc_laplace,43056,latentcp_pac,1.0,5.22280707886252
trunc_laplace,43056,noisy_threshold,0.9693612258001361,4.504190464335804
trunc_laplace,43056,simple_shrink,0.9657703115225236,4.438039409658861
trunc_laplace,43057,cohen,0.38715509220990363,0.8595322924115614
trunc_laplace,43057,cohen_stable,0.9811773507250219,4.739532292411549
trunc_laplace,43057,latentcp,1.0,6.129335190178263
trunc_laplace,43057,latentcp_tuned,0.9940089822497008,5.331066905205874
trunc_laplace,43057,latentcp_multi,0.9998762242206604,6.105624656886518
trunc_laplace,43057,latentcp_pac,1.0,6.839834771592262
trunc_laplace,43057,noisy_threshold,1.0,5.969491704864337
trunc_laplace,43057,simple_shrink,1.0,5.906806235371673
trunc_laplace,43058,cohen,0.38829471709010427,0.8627272933644448
trunc_laplace,43058,cohen_stable,0.90275549990732,3.542727293364447
trunc_laplace,43058,latentcp,1.0,6.015016387489347
trunc_laplace,43058,latentcp_tuned,0.9787505349632916,4.795312027658414
trunc_laplace,43058,latentcp_multi,0.9870930356886213,5.035244583989233
trunc_laplace,43058,latentcp_pac,1.0,6.16010357815938
trunc_laplace,43058,noisy_threshold,1.0,5.910554883676345
trunc_laplace,43058,simple_shrink,1.0,5.8463754834598
trunc_laplace,43059,cohen,0.38531537213329914,0.8543857438238778
trunc_laplace,43059,cohen_stable,0.9353897384117378,3.9543857438238805
trunc_laplace,43059,latentcp,0.9799884693257225,4.714504039780486
trunc_laplace,43059,latentcp_tuned,0.9798753424958473,4.7209126388291915
trunc_laplace,43059,latentcp_multi,0.9988908104666642,5.870607704035365
trunc_laplace,43059,latentcp_pac,1.0,5.490754562361568
trunc_laplace,43059,noisy_threshold,0.9761716444235062,4.636287262167959
trunc_laplace,43059,simple_shrink,0.9726865378506575,4.567553069781394
trunc_laplace,43060,cohen,0.4332198593267007,0.9931169201688976
trunc_laplace,43060,cohen_stable,0.7856931971386221,2.533116920168899
trunc_laplace,43060,latentcp,1.0,5.54763960767059
trunc_laplace,43060,latentcp_tuned,1.0,5.673862731313591
trunc_laplace,43060,latentcp_multi,0.9923162836116198,5.2047239857832714
trunc_laplace,43060,latentcp_pac,1.0,6.395624224568089
trunc_laplace,43060,noisy_threshold,1.0,5.263974350748114
trunc_laplace,43060,simple_shrink,1.0,5.199587183468494
trunc_laplace,43061,cohen,0.4403960391862119,1.0147914234345596
trunc_laplace,43061,cohen_stable,0.8627121492643202,3.1347914234345615
trunc_laplace,43061,latentcp,0.993741054291998,5.026163843244407
trunc_laplace,43061,latentcp_tuned,0.9985779639298988,5.157576581807097
trunc_laplace,43061,latentcp_multi,0.9994163303555141,5.427035851702676
trunc_laplace,43061,latentcp_pac,1.0,6.16430062144648
trunc_laplace,43061,noisy_threshold,0.9833352293221569,4.7858136640786535
trunc_laplace,43061,simple_shrink,0.9794646925648278,4.703578791747735
trunc_laplace,43062,cohen,0.4523442762697804,1.0514317544071625
trunc_laplace,43062,cohen_stable,0.9263652070810418,3.831431754407165
trunc_laplace,43062,latentcp,0.9864643053941983,4.85497495180908
trunc_laplace,43062,latentcp_tuned,0.9906251244439293,4.964998567903859
trunc_laplace,43062,latentcp_multi,0.9588330461068858,4.32687051982843
trunc_laplace,43062,latentcp_pac,1.0,5.728839223733797
trunc_laplace,43062,noisy_threshold,0.9824445089958866,4.766574254748734
trunc_laplace,43062,simple_shrink,0.9799801572252806,4.714329101634698
trunc_laplace,43063,cohen,0.3987336504376737,0.8922438342189802
trunc_laplace,43063,cohen_stable,0.8001013383814537,2.632243834218982
trunc_laplace,43063,latentcp,0.9594361067696212,4.326642890638684
trunc_laplace,43063,latentcp_tuned,0.9665248167394097,4.452230361176877
trunc_laplace,43063,latentcp_multi,0.9665248167394097,4.452230361176877
trunc_laplace,43063,latentcp_pac,1.0,5.584341602925644
trunc_laplace,43063,noisy_threshold,0.9547829165293411,4.248742801744876
trunc_laplace,43063,simple_shrink,0.9510338305230874,4.188203350564793
trunc_laplace,43064,cohen,0.3022156958585358,0.6352429323653053
trunc_laplace,43064,cohen_stable,0.9188904830184972,3.735242932365308
trunc_laplace,43064,latentcp,0.9899234059718277,4.93446201066571
trunc_laplace,43064,latentcp_tuned,0.9989347749860141,6.128850732276638
trunc_laplace,43064,latentcp_multi,0.9989347749860141,6.128850732276638
trunc_laplace,43064,latentcp_pac,1.0,6.80558493425038
trunc_laplace,43064,noisy_threshold,0.9890599603738157,4.914299593300196
trunc_laplace,43064,simple_shrink,0.9862839150735936,4.850918249310212
trunc_laplace,43065,cohen,0.40811107212829345,0.9191519608286263
trunc_laplace,43065,cohen_stable,0.8857851159186421,3.3591519608286284
trunc_laplace,43065,latentcp,0.9948047045001062,5.052519314560551
trunc_laplace,43065,latentcp_tuned,0.999272517543708,6.087487790263317
trunc_laplace,43065,latentcp_multi,0.9700437846794463,4.526898104363011
trunc_laplace,43065,latentcp_pac,1.0,6.206166198507149
trunc_laplace,43065,noisy_threshold,0.9899850867262594,4.935895772488031
trunc_laplace,43065,simple_shrink,0.9864700647170714,4.855103417984034
trunc_laplace,43066,cohen,0.3502806040912112,0.7589248906542614
trunc_laplace,43066,cohen_stable,0.9385186341667962,3.9989248906542643
trunc_laplace,43066,latentcp,1.0,5.741861787552807
trunc_laplace,43066,latentcp_tuned,1.0,7.1555888753846215
trunc_laplace,43066,latentcp_multi,0.9980223620995501,5.243438657285094
trunc_laplace,43066,latentcp_pac,1.0,6.070423063492228
trunc_laplace,43066,noisy_threshold,1.0,5.194812407648069
trunc_laplace,43066,simple_shrink,0.9980421143004412,5.135034412945971
trunc_laplace,43067,cohen,0.32446361640182,0.6915019158604543
trunc_laplace,43067,cohen_stable,0.8869784676871979,3.3715019158604567
trunc_laplace,43067,latentcp,0.995406145993594,5.067581020925368
trunc_laplace,43067,latentcp_tuned,0.986421376873271,4.904030409576
trunc_laplace,43067,latentcp_multi,0.9838447397029606,4.8403796088801325
trunc_laplace,43067,latentcp_pac,1.0,7.3184117018323676
trunc_laplace,43067,noisy_threshold,0.9941342083572504,5.035861644032828
trunc_laplace,43067,simple_shrink,0.9911716696973465,4.963956304707649
trunc_laplace,43068,cohen,0.39478445646428706,0.8810238174486615
trunc_laplace,43068,cohen_stable,0.9145089584750834,3.681023817448664
trunc_laplace,43068,latentcp,1.0,5.45972106177332
trunc_laplace,43068,latentcp_tuned,0.9921694091241229,5.002374468965094
trunc_laplace,43068,latentcp_multi,0.9078680677485879,3.610927127357274
trunc_laplace,43068,latentcp_pac,1.0,5.985875186143915
trunc_laplace,43068,noisy_threshold,1.0,5.191965547584585
trunc_laplace,43068,simple_shrink,0.9975829496248763,5.123112513293765
trunc_laplace,43069,cohen,0.3743143036457455,0.8238956340857055
trunc_laplace,43069,cohen_stable,0.8881683460498817,3.383895634085708
trunc_laplace,43069,latentcp,0.9903789159849251,4.945168089611036
trunc_laplace,43069,latentcp_tuned,0.9813685768714877,4.85248945528636
trunc_laplace,43069,latentcp_multi,0.9813685768714877,4.85248945528636
trunc_laplace,43069,latentcp_pac,1.0,5.890371945261843
trunc_laplace,43069,noisy_threshold,0.9839623557977495,4.79947623660394
trunc_laplace,43069,simple_shrink,0.9806929954474954,4.729295762458517
trunc_laplace,43070,cohen,0.36305989486145357,0.7931971253441881
trunc_laplace,43070,cohen_stable,0.7857051586815222,2.5331971253441896
trunc_laplace,43070,latentcp,0.9915550041832394,4.973110322840214
trunc_laplace,43070,latentcp_tuned,0.9966363863350668,5.239739562027057
trunc_laplace,43070,latentcp_multi,0.9657982591253662,4.448225665858413
trunc_laplace,43070,latentcp_pac,1.0,6.0642815566541115
trunc_laplace,43070,noisy_threshold,0.9820550962827364,4.7582232749866264
trunc_laplace,43070,simple_shrink,0.9792687110670721,4.699507247978047
trunc_laplace,43071,cohen,0.3390236747106053,0.7292346674970518
trunc_laplace,43071,cohen_stable,0.9118818229762349,3.6492346674970544
trunc_laplace,43071,latentcp,0.9888416759284299,4.909241119915023
trunc_laplace,43071,latentcp_tuned,0.9033552556216975,3.632524874145609
trunc_laplace,43071,latentcp_multi,0.9791634024073548,4.707601770007377
trunc_laplace,43071,latentcp_pac,1.0,6.248650712251444
trunc_laplace,43071,noisy_threshold,0.9776678317445471,4.666568578273603
trunc_laplace,43071,simple_shrink,0.9751248308821197,4.615381612384329
trunc_laplace,43072,cohen,0.3208919597928794,0.6823581939505909
trunc_laplace,43072,cohen_stable,0.8569195216951315,3.082358193950593
trunc_laplace,43072,latentcp,1.0,5.823106554019362
trunc_laplace,43072,latentcp_tuned,0.9978983370890033,5.647846784901901
trunc_laplace,43072,latentcp_multi,0.9781519177494725,4.745458299525843
trunc_laplace,43072,latentcp_pac,1.0,6.34686990543198
trunc_laplace,43072,noisy_threshold,1.0,5.75519626373364
trunc_laplace,43072,simple_shrink,1.0,5.683008366716719
trunc_laplace,43073,cohen,0.4406321323223459,1.0155086846073056
trunc_laplace,43073,cohen_stable,0.8196518620252813,2.775508684607307
trunc_laplace,43073,latentcp,0.994167252360498,5.036683579998732
trunc_laplace,43073,latentcp_tuned,0.9806005908587275,4.821314639309947
trunc_laplace,43073,latentcp_multi,0.9806005908587275,4.821314639309947
trunc_laplace,43073,latentcp_pac,1.0,6.040751332199378
trunc_laplace,43073,noisy_threshold,0.9829113432253926,4.776633717358761
trunc_laplace,43073,simple_shrink,0.9806364468653395,4.728104200167761
trunc_laplace,43074,cohen,0.3785607043121031,0.8356074000911327
trunc_laplace,43074,cohen_stable,0.8949041769943855,3.455607400091135
trunc_laplace,43074,latentcp,1.0,5.24544806851085
trunc_laplace,43074,latentcp_tuned,0.9978333524726373,5.69052704338807
trunc_laplace,43074,latentcp_multi,0.9978333524726373,5.69052704338807
trunc_laplace,43074,latentcp_pac,1.0,6.749999239330005
trunc_laplace,43074,noisy_threshold,0.9954194518935944,5.067915185800589
trunc_laplace,43074,simple_shrink,0.9935553346990602,5.021597913703967
trunc_laplace,43075,cohen,0.30465126112892355,0.6413219704929856
trunc_laplace,43075,cohen_stable,0.861239179727852,3.1213219704929878
trunc_laplace,43075,latentcp,0.9568990261914536,4.283781428868101
trunc_laplace,43075,latentcp_tuned,0.9307501851721043,3.8997824499617946
trunc_laplace,43075,latentcp_multi,0.9198067340599431,3.756533829865971
trunc_laplace,43075,latentcp_pac,0.998751262641691,5.153594070110395
trunc_laplace,43075,noisy_threshold,0.9552681046738996,4.256719078638802
trunc_laplace,43075,simple_shrink,0.9511279641609292,4.189700239294811
trunc_laplace,43076,cohen,0.38288641679351126,0.8476119213515401
trunc_laplace,43076,cohen_stable,0.8619283133244378,3.127611921351542
trunc_laplace,43076,latentcp,0.9620346728777764,4.371564199897711
trunc_laplace,43076,latentcp_tuned,0.9105939432304854,3.6901587094367243
trunc_laplace,43076,latentcp_multi,0.8502085332072119,3.088299352426842
trunc_laplace,43076,latentcp_pac,0.9762590798337331,4.638044762644723
trunc_laplace,43076,noisy_threshold,0.954649467343121,4.24655476215063
trunc_laplace,43076,simple_shrink,0.9515350264113631,4.196186724128896
trunc_laplace,43077,cohen,0.41777854926897917,0.947293449760084
trunc_laplace,43077,cohen_stable,0.974716758516156,4.607293449760074
trunc_laplace,43077,latentcp,1.0,5.655112171767903
trunc_laplace,43077,latentcp_tuned,0.9999932520476329,5.6810843953544055
trunc_laplace,43077,latentcp_multi,0.999958490181369,5.237643068989455
trunc_laplace,43077,latentcp_pac,1.0,7.83276798660205
trunc_laplace,43077,noisy_threshold,1.0,5.5931476896814445
trunc_laplace,43077,simple_shrink,1.0,5.526311976421536
trunc_laplace,43078,cohen,0.42889479979688905,0.9801711244468572
trunc_laplace,43078,cohen_stable,0.9314817439368155,3.9001711244468598
trunc_laplace,43078,latentcp,1.0,5.371919609624959
trunc_laplace,43078,latentcp_tuned,0.993873692826838,5.06036929320608
trunc_laplace,43078,latentcp_multi,1.0,5.498122585746216
trunc_laplace,43078,latentcp_pac,1.0,5.626165962667789
trunc_laplace,43078,noisy_threshold,0.9985002868988879,5.147004900899183
trunc_laplace,43078,simple_shrink,0.9951318323574967,5.060695369683172
trunc_laplace,43079,cohen,0.3539559224127146,0.7687189751965491
trunc_laplace,43079,cohen_stable,0.9118388448301329,3.6487189751965516
trunc_laplace,43079,latentcp,0.9795878225572119,4.706162108726087
trunc_laplace,43079,latentcp_tuned,0.9855531525011989,4.8351282177617465
trunc_laplace,43079,latentcp_multi,0.9896273158040714,5.128856872007001
trunc_laplace,43079,latentcp_pac,1.0,6.072690770652797
trunc_laplace,43079,noisy_threshold,0.9758471560478386,4.629782576728402
trunc_laplace,43079,simple_shrink,0.9727796801490527,4.569358361631937
trunc_laplace,43080,cohen,0.3852186490838801,0.8541155465230172
trunc_laplace,43080,cohen_stable,0.933941503753811,3.93411554652302
trunc_laplace,43080,latentcp,0.9878316964441454,4.8859979816326025
trunc_laplace,43080,latentcp_tuned,0.9666912287708498,4.4638360456070965
trunc_laplace,43080,latentcp_multi,0.9883276860399888,4.897890972465797
trunc_laplace,43080,latentcp_pac,1.0,6.70425785375455
trunc_laplace,43080,noisy_threshold,0.9827694889446656,4.773571419727048
trunc_laplace,43080,simple_shrink,0.9787490617604186,4.688753126711591
trunc_laplace,43081,cohen,0.41049913268348437,0.9260651567146176
trunc_laplace,43081,cohen_stable,0.9116174909099577,3.64606515671462
trunc_laplace,43081,latentcp,1.0,5.751199760258309
trunc_laplace,43081,latentcp_tuned,1.0,5.878534724064188
trunc_laplace,43081,latentcp_multi,1.0,5.878534724064188
trunc_laplace,43081,latentcp_pac,1.0,6.882234118159564
trunc_laplace,43081,noisy_threshold,1.0,5.443998438683959
trunc_laplace,43081,simple_shrink,1.0,5.390275097798506
trunc_laplace,43082,cohen,0.34149917766565524,0.7357245033590702
trunc_laplace,43082,cohen_stable,0.9699747492264597,4.5157245033590625
trunc_laplace,43082,latentcp,1.0,5.438212943461283
trunc_laplace,43082,latentcp_tuned,0.9831274729697046,4.914308030583553
trunc_laplace,43082,latentcp_multi,0.9698432662281491,4.599193220155431
trunc_laplace,43082,latentcp_pac,1.0,6.2090238750885405
trunc_laplace,43082,noisy_threshold,1.0,5.386767426229689
trunc_laplace,43082,simple_shrink,1.0,5.325799620913049
trunc_laplace,43083,cohen,0.4207881482706024,0.9561392021850987
trunc_laplace,43083,cohen_stable,0.9397086072119469,4.0161392021851015
trunc_laplace,43083,latentcp,0.9926720699921079,5.000051716923334
trunc_laplace,43083,latentcp_tuned,0.973441359480003,4.682825822129074
trunc_laplace,43083,latentcp_multi,0.973441359480003,4.682825822129074
trunc_laplace,43083,latentcp_pac,1.0,5.4849812389594454
trunc_laplace,43083,noisy_threshold,0.9922129673210012,4.988924019668845
trunc_laplace,43083,simple_shrink,0.9906963703772402,4.952666991201552
trunc_laplace,43084,cohen,0.30085565661121955,0.6318567156897603
trunc_laplace,43084,cohen_stable,0.8927011344741169,3.431856715689763
trunc_laplace,43084,latentcp,0.9824662766654996,4.767072378736357
trunc_laplace,43084,latentcp_tuned,0.9478587341571102,4.138908759898276
trunc_laplace,43084,latentcp_multi,0.996561328946521,5.640427135650692
trunc_laplace,43084,latentcp_pac,1.0,6.361933429451049
trunc_laplace,43084,noisy_threshold,0.9755338351174079,4.6235226245644565
trunc_laplace,43084,simple_shrink,0.9724769417303525,4.563496865254067
trunc_laplace,43085,cohen,0.34838305673641523,0.7538877710732224
trunc_laplace,43085,cohen_stable,0.8537072259824767,3.0538877710732244
trunc_laplace,43085,latentcp,0.9971637053125102,5.112293154978939
trunc_laplace,43085,latentcp_tuned,0.9999753534016625,5.242250974387727
trunc_laplace,43085,latentcp_multi,0.9991449716239864,6.124050106655914
trunc_laplace,43085,latentcp_pac,1.0,6.257651266201889
trunc_laplace,43085,noisy_threshold,0.9970077577816499,5.108281880951065
trunc_laplace,43085,simple_shrink,0.9943261199361504,5.040613955772455
trunc_laplace,43086,cohen,0.38352287540421703,0.8493845521261782
trunc_laplace,43086,cohen_stable,0.9778057707782217,4.669384552126167
trunc_laplace,43086,latentcp,1.0,5.43175288145389
trunc_laplace,43086,latentcp_tuned,0.9785093645318605,4.778752584649639
trunc_laplace,43086,latentcp_multi,0.9397019858432343,4.1066772599899135
trunc_laplace,43086,latentcp_pac,1.0,5.869677337074791
trunc_laplace,43086,noisy_threshold,0.9990156877990115,5.160560492687189
trunc_laplace,43086,simple_shrink,0.9971084654330089,5.110870237252802
trunc_laplace,43087,cohen,0.372693435728473,0.8194440031108368
trunc_laplace,43087,cohen_stable,0.8818957115496611,3.319444003110839
trunc_laplace,43087,latentcp,0.9999600844070895,5.213956377104145
trunc_laplace,43087,latentcp_tuned,0.9933678008883039,5.047552270011815
trunc_laplace,43087,latentcp_multi,0.9904359753481594,5.257391492238403
trunc_laplace,43087,latentcp_pac,1.0,6.050581781979898
trunc_laplace,43087,noisy_threshold,0.9981015810932237,5.136583863759546
trunc_laplace,43087,simple_shrink,0.9957158590459634,5.0753841415084855
trunc_laplace,43088,cohen,0.37561419481484104,0.8274732016523862
trunc_laplace,43088,cohen_stable,0.7757335886234367,2.4674732016523877
trunc_laplace,43088,latentcp,1.0,5.472280613830216
trunc_laplace,43088,latentcp_tuned,0.9797008842044841,4.8481711653588135
trunc_laplace,43088,latentcp_multi,1.0,5.75385539179621
trunc_laplace,43088,latentcp_pac,1.0,5.714151396840136
trunc_laplace,43088,noisy_threshold,1.0,5.353185848384435
trunc_laplace,43088,simple_shrink,1.0,5.29193837771903
trunc_laplace,43089,cohen,0.31181654099828643,0.65931869058321
trunc_laplace,43089,cohen_stable,0.891527092857884,3.4193186905832125
trunc_laplace,43089,latentcp,0.9999948494968117,5.248871361919332
trunc_laplace,43089,latentcp_tuned,0.9401258042208149,4.110195517952499
trunc_laplace,43089,latentcp_multi,0.998461306471921,5.296432006315748
trunc_laplace,43089,latentcp_pac,1.0,6.086581948974665
trunc_laplace,43089,noisy_threshold,0.9972344162060516,5.114112309525662
trunc_laplace,43089,simple_shrink,0.9944748206111811,5.044304350688125
trunc_laplace,43090,cohen,0.36474271386773705,0.7977561958618806
trunc_laplace,43090,cohen_stable,0.8472325011028552,2.9977561958618826
trunc_laplace,43090,latentcp,0.9998302297410995,5.182201284160864
trunc_laplace,43090,latentcp_tuned,0.9965290519775593,5.624548610896235
trunc_laplace,43090,latentcp_multi,0.9997649876734525,5.674341194093504
trunc_laplace,43090,latentcp_pac,1.0,6.755040675478746
trunc_laplace,43090,noisy_threshold,0.9988118935531412,5.155189026803061
trunc_laplace,43090,simple_shrink,0.9965810263629622,5.097352769980711
trunc_laplace,43091,cohen,0.40090987934426425,0.8984548705471171
trunc_laplace,43091,cohen_stable,0.9041352612259737,3.5584548705471195
trunc_laplace,43091,latentcp,0.9815315633088949,4.747102891987086
trunc_laplace,43091,latentcp_tuned,0.9048196935208637,3.68891313122945
trunc_laplace,43091,latentcp_multi,0.8512236202644001,3.1522323582802647
trunc_laplace,43091,latentcp_pac,1.0,5.7917840577608795
trunc_laplace,43091,noisy_threshold,0.9706162070054631,4.527858352851792
trunc_laplace,43091,simple_shrink,0.9667357807996964,4.455601964062421
trunc_laplace,43092,cohen,0.39209503828878084,0.8734203446520801
trunc_laplace,43092,cohen_stable,0.9698524802623361,4.513420344652072
trunc_laplace,43092,latentcp,1.0,5.820124735631688
trunc_laplace,43092,latentcp_tuned,1.0,5.950232367047175
trunc_laplace,43092,latentcp_multi,0.9999383342141352,7.21669882102537
trunc_laplace,43092,latentcp_pac,1.0,6.391248778838633
trunc_laplace,43092,noisy_threshold,1.0,5.2718399058133585
trunc_laplace,43092,simple_shrink,1.0,5.21060957916714
trunc_laplace,43093,cohen,0.3754969974676454,0.8271503765578356
trunc_laplace,43093,cohen_stable,0.8459876964363133,2.9871503765578375
trunc_laplace,43093,latentcp,0.9963472887298878,5.091441407343964
trunc_laplace,43093,latentcp_tuned,0.9794192480410908,4.716189875104641
trunc_laplace,43093,latentcp_multi,0.9867938303839408,5.074769334640301
trunc_laplace,43093,latentcp_pac,1.0,6.123221642510361
trunc_laplace,43093,noisy_threshold,0.9771472099054086,4.655977382931389
trunc_laplace,43093,simple_shrink,0.9746281590440187,4.605541870463934
trunc_laplace,43094,cohen,0.35513562358715234,0.7718733093693464
trunc_laplace,43094,cohen_stable,0.8511904453828127,3.0318733093693484
trunc_laplace,43094,latentcp,1.0,5.712107222451051
trunc_laplace,43094,latentcp_tuned,0.9985143424245058,5.858851403809399
trunc_laplace,43094,latentcp_multi,0.954647574774352,4.258344555023722
trunc_laplace,43094,latentcp_pac,1.0,5.970566549746888
trunc_laplace,43094,noisy_threshold,1.0,5.705349173947928
trunc_laplace,43094,simple_shrink,1.0,5.636250383908387
trunc_laplace,43095,cohen,0.34764341379976527,0.7519279362492011
trunc_laplace,43095,cohen_stable,0.8908314288983232,3.4119279362492034
trunc_laplace,43095,latentcp,0.9845377950962987,4.8121013854162
trunc_laplace,43095,latentcp_tuned,0.9870965629285017,4.879380755479577
trunc_laplace,43095,latentcp_multi,0.9870965629285017,4.879380755479577
trunc_laplace,43095,latentcp_pac,1.0,5.444299498417506
trunc_laplace,43095,noisy_threshold,0.9734476336626283,4.5823547340334585
trunc_laplace,43095,simple_shrink,0.9703581456867854,4.522967615826153
trunc_laplace,43096,cohen,0.4021469502942534,0.901994505470602
trunc_laplace,43096,cohen_stable,0.8973199780649108,3.4819945054706043
trunc_laplace,43096,latentcp,0.9926227628708378,4.998852642216901
trunc_laplace,43096,latentcp_tuned,0.9762225176668974,4.646747671409878
trunc_laplace,43096,latentcp_multi,0.9762225176668974,4.646747671409878
trunc_laplace,43096,latentcp_pac,1.0,8.333494182125243
trunc_laplace,43096,noisy_threshold,0.9880844195493288,4.891786980298836
trunc_laplace,43096,simple_shrink,0.9848402816150958,4.8187677465905265
trunc_laplace,43097,cohen,0.4162166218559642,0.9427186990225911
trunc_laplace,43097,cohen_stable,0.8205976922853822,2.7827186990225927
trunc_laplace,43097,latentcp,0.9617842031334725,4.367188608482174
trunc_laplace,43097,latentcp_tuned,0.986954492352958,4.875911746453851
trunc_laplace,43097,latentcp_multi,0.9965640242576961,5.161556872769404
trunc_laplace,43097,latentcp_pac,1.0,5.691541538278909
trunc_laplace,43097,noisy_threshold,0.9560453201529968,4.269565706014115
trunc_laplace,43097,simple_shrink,0.9513690620574087,4.193539453435881
trunc_laplace,43098,cohen,0.4304288996077256,0.9847530054428248
trunc_laplace,43098,cohen_stable,0.9725418976194842,4.564753005442816
trunc_laplace,43098,latentcp,1.0,5.470286039621252
trunc_laplace,43098,latentcp_tuned,0.9995159617784055,5.448741032246505
trunc_laplace,43098,latentcp_multi,0.9732519367007587,4.652419253585796
trunc_laplace,43098,latentcp_pac,1.0,6.6274088531166
trunc_laplace,43098,noisy_threshold,1.0,5.457332307723612
trunc_laplace,43098,simple_shrink,1.0,5.382651128085858
trunc_laplace,43099,cohen,0.417126125858013,0.9453812302921114
trunc_laplace,43099,cohen_stable,0.8660191527341983,3.1653812302921134
trunc_laplace,43099,latentcp,1.0,5.2829477270799465
trunc_laplace,43099,latentcp_tuned,1.0,5.404921889200905
trunc_laplace,43099,latentcp_multi,1.0,5.404921889200905
trunc_laplace,43099,latentcp_pac,1.0,6.646308537584355
trunc_laplace,43099,noisy_threshold,1.0,5.2765539354890185
trunc_laplace,43099,simple_shrink,1.0,5.209790948127257
trunc_laplace,43100,cohen,0.42216064875719006,0.9601868162852938
trunc_laplace,43100,cohen_stable,0.90602325109265,3.580186816285296
trunc_laplace,43100,latentcp,0.999994803726403,5.227610760604676
trunc_laplace,43100,latentcp_tuned,0.9913938754301793,5.026349016526216
trunc_laplace,43100,latentcp_multi,0.9993900772639962,6.162959776980565
trunc_laplace,43100,latentcp_pac,1.0,5.957653692594309
trunc_laplace,43100,noisy_threshold,0.9777305761702677,4.6678489695817715
trunc_laplace,43100,simple_shrink,0.9748478776680949,4.609888567312919
trunc_laplace,43101,cohen,0.37480564845345166,0.825247131375924
trunc_laplace,43101,cohen_stable,0.8702505497835031,3.205247131375926
trunc_laplace,43101,latentcp,0.9784123480515029,4.681849425248291
trunc_laplace,43101,latentcp_tuned,0.9153369479588827,3.793434488825657
trunc_laplace,43101,latentcp_multi,0.9068613904972159,3.689930569399511
trunc_laplace,43101,latentcp_pac,0.9939110902862464,5.030364260808882
trunc_laplace,43101,noisy_threshold,0.9690216209645874,4.497835710598009
trunc_laplace,43101,simple_shrink,0.9658238142559901,4.439008462668282
trunc_laplace,43102,cohen,0.44005592197284904,1.0137586040560622
trunc_laplace,43102,cohen_stable,0.8910039926984037,3.4137586040560643
trunc_laplace,43102,latentcp,1.0,5.621726261794587
trunc_laplace,43102,latentcp_tuned,1.0,6.853935514150396
trunc_laplace,43102,latentcp_multi,0.9997090147563596,5.484399147955449
trunc_laplace,43102,latentcp_pac,1.0,6.110991163581552
trunc_laplace,43102,noisy_threshold,1.0,5.528438181756691
trunc_laplace,43102,simple_shrink,1.0,5.468998824749413
trunc_laplace,43103,cohen,0.399395012893778,0.894129259558682
trunc_laplace,43103,cohen_stable,0.853734673994627,3.054129259558684
trunc_laplace,43103,latentcp,0.9445111730658756,4.087231405611607
trunc_laplace,43103,latentcp_tuned,0.9047207067393512,3.5740002415659387
trunc_laplace,43103,latentcp_multi,0.9505482499591227,4.180942813053933
trunc_laplace,43103,latentcp_pac,1.0,5.826953866776912
trunc_laplace,43103,noisy_threshold,0.9424288582141513,4.056081028044721
trunc_laplace,43103,simple_shrink,0.9381110538672193,3.9930641323441125
trunc_laplace,43104,cohen,0.41664080007105064,0.9439600012634339
trunc_laplace,43104,cohen_stable,0.8900784273010598,3.403960001263436
trunc_laplace,43104,latentcp,0.9744835239299948,4.602687286325693
trunc_laplace,43104,latentcp_tuned,0.9846978596386929,4.924230322867055
trunc_laplace,43104,latentcp_multi,0.8682212989618091,3.2643229720726743
trunc_laplace,43104,latentcp_pac,1.0,6.125212119820699
trunc_laplace,43104,noisy_threshold,0.9693332156074952,4.50366553436876
trunc_laplace,43104,simple_shrink,0.9662202003087872,4.446203187801073
trunc_laplace,43105,cohen,0.3620429657900188,0.7904473202207316
trunc_laplace,43105,cohen_stable,0.7969967794482031,2.6104473202207332
trunc_laplace,43105,latentcp,1.0,5.790600323084708
trunc_laplace,43105,latentcp_tuned,0.9996825076335546,5.496472637449578
trunc_laplace,43105,latentcp_multi,1.0,6.506226440774937
trunc_laplace,43105,latentcp_pac,1.0,7.029967726193292
trunc_laplace,43105,noisy_threshold,0.9973208582366802,5.11634057198978
trunc_laplace,43105,simple_shrink,0.995212552185309,5.0627188535507885
trunc_laplace,43106,cohen,0.40609485372699816,0.9133345536783373
trunc_laplace,43106,cohen_stable,0.8296756882766281,2.853334553678339
trunc_laplace,43106,latentcp,0.9852172897834748,4.827112542978745
trunc_laplace,43106,latentcp_tuned,0.9946636624780697,5.085642902339483
trunc_laplace,43106,latentcp_multi,0.9789687294460458,4.783226968442415
trunc_laplace,43106,latentcp_pac,1.0,5.984182523813529
trunc_laplace,43106,noisy_threshold,0.9836035287817018,4.791646922849302
trunc_laplace,43106,simple_shrink,0.9802235335177554,4.719425876415432
trunc_laplace,43107,cohen,0.3694054267256676,0.8104452775690874
trunc_laplace,43107,cohen_stable,0.8887940555876586,3.3904452775690896
trunc_laplace,43107,latentcp,0.9791570890487966,4.69719938749918
trunc_laplace,43107,latentcp_tuned,0.9328853677358616,3.9322092745251234
trunc_laplace,43107,latentcp_multi,0.9975602798173466,5.239790188992113
trunc_laplace,43107,latentcp_pac,1.0,5.934250395448753
trunc_laplace,43107,noisy_threshold,0.9663814719417181,4.449138141126524
trunc_laplace,43107,simple_shrink,0.961760025107135,4.366763883406194
trunc_laplace,43108,cohen,0.4224217714596816,0.9609578564531724
trunc_laplace,43108,cohen_stable,0.8611992177514989,3.1209578564531744
trunc_laplace,43108,latentcp,0.9977492708978586,5.127422962213153
trunc_laplace,43108,latentcp_tuned,0.9725718182414762,4.650544333797388
trunc_laplace,43108,latentcp_multi,0.9725718182414762,4.650544333797388
trunc_laplace,43108,latentcp_pac,1.0,5.611082599709598
trunc_laplace,43108,noisy_threshold,0.9911009808172959,4.962273088430683
trunc_laplace,43108,simple_shrink,0.9881602000392462,4.893526333673394
trunc_laplace,43109,cohen,0.41991683168026217,0.9535740464062346
trunc_laplace,43109,cohen_stable,0.9105714879660827,3.633574046406237
trunc_laplace,43109,latentcp,0.9952717162154008,5.064211080627353
trunc_laplace,43109,latentcp_tuned,1.0,9.15572100006704
trunc_laplace,43109,latentcp_multi,0.9999341402577548,5.836999085825121
trunc_laplace,43109,latentcp_pac,1.0,6.349044412248317
trunc_laplace,43109,noisy_threshold,0.9871582212066663,4.8706549074886265
trunc_laplace,43109,simple_shrink,0.9840157786824713,4.800644619421432
trunc_laplace,43110,cohen,0.3373266968049986,0.7247984869068889
trunc_laplace,43110,cohen_stable,0.7844498917596643,2.5247984869068905
trunc_laplace,43110,latentcp,0.9999991652951493,5.192214223266434
trunc_laplace,43110,latentcp_tuned,0.9999330128492369,5.233213497570541
trunc_laplace,43110,latentcp_multi,0.9775606334517761,4.673750059129301
trunc_laplace,43110,latentcp_pac,1.0,6.152132222578632
trunc_laplace,43110,noisy_threshold,0.9969334408129296,5.106374047711741
trunc_laplace,43110,simple_shrink,0.9936935921920895,5.024995013731327
trunc_laplace,43111,cohen,0.4181961557635412,0.9485184346575606
trunc_laplace,43111,cohen_stable,0.8576083224922104,3.0885184346575625
trunc_laplace,43111,latentcp,0.9673105566107428,4.466137666233959
trunc_laplace,43111,latentcp_tuned,0.9863900157032157,4.967220507142144
trunc_laplace,43111,latentcp_multi,0.9992641248184013,5.386681757088479
trunc_laplace,43111,latentcp_pac,1.0,5.900125111745716
trunc_laplace,43111,noisy_threshold,0.9588392067893192,4.316470054062077
trunc_laplace,43111,simple_shrink,0.9549980224034229,4.252274952870877
trunc_laplace,43112,cohen,0.3216143488789813,0.6842040524981958
trunc_laplace,43112,cohen_stable,0.7658061170788493,2.4042040524981974
trunc_laplace,43112,latentcp,0.9396338392048651,4.0150962856737955
trunc_laplace,43112,latentcp_tuned,0.9798629216273173,4.722364142009241
trunc_laplace,43112,latentcp_multi,0.9895987454796754,5.1188025199473115
trunc_laplace,43112,latentcp_pac,1.0,5.289975414311194
trunc_laplace,43112,noisy_threshold,0.929291770138926,3.8704472324035897
trunc_laplace,43112,simple_shrink,0.9248528636180533,3.811576836251883
trunc_laplace,43113,cohen,0.3817133353311466,0.8443490046285529
trunc_laplace,43113,cohen_stable,0.9894917484025934,4.924349004628536
trunc_laplace,43113,latentcp,1.0,5.62976198694033
trunc_laplace,43113,latentcp_tuned,1.0,5.457566737847087
trunc_laplace,43113,latentcp_multi,1.0,5.514211879138158
trunc_laplace,43113,latentcp_pac,1.0,6.554140334644542
trunc_laplace,43113,noisy_threshold,1.0,5.524838928159447
trunc_laplace,43113,simple_shrink,1.0,5.444770279295306
trunc_laplace,43114,cohen,0.4286427295627209,0.9794193149167278
trunc_laplace,43114,cohen_stable,0.8450759533724796,2.9794193149167296
trunc_laplace,43114,latentcp,0.986073722978289,4.846203846666408
trunc_laplace,43114,latentcp_tuned,0.9999663702747112,6.702942112380908
trunc_laplace,43114,latentcp_multi,0.9999663702747112,6.702942112380908
trunc_laplace,43114,latentcp_pac,1.0,6.4741720841867
trunc_laplace,43114,noisy_threshold,0.975162792030781,4.616135755416664
trunc_laplace,43114,simple_shrink,0.9727645268636538,4.56906454358983
trunc_laplace,43115,cohen,0.3703948637140366,0.8131487602479908
trunc_laplace,43115,cohen_stable,0.9105357545040529,3.6331487602479933
trunc_laplace,43115,latentcp,1.0,5.929870749678326
trunc_laplace,43115,latentcp_tuned,1.0,6.3484631075703986
trunc_laplace,43115,latentcp_multi,0.9723546966256233,4.6347817462505825
trunc_laplace,43115,latentcp_pac,1.0,7.719289185315383
trunc_laplace,43115,noisy_threshold,1.0,5.578582041675936
trunc_laplace,43115,simple_shrink,1.0,5.510274159586764
trunc_laplace,43116,cohen,0.3312536080899471,0.7090059945340275
trunc_laplace,43116,cohen_stable,0.9350068653507437,3.9490059945340303
trunc_laplace,43116,latentcp,1.0,6.555912766565152
trunc_laplace,43116,latentcp_tuned,0.9999311924075827,5.6120910244722655
trunc_laplace,43116,latentcp_multi,0.9999311924075827,5.6120910244722655
trunc_laplace,43116,latentcp_pac,1.0,7.046798098804642
trunc_laplace,43116,noisy_threshold,0.9873942818202759,4.876018774178643
trunc_laplace,43116,simple_shrink,0.9841005123096487,4.802499243789964
trunc_laplace,43117,cohen,0.38715162054551877,0.8595225675388223
trunc_laplace,43117,cohen_stable,0.7418347479283969,2.2595225675388235
trunc_laplace,43117,latentcp,0.9874117551003263,4.876417379630724
trunc_laplace,43117,latentcp_tuned,0.9996563656418842,5.478771407742781
trunc_laplace,43117,latentcp_multi,0.9935477266552678,5.29803394766079
trunc_laplace,43117,latentcp_pac,1.0,6.040084682231114
trunc_laplace,43117,noisy_threshold,0.9848816447454203,4.819681463833151
trunc_laplace,43117,simple_shrink,0.9820287627982278,4.757659862531512
trunc_laplace,43118,cohen,0.3259802870905149,0.695397940203017
trunc_laplace,43118,cohen_stable,0.8061448076558193,2.675397940203019
trunc_laplace,43118,latentcp,0.9449875659193466,4.094496326564427
trunc_laplace,43118,latentcp_tuned,0.9765845612512613,4.65528018815326
trunc_laplace,43118,latentcp_multi,0.9532470692858723,4.224203714019435
trunc_laplace,43118,latentcp_pac,0.9998997643780096,5.184041261475791
trunc_laplace,43118,noisy_threshold,0.9182140805336787,3.7267720750955124
trunc_laplace,43118,simple_shrink,0.9136318610771303,3.670351956454282
trunc_laplace,43119,cohen,0.4173459409349971,0.9460252839857413
trunc_laplace,43119,cohen_stable,0.7992192020688431,2.6260252839857428
trunc_laplace,43119,latentcp,0.9674763607909775,4.469272339805631
trunc_laplace,43119,latentcp_tuned,0.9607771459791062,4.361726460313769
trunc_laplace,43119,latentcp_multi,0.9992137018415371,6.144882368847059
trunc_laplace,43119,latentcp_pac,0.9964263803367815,5.093426295044934
trunc_laplace,43119,noisy_threshold,0.9596472392965039,4.330252161893455
trunc_laplace,43119,simple_shrink,0.9565131474766746,4.277340145184983
trunc_laplace,43120,cohen,0.3275927372501102,0.6995487032028889
trunc_laplace,43120,cohen_stable,0.9479337652848361,4.139548703202889
trunc_laplace,43120,latentcp,1.0,5.710662878139257
trunc_laplace,43120,latentcp_tuned,0.9963087357683011,5.478653690177397
trunc_laplace,43120,latentcp_multi,1.0,5.8093155836966135
trunc_laplace,43120,latentcp_pac,1.0,6.4533950228585475
trunc_laplace,43120,noisy_threshold,1.0,5.443880949548498
trunc_laplace,43120,simple_shrink,1.0,5.390133038318572
trunc_laplace,43121,cohen,0.40072687922258865,0.8979318060892583
trunc_laplace,43121,cohen_stable,0.9384496587731621,3.997931806089261
trunc_laplace,43121,latentcp,1.0,5.371651217327074
trunc_laplace,43121,latentcp_tuned,0.9999983145995764,6.141673227609143
trunc_laplace,43121,latentcp_multi,0.9741339883636383,4.6057014124923725
trunc_laplace,43121,latentcp_pac,1.0,6.660613400902023
trunc_laplace,43121,noisy_threshold,0.9976749602310031,5.125495575095719
trunc_laplace,43121,simple_shrink,0.9948930574020598,5.0547222318191665
trunc_laplace,43122,cohen,0.383496298687241,0.8493104992680514
trunc_laplace,43122,cohen_stable,0.8867672759641407,3.3693104992680536
trunc_laplace,43122,latentcp,0.9808369010736644,4.73233213935211
trunc_laplace,43122,latentcp_tuned,0.9137831071448156,3.6819368691826595
trunc_laplace,43122,latentcp_multi,0.9639917885688516,4.415295663331777
trunc_laplace,43122,latentcp_pac,1.0,5.199638395381339
trunc_laplace,43122,noisy_threshold,0.9781509698289796,4.676449839869199
trunc_laplace,43122,simple_shrink,0.9751009556098547,4.614907453808288
trunc_laplace,43123,cohen,0.4334111727356951,0.9936915842507639
trunc_laplace,43123,cohen_stable,0.9449390523568064,4.093691584250765
trunc_laplace,43123,latentcp,0.9949331320415434,5.055726030774469
trunc_laplace,43123,latentcp_tuned,0.9648673104343746,4.489241369130984
trunc_laplace,43123,latentcp_multi,0.967707921989077,4.5418289121661095
trunc_laplace,43123,latentcp_pac,1.0,5.825119381186769
trunc_laplace,43123,noisy_threshold,0.9827096571326526,4.772281257743541
trunc_laplace,43123,simple_shrink,0.9799151402709612,4.712969809579781
trunc_laplace,43124,cohen,0.36041247193315895,0.7860466321436599
trunc_laplace,43124,cohen_stable,0.8617570298269115,3.126046632143662
trunc_laplace,43124,latentcp,0.9865431428140827,4.8570047136333265
trunc_laplace,43124,latentcp_tuned,0.9995010977294403,6.876120624119413
trunc_laplace,43124,latentcp_multi,0.98719643972262,4.872053306643803
trunc_laplace,43124,latentcp_pac,1.0,5.991984361239681
trunc_laplace,43124,noisy_threshold,0.9814705561731123,4.745755655350514
trunc_laplace,43124,simple_shrink,0.9784231538802688,4.682039123213643
trunc_laplace,43125,cohen,0.34018812518890384,0.7322846819515312
trunc_laplace,43125,cohen_stable,0.6595132784826347,1.8322846819515322
trunc_laplace,43125,latentcp,0.9636676507778889,4.4005734677601875
trunc_laplace,43125,latentcp_tuned,0.9276448636714111,3.8801567540544926
trunc_laplace,43125,latentcp_multi,0.9276448636714111,3.8801567540544926
trunc_laplace,43125,latentcp_pac,1.0,6.250938765162593
trunc_laplace,43125,noisy_threshold,0.9611724223128535,4.356539345304405
trunc_laplace,43125,simple_shrink,0.9569135938374078,4.284019966195405
trunc_laplace,43126,cohen,0.38140884149862897,0.8435029643534682
trunc_laplace,43126,cohen_stable,0.9682515191021468,4.483502964353461
trunc_laplace,43126,latentcp,1.0,5.719913912506618
trunc_laplace,43126,latentcp_tuned,1.0,5.851219883654121
trunc_laplace,43126,latentcp_multi,0.9999411909163388,5.967183677585488
trunc_laplace,43126,latentcp_pac,1.0,6.9028772665597895
trunc_laplace,43126,noisy_threshold,1.0,5.484347063961333
trunc_laplace,43126,simple_shrink,1.0,5.435912379600734
trunc_laplace,43127,cohen,0.37909067216990944,0.8370741093824452
trunc_laplace,43127,cohen_stable,0.8563269216078244,3.077074109382447
trunc_laplace,43127,latentcp,1.0,5.376421345039919
trunc_laplace,43127,latentcp_tuned,0.9527641626312314,4.289275685045026
trunc_laplace,43127,latentcp_multi,0.984089410093041,4.921962837670546
trunc_laplace,43127,latentcp_pac,1.0,6.176104652787135
trunc_laplace,43127,noisy_threshold,1.0,5.364154605339607
trunc_laplace,43127,simple_shrink,1.0,5.322625503065017
trunc_laplace,43128,cohen,0.3361156912800891,0.721638982185659
trunc_laplace,43128,cohen_stable,0.8879522649449101,3.3816389821856614
trunc_laplace,43128,latentcp,0.9860757193964358,4.846248652361555
trunc_laplace,43128,latentcp_tuned,0.9915228029273089,4.972813981496818
trunc_laplace,43128,latentcp_multi,0.9598553833774054,4.3915761806767
trunc_laplace,43128,latentcp_pac,1.0,5.684738185372336
trunc_laplace,43128,noisy_threshold,0.9838322066060212,4.796632790907397
trunc_laplace,43128,simple_shrink,0.9803992410572837,4.723113974784415
trunc_laplace,43129,cohen,0.37981638801934614,0.8390843816012961
trunc_laplace,43129,cohen_stable,0.7982312114689714,2.6190843816012976
trunc_laplace,43129,latentcp,1.0,5.6919918850730475
trunc_laplace,43129,latentcp_tuned,0.9882259326171524,5.082264211717579
trunc_laplace,43129,latentcp_multi,0.9882259326171524,5.082264211717579
trunc_laplace,43129,latentcp_pac,1.0,6.142807880321367
trunc_laplace,43129,noisy_threshold,1.0,5.4491214423055645
trunc_laplace,43129,simple_shrink,1.0,5.372674773801279
trunc_laplace,43130,cohen,0.4185665393293458,0.9496055535432628
trunc_laplace,43130,cohen_stable,0.7503381452356801,2.309605553543264
trunc_laplace,43130,latentcp,0.9965418924618998,5.096393602036105
trunc_laplace,43130,latentcp_tuned,0.9998697936238611,5.226631956489882
trunc_laplace,43130,latentcp_multi,0.9952061104737081,5.568874772446083
trunc_laplace,43130,latentcp_pac,1.0,6.20584268516385
trunc_laplace,43130,noisy_threshold,0.966853188437611,4.4577487023395514
trunc_laplace,43130,simple_shrink,0.9626970251725875,4.383181716583267
trunc_laplace,43131,cohen,0.39687686787918275,0.8869603687824892
trunc_laplace,43131,cohen_stable,0.9260259878472512,3.826960368782492
trunc_laplace,43131,latentcp,0.9811697197368963,4.739370896069062
trunc_laplace,43131,latentcp_tuned,0.999324014312958,5.980304405149656
trunc_laplace,43131,latentcp_multi,0.9732247663777939,4.578445783288698
trunc_laplace,43131,latentcp_pac,1.0,6.873802063566468
trunc_laplace,43131,noisy_threshold,0.9748413980665713,4.609760240149821
trunc_laplace,43131,simple_shrink,0.9719932762474,4.554169356174805
trunc_laplace,43132,cohen,0.34412696667203374,0.7426376948658917
trunc_laplace,43132,cohen_stable,0.8802251149030029,3.302637694865894
trunc_laplace,43132,latentcp,0.9790980941316508,4.695971016583588
trunc_laplace,43132,latentcp_tuned,0.925641424077662,3.888499729940658
trunc_laplace,43132,latentcp_multi,0.925641424077662,3.888499729940658
trunc_laplace,43132,latentcp_pac,0.9937437196127012,5.026228583964385
trunc_laplace,43132,noisy_threshold,0.956996161005732,4.285400162475443
trunc_laplace,43132,simple_shrink,0.952736773358855,4.215465427822565
trunc_laplace,43133,cohen,0.42876149715787193,0.9797735072836282
trunc_laplace,43133,cohen_stable,0.8011656426610454,2.6397735072836297
trunc_laplace,43133,latentcp,0.9858988591913507,4.842294126663848
trunc_laplace,43133,latentcp_tuned,0.9535883954093941,4.310377178781842
trunc_laplace,43133,latentcp_multi,0.9195849986837473,3.8426330368527584
trunc_laplace,43133,latentcp_pac,0.9988462737991253,5.156095616339444
trunc_laplace,43133,noisy_threshold,0.9692701311773684,4.502483815485212
trunc_laplace,43133,simple_shrink,0.9651908972713288,4.427576185614864
trunc_laplace,43134,cohen,0.3560758979497267,0.7743911756672066
trunc_laplace,43134,cohen_stable,0.9501617591403559,4.174391175667206
trunc_laplace,43134,latentcp,1.0,5.361809276856909
trunc_laplace,43134,latentcp_tuned,0.99959115778522,5.488491736392826
trunc_laplace,43134,latentcp_multi,0.9989985912083666,6.0099297788869475
trunc_laplace,43134,latentcp_pac,1.0,6.074333712635906
trunc_laplace,43134,noisy_threshold,0.9993822173706399,5.170259253951128
trunc_laplace,43134,simple_shrink,0.99702451511771,5.108712330468307
trunc_laplace,43135,cohen,0.3591331828626921,0.7826008996524005
trunc_laplace,43135,cohen_stable,0.902744365635602,3.542600899652403
trunc_laplace,43135,latentcp,1.0,5.626152624069894
trunc_laplace,43135,latentcp_tuned,0.9816027745480622,4.885467805098773
trunc_laplace,43135,latentcp_multi,0.9816027745480622,4.885467805098773
trunc_laplace,43135,latentcp_pac,1.0,6.1902430950755045
trunc_laplace,43135,noisy_threshold,1.0,5.415942689968902
trunc_laplace,43135,simple_shrink,1.0,5.3681997076403105
trunc_laplace,43136,cohen,0.3925084952097213,0.8745873028119187
trunc_laplace,43136,cohen_stable,0.7232814546241491,2.15458730281192
trunc_laplace,43136,latentcp,0.9655774452703105,4.43477975184996
trunc_laplace,43136,latentcp_tuned,0.9722961578863597,4.560647116281792
trunc_laplace,43136,latentcp_multi,0.9751875291344737,4.768350733024601
trunc_laplace,43136,latentcp_pac,1.0,5.469113521926103
trunc_laplace,43136,noisy_threshold,0.965197123036178,4.4276883093009225
trunc_laplace,43136,simple_shrink,0.9616086814417826,4.364125222057339
trunc_laplace,43137,cohen,0.4151475028230332,0.939593622056381
trunc_laplace,43137,cohen_stable,0.9399461164495078,4.019593622056384
trunc_laplace,43137,latentcp,1.0,6.361178412519055
trunc_laplace,43137,latentcp_tuned,1.0,6.486692942330301
trunc_laplace,43137,latentcp_multi,1.0,6.628358167913397
trunc_laplace,43137,latentcp_pac,1.0,7.266561299196306
trunc_laplace,43137,noisy_threshold,1.0,6.146646808309425
trunc_laplace,43137,simple_shrink,1.0,6.081501080421206
trunc_laplace,43138,cohen,0.4246062345508989,0.9674202894547177
trunc_laplace,43138,cohen_stable,0.9377173794949365,3.9874202894547204
trunc_laplace,43138,latentcp,1.0,5.516261815278486
trunc_laplace,43138,latentcp_tuned,0.9957854485431505,5.11630038433413
trunc_laplace,43138,latentcp_multi,0.9948418237481874,5.083023159300256
trunc_laplace,43138,latentcp_pac,1.0,5.633574742780863
trunc_laplace,43138,noisy_threshold,0.9759672750752384,4.6321879080180075
trunc_laplace,43138,simple_shrink,0.9717385286451532,4.549274720430225
trunc_laplace,43139,cohen,0.41945084571907726,0.9522035909677045
trunc_laplace,43139,cohen_stable,0.9597611811446423,4.3322035909677
trunc_laplace,43139,latentcp,0.9945314034324837,5.045711583772471
trunc_laplace,43139,latentcp_tuned,0.9640848438614892,4.476418588057274
trunc_laplace,43139,latentcp_multi,0.9640848438614892,4.476418588057274
trunc_laplace,43139,latentcp_pac,1.0,5.660928490355807
trunc_laplace,43139,noisy_threshold,0.9874883338040363,4.878160049256613
trunc_laplace,43139,simple_shrink,0.9844877715233276,4.810998366933955
trunc_laplace,43140,cohen,0.3476338144429647,0.7519025139583095
trunc_laplace,43140,cohen_stable,0.8243899824258243,2.8119025139583114
trunc_laplace,43140,latentcp,1.0,5.6691298538740265
trunc_laplace,43140,latentcp_tuned,0.9992252898898769,5.463048883946607
trunc_laplace,43140,latentcp_multi,1.0,7.094510398299425
trunc_laplace,43140,latentcp_pac,1.0,8.348109326294214
trunc_laplace,43140,noisy_threshold,0.9828489676639289,4.775286574371415
trunc_laplace,43140,simple_shrink,0.9800302506930292,4.715377049969552
trunc_laplace,43141,cohen,0.38207828178062364,0.8453635053969952
trunc_laplace,43141,cohen_stable,0.8019530790016063,2.645363505396997
trunc_laplace,43141,latentcp,0.9831817480621325,4.782485004146577
trunc_laplace,43141,latentcp_tuned,0.9897356897111752,5.073208539255647
trunc_laplace,43141,latentcp_multi,0.9886173956952353,4.904511651065608
trunc_laplace,43141,latentcp_pac,1.0,5.89115920266901
trunc_laplace,43141,noisy_threshold,0.9816785189922319,4.750181997049843
trunc_laplace,43141,simple_shrink,0.9793317721289014,4.700816407456791
trunc_laplace,43142,cohen,0.3604189748522908,0.7860641634180237
trunc_laplace,43142,cohen_stable,0.9289659560753734,3.8660641634180264
trunc_laplace,43142,latentcp,0.9818687661266218,4.754242058437201
trunc_laplace,43142,latentcp_tuned,0.9876652070371864,4.8827229729141735
trunc_laplace,43142,latentcp_multi,0.9998824769752518,5.64343278071354
trunc_laplace,43142,latentcp_pac,1.0,6.167928892091915
trunc_laplace,43142,noisy_threshold,0.9702801198797206,4.521491335858733
trunc_laplace,43142,simple_shrink,0.9669378890641442,4.459298903481238
trunc_laplace,43143,cohen,0.37397030825873157,0.8229500039860764
trunc_laplace,43143,cohen_stable,0.899214958427855,3.502950003986079
trunc_laplace,43143,latentcp,0.9952962537269161,5.064822434582206
trunc_laplace,43143,latentcp_tuned,1.0,10.470660702966605
trunc_laplace,43143,latentcp_multi,0.9994232336702714,5.189502608585681
trunc_laplace,43143,latentcp_pac,1.0,7.317057438681043
trunc_laplace,43143,noisy_threshold,0.9898588747632704,4.932935108842806
trunc_laplace,43143,simple_shrink,0.9873241040607361,4.874422598261633
trunc_laplace,43144,cohen,0.36301802227093116,0.7930838227904133
trunc_laplace,43144,cohen_stable,0.8812652123791032,3.3130838227904156
trunc_laplace,43144,latentcp,0.9999751328441394,5.186053339852142
trunc_laplace,43144,latentcp_tuned,0.9893498396752805,4.932941426043925
trunc_laplace,43144,latentcp_multi,0.9999681292371282,6.9188467179786555
trunc_laplace,43144,latentcp_pac,1.0,5.864901830850101
trunc_laplace,43144,noisy_threshold,0.9912995739121433,4.9670056710243555
trunc_laplace,43144,simple_shrink,0.9889534150233699,4.91182794306003
trunc_laplace,43145,cohen,0.3924122566134225,0.8743156115367641
trunc_laplace,43145,cohen_stable,0.9720008782941845,4.554315611536755
trunc_laplace,43145,latentcp,1.0,6.354267368350396
trunc_laplace,43145,latentcp_tuned,0.9949396335246388,5.492044974721112
trunc_laplace,43145,latentcp_multi,0.9942499150221881,5.443378886738548
trunc_laplace,43145,latentcp_pac,1.0,6.791617095730495
trunc_laplace,43145,noisy_threshold,1.0,6.01742383660846
trunc_laplace,43145,simple_shrink,1.0,5.952485381526917
trunc_laplace,43146,cohen,0.4075515119268307,0.9175356881705299
trunc_laplace,43146,cohen_stable,0.8146113384829379,2.7375356881705315
trunc_laplace,43146,latentcp,1.0,5.553305844125773
trunc_laplace,43146,latentcp_tuned,1.0,7.588651140184673
trunc_laplace,43146,latentcp_multi,1.0,5.378829909514452
trunc_laplace,43146,latentcp_pac,1.0,8.113808722050242
trunc_laplace,43146,noisy_threshold,1.0,5.529409992559739
trunc_laplace,43146,simple_shrink,1.0,5.470758014527866
trunc_laplace,43147,cohen,0.4277042323860325,0.9766227986025164
trunc_laplace,43147,cohen_stable,0.8714419259407609,3.2166227986025184
trunc_laplace,43147,latentcp,0.999985456692367,5.2102727555791555
trunc_laplace,43147,latentcp_tuned,1.0,5.337734774549265
trunc_laplace,43147,latentcp_multi,0.9999398795301966,7.691378947658319
trunc_laplace,43147,latentcp_pac,1.0,8.437081428237821
trunc_laplace,43147,noisy_threshold,0.9778804499784497,4.6709108274179645
trunc_laplace,43147,simple_shrink,0.9753218351395327,4.6192985630079955
trunc_laplace,43148,cohen,0.40415428841907786,0.9077520483007064
trunc_laplace,43148,cohen_stable,0.934917468379755,3.947752048300709
trunc_laplace,43148,latentcp,1.0,5.876632219346678
trunc_laplace,43148,latentcp_tuned,1.0,6.313372937082699
trunc_laplace,43148,latentcp_multi,1.0,6.313372937082699
trunc_laplace,43148,latentcp_pac,1.0,7.439842510140926
trunc_laplace,43148,noisy_threshold,1.0,5.417552206219281
trunc_laplace,43148,simple_shrink,1.0,5.364541212566005
trunc_laplace,43149,cohen,0.4050307083352709,0.9102712697061413
trunc_laplace,43149,cohen_stable,0.9307561173689782,3.890271269706144
trunc_laplace,43149,latentcp,0.997472200803746,5.120248243230538
trunc_laplace,43149,latentcp_tuned,0.9901647554707721,5.114531420046006
trunc_laplace,43149,latentcp_multi,0.9992497239129062,5.182691832090286
trunc_laplace,43149,latentcp_pac,1.0,6.411055228360648
trunc_laplace,43149,noisy_threshold,0.9949665700886108,5.056559226129762
trunc_laplace,43149,simple_shrink,0.9924293977409948,4.994154541671175
gamma2_skew,42000,CP_PAC,0.9651627760529732,4.494477685984817
gamma2_skew,42000,FH_PAC,0.921073976642946,3.322135453149341
gamma2_skew,42000,HetLDC_cert,0.9510683796076445,3.917377620566208
gamma2_skew,42001,CP_PAC,0.9817934395386456,5.577412554508147
gamma2_skew,42001,FH_PAC,0.960845246338482,4.411586723144184
gamma2_skew,42001,HetLDC_cert,0.9763574637688536,5.144107245620215
gamma2_skew,42002,CP_PAC,0.9787725456535366,5.323223237075492
gamma2_skew,42002,FH_PAC,0.9567530414285476,4.355181827337365
gamma2_skew,42002,HetLDC_cert,0.9704020633754288,4.768667778187255
gamma2_skew,42003,CP_PAC,0.9747865665037148,5.036884425375103
gamma2_skew,42003,FH_PAC,0.9627794538288318,4.515045228306662
gamma2_skew,42003,HetLDC_cert,0.9658602599376246,4.528590021526253
gamma2_skew,42004,CP_PAC,0.9695250975766064,4.719662672324334
gamma2_skew,42004,FH_PAC,0.9551811464094092,3.924805468427522
gamma2_skew,42004,HetLDC_cert,0.9588879813593894,4.214144725229993
gamma2_skew,42005,CP_PAC,0.9636891891974187,4.424518864531569
gamma2_skew,42005,FH_PAC,0.9319509840042726,3.414696982347032
gamma2_skew,42005,HetLDC_cert,0.948077694970816,3.815757531854085
gamma2_skew,42006,CP_PAC,0.9713923854887678,4.82572156865547
gamma2_skew,42006,FH_PAC,0.9458047292009152,3.708681854666236
gamma2_skew,42006,HetLDC_cert,0.9615622096326571,4.328211589598251
gamma2_skew,42007,CP_PAC,0.980198419201236,5.438499039948915
gamma2_skew,42007,FH_PAC,0.9663679378085124,4.454969240549983
gamma2_skew,42007,HetLDC_cert,0.974645634084579,5.02758337591282
gamma2_skew,42008,CP_PAC,0.962708058403427,4.37943854708562
gamma2_skew,42008,FH_PAC,0.9603507731659416,4.023017856723511
gamma2_skew,42008,HetLDC_cert,0.947059219203786,3.782423679435978
gamma2_skew,42009,CP_PAC,0.973893860128809,4.978798660115675
gamma2_skew,42009,FH_PAC,0.9515902246283712,4.064693741096087
gamma2_skew,42009,HetLDC_cert,0.9630537173250178,4.395189104354754
gamma2_skew,42010,CP_PAC,0.977589242170924,5.233124949490277
gamma2_skew,42010,FH_PAC,0.9420516197286531,3.891454515355485
gamma2_skew,42010,HetLDC_cert,0.9689604079164464,4.6888228054544845
gamma2_skew,42011,CP_PAC,0.9709717237819032,4.801257252120194
gamma2_skew,42011,FH_PAC,0.9597768486136494,4.166145867404389
gamma2_skew,42011,HetLDC_cert,0.9622303352831088,4.357899761577308
gamma2_skew,42012,CP_PAC,0.9772665739970784,5.209356651526692
gamma2_skew,42012,FH_PAC,0.9288457776317895,3.2918212308597945
gamma2_skew,42012,HetLDC_cert,0.9699419825346228,4.742786209383408
gamma2_skew,42013,CP_PAC,0.9713854658727246,4.825316343320287
gamma2_skew,42013,FH_PAC,0.980423158844624,4.786435272152887
gamma2_skew,42013,HetLDC_cert,0.9599714224709636,4.2594740356884175
gamma2_skew,42014,CP_PAC,0.962127858704038,4.353313597808514
gamma2_skew,42014,FH_PAC,0.9407157691057773,3.7057168389629607
gamma2_skew,42014,HetLDC_cert,0.9446677194542584,3.706496153774402
gamma2_skew,42015,CP_PAC,0.9723880314494872,4.885038471641218
gamma2_skew,42015,FH_PAC,0.9423157048228876,3.528941000750744
gamma2_skew,42015,HetLDC_cert,0.9608640313196024,4.297713247241923
gamma2_skew,42016,CP_PAC,0.9680494508829182,4.64019468193052
gamma2_skew,42016,FH_PAC,0.9495208040918588,4.009572818651625
gamma2_skew,42016,HetLDC_cert,0.9558347854122008,4.0923128236454
gamma2_skew,42017,CP_PAC,0.9573571585774412,4.15201429782617
gamma2_skew,42017,FH_PAC,0.9314145796965444,3.3130498904388124
gamma2_skew,42017,HetLDC_cert,0.9363161549709484,3.4638532296981484
gamma2_skew,42018,CP_PAC,0.9747430512009786,5.034007209511916
gamma2_skew,42018,FH_PAC,0.9488710358445318,3.820191149655227
gamma2_skew,42018,HetLDC_cert,0.9648000816291442,4.476998138500704
gamma2_skew,42019,CP_PAC,0.9567239633125548,4.126938568308724
gamma2_skew,42019,FH_PAC,0.961047494859024,4.214108853655373
gamma2_skew,42019,HetLDC_cert,0.9380084008908872,3.510469672637892
gamma2_skew,42020,CP_PAC,0.9602423485771376,4.270993180635368
gamma2_skew,42020,FH_PAC,0.9215989737228344,3.200827252036954
gamma2_skew,42020,HetLDC_cert,0.9406439137589764,3.5855356984182896
gamma2_skew,42021,CP_PAC,0.984809482931925,5.875885285766915
gamma2_skew,42021,FH_PAC,0.9689645690093056,4.198745934469576
gamma2_skew,42021,HetLDC_cert,0.9802734486463645,5.444785834596191
gamma2_skew,42022,CP_PAC,0.9869514393433448,6.125269062019717
gamma2_skew,42022,FH_PAC,0.9813627760805228,4.994045332503537
gamma2_skew,42022,HetLDC_cert,0.983798623650421,5.769880978392596
gamma2_skew,42023,CP_PAC,0.964275065143048,4.452000373886094
gamma2_skew,42023,FH_PAC,0.95555196565293,3.8079473519708738
gamma2_skew,42023,HetLDC_cert,0.9518638602549852,3.9454068208921216
gamma2_skew,42024,CP_PAC,0.9752810546702384,5.069921684147523
gamma2_skew,42024,FH_PAC,0.9591353114259986,3.8969336756670345
gamma2_skew,42024,HetLDC_cert,0.9685108895256878,4.664657354469953
gamma2_skew,42025,CP_PAC,0.9765559403216072,5.158142513361096
gamma2_skew,42025,FH_PAC,0.973671449415136,4.686167364418573
gamma2_skew,42025,HetLDC_cert,0.9685302684197932,4.6656922532115725
gamma2_skew,42026,CP_PAC,0.9657064622457514,4.5210108269382285
gamma2_skew,42026,FH_PAC,0.9324710123782228,3.6688452921191
gamma2_skew,42026,HetLDC_cert,0.9528242480768764,3.979843000592594
gamma2_skew,42027,CP_PAC,0.9700030387261914,4.746198795882332
gamma2_skew,42027,FH_PAC,0.947564714661915,3.9905022069050897
gamma2_skew,42027,HetLDC_cert,0.959053165282441,4.220981113287508
gamma2_skew,42028,CP_PAC,0.9775835089365562,5.232699742924961
gamma2_skew,42028,FH_PAC,0.9789411846610224,4.908471220352198
gamma2_skew,42028,HetLDC_cert,0.9711989098670198,4.814426805652114
gamma2_skew,42029,CP_PAC,0.951889500038272,3.946317603111275
gamma2_skew,42029,FH_PAC,0.9013311273427488,2.9653586456055696
gamma2_skew,42029,HetLDC_cert,0.9293062802342476,3.2824938111782926
gamma2_skew,42030,CP_PAC,0.9851418433169992,5.912243536538537
gamma2_skew,42030,FH_PAC,0.9604623294811956,4.153622696091001
gamma2_skew,42030,HetLDC_cert,0.9812689028128468,5.53046762193394
gamma2_skew,42031,CP_PAC,0.9752761809572542,5.069592956328824
gamma2_skew,42031,FH_PAC,0.9394935839445654,3.6057770400342326
gamma2_skew,42031,HetLDC_cert,0.9670489976588932,4.588305903761154
gamma2_skew,42032,CP_PAC,0.9786793917579152,5.315955918308882
gamma2_skew,42032,FH_PAC,0.9605330954486068,4.098709634255504
gamma2_skew,42032,HetLDC_cert,0.9730695288815204,4.926843288970101
gamma2_skew,42033,CP_PAC,0.95112667631948,3.919416888485739
gamma2_skew,42033,FH_PAC,0.928641547023304,3.34034851709824
gamma2_skew,42033,HetLDC_cert,0.9273473563052944,3.2348583799466333
gamma2_skew,42034,CP_PAC,0.9739326106877028,4.981279874111873
gamma2_skew,42034,FH_PAC,0.9557113731767342,4.571065624703224
gamma2_skew,42034,HetLDC_cert,0.96533678880745,4.502926266879482
gamma2_skew,42035,CP_PAC,0.981547404072226,5.555231501732081
gamma2_skew,42035,FH_PAC,0.9758709892685776,4.641583110698577
gamma2_skew,42035,HetLDC_cert,0.9748848142390856,5.043398241663935
gamma2_skew,42036,CP_PAC,0.9594854413403064,4.238997571304148
gamma2_skew,42036,FH_PAC,0.94692735088125,3.803425464709625
gamma2_skew,42036,HetLDC_cert,0.9421813491288532,3.630803691845714
gamma2_skew,42037,CP_PAC,0.9747590770130452,5.035066271940238
gamma2_skew,42037,FH_PAC,0.9717624623467934,4.567145718180944
gamma2_skew,42037,HetLDC_cert,0.9657505875005608,4.523181978333408
gamma2_skew,42038,CP_PAC,0.9543850355094432,4.037264959588588
gamma2_skew,42038,FH_PAC,0.9373351074441288,3.737739595908408
gamma2_skew,42038,HetLDC_cert,0.9341361521410716,3.4055041921441105
gamma2_skew,42039,CP_PAC,0.9794851140738527,5.379859358540456
gamma2_skew,42039,FH_PAC,0.9553727074530912,3.9618380552018566
gamma2_skew,42039,HetLDC_cert,0.9728399211337284,4.9126454556288985
gamma2_skew,42040,CP_PAC,0.9686468579629092,4.671931532721428
gamma2_skew,42040,FH_PAC,0.9560053629066678,4.029329732481588
gamma2_skew,42040,HetLDC_cert,0.9592527479522276,4.229276544810518
gamma2_skew,42041,CP_PAC,0.9864470038243196,6.063126241210646
gamma2_skew,42041,FH_PAC,0.9608102548073162,4.222995532941022
gamma2_skew,42041,HetLDC_cert,0.9829321146805188,5.684016853809946
gamma2_skew,42042,CP_PAC,0.9882054638162656,6.290527174296553
gamma2_skew,42042,FH_PAC,0.9827908174271196,5.651458358613342
gamma2_skew,42042,HetLDC_cert,0.9851509637768482,5.913252387136946
gamma2_skew,42043,CP_PAC,0.986031798012072,6.013644713252761
gamma2_skew,42043,FH_PAC,0.969493588423093,4.472613278701816
gamma2_skew,42043,HetLDC_cert,0.9822058183544404,5.615251692518605
gamma2_skew,42044,CP_PAC,0.967094421094704,4.59062869181875
gamma2_skew,42044,FH_PAC,0.9300936500127468,3.6016777406379714
gamma2_skew,42044,HetLDC_cert,0.9553047634114844,4.071989507958205
gamma2_skew,42045,CP_PAC,0.9844169654861904,5.83393070506221
gamma2_skew,42045,FH_PAC,0.9635951493906976,4.2619796845185425
gamma2_skew,42045,HetLDC_cert,0.9798788908311478,5.411981802891055
gamma2_skew,42046,CP_PAC,0.96968559687591,4.728528806987118
gamma2_skew,42046,FH_PAC,0.9551455918239878,3.835182358599136
gamma2_skew,42046,HetLDC_cert,0.9585655325877172,4.200875307673678
gamma2_skew,42047,CP_PAC,0.9497209224437004,3.87087836403878
gamma2_skew,42047,FH_PAC,0.927687980800361,3.4541167180885246
gamma2_skew,42047,HetLDC_cert,0.9265891889839156,3.216747330148958
gamma2_skew,42048,CP_PAC,0.9883926831486206,6.316659933397012
gamma2_skew,42048,FH_PAC,0.965541092574026,4.257704012376465
gamma2_skew,42048,HetLDC_cert,0.9852266021891428,5.921642384715276
gamma2_skew,42049,CP_PAC,0.9730297876459724,4.924377529181976
gamma2_skew,42049,FH_PAC,0.9472434042334276,3.800513996413392
gamma2_skew,42049,HetLDC_cert,0.9630011779683542,4.392785947071148
gamma2_skew,42050,CP_PAC,0.9718965114651722,4.855501790740247
gamma2_skew,42050,FH_PAC,0.950230571464622,3.9721474395775167
gamma2_skew,42050,HetLDC_cert,0.9618308282945116,4.34008759078421
gamma2_skew,42051,CP_PAC,0.9824738341679928,5.640304066528306
gamma2_skew,42051,FH_PAC,0.9657469187825358,4.372225334488659
gamma2_skew,42051,HetLDC_cert,0.9764377436943183,5.149770444401514
gamma2_skew,42052,CP_PAC,0.9967121850228314,8.349568951093072
gamma2_skew,42052,FH_PAC,0.9801559493293168,5.1605649575991706
gamma2_skew,42052,HetLDC_cert,0.9960847862612108,8.07093702115101
gamma2_skew,42053,CP_PAC,0.9896274092256054,6.5000679444329945
gamma2_skew,42053,FH_PAC,0.9828470386578196,5.165611026773656
gamma2_skew,42053,HetLDC_cert,0.9873731955940364,6.179051507680449
gamma2_skew,42054,CP_PAC,0.9828720598429006,5.678224031876249
gamma2_skew,42054,FH_PAC,0.9313143731894932,3.550178830727007
gamma2_skew,42054,HetLDC_cert,0.977105981077338,5.197648679672941
gamma2_skew,42055,CP_PAC,0.967583800433227,4.615851627427934
gamma2_skew,42055,FH_PAC,0.9657913377672604,3.983492962232403
gamma2_skew,42055,HetLDC_cert,0.9551883471043886,4.067556546522906
gamma2_skew,42056,CP_PAC,0.9744393506698872,5.014059192039592
gamma2_skew,42056,FH_PAC,0.9546444619719442,3.9816103652374335
gamma2_skew,42056,HetLDC_cert,0.9658339354190252,4.527290412279398
gamma2_skew,42057,CP_PAC,0.963662206239888,4.423263482905586
gamma2_skew,42057,FH_PAC,0.9395949774073844,3.8195528152028815
gamma2_skew,42057,HetLDC_cert,0.9498635517986594,3.8757436160367575
gamma2_skew,42058,CP_PAC,0.9702255971444316,4.7586951691182096
gamma2_skew,42058,FH_PAC,0.9555219670873089,4.077410125037392
gamma2_skew,42058,HetLDC_cert,0.9597246233510328,4.2490456872395095
gamma2_skew,42059,CP_PAC,0.969564411592891,4.7218302422245495
gamma2_skew,42059,FH_PAC,0.9596993493118392,4.26064469823745
gamma2_skew,42059,HetLDC_cert,0.9578454094875029,4.1715949735583395
gamma2_skew,42060,CP_PAC,0.9602527005650024,4.271434816580512
gamma2_skew,42060,FH_PAC,0.9378584268986712,3.8485522004615422
gamma2_skew,42060,HetLDC_cert,0.944400062963172,3.698193928404094
gamma2_skew,42061,CP_PAC,0.9551507302726776,4.066126511082336
gamma2_skew,42061,FH_PAC,0.9192746152648598,3.3665474500399286
gamma2_skew,42061,HetLDC_cert,0.9326050654171664,3.3656090437222064
gamma2_skew,42062,CP_PAC,0.971964754104884,4.859572685972906
gamma2_skew,42062,FH_PAC,0.9452393151238806,3.4777646408117264
gamma2_skew,42062,HetLDC_cert,0.9616652093536924,4.332755893162854
gamma2_skew,42063,CP_PAC,0.9569472405035272,4.135740376435456
gamma2_skew,42063,FH_PAC,0.9127129592153188,3.3569719603938166
gamma2_skew,42063,HetLDC_cert,0.9370766009325622,3.48465389956987
gamma2_skew,42064,CP_PAC,0.9906470401543238,6.668388883800302
gamma2_skew,42064,FH_PAC,0.9726594153738491,4.6066669037195025
gamma2_skew,42064,HetLDC_cert,0.988519498228208,6.334596020191466
gamma2_skew,42065,CP_PAC,0.9651902778667864,4.495810233523168
gamma2_skew,42065,FH_PAC,0.9161214007763512,3.259424924736032
gamma2_skew,42065,HetLDC_cert,0.9530983413348362,3.9897940967124614
gamma2_skew,42066,CP_PAC,0.9827506477494614,5.666572838387297
gamma2_skew,42066,FH_PAC,0.960655363959894,4.079140388989546
gamma2_skew,42066,HetLDC_cert,0.9779213721891948,5.257939182687716
gamma2_skew,42067,CP_PAC,0.981275327072244,5.531034815189897
gamma2_skew,42067,FH_PAC,0.9470625817133232,3.825866277411976
gamma2_skew,42067,HetLDC_cert,0.9752402889550552,5.067174001193553
gamma2_skew,42068,CP_PAC,0.9713424433200836,4.8227989857709055
gamma2_skew,42068,FH_PAC,0.943206138899489,3.5867917165793006
gamma2_skew,42068,HetLDC_cert,0.9601306654645608,4.266235571348401
gamma2_skew,42069,CP_PAC,0.9619674379462864,4.3461581386523935
gamma2_skew,42069,FH_PAC,0.9313955604816504,3.419527207031054
gamma2_skew,42069,HetLDC_cert,0.9473736181057826,3.792647906572869
gamma2_skew,42070,CP_PAC,0.971711950592844,4.844539789956866
gamma2_skew,42070,FH_PAC,0.9643068472339722,4.291370095271788
gamma2_skew,42070,HetLDC_cert,0.9613239250943214,4.317743266012437
gamma2_skew,42071,CP_PAC,0.977827390278881,5.250881056393584
gamma2_skew,42071,FH_PAC,0.9591864775721194,4.088725520103366
gamma2_skew,42071,HetLDC_cert,0.9697246929203024,4.730695370164476
gamma2_skew,42072,CP_PAC,0.9852022745178534,5.918939345216068
gamma2_skew,42072,FH_PAC,0.9569818692602018,4.243496102361606
gamma2_skew,42072,HetLDC_cert,0.9805986097733423,5.472302487480285
gamma2_skew,42073,CP_PAC,0.9810753988138412,5.513471263550189
gamma2_skew,42073,FH_PAC,0.9674711806878996,4.20714211171685
gamma2_skew,42073,HetLDC_cert,0.9755567079415786,5.088617137362972
gamma2_skew,42074,CP_PAC,0.956994674211483,4.137615895421918
gamma2_skew,42074,FH_PAC,0.9298875969578764,3.382211742427875
gamma2_skew,42074,HetLDC_cert,0.9363951099462572,3.466001899852011
gamma2_skew,42075,CP_PAC,0.9769907344659144,5.18929560746533
gamma2_skew,42075,FH_PAC,0.9663093031171968,4.5012521648109045
gamma2_skew,42075,HetLDC_cert,0.9687542391093552,4.677697852701617
gamma2_skew,42076,CP_PAC,0.9760760959549104,5.1244046451629846
gamma2_skew,42076,FH_PAC,0.9509087634887357,3.7589726906040113
gamma2_skew,42076,HetLDC_cert,0.9676622271706298,4.619927880585694
gamma2_skew,42077,CP_PAC,0.9776932685982058,5.240858459014655
gamma2_skew,42077,FH_PAC,0.965947071814414,4.591598494674302
gamma2_skew,42077,HetLDC_cert,0.970410544814881,4.769148532853443
gamma2_skew,42078,CP_PAC,0.9632076110783828,4.402247184189116
gamma2_skew,42078,FH_PAC,0.9074464450116702,3.318083506112193
gamma2_skew,42078,HetLDC_cert,0.9433072228835392,3.664686535108272
gamma2_skew,42079,CP_PAC,0.9592040310171824,4.227248087629658
gamma2_skew,42079,FH_PAC,0.9187512596625,3.146521830321613
gamma2_skew,42079,HetLDC_cert,0.9410216690751348,3.5965539534469686
gamma2_skew,42080,CP_PAC,0.9767887489727152,5.174753006493241
gamma2_skew,42080,FH_PAC,0.962466208742063,4.157420510129205
gamma2_skew,42080,HetLDC_cert,0.9703601939832944,4.766296436343218
gamma2_skew,42081,CP_PAC,0.9874838285968076,6.1934495605902
gamma2_skew,42081,FH_PAC,0.966622222356966,4.505580173355652
gamma2_skew,42081,HetLDC_cert,0.9847661709692056,5.871204368063303
gamma2_skew,42082,CP_PAC,0.974418346681422,5.012688074377085
gamma2_skew,42082,FH_PAC,0.9728580847644448,4.673343775898037
gamma2_skew,42082,HetLDC_cert,0.9661588924459392,4.543401099233912
gamma2_skew,42083,CP_PAC,0.9602397891255126,4.270884006475514
gamma2_skew,42083,FH_PAC,0.9432172092326142,3.847248285203381
gamma2_skew,42083,HetLDC_cert,0.9427231765526506,3.647030647791365
gamma2_skew,42084,CP_PAC,0.9680407412735578,4.639736234621304
gamma2_skew,42084,FH_PAC,0.9627252926458292,4.449225893551929
gamma2_skew,42084,HetLDC_cert,0.9542947155971386,4.03389114779152
gamma2_skew,42085,CP_PAC,0.9615649964468856,4.3283343885469705
gamma2_skew,42085,FH_PAC,0.9493835235974438,3.579186702736476
gamma2_skew,42085,HetLDC_cert,0.940853173789564,3.5916310619170466
gamma2_skew,42086,CP_PAC,0.9741786475131324,4.997117446132029
gamma2_skew,42086,FH_PAC,0.9512359943713122,4.139872386281222
gamma2_skew,42086,HetLDC_cert,0.964383154156823,4.457117815488423
gamma2_skew,42087,CP_PAC,0.9824997272315744,5.642744076477679
gamma2_skew,42087,FH_PAC,0.960142026350001,4.393648375614906
gamma2_skew,42087,HetLDC_cert,0.9778766523035818,5.254577054315984
gamma2_skew,42088,CP_PAC,0.968011617404025,4.638204117192648
gamma2_skew,42088,FH_PAC,0.912636603736592,3.1009269613010253
gamma2_skew,42088,HetLDC_cert,0.9553776150608276,4.074769221731128
gamma2_skew,42089,CP_PAC,0.9614254827229244,4.322197299767604
gamma2_skew,42089,FH_PAC,0.9183106507570844,3.372449285286468
gamma2_skew,42089,HetLDC_cert,0.9453418540651608,3.727577447681246
gamma2_skew,42090,CP_PAC,0.9787838863833376,5.324110085266474
gamma2_skew,42090,FH_PAC,0.967829897344459,4.187076581278834
gamma2_skew,42090,HetLDC_cert,0.972951243615855,4.919514549379718
gamma2_skew,42091,CP_PAC,0.9839759329888288,5.788000553049129
gamma2_skew,42091,FH_PAC,0.9698083629629064,4.591442291307416
gamma2_skew,42091,HetLDC_cert,0.9798610414178128,5.410512583431777
gamma2_skew,42092,CP_PAC,0.9804022639913444,5.455633742067388
gamma2_skew,42092,FH_PAC,0.9583968308384828,4.161310020926488
gamma2_skew,42092,HetLDC_cert,0.9753917692029068,5.077406235194957
gamma2_skew,42093,CP_PAC,0.9700408800064756,4.748317208309373
gamma2_skew,42093,FH_PAC,0.959297027967826,4.112305154200695
gamma2_skew,42093,HetLDC_cert,0.960680171159876,4.289768684653554
gamma2_skew,42094,CP_PAC,0.9837182799336948,5.761733937053126
gamma2_skew,42094,FH_PAC,0.9719007066959348,4.529452137040264
gamma2_skew,42094,HetLDC_cert,0.9790583978410358,5.345718418143748
gamma2_skew,42095,CP_PAC,0.9563103899781036,4.110749485516317
gamma2_skew,42095,FH_PAC,0.9416353386306608,3.50379194592249
gamma2_skew,42095,HetLDC_cert,0.935124141275744,3.431717606601892
gamma2_skew,42096,CP_PAC,0.9701399508372532,4.753875599440136
gamma2_skew,42096,FH_PAC,0.9443886005219744,3.643025684028259
gamma2_skew,42096,HetLDC_cert,0.9588577544742626,4.2128965934321645
gamma2_skew,42097,CP_PAC,0.9747199642223456,5.032482653935066
gamma2_skew,42097,FH_PAC,0.9670706932327866,4.62535453023768
gamma2_skew,42097,HetLDC_cert,0.964019556292249,4.439962375467311
gamma2_skew,42098,CP_PAC,0.9759117134691162,5.112997457028863
gamma2_skew,42098,FH_PAC,0.9646604665392604,4.092605896615183
gamma2_skew,42098,HetLDC_cert,0.967425404732546,4.607647870035458
gamma2_skew,42099,CP_PAC,0.985189935624986,5.917570028612932
gamma2_skew,42099,FH_PAC,0.9765722540066514,4.828374021123137
gamma2_skew,42099,HetLDC_cert,0.9813368183694609,5.536473421881631
gamma2_skew,42100,CP_PAC,0.9571903487713682,4.1453738530172455
gamma2_skew,42100,FH_PAC,0.9098658354515524,3.175616687549698
gamma2_skew,42100,HetLDC_cert,0.9389967658817934,3.5382587366532023
gamma2_skew,42101,CP_PAC,0.9758529365497214,5.1089369676099725
gamma2_skew,42101,FH_PAC,0.9689168672702057,4.270859257162624
gamma2_skew,42101,HetLDC_cert,0.9667077677692376,4.570954666419363
gamma2_skew,42102,CP_PAC,0.961865658248834,4.341633350057455
gamma2_skew,42102,FH_PAC,0.94376919085249,3.485168036435314
gamma2_skew,42102,HetLDC_cert,0.9441595723847016,3.690766764605246
gamma2_skew,42103,CP_PAC,0.9700305180616032,4.747736874227795
gamma2_skew,42103,FH_PAC,0.9407573534370764,3.434043494879709
gamma2_skew,42103,HetLDC_cert,0.9584616923862972,4.19662316099605
gamma2_skew,42104,CP_PAC,0.98151899679822,5.552689003267929
gamma2_skew,42104,FH_PAC,0.966489768122364,3.84032011870025
gamma2_skew,42104,HetLDC_cert,0.976331694304473,5.142293334716034
gamma2_skew,42105,CP_PAC,0.9867329825377776,6.098074215177407
gamma2_skew,42105,FH_PAC,0.9706426879236978,4.25695432930029
gamma2_skew,42105,HetLDC_cert,0.9828533144182444,5.676419913339568
gamma2_skew,42106,CP_PAC,0.9626504505936312,4.376827201384817
gamma2_skew,42106,FH_PAC,0.9204998912807132,3.5367256396178064
gamma2_skew,42106,HetLDC_cert,0.948466128546657,3.828635300763751
gamma2_skew,42107,CP_PAC,0.9899223032479976,6.547024951337958
gamma2_skew,42107,FH_PAC,0.9746806057118376,4.815294532846254
gamma2_skew,42107,HetLDC_cert,0.987679841059704,6.2192666422788125
gamma2_skew,42108,CP_PAC,0.9464550931439594,3.762939140437515
gamma2_skew,42108,FH_PAC,0.9094142593478696,3.1571916567399714
gamma2_skew,42108,HetLDC_cert,0.9182076391872552,3.027513521192865
gamma2_skew,42109,CP_PAC,0.966482135658547,4.5595753347480255
gamma2_skew,42109,FH_PAC,0.9617771347136228,4.2623939002213245
gamma2_skew,42109,HetLDC_cert,0.951664932946113,3.938356203068622
gamma2_skew,42110,CP_PAC,0.962050879982206,4.349876385867268
gamma2_skew,42110,FH_PAC,0.9409924250873448,3.544551526289489
gamma2_skew,42110,HetLDC_cert,0.9455502516977474,3.734144561087003
gamma2_skew,42111,CP_PAC,0.9844334601938796,5.835672945458037
gamma2_skew,42111,FH_PAC,0.9682651149081848,4.076004667541889
gamma2_skew,42111,HetLDC_cert,0.9806875023639396,5.47990294264968
gamma2_skew,42112,CP_PAC,0.96116354976194,4.310732485202642
gamma2_skew,42112,FH_PAC,0.9308507048585002,3.2361910402567906
gamma2_skew,42112,HetLDC_cert,0.9419788111186368,3.62477512043068
gamma2_skew,42113,CP_PAC,0.979709730594292,5.3981084227233245
gamma2_skew,42113,FH_PAC,0.9505638751111636,4.094106101079161
gamma2_skew,42113,HetLDC_cert,0.9738622577801012,4.976777784596336
gamma2_skew,42114,CP_PAC,0.9574525199820698,4.15582168967088
gamma2_skew,42114,FH_PAC,0.9259821478722704,3.50810526241734
gamma2_skew,42114,HetLDC_cert,0.939444482373932,3.550987944611221
gamma2_skew,42115,CP_PAC,0.978662264482706,5.314623101367808
gamma2_skew,42115,FH_PAC,0.952615732033263,3.973315101203096
gamma2_skew,42115,HetLDC_cert,0.9725732580511244,4.896301196610046
gamma2_skew,42116,CP_PAC,0.9629746725154592,4.391574829181723
gamma2_skew,42116,FH_PAC,0.9354006805434368,3.4147139001721474
gamma2_skew,42116,HetLDC_cert,0.9492041629774772,3.853360851480701
gamma2_skew,42117,CP_PAC,0.970513171404732,4.774976297781304
gamma2_skew,42117,FH_PAC,0.9492385811284592,3.658656180925458
gamma2_skew,42117,HetLDC_cert,0.9608310846454452,4.296286994661482
gamma2_skew,42118,CP_PAC,0.976042826573215,5.122089830371978
gamma2_skew,42118,FH_PAC,0.9626205512104308,4.341408162331458
gamma2_skew,42118,HetLDC_cert,0.9690016417875248,4.691056352729446
gamma2_skew,42119,CP_PAC,0.969039069226733,4.693086196756216
gamma2_skew,42119,FH_PAC,0.956522184291399,3.9729434589855392
gamma2_skew,42119,HetLDC_cert,0.9556141481084172,4.083824402628401
gamma2_skew,42120,CP_PAC,0.9695759133373244,4.722464899277632
gamma2_skew,42120,FH_PAC,0.9481442720909644,3.8336589831423935
gamma2_skew,42120,HetLDC_cert,0.9575842638416846,4.161095169173489
gamma2_skew,42121,CP_PAC,0.976827395905121,5.177526008081736
gamma2_skew,42121,FH_PAC,0.9368676982917036,3.7569864437690894
gamma2_skew,42121,HetLDC_cert,0.9691359111335704,4.69834933814774
gamma2_skew,42122,CP_PAC,0.958534732209696,4.199612999046854
gamma2_skew,42122,FH_PAC,0.9420282673704063,3.6366460206867424
gamma2_skew,42122,HetLDC_cert,0.9382314780591126,3.516704769551509
gamma2_skew,42123,CP_PAC,0.9728431792414924,4.9128461085006006
gamma2_skew,42123,FH_PAC,0.9640604992688568,4.147065673438584
gamma2_skew,42123,HetLDC_cert,0.9635492024789782,4.418015708022066
gamma2_skew,42124,CP_PAC,0.9643873265242752,4.457315654405669
gamma2_skew,42124,FH_PAC,0.9283675671840036,3.4977107456361995
gamma2_skew,42124,HetLDC_cert,0.9496673256372378,3.8690535230543066
gamma2_skew,42125,CP_PAC,0.9791821033148648,5.35554592487375
gamma2_skew,42125,FH_PAC,0.959973319508418,4.050447749425072
gamma2_skew,42125,HetLDC_cert,0.9724193265878772,4.886936240325642
gamma2_skew,42126,CP_PAC,0.9735734515922116,4.958418205047361
gamma2_skew,42126,FH_PAC,0.9413860467960508,3.7354505020656497
gamma2_skew,42126,HetLDC_cert,0.963897930884526,4.434261004391438
gamma2_skew,42127,CP_PAC,0.9590672007169884,4.221563210553088
gamma2_skew,42127,FH_PAC,0.9359120890620096,3.635918662964458
gamma2_skew,42127,HetLDC_cert,0.942041517619336,3.626639443962232
gamma2_skew,42128,CP_PAC,0.9668606266355552,4.578706114423104
gamma2_skew,42128,FH_PAC,0.9362022521960736,3.629356139213
gamma2_skew,42128,HetLDC_cert,0.95229543032766,3.9607993480399872
gamma2_skew,42129,CP_PAC,0.9774093862778772,5.219835856158946
gamma2_skew,42129,FH_PAC,0.9550848397855768,4.220537191968682
gamma2_skew,42129,HetLDC_cert,0.9703790122386132,4.767361838824606
gamma2_skew,42130,CP_PAC,0.9641531007412816,4.446243866403304
gamma2_skew,42130,FH_PAC,0.9364443701914772,3.572804207695627
gamma2_skew,42130,HetLDC_cert,0.9504892320503238,3.89724376349664
gamma2_skew,42131,CP_PAC,0.9785635456138602,5.306961124224005
gamma2_skew,42131,FH_PAC,0.953146469412498,3.8301868497624927
gamma2_skew,42131,HetLDC_cert,0.9716551024060732,4.841177205226501
gamma2_skew,42132,CP_PAC,0.9820628051299228,5.602033412580145
gamma2_skew,42132,FH_PAC,0.969920958991757,4.709691479963096
gamma2_skew,42132,HetLDC_cert,0.9772610573828562,5.20895313722106
gamma2_skew,42133,CP_PAC,0.964476129870205,4.461531693297778
gamma2_skew,42133,FH_PAC,0.905730272357786,3.1857902088648675
gamma2_skew,42133,HetLDC_cert,0.947766925855683,3.805520637327093
gamma2_skew,42134,CP_PAC,0.961257497727153,4.314836022371856
gamma2_skew,42134,FH_PAC,0.9362157083771812,3.525756274862659
gamma2_skew,42134,HetLDC_cert,0.9440346561795444,3.686920949160752
gamma2_skew,42135,CP_PAC,0.9682604658724008,4.651338850646223
gamma2_skew,42135,FH_PAC,0.9529624380746564,3.941624009941473
gamma2_skew,42135,HetLDC_cert,0.95402570095761,4.0238800608609075
gamma2_skew,42136,CP_PAC,0.966156761072123,4.543294945581673
gamma2_skew,42136,FH_PAC,0.919397005279316,3.2792444217487207
gamma2_skew,42136,HetLDC_cert,0.9517838545422728,3.942567819517544
gamma2_skew,42137,CP_PAC,0.950646535531324,3.902690001134227
gamma2_skew,42137,FH_PAC,0.9262248717330254,3.272012826880396
gamma2_skew,42137,HetLDC_cert,0.9243505425257498,3.164284134938802
gamma2_skew,42138,CP_PAC,0.9769714375417712,5.187900930037613
gamma2_skew,42138,FH_PAC,0.9625315373386876,4.143392458001576
gamma2_skew,42138,HetLDC_cert,0.9706707114282644,4.7839605953489865
gamma2_skew,42139,CP_PAC,0.978347397088856,5.290303739193921
gamma2_skew,42139,FH_PAC,0.96982994330928,4.67867935396118
gamma2_skew,42139,HetLDC_cert,0.9709634653891678,4.800780405492425
gamma2_skew,42140,CP_PAC,0.9767793498567128,5.174079275661136
gamma2_skew,42140,FH_PAC,0.9548013870371193,4.085089391238588
gamma2_skew,42140,HetLDC_cert,0.9689362390884524,4.6875149637622755
gamma2_skew,42141,CP_PAC,0.968526677895861,4.665500460664762
gamma2_skew,42141,FH_PAC,0.9358173608927756,3.54584766156398
gamma2_skew,42141,HetLDC_cert,0.958765788197854,4.209104516591422
gamma2_skew,42142,CP_PAC,0.9658054684908578,4.525886119682138
gamma2_skew,42142,FH_PAC,0.9008917353236656,3.18664251163683
gamma2_skew,42142,HetLDC_cert,0.9506806649436458,3.9038738365108774
gamma2_skew,42143,CP_PAC,0.96262628989567,4.375733156277744
gamma2_skew,42143,FH_PAC,0.9496768863261806,3.777653675257848
gamma2_skew,42143,HetLDC_cert,0.9458927933287956,3.744991130892816
gamma2_skew,42144,CP_PAC,0.9701183138019092,4.752660131084748
gamma2_skew,42144,FH_PAC,0.9283510863274822,3.3400075875010486
gamma2_skew,42144,HetLDC_cert,0.9613178863409436,4.317478777264342
gamma2_skew,42145,CP_PAC,0.9773977343689249,5.218978466604785
gamma2_skew,42145,FH_PAC,0.9518784449407915,4.0597576999475855
gamma2_skew,42145,HetLDC_cert,0.9709598940344752,4.800574232993696
gamma2_skew,42146,CP_PAC,0.9803275741985786,5.44933549991853
gamma2_skew,42146,FH_PAC,0.9500845670630136,3.9553806526755007
gamma2_skew,42146,HetLDC_cert,0.9742385957105152,5.000998470094852
gamma2_skew,42147,CP_PAC,0.979384019246721,5.37170904971324
gamma2_skew,42147,FH_PAC,0.9703685792413144,4.397409017312272
gamma2_skew,42147,HetLDC_cert,0.9713761300964282,4.8247697731973
gamma2_skew,42148,CP_PAC,0.9737687888758192,4.970814529450301
gamma2_skew,42148,FH_PAC,0.9607731123331076,4.154693409394294
gamma2_skew,42148,HetLDC_cert,0.9633493364516472,4.408772340926324
gamma2_skew,42149,CP_PAC,0.96087347865575,4.298122432646557
gamma2_skew,42149,FH_PAC,0.9571473685914982,3.776726342455514
gamma2_skew,42149,HetLDC_cert,0.9465616470681256,3.766360480173149
laplace,41000,CP_PAC,0.9737385658396552,5.147247763084386
laplace,41000,FH_PAC,0.9419497355024602,4.037024066534984
laplace,41000,HetLDC_cert,0.961650587592217,4.611773157719002
laplace,41001,CP_PAC,0.9844478534834658,5.8881582259024645
laplace,41001,FH_PAC,0.9304344085073102,3.828993922487056
laplace,41001,HetLDC_cert,0.9788564926830758,5.453804864943896
laplace,41002,CP_PAC,0.9599899439745928,4.5518223576189
laplace,41002,FH_PAC,0.9180338428579368,3.5512721869763815
laplace,41002,HetLDC_cert,0.9430968465478696,4.053708145217184
laplace,41003,CP_PAC,0.9851838456593808,5.956720110795997
laplace,41003,FH_PAC,0.9541712278411862,4.377164325284732
laplace,41003,HetLDC_cert,0.9797877949446674,5.517509872879346
laplace,41004,CP_PAC,0.9760868641395644,5.279722176009977
laplace,41004,FH_PAC,0.9441083387266732,4.079090947069992
laplace,41004,HetLDC_cert,0.9678342573002748,4.8604445262306575
laplace,41005,CP_PAC,0.977592408770626,5.37168583928804
laplace,41005,FH_PAC,0.9427692076399508,4.051127374329352
laplace,41005,HetLDC_cert,0.96915536238944,4.919755343425774
laplace,41006,CP_PAC,0.9609839909602328,4.587402235681275
laplace,41006,FH_PAC,0.9143147467080448,3.4802207373062433
laplace,41006,HetLDC_cert,0.9434746622408444,4.063129306468664
laplace,41007,CP_PAC,0.9786722639996184,5.441535841648106
laplace,41007,FH_PAC,0.952405344168762,4.310077156163874
laplace,41007,HetLDC_cert,0.9695613055197112,4.9384912266631105
laplace,41008,CP_PAC,0.982984703138262,5.761000505871333
laplace,41008,FH_PAC,0.9768871950497302,5.3616726323397845
laplace,41008,HetLDC_cert,0.9772546938093392,5.350530608422844
laplace,41009,CP_PAC,0.9759173317136428,5.269731467139248
laplace,41009,FH_PAC,0.951683777260298,4.383781806547824
laplace,41009,HetLDC_cert,0.9646234539602676,4.725886257324336
laplace,41010,CP_PAC,0.9612313584966488,4.5963971132511166
laplace,41010,FH_PAC,0.9270111081288772,3.7104042763327065
laplace,41010,HetLDC_cert,0.9447465956999284,4.095315447735214
laplace,41011,CP_PAC,0.983381930096514,5.7944072044970945
laplace,41011,FH_PAC,0.9528918837616932,4.387816892381138
laplace,41011,HetLDC_cert,0.9775819471996838,5.37102573072299
laplace,41012,CP_PAC,0.9859141462762536,6.028204481469323
laplace,41012,FH_PAC,0.979153549377094,5.476608525377929
laplace,41012,HetLDC_cert,0.9811044377670934,5.612770648753864
laplace,41013,CP_PAC,0.9729823744043782,5.107101108634926
laplace,41013,FH_PAC,0.9341813425106,3.875943717278264
laplace,41013,HetLDC_cert,0.9616795055997608,4.612839971077904
laplace,41014,CP_PAC,0.9675875762573652,4.849640212869249
laplace,41014,FH_PAC,0.9383694153888724,3.9409747868222618
laplace,41014,HetLDC_cert,0.9543114256865456,4.364131570320354
laplace,41015,CP_PAC,0.9797519969469416,5.515007363403151
laplace,41015,FH_PAC,0.8923586383812246,3.1522391265982317
laplace,41015,HetLDC_cert,0.972073516661978,5.0603104255248645
laplace,41016,CP_PAC,0.9591819397678756,4.523546836021419
laplace,41016,FH_PAC,0.9120275567232188,3.438564749495534
laplace,41016,HetLDC_cert,0.9387054214521248,3.9485746078874415
laplace,41017,CP_PAC,0.9638740927095986,4.6962426410157985
laplace,41017,FH_PAC,0.942321907179477,4.08253398217294
laplace,41017,HetLDC_cert,0.9483330168441472,4.190224735478721
laplace,41018,CP_PAC,0.9704486433962328,4.980330723907748
laplace,41018,FH_PAC,0.9338081438854008,3.8455852680657183
laplace,41018,HetLDC_cert,0.9615036118159036,4.606363483070515
laplace,41019,CP_PAC,0.9898136441977234,6.486582002386073
laplace,41019,FH_PAC,0.9553669803831408,4.4303708020976
laplace,41019,HetLDC_cert,0.986291368461107,6.06659378659324
laplace,41020,CP_PAC,0.9686977598651674,4.898928572543536
laplace,41020,FH_PAC,0.9374132201908912,3.919384781960136
laplace,41020,HetLDC_cert,0.9548851300989498,4.382002067719739
laplace,41021,CP_PAC,0.9509216075750988,4.262915438028431
laplace,41021,FH_PAC,0.9353811331690702,3.874186093096536
laplace,41021,HetLDC_cert,0.9231362107825404,3.6284765795939817
laplace,41022,CP_PAC,0.9562248168892296,4.424633310078257
laplace,41022,FH_PAC,0.9205191791144236,3.5841591564517823
laplace,41022,HetLDC_cert,0.9334686940755268,3.8326356759959466
laplace,41023,CP_PAC,0.9750209757697452,5.218050420752041
laplace,41023,FH_PAC,0.926363871110934,3.6960737604718266
laplace,41023,HetLDC_cert,0.9645337050671892,4.722302997027032
laplace,41024,CP_PAC,0.9549405440503652,4.383740193749773
laplace,41024,FH_PAC,0.9200496593459188,3.5829473505970584
laplace,41024,HetLDC_cert,0.930284722347826,3.7665256005593895
laplace,41025,CP_PAC,0.961478629057837,4.605446007492845
laplace,41025,FH_PAC,0.9472454188885046,4.1624968239094535
laplace,41025,HetLDC_cert,0.9437037610973638,4.068872802791392
laplace,41026,CP_PAC,0.978112565310653,5.404901589101149
laplace,41026,FH_PAC,0.9333978240753568,3.921073183122595
laplace,41026,HetLDC_cert,0.970112992995853,4.964358332831761
laplace,41027,CP_PAC,0.9524202588076274,4.306772745740645
laplace,41027,FH_PAC,0.904750166938124,3.354462608090939
laplace,41027,HetLDC_cert,0.93134013093252,3.788098868786216
laplace,41028,CP_PAC,0.9597540472683904,4.543508730087731
laplace,41028,FH_PAC,0.8884727348511766,3.1615821351009887
laplace,41028,HetLDC_cert,0.940967869256139,4.001762491492221
laplace,41029,CP_PAC,0.9756729433732818,5.255452508017562
laplace,41029,FH_PAC,0.9290234867946288,3.7579220223562833
laplace,41029,HetLDC_cert,0.96419567214544,4.708887811120361
laplace,41030,CP_PAC,0.9419595086329452,4.025720670106047
laplace,41030,FH_PAC,0.8974290626192478,3.2221012538462883
laplace,41030,HetLDC_cert,0.9133831776292058,3.4595358065571515
laplace,41031,CP_PAC,0.9739625619936444,5.159361995104812
laplace,41031,FH_PAC,0.9600452804382608,4.5574218849900445
laplace,41031,HetLDC_cert,0.9630251814246498,4.663394928200536
laplace,41032,CP_PAC,0.976182280552632,5.285376353556632
laplace,41032,FH_PAC,0.9161985272251408,3.507410265269262
laplace,41032,HetLDC_cert,0.9664870671875624,4.80242015901744
laplace,41033,CP_PAC,0.9719596864423392,5.054557712440449
laplace,41033,FH_PAC,0.9447734703984104,4.097385032373789
laplace,41033,HetLDC_cert,0.9591476769728996,4.522360239112026
laplace,41034,CP_PAC,0.9820612616125536,5.686259636878267
laplace,41034,FH_PAC,0.9599186305682,4.618772511031927
laplace,41034,HetLDC_cert,0.9762426677865056,5.288966491161154
laplace,41035,CP_PAC,0.9812683766319176,5.625093974528465
laplace,41035,FH_PAC,0.9423136826088852,4.034637126022116
laplace,41035,HetLDC_cert,0.9734569371045778,5.132162420910348
laplace,41036,CP_PAC,0.979938119536094,5.52806713621548
laplace,41036,FH_PAC,0.9383061329676448,3.9658823571311546
laplace,41036,HetLDC_cert,0.9725512197872056,5.084710887191696
laplace,41037,CP_PAC,0.9721699617418345,5.065202914227008
laplace,41037,FH_PAC,0.9257940889890532,3.6896351042509985
laplace,41037,HetLDC_cert,0.9623504944868276,4.637822102483254
laplace,41038,CP_PAC,0.988550605802667,6.321277885938182
laplace,41038,FH_PAC,0.9431270219203894,4.054464711699338
laplace,41038,HetLDC_cert,0.9855132067005288,5.988512575738048
laplace,41039,CP_PAC,0.9551222748379612,4.389455438348906
laplace,41039,FH_PAC,0.8827337955452444,3.0328978652407015
laplace,41039,HetLDC_cert,0.9333105779192656,3.8292786891222
laplace,41040,CP_PAC,0.9812175482481416,5.621261693794009
laplace,41040,FH_PAC,0.9378562640588224,3.941770717090144
laplace,41040,HetLDC_cert,0.9738388280983434,5.152657353700815
laplace,41041,CP_PAC,0.9667500680449868,4.813562320299929
laplace,41041,FH_PAC,0.9286415833147208,3.7371374932754686
laplace,41041,HetLDC_cert,0.9533359253539372,4.334254417330556
laplace,41042,CP_PAC,0.9538890864225232,4.351118815175233
laplace,41042,FH_PAC,0.9002130608480429,3.2922451999602567
laplace,41042,HetLDC_cert,0.928852092265714,3.7377584710029215
laplace,41043,CP_PAC,0.985894338578038,6.026217194165285
laplace,41043,FH_PAC,0.971821266458908,5.091637225324268
laplace,41043,HetLDC_cert,0.98162970549882,5.652640385570935
laplace,41044,CP_PAC,0.9836809411692102,5.820085042722019
laplace,41044,FH_PAC,0.950984985966356,4.266218492746778
laplace,41044,HetLDC_cert,0.9776677313374308,5.37644769131117
laplace,41045,CP_PAC,0.987996082284732,6.2543908839093
laplace,41045,FH_PAC,0.9544714728979844,4.392237570008499
laplace,41045,HetLDC_cert,0.9851299331717376,5.9515834613994185
laplace,41046,CP_PAC,0.9591631819617584,4.522897088086213
laplace,41046,FH_PAC,0.9267806738638869,3.70526295990604
laplace,41046,HetLDC_cert,0.9401067875921668,3.981282842391259
laplace,41047,CP_PAC,0.9914541762271256,6.734927014825935
laplace,41047,FH_PAC,0.9675448650890562,4.847903032017296
laplace,41047,HetLDC_cert,0.9891299940446971,6.394717389636096
laplace,41048,CP_PAC,0.9795684584775664,5.502245944533037
laplace,41048,FH_PAC,0.9473952941424946,4.178872702311613
laplace,41048,HetLDC_cert,0.9720483750156028,5.059037810515124
laplace,41049,CP_PAC,0.944871657164882,4.0985200300169025
laplace,41049,FH_PAC,0.9305384757533912,3.792084394453674
laplace,41049,HetLDC_cert,0.9124507686081488,3.4443934977944752
laplace,41050,CP_PAC,0.9438759718975284,4.073205527595631
laplace,41050,FH_PAC,0.8862915322530039,3.0819854961259443
laplace,41050,HetLDC_cert,0.9082477991840812,3.3780807493210676
laplace,41051,CP_PAC,0.9731350993120492,5.115118038390796
laplace,41051,FH_PAC,0.917694997727636,3.5492474039634536
laplace,41051,HetLDC_cert,0.963161213813639,4.6686074921403975
laplace,41052,CP_PAC,0.97152911149568,5.033006703409196
laplace,41052,FH_PAC,0.950426782175477,4.273073076832555
laplace,41052,HetLDC_cert,0.9594397818914896,4.532508565264889
laplace,41053,CP_PAC,0.9699984044992622,4.958946525010289
laplace,41053,FH_PAC,0.9355200171832928,3.9116118788512
laplace,41053,HetLDC_cert,0.956596763330352,4.43670085832091
laplace,41054,CP_PAC,0.9705186790680362,4.983686338036004
laplace,41054,FH_PAC,0.9082659224619306,3.378559238380452
laplace,41054,HetLDC_cert,0.958988989010012,4.516877468269933
laplace,41055,CP_PAC,0.9532079051749532,4.330379916853056
laplace,41055,FH_PAC,0.9132412088684726,3.4578712026338234
laplace,41055,HetLDC_cert,0.9277157256546243,3.7153492923136975
laplace,41056,CP_PAC,0.9719154022507416,5.052326000500258
laplace,41056,FH_PAC,0.941067590905924,4.0138462658753005
laplace,41056,HetLDC_cert,0.9610158764897414,4.588558463223778
laplace,41057,CP_PAC,0.9466077089574056,4.143771469732914
laplace,41057,FH_PAC,0.9078352392973904,3.373615229489477
laplace,41057,HetLDC_cert,0.9162594137829017,3.507294207829621
laplace,41058,CP_PAC,0.9647995124428876,4.732941946623421
laplace,41058,FH_PAC,0.8854834145597541,3.091718474371856
laplace,41058,HetLDC_cert,0.9474808974047092,4.167091017940472
laplace,41059,CP_PAC,0.9489115072258189,4.206148316764786
laplace,41059,FH_PAC,0.9228205465158656,3.624581012883728
laplace,41059,HetLDC_cert,0.9194389198502642,3.5620357344326465
laplace,41060,CP_PAC,0.9820746122198324,5.687312533617662
laplace,41060,FH_PAC,0.9462427550107964,4.134486116071195
laplace,41060,HetLDC_cert,0.9753673403845576,5.23779744227872
laplace,41061,CP_PAC,0.9472468968266768,4.160803938959496
laplace,41061,FH_PAC,0.9101004434565017,3.442623959124895
laplace,41061,HetLDC_cert,0.914285559082554,3.4743464883718542
laplace,41062,CP_PAC,0.9751278556882246,5.224114521806294
laplace,41062,FH_PAC,0.9223046445248996,3.639880462140476
laplace,41062,HetLDC_cert,0.9639586585364496,4.699557003030432
laplace,41063,CP_PAC,0.987604711211808,6.209018116944256
laplace,41063,FH_PAC,0.9553014947274254,4.576656183689568
laplace,41063,HetLDC_cert,0.9839930039183112,5.847390390270001
laplace,41064,CP_PAC,0.9602793112590722,4.562087630725098
laplace,41064,FH_PAC,0.9094874512282304,3.452151211396679
laplace,41064,HetLDC_cert,0.942644575799534,4.042512298396152
laplace,41065,CP_PAC,0.9735182412272334,5.135432480387766
laplace,41065,FH_PAC,0.9571629531159768,4.476589761986918
laplace,41065,HetLDC_cert,0.9626028994118652,4.647335012731684
laplace,41066,CP_PAC,0.9785770549907356,5.43523670951494
laplace,41066,FH_PAC,0.9303672822659638,3.7731492510375975
laplace,41066,HetLDC_cert,0.9704468642270851,4.980245582320774
laplace,41067,CP_PAC,0.9781557685705524,5.407695841476508
laplace,41067,FH_PAC,0.924625559272426,3.65780574539879
laplace,41067,HetLDC_cert,0.969033586698402,4.914182972333331
laplace,41068,CP_PAC,0.9831033438620262,5.77089577820372
laplace,41068,FH_PAC,0.9558006866458464,4.411139884302024
laplace,41068,HetLDC_cert,0.977514531499279,5.366779281148418
laplace,41069,CP_PAC,0.9712333577130148,5.018391721691989
laplace,41069,FH_PAC,0.9302068234608613,3.775360119399114
laplace,41069,HetLDC_cert,0.959161700879046,4.522845797868783
laplace,41070,CP_PAC,0.9755069766421548,5.245837066734644
laplace,41070,FH_PAC,0.92356174512489,3.637353345636493
laplace,41070,HetLDC_cert,0.9660514441307072,4.784155735562995
laplace,41071,CP_PAC,0.9540651028117026,4.356527536465814
laplace,41071,FH_PAC,0.9310925612481304,3.794007073691512
laplace,41071,HetLDC_cert,0.9301941796214956,3.764690082184992
laplace,41072,CP_PAC,0.9874951610623282,6.196574140071587
laplace,41072,FH_PAC,0.9524721153850424,4.310703052383249
laplace,41072,HetLDC_cert,0.9834602374130044,5.801086982189618
laplace,41073,CP_PAC,0.976827449061454,5.324212622691333
laplace,41073,FH_PAC,0.9324611420525236,3.811447945104181
laplace,41073,HetLDC_cert,0.9674373142152854,4.843099154356266
laplace,41074,CP_PAC,0.965118694500616,4.745823886319696
laplace,41074,FH_PAC,0.9344068080221644,3.881143925050548
laplace,41074,HetLDC_cert,0.9510781923730232,4.267434704993513
laplace,41075,CP_PAC,0.9681758030782512,4.875541376179207
laplace,41075,FH_PAC,0.924253823397374,3.6762642102728593
laplace,41075,HetLDC_cert,0.9522758794610752,4.302487853554445
laplace,41076,CP_PAC,0.979616103478073,5.50554764799279
laplace,41076,FH_PAC,0.9363967573275728,3.9381434634973185
laplace,41076,HetLDC_cert,0.973211808597469,5.119161920355163
laplace,41077,CP_PAC,0.982020253521272,5.683030423604292
laplace,41077,FH_PAC,0.9580042434038004,4.48353633545032
laplace,41077,HetLDC_cert,0.9758955443061832,5.268452617244389
laplace,41078,CP_PAC,0.9852136339417864,5.959566287853208
laplace,41078,FH_PAC,0.9587247574159464,4.529210630246687
laplace,41078,HetLDC_cert,0.9801471831744282,5.542881896521093
laplace,41079,CP_PAC,0.971493314053998,5.031229680267232
laplace,41079,FH_PAC,0.9231803702829824,3.6672363056081294
laplace,41079,HetLDC_cert,0.9604295665781252,4.567447458120125
laplace,41080,CP_PAC,0.9783021436169994,5.417204175415988
laplace,41080,FH_PAC,0.9391929168457428,3.9618218314048455
laplace,41080,HetLDC_cert,0.9705803001069292,4.98664538151275
laplace,41081,CP_PAC,0.967931429637138,4.864723315399811
laplace,41081,FH_PAC,0.9343757529096046,3.85701297658341
laplace,41081,HetLDC_cert,0.955657562931989,4.406425162381001
laplace,41082,CP_PAC,0.9768342816267912,5.324629673512576
laplace,41082,FH_PAC,0.9707906160151696,5.011925183582682
laplace,41082,HetLDC_cert,0.969164504524753,4.9201745685861775
laplace,41083,CP_PAC,0.9814414171424826,5.6382190289688
laplace,41083,FH_PAC,0.9417822142096512,4.0434993264890355
laplace,41083,HetLDC_cert,0.9752003773980435,5.228244081306188
laplace,41084,CP_PAC,0.9725556914216598,5.084941293104138
laplace,41084,FH_PAC,0.9316026430514388,3.797133460337802
laplace,41084,HetLDC_cert,0.960808513071432,4.58105594819008
laplace,41085,CP_PAC,0.9521206683429256,4.2978959302268995
laplace,41085,FH_PAC,0.8806439324817102,3.0596485480424502
laplace,41085,HetLDC_cert,0.9268955123865156,3.6993925014547946
laplace,41086,CP_PAC,0.981517163511936,5.644002915989856
laplace,41086,FH_PAC,0.9241152015335076,3.67048410491427
laplace,41086,HetLDC_cert,0.9761801871292096,5.285252058797712
laplace,41087,CP_PAC,0.9818897760963354,5.67280466027304
laplace,41087,FH_PAC,0.9500676629584636,4.25361797172385
laplace,41087,HetLDC_cert,0.9756967332556592,5.256836170500433
laplace,41088,CP_PAC,0.974378222692256,5.18212059412564
laplace,41088,FH_PAC,0.9510740487051124,4.26935813809584
laplace,41088,HetLDC_cert,0.9624402305162008,4.641196845026642
laplace,41089,CP_PAC,0.964471530949029,4.719825983267836
laplace,41089,FH_PAC,0.9300076252808196,3.7837117173504016
laplace,41089,HetLDC_cert,0.9470556727055068,4.155686841231324
laplace,41090,CP_PAC,0.9829008967159124,5.754052095990514
laplace,41090,FH_PAC,0.9447668457830724,4.097119791114857
laplace,41090,HetLDC_cert,0.9772720983616824,5.351613169181046
laplace,41091,CP_PAC,0.9628308085402126,4.655980023101051
laplace,41091,FH_PAC,0.920445871649848,3.5925705086063644
laplace,41091,HetLDC_cert,0.9460502514248752,4.129082516675666
laplace,41092,CP_PAC,0.95813869378411,4.487855925710546
laplace,41092,FH_PAC,0.8925552400327437,3.231129779895924
laplace,41092,HetLDC_cert,0.9370374860307188,3.9106056109426426
laplace,41093,CP_PAC,0.9707783096552224,4.99619593451966
laplace,41093,FH_PAC,0.9406699919084616,4.013216367829202
laplace,41093,HetLDC_cert,0.9581573487858616,4.488486293920842
laplace,41094,CP_PAC,0.9571505712440556,4.454861767824006
laplace,41094,FH_PAC,0.931887200297755,3.80059838651054
laplace,41094,HetLDC_cert,0.9337454590312904,3.8385309627299056
laplace,41095,CP_PAC,0.974978374956356,5.215640585539266
laplace,41095,FH_PAC,0.9460037264417672,4.138101179760261
laplace,41095,HetLDC_cert,0.9659657181087704,4.780589101067473
laplace,41096,CP_PAC,0.972729203705424,5.093910817994091
laplace,41096,FH_PAC,0.9402827442527624,4.007775443048642
laplace,41096,HetLDC_cert,0.9639660466873758,4.699846933812121
laplace,41097,CP_PAC,0.9599493547993528,4.5503884014794
laplace,41097,FH_PAC,0.9249805106846376,3.6818010107094095
laplace,41097,HetLDC_cert,0.940023115969756,3.979308545782966
laplace,41098,CP_PAC,0.965724507011002,4.77060149902124
laplace,41098,FH_PAC,0.9163464376110216,3.508990977962677
laplace,41098,HetLDC_cert,0.947918416688265,4.178921711165664
laplace,41099,CP_PAC,0.9836750520329088,5.819574780818802
laplace,41099,FH_PAC,0.9525980627490708,4.326664642732656
laplace,41099,HetLDC_cert,0.9791747848545268,5.475256160562894
laplace,41100,CP_PAC,0.9672409871550648,4.834598174342605
laplace,41100,FH_PAC,0.9396591866339804,3.9770286634142735
laplace,41100,HetLDC_cert,0.9525701407136042,4.31123472008754
laplace,41101,CP_PAC,0.9736537038614924,5.142685199223058
laplace,41101,FH_PAC,0.9521676971645606,4.299394207943377
laplace,41101,HetLDC_cert,0.9645823547595858,4.724244228437906
laplace,41102,CP_PAC,0.9685301345024686,4.891375579938876
laplace,41102,FH_PAC,0.9197614476463668,3.577980018177731
laplace,41102,HetLDC_cert,0.955987455490102,4.416985759858253
laplace,41103,CP_PAC,0.949970444723662,4.235769508015956
laplace,41103,FH_PAC,0.9018487220105712,3.3173254370187832
laplace,41103,HetLDC_cert,0.9190877564649882,3.5558846155523245
laplace,41104,CP_PAC,0.9686557167413772,4.897030367772563
laplace,41104,FH_PAC,0.946306433171827,4.138218188532851
laplace,41104,HetLDC_cert,0.9533336524532624,4.334185535890073
laplace,41105,CP_PAC,0.9886975207044956,6.339542046430351
laplace,41105,FH_PAC,0.9583975193976192,4.498105938371596
laplace,41105,HetLDC_cert,0.9857667773370168,6.01348556684049
laplace,41106,CP_PAC,0.9752336941573796,5.230145267119996
laplace,41106,FH_PAC,0.9477101085308826,4.186219984920303
laplace,41106,HetLDC_cert,0.966635195663335,4.808684893768044
laplace,41107,CP_PAC,0.9696159534992006,4.941032510837413
laplace,41107,FH_PAC,0.9201450184154342,3.5928881315811116
laplace,41107,HetLDC_cert,0.9567629709577016,4.442126819729922
laplace,41108,CP_PAC,0.982701813184096,5.737681633447758
laplace,41108,FH_PAC,0.9595628033394692,4.590719068104328
laplace,41108,HetLDC_cert,0.9766048232091556,5.310690687497201
laplace,41109,CP_PAC,0.9666909750452276,4.811051158841334
laplace,41109,FH_PAC,0.919071389284276,3.5886781515881454
laplace,41109,HetLDC_cert,0.950970992020161,4.264339187054248
laplace,41110,CP_PAC,0.98338247038577,5.794453184374346
laplace,41110,FH_PAC,0.9412267095143362,4.021460707064526
laplace,41110,HetLDC_cert,0.9785500744655315,5.4334567386748
laplace,41111,CP_PAC,0.971732947981595,5.043168142490113
laplace,41111,FH_PAC,0.9082230159004916,3.3781848094361298
laplace,41111,HetLDC_cert,0.9609250907964788,4.585268890906336
laplace,41112,CP_PAC,0.970543398615271,4.9848726275973165
laplace,41112,FH_PAC,0.923982311227468,3.646697679212517
laplace,41112,HetLDC_cert,0.9566511238043188,4.438473203156408
laplace,41113,CP_PAC,0.9698253022089642,4.950810288347692
laplace,41113,FH_PAC,0.9476003516109964,4.21412645833866
laplace,41113,HetLDC_cert,0.9571986454296288,4.456449311328856
laplace,41114,CP_PAC,0.980967995195587,5.602595476308515
laplace,41114,FH_PAC,0.956454289001677,4.440840865887105
laplace,41114,HetLDC_cert,0.9736615683263776,5.143107410115894
laplace,41115,CP_PAC,0.9462380397444308,4.134013699373066
laplace,41115,FH_PAC,0.912655341597665,3.453764346701808
laplace,41115,HetLDC_cert,0.9154862316829552,3.4942965970184456
laplace,41116,CP_PAC,0.9732637115566494,5.121904661322244
laplace,41116,FH_PAC,0.9509408193138642,4.285479677123264
laplace,41116,HetLDC_cert,0.9629870799262056,4.6619383717063485
laplace,41117,CP_PAC,0.9843474633661842,5.879058722823631
laplace,41117,FH_PAC,0.9433716442982883,4.097611449989628
laplace,41117,HetLDC_cert,0.978748343600602,5.446589597090149
laplace,41118,CP_PAC,0.955201720255212,4.391961188154646
laplace,41118,FH_PAC,0.9264124740978028,3.6920171173934535
laplace,41118,HetLDC_cert,0.9226669704207068,3.619869292655448
laplace,41119,CP_PAC,0.992441359259036,6.908523622029833
laplace,41119,FH_PAC,0.963386303825808,4.678895996017859
laplace,41119,HetLDC_cert,0.9903182256397144,6.558429668892525
laplace,41120,CP_PAC,0.9499910938015994,4.236353327600018
laplace,41120,FH_PAC,0.9583199212119304,4.503021394635468
laplace,41120,HetLDC_cert,0.9268084061735808,3.6977084262417903
laplace,41121,CP_PAC,0.9775904341994704,5.371561223382206
laplace,41121,FH_PAC,0.9496735237360726,4.265443807530888
laplace,41121,HetLDC_cert,0.9704124356053092,4.978599019827889
laplace,41122,CP_PAC,0.9841010466541912,5.8569682959067695
laplace,41122,FH_PAC,0.9635241059152476,4.6985179211543375
laplace,41122,HetLDC_cert,0.9791309066986128,5.472279586137984
laplace,41123,CP_PAC,0.98099355267258,5.60449585521443
laplace,41123,FH_PAC,0.9677813894621128,4.876067683664784
laplace,41123,HetLDC_cert,0.9746599346238476,5.197756013549227
laplace,41124,CP_PAC,0.9318314280831844,3.79825468251236
laplace,41124,FH_PAC,0.91308030810614,3.459451939572876
laplace,41124,HetLDC_cert,0.8888686293172252,3.107086958105187
laplace,41125,CP_PAC,0.9789554760336918,5.460441052957231
laplace,41125,FH_PAC,0.9464713775227924,4.140206827892004
laplace,41125,HetLDC_cert,0.9712179827531552,5.017636066305832
laplace,41126,CP_PAC,0.9799647655312758,5.52994672946698
laplace,41126,FH_PAC,0.9489839512298508,4.216182880552454
laplace,41126,HetLDC_cert,0.9730212587646008,5.109137941937761
laplace,41127,CP_PAC,0.9876583074287012,6.215146319437986
laplace,41127,FH_PAC,0.967011985493845,4.830324173275086
laplace,41127,HetLDC_cert,0.9847167993484716,5.912828389850727
laplace,41128,CP_PAC,0.9756521397173032,5.254243638394707
laplace,41128,FH_PAC,0.9465841304033038,4.143214760642846
laplace,41128,HetLDC_cert,0.9672942943348144,4.836901331064332
laplace,41129,CP_PAC,0.9876257765471808,6.211423565212481
laplace,41129,FH_PAC,0.925383141370746,3.6885815035884577
laplace,41129,HetLDC_cert,0.9832939874124637,5.7869429314596985
laplace,41130,CP_PAC,0.9619666946340848,4.623478565197976
laplace,41130,FH_PAC,0.951198706953359,4.272434453826345
laplace,41130,HetLDC_cert,0.9453242116478436,4.110177374863109
laplace,41131,CP_PAC,0.980242082355376,5.54965823971831
laplace,41131,FH_PAC,0.9495929806562592,4.231055257235405
laplace,41131,HetLDC_cert,0.9731392014635956,5.115333999037074
laplace,41132,CP_PAC,0.953883739371812,4.350954831583451
laplace,41132,FH_PAC,0.8827683595031699,3.0464693081155407
laplace,41132,HetLDC_cert,0.9251251115209804,3.6655520508897785
laplace,41133,CP_PAC,0.9735623380337636,5.137789358653446
laplace,41133,FH_PAC,0.94781957079295,4.203456846560204
laplace,41133,HetLDC_cert,0.9622237867127126,4.633070619195449
laplace,41134,CP_PAC,0.959686815195676,4.541148214967
laplace,41134,FH_PAC,0.8966689130667493,3.251367056545516
laplace,41134,HetLDC_cert,0.9394131606453008,3.96499886078343
laplace,41135,CP_PAC,0.9756201799973958,5.252388517216798
laplace,41135,FH_PAC,0.937454016308232,3.9620839653722673
laplace,41135,HetLDC_cert,0.966419533630225,4.79957317537611
laplace,41136,CP_PAC,0.947963649740581,4.180150494678421
laplace,41136,FH_PAC,0.8658295174142787,2.8790566334560874
laplace,41136,HetLDC_cert,0.915846994031242,3.500346345535145
laplace,41137,CP_PAC,0.9742250680410172,5.173692271414007
laplace,41137,FH_PAC,0.9487244636806422,4.201459016842758
laplace,41137,HetLDC_cert,0.963962700206132,4.699715601582953
laplace,41138,CP_PAC,0.9787356070427392,5.445742283490751
laplace,41138,FH_PAC,0.9300966882420318,3.786696824790915
laplace,41138,HetLDC_cert,0.971074321494524,5.010594782906702
laplace,41139,CP_PAC,0.9715658142018752,5.034830986136572
laplace,41139,FH_PAC,0.9380413473227732,3.945344572231108
laplace,41139,HetLDC_cert,0.9603392622406473,4.564223735128313
laplace,41140,CP_PAC,0.986157552108369,6.052855930002267
laplace,41140,FH_PAC,0.9423113306311576,4.080674920243938
laplace,41140,HetLDC_cert,0.9813376818076882,5.63033613021745
laplace,41141,CP_PAC,0.982950787551904,5.758184443111366
laplace,41141,FH_PAC,0.9352842299426676,3.87293458101908
laplace,41141,HetLDC_cert,0.9777477956784012,5.381526957297696
laplace,41142,CP_PAC,0.9821591787854412,5.6940001535939455
laplace,41142,FH_PAC,0.9620769656177344,4.62759291867261
laplace,41142,HetLDC_cert,0.9760367203978904,5.276759799449901
laplace,41143,CP_PAC,0.9704408802356204,4.979959257874562
laplace,41143,FH_PAC,0.9473353798913496,4.16667984555217
laplace,41143,HetLDC_cert,0.9563837592195475,4.429777490983083
laplace,41144,CP_PAC,0.978929216876355,5.458677510728986
laplace,41144,FH_PAC,0.9491274282147856,4.267204909450772
laplace,41144,HetLDC_cert,0.970610758879904,4.98811030208244
laplace,41145,CP_PAC,0.9742535049431308,5.175253402735633
laplace,41145,FH_PAC,0.9514383965930704,4.325541950887891
laplace,41145,HetLDC_cert,0.9642370087193282,4.710521482763282
laplace,41146,CP_PAC,0.9854095460396805,5.978429163632008
laplace,41146,FH_PAC,0.9623753698995444,4.643137710237858
laplace,41146,HetLDC_cert,0.9806552972280748,5.579548606395053
laplace,41147,CP_PAC,0.9725661694749936,5.08548133347556
laplace,41147,FH_PAC,0.9452292288968892,4.107842571439006
laplace,41147,HetLDC_cert,0.9630326472038986,4.663680508299349
laplace,41148,CP_PAC,0.93305156061793,3.823796616375424
laplace,41148,FH_PAC,0.9059532818576356,3.344711372681404
laplace,41148,HetLDC_cert,0.8927223273491056,3.1569980571457292
laplace,41149,CP_PAC,0.9681928542088594,4.876299302688659
laplace,41149,FH_PAC,0.9312736298595664,3.80065882507797
laplace,41149,HetLDC_cert,0.952845418739984,4.3194665818032
normal,40000,CP_PAC,0.9579975509853362,4.066991767556752
normal,40000,FH_PAC,0.9159680955571858,3.4583627690846632
normal,40000,HetLDC_cert,0.9103836947180656,3.3948503612302448
normal,40001,CP_PAC,0.9818970331390048,4.727010635113349
normal,40001,FH_PAC,0.9684362586056808,4.30028608326716
normal,40001,HetLDC_cert,0.9636465325596546,4.185903376742186
normal,40002,CP_PAC,0.981429197356552,4.708072392658989
normal,40002,FH_PAC,0.9247484589774576,3.5812098907202428
normal,40002,HetLDC_cert,0.9625646018111622,4.161967396893475
normal,40003,CP_PAC,0.9546750162996118,4.003251755306482
normal,40003,FH_PAC,0.8850853965936413,3.165444615795274
normal,40003,HetLDC_cert,0.8986105274818759,3.2763089605742324
normal,40004,CP_PAC,0.982145866598839,4.73725880803604
normal,40004,FH_PAC,0.9171320589161412,3.4699744721521943
normal,40004,HetLDC_cert,0.9629020898153616,4.169369844458316
normal,40005,CP_PAC,0.984489653941366,4.840476271331273
normal,40005,FH_PAC,0.9532047115984852,4.087570684662138
normal,40005,HetLDC_cert,0.9706310847960145,4.35699776865094
normal,40006,CP_PAC,0.9811004538516808,4.69501289131309
normal,40006,FH_PAC,0.9724083479869862,4.407626687991756
normal,40006,HetLDC_cert,0.964145483069043,4.197146943195619
normal,40007,CP_PAC,0.9775649651392178,4.565841571723422
normal,40007,FH_PAC,0.9090697411320467,3.402632639285047
normal,40007,HetLDC_cert,0.9511182000854356,3.939242403446752
normal,40008,CP_PAC,0.9833761681110716,4.789847061135268
normal,40008,FH_PAC,0.920211500787181,3.503829136489293
normal,40008,HetLDC_cert,0.9684363458152768,4.299786639042277
normal,40009,CP_PAC,0.9630439110037295,4.172497663555728
normal,40009,FH_PAC,0.9434338721725926,3.8215278238439048
normal,40009,HetLDC_cert,0.9258723309653772,3.5716491170551135
normal,40010,CP_PAC,0.98732218341636,4.985387363564417
normal,40010,FH_PAC,0.9505846012917692,3.9587503152209886
normal,40010,HetLDC_cert,0.9776727651794256,4.56950873249891
normal,40011,CP_PAC,0.9801936441974188,4.65999225461406
normal,40011,FH_PAC,0.9505133489814652,3.9447649663663937
normal,40011,HetLDC_cert,0.963221108605179,4.176420094439764
normal,40012,CP_PAC,0.984344748601327,4.833710032196316
normal,40012,FH_PAC,0.9561509016795372,4.0365256838935775
normal,40012,HetLDC_cert,0.9682531049158074,4.295166050927914
normal,40013,CP_PAC,0.990450409436191,5.183451204784841
normal,40013,FH_PAC,0.9531889752096396,3.978116462503361
normal,40013,HetLDC_cert,0.9822794120301096,4.742810565873981
normal,40014,CP_PAC,0.9816271445083478,4.716033840765777
normal,40014,FH_PAC,0.951297910522831,4.033828701717444
normal,40014,HetLDC_cert,0.9596075122799848,4.099425138688761
normal,40015,CP_PAC,0.9860409305508172,4.916629903814095
normal,40015,FH_PAC,0.9546813107331292,4.042299790323361
normal,40015,HetLDC_cert,0.9727609934761676,4.416151115837202
normal,40016,CP_PAC,0.9975095259918124,6.048992884562116
normal,40016,FH_PAC,0.9477112203588924,3.895859149679135
normal,40016,HetLDC_cert,0.9950139171889284,5.615863043113727
normal,40017,CP_PAC,0.9708681819322014,4.363396286215576
normal,40017,FH_PAC,0.9235015146093416,3.5492509052261156
normal,40017,HetLDC_cert,0.9384215948647814,3.7386385915724176
normal,40018,CP_PAC,0.991494710398662,5.262648094183256
normal,40018,FH_PAC,0.9507711141968664,4.000651167939114
normal,40018,HetLDC_cert,0.9844181965643783,4.83713270685837
normal,40019,CP_PAC,0.9932110894264254,5.414050381716048
normal,40019,FH_PAC,0.9435045982198405,3.8810821598969536
normal,40019,HetLDC_cert,0.987606509687894,5.001475566889408
normal,40020,CP_PAC,0.972019257656212,4.395112541819599
normal,40020,FH_PAC,0.9277131347639792,3.6063955922022592
normal,40020,HetLDC_cert,0.9443887315978264,3.828139119309269
normal,40021,CP_PAC,0.9825930711382,4.755995638588201
normal,40021,FH_PAC,0.9575964308962434,4.148378209540288
normal,40021,HetLDC_cert,0.9650415382069422,4.217678444555198
normal,40022,CP_PAC,0.9881692431453342,5.0343052444538055
normal,40022,FH_PAC,0.9596800116065808,4.100983580182204
normal,40022,HetLDC_cert,0.9735570757903936,4.439288552870157
normal,40023,CP_PAC,0.9853138585726228,4.880055121083539
normal,40023,FH_PAC,0.9494071136264906,3.912173700942862
normal,40023,HetLDC_cert,0.97212089267686,4.397966669225028
normal,40024,CP_PAC,0.9819726032355308,4.730109865152653
normal,40024,FH_PAC,0.9567701484058884,4.083924436075293
normal,40024,HetLDC_cert,0.9667464061699176,4.258016113550744
normal,40025,CP_PAC,0.9927139790736204,5.366961135829591
normal,40025,FH_PAC,0.9469268447720044,3.8958060462749646
normal,40025,HetLDC_cert,0.9837457233953482,4.806310883734374
normal,40026,CP_PAC,0.9925485701836314,5.351931152257671
normal,40026,FH_PAC,0.9567034343151696,4.057448430048051
normal,40026,HetLDC_cert,0.9869694060849286,4.965864111766056
normal,40027,CP_PAC,0.9921631783657688,5.318040811396332
normal,40027,FH_PAC,0.9413933912090476,3.785961199860998
normal,40027,HetLDC_cert,0.984299302190886,4.831599298188275
normal,40028,CP_PAC,0.9932107249569048,5.41401473721981
normal,40028,FH_PAC,0.9458300218706254,3.865330572376601
normal,40028,HetLDC_cert,0.984805861824732,4.855436675506569
normal,40029,CP_PAC,0.9815279983005628,4.712036840077489
normal,40029,FH_PAC,0.9299676946711232,3.6402129764479088
normal,40029,HetLDC_cert,0.9614741072204392,4.138430489649471
normal,40030,CP_PAC,0.9893463902154432,5.107719903171394
normal,40030,FH_PAC,0.9648890432780164,4.2181593687552885
normal,40030,HetLDC_cert,0.9786421004766854,4.603194352948236
normal,40031,CP_PAC,0.975195237773916,4.4888595601555785
normal,40031,FH_PAC,0.9483687904463872,3.964787931029061
normal,40031,HetLDC_cert,0.951269072118373,3.941876700193512
normal,40032,CP_PAC,0.9836194659490952,4.800649420361704
normal,40032,FH_PAC,0.9594137394719428,4.245587632475131
normal,40032,HetLDC_cert,0.96654041536161,4.253049645632609
normal,40033,CP_PAC,0.9966593000462712,5.869028904724476
normal,40033,FH_PAC,0.9807521753020942,4.684332267330799
normal,40033,HetLDC_cert,0.993401559299416,5.432917602319656
normal,40034,CP_PAC,0.9901041353646556,5.158893973603414
normal,40034,FH_PAC,0.9705831290959612,4.360494433112819
normal,40034,HetLDC_cert,0.9803545033237484,4.666100936162054
normal,40035,CP_PAC,0.9790049022831058,4.616145241141936
normal,40035,FH_PAC,0.9526000647032906,3.9741927476393366
normal,40035,HetLDC_cert,0.9611004691407364,4.130496213432297
normal,40036,CP_PAC,0.9948316687387668,5.592701043610298
normal,40036,FH_PAC,0.936168218846932,3.706766220467818
normal,40036,HetLDC_cert,0.9903220621567964,5.174257815256574
normal,40037,CP_PAC,0.9733322021592266,4.432692498970043
normal,40037,FH_PAC,0.9495383180077646,3.9137734192788014
normal,40037,HetLDC_cert,0.9426539798680198,3.801328254036912
normal,40038,CP_PAC,0.9946968857837512,5.576041558943064
normal,40038,FH_PAC,0.9701588436977756,4.36992704733545
normal,40038,HetLDC_cert,0.990224066022287,5.167311335151433
normal,40039,CP_PAC,0.9794919793867352,4.633842549736471
normal,40039,FH_PAC,0.9464056094604832,3.8721909613667895
normal,40039,HetLDC_cert,0.9586914404155829,4.080839035139562
normal,40040,CP_PAC,0.997725443279668,6.10364734656316
normal,40040,FH_PAC,0.9752402210229064,4.492710473380288
normal,40040,HetLDC_cert,0.9958832819360766,5.738153630729986
normal,40041,CP_PAC,0.9925527742041652,5.352309430044955
normal,40041,FH_PAC,0.9246712490859228,3.5571426999763225
normal,40041,HetLDC_cert,0.985560546688451,4.892281926687907
normal,40042,CP_PAC,0.9843377323808602,4.833383816049304
normal,40042,FH_PAC,0.92839217946478,3.60413659998916
normal,40042,HetLDC_cert,0.9668389708173896,4.260256437752282
normal,40043,CP_PAC,0.9798261157182132,4.646196153499176
normal,40043,FH_PAC,0.9272275270429572,3.6945557618200215
normal,40043,HetLDC_cert,0.961475438068646,4.138458867120772
normal,40044,CP_PAC,0.9614774694551352,4.13850218366843
normal,40044,FH_PAC,0.926350642676672,3.6160751191218727
normal,40044,HetLDC_cert,0.914156345357838,3.4354843316169776
normal,40045,CP_PAC,0.9808516328638496,4.685259794330436
normal,40045,FH_PAC,0.961346247039388,4.163664724235526
normal,40045,HetLDC_cert,0.963534883201234,4.1834054456297585
normal,40046,CP_PAC,0.9889710836758896,5.08356257070585
normal,40046,FH_PAC,0.957134026610663,4.142708453147035
normal,40046,HetLDC_cert,0.9773226255311008,4.5576532184432805
normal,40047,CP_PAC,0.9784280903148764,4.595644436078366
normal,40047,FH_PAC,0.9148389845831122,3.4884833851676396
normal,40047,HetLDC_cert,0.9572061943920276,4.051433765556682
normal,40048,CP_PAC,0.9851585709007388,4.872451001807949
normal,40048,FH_PAC,0.9167636948445088,3.464633994828717
normal,40048,HetLDC_cert,0.9665381453468752,4.252995061144162
normal,40049,CP_PAC,0.978977498598701,4.615160235630682
normal,40049,FH_PAC,0.9475990259976356,3.9026380627803454
normal,40049,HetLDC_cert,0.9568708845181456,4.044914893200997
normal,40050,CP_PAC,0.992494898237848,5.347118495895524
normal,40050,FH_PAC,0.9457626114557222,3.851684980668136
normal,40050,HetLDC_cert,0.9852970305399044,4.879227672369798
normal,40051,CP_PAC,0.9977255428030684,6.103673616099676
normal,40051,FH_PAC,0.98392215041607,4.888649684251736
normal,40051,HetLDC_cert,0.9955302753379942,5.685911913600359
normal,40052,CP_PAC,0.9946871587359344,5.574854123462496
normal,40052,FH_PAC,0.973792308331502,4.581746471301197
normal,40052,HetLDC_cert,0.989887157172876,5.14389361435315
normal,40053,CP_PAC,0.9874485525788824,4.99249792765621
normal,40053,FH_PAC,0.9472746953713655,4.145595555465855
normal,40053,HetLDC_cert,0.9749564081366172,4.481459313469712
normal,40054,CP_PAC,0.9879893604949594,5.023663154057949
normal,40054,FH_PAC,0.9462889056064104,3.85863974629164
normal,40054,HetLDC_cert,0.9769586708052592,4.545497362733397
normal,40055,CP_PAC,0.9907600094802842,5.206089403224535
normal,40055,FH_PAC,0.94218095538583,3.794321395390028
normal,40055,HetLDC_cert,0.9832436050664406,4.78401960093793
normal,40056,CP_PAC,0.987130333010076,4.974711297375675
normal,40056,FH_PAC,0.9467325194786612,3.866566888878462
normal,40056,HetLDC_cert,0.9740508281104489,4.45394320069456
normal,40057,CP_PAC,0.9763517334335224,4.525592033857688
normal,40057,FH_PAC,0.9374108299060132,3.7455391844769816
normal,40057,HetLDC_cert,0.9554867923294352,4.018451318888431
normal,40058,CP_PAC,0.9865989734585672,4.9458606587294
normal,40058,FH_PAC,0.9715930235564032,4.383460932155681
normal,40058,HetLDC_cert,0.974910830903021,4.480054029994633
normal,40059,CP_PAC,0.9933139782393844,5.424182172118187
normal,40059,FH_PAC,0.9527251025372656,3.989205075440797
normal,40059,HetLDC_cert,0.98710691130801,4.973417591550949
normal,40060,CP_PAC,0.9971953215793384,5.976744241461003
normal,40060,FH_PAC,0.9641946794338924,4.201996463608402
normal,40060,HetLDC_cert,0.9943325266880384,5.5328486949811495
normal,40061,CP_PAC,0.9953645305362152,5.662662389479896
normal,40061,FH_PAC,0.9689600726735352,4.317861509193152
normal,40061,HetLDC_cert,0.9903342150348724,5.175123640010138
normal,40062,CP_PAC,0.9914692763382448,5.260618430085378
normal,40062,FH_PAC,0.9447573557407264,3.843358682611028
normal,40062,HetLDC_cert,0.9848583100215512,4.857944559476876
normal,40063,CP_PAC,0.9817577099782504,4.721326387001066
normal,40063,FH_PAC,0.9539448758465936,4.002956567575931
normal,40063,HetLDC_cert,0.9628523739544756,4.168275787588365
normal,40064,CP_PAC,0.9925108678545902,5.348547225448651
normal,40064,FH_PAC,0.9672738222149148,4.276000871174219
normal,40064,HetLDC_cert,0.9861346414377332,4.921465600663104
normal,40065,CP_PAC,0.9934136501948192,5.43413174070104
normal,40065,FH_PAC,0.9742679536304962,4.503845168758774
normal,40065,HetLDC_cert,0.9871815430961894,4.977547176822191
normal,40066,CP_PAC,0.9892102075978556,5.098868051240569
normal,40066,FH_PAC,0.9674344817882028,4.308333528562292
normal,40066,HetLDC_cert,0.9798664505779716,4.647699456578434
normal,40067,CP_PAC,0.9712894020644588,4.37487508769241
normal,40067,FH_PAC,0.8944409290932119,3.260162536680943
normal,40067,HetLDC_cert,0.9392871763663826,3.751162200400119
normal,40068,CP_PAC,0.9792127019928624,4.623651129274149
normal,40068,FH_PAC,0.8959333958311125,3.305238822363402
normal,40068,HetLDC_cert,0.9556652204744932,4.021823490593507
normal,40069,CP_PAC,0.996328991369444,5.810259539503576
normal,40069,FH_PAC,0.969963310587109,4.386965027273082
normal,40069,HetLDC_cert,0.9936097954629012,5.454113524523701
normal,40070,CP_PAC,0.9843684150364918,4.834811342381725
normal,40070,FH_PAC,0.9487011572901904,3.9063077360624927
normal,40070,HetLDC_cert,0.967150895148073,4.26784550042719
normal,40071,CP_PAC,0.9736335712694736,4.441543387051548
normal,40071,FH_PAC,0.9328331164007,3.661207276389309
normal,40071,HetLDC_cert,0.9505612255783936,3.9295760905203054
normal,40072,CP_PAC,0.9781201522906476,4.58489451522464
normal,40072,FH_PAC,0.9500084040711444,3.94668474927891
normal,40072,HetLDC_cert,0.957285792165634,4.052987592248969
normal,40073,CP_PAC,0.9936489193149972,5.458165062110716
normal,40073,FH_PAC,0.9743950971982942,4.527803251296169
normal,40073,HetLDC_cert,0.987664285652887,5.004784644124904
normal,40074,CP_PAC,0.993109437170455,5.404174979196105
normal,40074,FH_PAC,0.9398051783427664,3.777371619848104
normal,40074,HetLDC_cert,0.9856908984468764,4.898817227464404
normal,40075,CP_PAC,0.9770282292015297,4.547807612775297
normal,40075,FH_PAC,0.922311780182,3.5526743172316837
normal,40075,HetLDC_cert,0.9527694613666084,3.968454022808381
normal,40076,CP_PAC,0.9435963181915296,3.815807124309664
normal,40076,FH_PAC,0.8570843243115904,2.9933963747619567
normal,40076,HetLDC_cert,0.8818997711762913,3.125595030557868
normal,40077,CP_PAC,0.9719441039312235,4.393007807253841
normal,40077,FH_PAC,0.9474712669965836,3.8922374609725456
normal,40077,HetLDC_cert,0.9443549563698224,3.827610512776423
normal,40078,CP_PAC,0.9758402247476254,4.509157731462129
normal,40078,FH_PAC,0.912522835500024,3.53834175169303
normal,40078,HetLDC_cert,0.9520167641018176,3.955033733403829
normal,40079,CP_PAC,0.9918756014207608,5.293711623219298
normal,40079,FH_PAC,0.9617860770521331,4.151740266215225
normal,40079,HetLDC_cert,0.9834931562283036,4.795023845034182
normal,40080,CP_PAC,0.9902504312771458,5.16917411832425
normal,40080,FH_PAC,0.964104723824067,4.221074558098569
normal,40080,HetLDC_cert,0.9801399180991052,4.657961636529052
normal,40081,CP_PAC,0.9944422253153922,5.545582657390763
normal,40081,FH_PAC,0.9783938726848528,4.649979075272707
normal,40081,HetLDC_cert,0.9886872971951692,5.065776399458322
normal,40082,CP_PAC,0.9705632544757958,4.3551754152920505
normal,40082,FH_PAC,0.9376173417850234,3.7906878959638015
normal,40082,HetLDC_cert,0.9395451190399872,3.7549228295202126
normal,40083,CP_PAC,0.9809460660211944,4.688948194678588
normal,40083,FH_PAC,0.9553373823226864,4.1135335085327185
normal,40083,HetLDC_cert,0.9601440216352572,4.1104769135068935
normal,40084,CP_PAC,0.9985358087635284,6.363377326268106
normal,40084,FH_PAC,0.9797669753893816,4.657074190949473
normal,40084,HetLDC_cert,0.9974719586090928,6.039929421206884
normal,40085,CP_PAC,0.9987367901698936,6.448418845030684
normal,40085,FH_PAC,0.95870310720809,4.089397348017547
normal,40085,HetLDC_cert,0.9977571306029932,6.112065009262518
normal,40086,CP_PAC,0.9568730000668249,4.044955887808102
normal,40086,FH_PAC,0.9339557149454724,3.703054081036663
normal,40086,HetLDC_cert,0.921591382778409,3.5199904378626017
normal,40087,CP_PAC,0.9955267329030322,5.685406896037852
normal,40087,FH_PAC,0.9561591007614322,4.059465975806505
normal,40087,HetLDC_cert,0.9922242314352264,5.32330866203684
normal,40088,CP_PAC,0.9888590406883356,5.076492306299558
normal,40088,FH_PAC,0.9449672005035308,3.8403512414243104
normal,40088,HetLDC_cert,0.979159525309664,4.621724141158008
normal,40089,CP_PAC,0.952580929366249,3.9650757869513984
normal,40089,FH_PAC,0.9113489077501784,3.432505657191757
normal,40089,HetLDC_cert,0.895732545450951,3.249015811030573
normal,40090,CP_PAC,0.9947374004281432,5.581008667120037
normal,40090,FH_PAC,0.9631581928398016,4.179398261830285
normal,40090,HetLDC_cert,0.9889480544909656,5.082104163574336
normal,40091,CP_PAC,0.953835234948314,3.987767411295096
normal,40091,FH_PAC,0.8900991917509802,3.200942874939809
normal,40091,HetLDC_cert,0.9058041675015712,3.3473363422961535
normal,40092,CP_PAC,0.983543798638998,4.797274797452538
normal,40092,FH_PAC,0.9272676945265996,3.592440517746163
normal,40092,HetLDC_cert,0.9682918561386162,4.296141288266147
normal,40093,CP_PAC,0.9819593909581374,4.729567192338844
normal,40093,FH_PAC,0.9416597217932302,3.7918175759462
normal,40093,HetLDC_cert,0.963644846893896,4.185865614763016
normal,40094,CP_PAC,0.9573995742508944,4.055212987019682
normal,40094,FH_PAC,0.9317549863821092,3.647885316034808
normal,40094,HetLDC_cert,0.902098806670494,3.31022979691595
normal,40095,CP_PAC,0.9855539208640895,4.891951126729498
normal,40095,FH_PAC,0.9454392545291124,3.8476298099501953
normal,40095,HetLDC_cert,0.9711557511842028,4.371217311412186
normal,40096,CP_PAC,0.9903161767563736,5.173838861591824
normal,40096,FH_PAC,0.939816435983551,3.7592506269991306
normal,40096,HetLDC_cert,0.9810993805051288,4.694970578567994
normal,40097,CP_PAC,0.9666549534160276,4.255807934845188
normal,40097,FH_PAC,0.8848374126613027,3.1517732070828894
normal,40097,HetLDC_cert,0.9253811069218618,3.5655996646808124
normal,40098,CP_PAC,0.9951624436655662,5.635312595259233
normal,40098,FH_PAC,0.9372338777744862,3.7224950350704753
normal,40098,HetLDC_cert,0.9912347555319908,5.242154135073797
normal,40099,CP_PAC,0.981138331794067,4.696507437395522
normal,40099,FH_PAC,0.9184514795104852,3.5520796542097446
normal,40099,HetLDC_cert,0.9653783209207192,4.225511494957472
normal,40100,CP_PAC,0.9856034900801448,4.894429163586759
normal,40100,FH_PAC,0.9425937836075962,3.802043169204586
normal,40100,HetLDC_cert,0.9717239905620548,4.386871208774148
normal,40101,CP_PAC,0.9931319595948472,5.406351664774833
normal,40101,FH_PAC,0.9516461405929773,4.044825137930546
normal,40101,HetLDC_cert,0.9860964824661912,4.919493038011169
normal,40102,CP_PAC,0.996564034541206,5.851555068625434
normal,40102,FH_PAC,0.9721322640515866,4.405568208747936
normal,40102,HetLDC_cert,0.9935778461927248,5.450821485612477
normal,40103,CP_PAC,0.9673934063884966,4.273788504487555
normal,40103,FH_PAC,0.9272188889952918,3.614969782321267
normal,40103,HetLDC_cert,0.9382969527502109,3.7368472407552336
normal,40104,CP_PAC,0.9985470908898988,6.367856937507546
normal,40104,FH_PAC,0.9907519287763794,5.259227132588346
normal,40104,HetLDC_cert,0.9974900973694611,6.04429006199428
normal,40105,CP_PAC,0.993564394113309,5.449439795700364
normal,40105,FH_PAC,0.9461665960242712,3.9003807803216
normal,40105,HetLDC_cert,0.987035470518081,4.969484337837764
normal,40106,CP_PAC,0.9963583715161451,5.815287641412101
normal,40106,FH_PAC,0.968413929856148,4.314668591282274
normal,40106,HetLDC_cert,0.993332112919192,5.4259824642117955
normal,40107,CP_PAC,0.984206083649876,4.827286577976873
normal,40107,FH_PAC,0.9536740374256082,4.024922199318818
normal,40107,HetLDC_cert,0.9709387076358208,4.365308203704664
normal,40108,CP_PAC,0.9885523309176244,5.057456092190736
normal,40108,FH_PAC,0.9563850261462444,4.05130464084497
normal,40108,HetLDC_cert,0.978691952342245,4.604962498527735
normal,40109,CP_PAC,0.985056539804384,4.867492825812834
normal,40109,FH_PAC,0.9602373980564292,4.112881272100211
normal,40109,HetLDC_cert,0.9699537170370092,4.33895942484925
normal,40110,CP_PAC,0.9823683448921888,4.746528061327375
normal,40110,FH_PAC,0.924924672869784,3.6280207657854247
normal,40110,HetLDC_cert,0.9616766532636354,4.14275896529251
normal,40111,CP_PAC,0.9780904380099468,4.58386418668359
normal,40111,FH_PAC,0.9309761491390148,3.6604114773470746
normal,40111,HetLDC_cert,0.9580716099407738,4.06846041827529
normal,40112,CP_PAC,0.9883922475896044,5.047699528927534
normal,40112,FH_PAC,0.9611407216221745,4.169379698446222
normal,40112,HetLDC_cert,0.976918221915043,4.544156713519971
normal,40113,CP_PAC,0.9729467008533428,4.421495810370643
normal,40113,FH_PAC,0.9153206156889792,3.465728968301176
normal,40113,HetLDC_cert,0.939952309274698,3.7608865453914846
normal,40114,CP_PAC,0.9963308648211529,5.810579066781802
normal,40114,FH_PAC,0.9731342180071608,4.510760086836249
normal,40114,HetLDC_cert,0.9927795170882868,5.373001101919449
normal,40115,CP_PAC,0.9881221084795824,5.031502898308136
normal,40115,FH_PAC,0.947335717934242,3.875495948180436
normal,40115,HetLDC_cert,0.9768289293441584,4.541204384109801
normal,40116,CP_PAC,0.9876722947861384,5.005244444483453
normal,40116,FH_PAC,0.9508588118608056,3.940128649275744
normal,40116,HetLDC_cert,0.9753726234532044,4.494395981404601
normal,40117,CP_PAC,0.993387360507754,5.431494345608305
normal,40117,FH_PAC,0.9749150440018622,4.567594423911731
normal,40117,HetLDC_cert,0.9874933196398604,4.995032098887158
normal,40118,CP_PAC,0.9799757764393242,4.65178734957616
normal,40118,FH_PAC,0.904950723446872,3.3970270766822326
normal,40118,HetLDC_cert,0.9584144237125616,4.075287441567941
normal,40119,CP_PAC,0.9773774091127096,4.55949761079631
normal,40119,FH_PAC,0.9535259508340848,4.039521487830392
normal,40119,HetLDC_cert,0.9546555141364944,4.00288943244747
normal,40120,CP_PAC,0.9920256284219772,5.306305997938838
normal,40120,FH_PAC,0.9638518783904284,4.285915170671914
normal,40120,HetLDC_cert,0.9842048098990436,4.82722780360012
normal,40121,CP_PAC,0.9802918313168444,4.663715769215274
normal,40121,FH_PAC,0.9338566870182468,3.7078066678397072
normal,40121,HetLDC_cert,0.9595707498080704,4.09867242030439
normal,40122,CP_PAC,0.9719670876681668,4.393650967095796
normal,40122,FH_PAC,0.9508889120336896,3.949337974452312
normal,40122,HetLDC_cert,0.9440283517203204,3.8225126572443866
normal,40123,CP_PAC,0.9845977322953788,4.845559217350049
normal,40123,FH_PAC,0.9590989219663676,4.091087734299481
normal,40123,HetLDC_cert,0.9683389907932404,4.29732888682466
normal,40124,CP_PAC,0.981657549262573,4.717263367005381
normal,40124,FH_PAC,0.9546389842015152,4.019092445758383
normal,40124,HetLDC_cert,0.9633502959690424,4.179289933104508
normal,40125,CP_PAC,0.9907821564555436,5.2077346256894685
normal,40125,FH_PAC,0.9607091183713288,4.220619894296701
normal,40125,HetLDC_cert,0.9811598692675544,4.697358410251433
normal,40126,CP_PAC,0.987914000681156,5.019246720218206
normal,40126,FH_PAC,0.931526123425813,3.693522630820515
normal,40126,HetLDC_cert,0.975857026183758,4.50969273179968
normal,40127,CP_PAC,0.988328026805736,5.043819005184305
normal,40127,FH_PAC,0.9508708568906898,3.9356824212632895
normal,40127,HetLDC_cert,0.9777523103988156,4.572224599791112
normal,40128,CP_PAC,0.9861699524731128,4.923295218700154
normal,40128,FH_PAC,0.9135608841701284,3.487594528361892
normal,40128,HetLDC_cert,0.9706379242100992,4.357181719662301
normal,40129,CP_PAC,0.9599277660759752,4.106007085288262
normal,40129,FH_PAC,0.939798726087364,3.816352067573576
normal,40129,HetLDC_cert,0.9103552588529148,3.3945493678916474
normal,40130,CP_PAC,0.981206817301082,4.699216339284108
normal,40130,FH_PAC,0.9243546656544536,3.5582647010803754
normal,40130,HetLDC_cert,0.96104569649605,4.129338552777105
normal,40131,CP_PAC,0.979649901637895,4.639659155279631
normal,40131,FH_PAC,0.9348272283991635,3.733955193408701
normal,40131,HetLDC_cert,0.96264691620316,4.163767623131418
normal,40132,CP_PAC,0.9800782358999474,4.655636217108512
normal,40132,FH_PAC,0.9453173332698592,3.844141221367928
normal,40132,HetLDC_cert,0.9593180718633176,4.093514436472494
normal,40133,CP_PAC,0.9909890882809458,5.223279756434902
normal,40133,FH_PAC,0.9467680051365488,3.866587224436682
normal,40133,HetLDC_cert,0.9837222439750462,4.8052551338604745
normal,40134,CP_PAC,0.9945591351740424,5.55940584095204
normal,40134,FH_PAC,0.9767615495642052,4.56043500270777
normal,40134,HetLDC_cert,0.989515780447118,5.118871753993469
normal,40135,CP_PAC,0.9822361785348546,4.741009259169833
normal,40135,FH_PAC,0.9485707023279122,3.924523515237325
normal,40135,HetLDC_cert,0.9628644423508896,4.168541252427314
normal,40136,CP_PAC,0.9889140609130184,5.079956322564024
normal,40136,FH_PAC,0.9526939650737328,3.967290749745468
normal,40136,HetLDC_cert,0.9767366669670776,4.5381642215322655
normal,40137,CP_PAC,0.9939455092964397,5.4896312024287095
normal,40137,FH_PAC,0.94764305691444,3.880990291273706
normal,40137,HetLDC_cert,0.9885594829294158,5.057894803824297
normal,40138,CP_PAC,0.9837906195815465,4.80833337319272
normal,40138,FH_PAC,0.9527348435843472,3.974256185049312
normal,40138,HetLDC_cert,0.9685041638705824,4.301502568009367
normal,40139,CP_PAC,0.9930514600922736,5.398601034561998
normal,40139,FH_PAC,0.9625823039919468,4.186208282299732
normal,40139,HetLDC_cert,0.9868075074461592,4.957060491179656
normal,40140,CP_PAC,0.9601497608597428,4.1105958186762175
normal,40140,FH_PAC,0.9329418647249856,3.6759495065693786
normal,40140,HetLDC_cert,0.9079119063172694,3.3689687806702815
normal,40141,CP_PAC,0.9749000786181228,4.479722826872007
normal,40141,FH_PAC,0.9371899595602649,3.786840572112837
normal,40141,HetLDC_cert,0.9497060281500602,3.9149104370959376
normal,40142,CP_PAC,0.9922476021013392,5.325334969178676
normal,40142,FH_PAC,0.9733466427146468,4.446691217095397
normal,40142,HetLDC_cert,0.9862335736604002,4.926602145059363
normal,40143,CP_PAC,0.9685753437608512,4.303306970161558
normal,40143,FH_PAC,0.9262102990176516,3.5800137018709206
normal,40143,HetLDC_cert,0.9377843364631936,3.729511283751608
normal,40144,CP_PAC,0.9770430559817468,4.5483008415927255
normal,40144,FH_PAC,0.9392814976047718,3.753152435258792
normal,40144,HetLDC_cert,0.9534683438193974,3.981076838559698
normal,40145,CP_PAC,0.9905808700620168,5.192909587008598
normal,40145,FH_PAC,0.9432891105716056,3.818035417161016
normal,40145,HetLDC_cert,0.981831964726229,4.72435115773532
normal,40146,CP_PAC,0.9864798814141658,4.939533447527518
normal,40146,FH_PAC,0.9242031698429416,3.569453591885608
normal,40146,HetLDC_cert,0.9752322526416712,4.490012000882922
normal,40147,CP_PAC,0.9909348925904088,5.219177909084828
normal,40147,FH_PAC,0.9567174682999312,4.041960682704734
normal,40147,HetLDC_cert,0.9821336378899446,4.736752255737854
normal,40148,CP_PAC,0.9842373151525676,4.82872899159319
normal,40148,FH_PAC,0.9248020380785096,3.5586400567918632
normal,40148,HetLDC_cert,0.9664333471025286,4.250478537940096
normal,40149,CP_PAC,0.9897344825575468,5.133509598392413
normal,40149,FH_PAC,0.9680144189644426,4.302871944543664
normal,40149,HetLDC_cert,0.979628655384816,4.638874324172474
trunc_laplace,43000,CP_PAC,1.0,5.280926563572156
trunc_laplace,43000,FH_PAC,0.9487102178802947,4.157044004622967
trunc_laplace,43000,HetLDC_cert,0.9845734938195316,4.8128848053674576
trunc_laplace,43001,CP_PAC,0.9650888444581952,4.42573918676488
trunc_laplace,43001,FH_PAC,0.93079191167553,3.8908737674652816
trunc_laplace,43001,HetLDC_cert,0.9331175332338092,3.9226777796210905
trunc_laplace,43002,CP_PAC,0.9919038515323564,4.981478205097494
trunc_laplace,43002,FH_PAC,0.918499888636041,3.7352533056363386
trunc_laplace,43002,HetLDC_cert,0.9691146653434202,4.499574682073923
trunc_laplace,43003,CP_PAC,0.9758894085148588,4.630628320037335
trunc_laplace,43003,FH_PAC,0.931769372019793,3.919425360399296
trunc_laplace,43003,HetLDC_cert,0.9452761543189137,4.098799083065951
trunc_laplace,43004,CP_PAC,0.9815925671075978,4.748351332891266
trunc_laplace,43004,FH_PAC,0.9301057764571922,3.887562563334504
trunc_laplace,43004,HetLDC_cert,0.9496896874662528,4.166955637783646
trunc_laplace,43005,CP_PAC,0.9702645448424838,4.521196785864338
trunc_laplace,43005,FH_PAC,0.9340513265666832,3.941607658596843
trunc_laplace,43005,HetLDC_cert,0.9336929661901274,3.930658334870394
trunc_laplace,43006,CP_PAC,1.0,5.301583251836192
trunc_laplace,43006,FH_PAC,0.9441747754126644,4.107695709505645
trunc_laplace,43006,HetLDC_cert,0.9844931884827612,4.811117519747042
trunc_laplace,43007,CP_PAC,0.9896612754899928,4.928309012765901
trunc_laplace,43007,FH_PAC,0.9592216050849024,4.323639462020187
trunc_laplace,43007,HetLDC_cert,0.9616138007712274,4.364214417733032
trunc_laplace,43008,CP_PAC,1.0,6.366354427837312
trunc_laplace,43008,FH_PAC,0.9678509883542864,4.478739242066714
trunc_laplace,43008,HetLDC_cert,1.0,5.984194638279556
trunc_laplace,43009,CP_PAC,0.984230234595316,4.805342046402209
trunc_laplace,43009,FH_PAC,0.9248652795366978,3.816682732863273
trunc_laplace,43009,HetLDC_cert,0.9621122142068366,4.3729183577740764
trunc_laplace,43010,CP_PAC,0.9601244609362538,4.338438608431107
trunc_laplace,43010,FH_PAC,0.9165991279488094,3.708474639999832
trunc_laplace,43010,HetLDC_cert,0.9200430676449818,3.7497639845361697
trunc_laplace,43011,CP_PAC,0.9749730454767942,4.612369176623024
trunc_laplace,43011,FH_PAC,0.9144952736369222,3.692524925100328
trunc_laplace,43011,HetLDC_cert,0.942979298224878,4.064265423958632
trunc_laplace,43012,CP_PAC,0.984548050435484,4.812324694585384
trunc_laplace,43012,FH_PAC,0.9334791274244594,3.928581870543472
trunc_laplace,43012,HetLDC_cert,0.9593827272291132,4.325729628740026
trunc_laplace,43013,CP_PAC,0.9969616959115256,5.107099176801583
trunc_laplace,43013,FH_PAC,0.919894510897147,3.8033248507831248
trunc_laplace,43013,HetLDC_cert,0.9748335174247352,4.609604177247948
trunc_laplace,43014,CP_PAC,1.0,5.641289087326226
trunc_laplace,43014,FH_PAC,0.9633533218425778,4.414093455309224
trunc_laplace,43014,HetLDC_cert,0.9981931676741972,5.138972670999066
trunc_laplace,43015,CP_PAC,1.0,5.351729063890987
trunc_laplace,43015,FH_PAC,0.9338129260226076,3.9458583128814593
trunc_laplace,43015,HetLDC_cert,0.9897581288849292,4.930575101796176
trunc_laplace,43016,CP_PAC,0.9967203192898362,5.100913387641202
trunc_laplace,43016,FH_PAC,0.920524474084298,3.7726145735685295
trunc_laplace,43016,HetLDC_cert,0.979473379321941,4.703759460626072
trunc_laplace,43017,CP_PAC,1.0,5.548138204134352
trunc_laplace,43017,FH_PAC,0.9404043903251942,4.026479798434654
trunc_laplace,43017,HetLDC_cert,0.9958154908870251,5.07790124168756
trunc_laplace,43018,CP_PAC,0.9701965932670596,4.519912237032752
trunc_laplace,43018,FH_PAC,0.9142568940883472,3.678707406573558
trunc_laplace,43018,HetLDC_cert,0.9356793343387868,3.9584649056559535
trunc_laplace,43019,CP_PAC,0.961046786441319,4.354360284666605
trunc_laplace,43019,FH_PAC,0.8975613068007535,3.490134141143823
trunc_laplace,43019,HetLDC_cert,0.921785200770004,3.771923446024544
trunc_laplace,43020,CP_PAC,1.0,5.781324586629376
trunc_laplace,43020,FH_PAC,0.9730662046422172,4.575080937156883
trunc_laplace,43020,HetLDC_cert,1.0,5.368448889555997
trunc_laplace,43021,CP_PAC,0.9887249339903924,4.9065383335316355
trunc_laplace,43021,FH_PAC,0.9285263660400024,3.8624038401424543
trunc_laplace,43021,HetLDC_cert,0.9605948084847692,4.346541479313457
trunc_laplace,43022,CP_PAC,0.99556968391494,5.071697140964648
trunc_laplace,43022,FH_PAC,0.9435367302044134,4.080268296149246
trunc_laplace,43022,HetLDC_cert,0.9758399770922156,4.629638916774168
trunc_laplace,43023,CP_PAC,0.9555905763431892,4.262038783262879
trunc_laplace,43023,FH_PAC,0.8782922533060107,3.3507051292587624
trunc_laplace,43023,HetLDC_cert,0.9107366748168944,3.635541264698642
trunc_laplace,43024,CP_PAC,0.9863953562489765,4.853422663496154
trunc_laplace,43024,FH_PAC,0.9456752025281432,4.105717914291213
trunc_laplace,43024,HetLDC_cert,0.9599982945700412,4.336270900280967
trunc_laplace,43025,CP_PAC,0.9554437132240184,4.259614202377771
trunc_laplace,43025,FH_PAC,0.8914645422742333,3.4187550517784913
trunc_laplace,43025,HetLDC_cert,0.9125986157702828,3.657855932083391
trunc_laplace,43026,CP_PAC,0.9998022687974528,5.181434923228444
trunc_laplace,43026,FH_PAC,0.9136828458414908,3.716023344803769
trunc_laplace,43026,HetLDC_cert,0.9816364749701524,4.7492862952944055
trunc_laplace,43027,CP_PAC,0.9867825423332142,4.862149398083064
trunc_laplace,43027,FH_PAC,0.935252950858068,3.9583314901585096
trunc_laplace,43027,HetLDC_cert,0.9620063351348676,4.371066052502405
trunc_laplace,43028,CP_PAC,0.9967819189564692,5.10249011455702
trunc_laplace,43028,FH_PAC,0.950730654773074,4.185771663918102
trunc_laplace,43028,HetLDC_cert,0.9747884234826952,4.608711411521281
trunc_laplace,43029,CP_PAC,1.0,5.440006643735882
trunc_laplace,43029,FH_PAC,0.9812276849898628,4.750281742354107
trunc_laplace,43029,HetLDC_cert,0.9934313001599632,5.0185553965571525
trunc_laplace,43030,CP_PAC,0.9931092527853688,5.010678171275162
trunc_laplace,43030,FH_PAC,0.9452611565321604,4.0992210385372285
trunc_laplace,43030,HetLDC_cert,0.967416020250108,4.468073302288912
trunc_laplace,43031,CP_PAC,1.0,5.218331618253398
trunc_laplace,43031,FH_PAC,0.9481814507918908,4.150258117167572
trunc_laplace,43031,HetLDC_cert,0.979277880581896,4.699697553299724
trunc_laplace,43032,CP_PAC,0.978513617894202,4.683900409603917
trunc_laplace,43032,FH_PAC,0.9312695034980704,3.919391900729688
trunc_laplace,43032,HetLDC_cert,0.94830292383987,4.145278203601344
trunc_laplace,43033,CP_PAC,0.9815576284836216,4.747607684657219
trunc_laplace,43033,FH_PAC,0.9270101417577276,3.8400063314620736
trunc_laplace,43033,HetLDC_cert,0.9501528779837398,4.174251023301093
trunc_laplace,43034,CP_PAC,1.0,5.5457910819257314
trunc_laplace,43034,FH_PAC,0.927127960795311,3.872254164266208
trunc_laplace,43034,HetLDC_cert,0.9979753059031418,5.133295163430874
trunc_laplace,43035,CP_PAC,1.0,5.8363599383655504
trunc_laplace,43035,FH_PAC,0.9551809095103114,4.287684526049603
trunc_laplace,43035,HetLDC_cert,1.0,5.437718862902401
trunc_laplace,43036,CP_PAC,0.9788695861003522,4.6912420061452895
trunc_laplace,43036,FH_PAC,0.9304269217467632,3.9003432174853248
trunc_laplace,43036,HetLDC_cert,0.94574565060734,4.105935259877232
trunc_laplace,43037,CP_PAC,0.9664608752623725,4.45058483993688
trunc_laplace,43037,FH_PAC,0.9081217790689682,3.623660702751152
trunc_laplace,43037,HetLDC_cert,0.9333950586575386,3.926522573193412
trunc_laplace,43038,CP_PAC,1.0,5.28086251616948
trunc_laplace,43038,FH_PAC,0.9361377154234792,3.977411100262635
trunc_laplace,43038,HetLDC_cert,0.9864972633304596,4.855715685055822
trunc_laplace,43039,CP_PAC,0.956324276546813,4.274197658752838
trunc_laplace,43039,FH_PAC,0.9024548040563816,3.5405539430841344
trunc_laplace,43039,HetLDC_cert,0.9122516559506808,3.653678013192185
trunc_laplace,43040,CP_PAC,0.9930946192902071,5.010321005899114
trunc_laplace,43040,FH_PAC,0.9070708594203408,3.624607686334712
trunc_laplace,43040,HetLDC_cert,0.9683444440577336,4.485226763511069
trunc_laplace,43041,CP_PAC,0.9706334413723464,4.528185420625056
trunc_laplace,43041,FH_PAC,0.9014380338696244,3.529180756769925
trunc_laplace,43041,HetLDC_cert,0.9375680893645412,3.985284354797291
trunc_laplace,43042,CP_PAC,0.9741973646486236,4.597047951849762
trunc_laplace,43042,FH_PAC,0.9230624308518196,3.791113382122788
trunc_laplace,43042,HetLDC_cert,0.9438963991935652,4.077979708754842
trunc_laplace,43043,CP_PAC,1.0,5.573958150683257
trunc_laplace,43043,FH_PAC,0.9337518493144868,3.955924539762057
trunc_laplace,43043,HetLDC_cert,0.9985622097403009,5.14862848132114
trunc_laplace,43044,CP_PAC,0.99256430564869,4.997422124534817
trunc_laplace,43044,FH_PAC,0.9359492850166268,3.9733631966451215
trunc_laplace,43044,HetLDC_cert,0.9674423605475386,4.468557853746732
trunc_laplace,43045,CP_PAC,1.0,5.208655699781088
trunc_laplace,43045,FH_PAC,0.949349129170898,4.161666209572245
trunc_laplace,43045,HetLDC_cert,0.9811535248072244,4.7390274672755375
trunc_laplace,43046,CP_PAC,0.9554202178583904,4.259226598875944
trunc_laplace,43046,FH_PAC,0.900910462063372,3.53795619872498
trunc_laplace,43046,HetLDC_cert,0.9174295849271474,3.7169941672538567
trunc_laplace,43047,CP_PAC,0.9685926487801866,4.489838683423849
trunc_laplace,43047,FH_PAC,0.906291538708962,3.5917561128056352
trunc_laplace,43047,HetLDC_cert,0.936957821696399,3.976577746935431
trunc_laplace,43048,CP_PAC,0.9709810679676598,4.534794495957904
trunc_laplace,43048,FH_PAC,0.909778648322818,3.636091186405275
trunc_laplace,43048,HetLDC_cert,0.93186722476951,3.905451172410777
trunc_laplace,43049,CP_PAC,0.9408539586881068,4.03285526250965
trunc_laplace,43049,FH_PAC,0.924300413525078,3.827559103468824
trunc_laplace,43049,HetLDC_cert,0.8986855101424427,3.4970720481913853
trunc_laplace,43050,CP_PAC,0.996544697703003,5.0964252197450834
trunc_laplace,43050,FH_PAC,0.9150024439123312,3.688034412132061
trunc_laplace,43050,HetLDC_cert,0.9770663239593362,4.654337129244775
trunc_laplace,43051,CP_PAC,0.9459789475964232,4.1094911932614115
trunc_laplace,43051,FH_PAC,0.8852221155152464,3.3533575324733502
trunc_laplace,43051,HetLDC_cert,0.8901963069568528,3.4052051685754607
trunc_laplace,43052,CP_PAC,0.991368560600558,4.968652399117036
trunc_laplace,43052,FH_PAC,0.9493762428052148,4.169155592407158
trunc_laplace,43052,HetLDC_cert,0.9729372301280604,4.572415882942488
trunc_laplace,43053,CP_PAC,0.9937892034514269,5.027347785954682
trunc_laplace,43053,FH_PAC,0.920370939901092,3.760291003330748
trunc_laplace,43053,HetLDC_cert,0.968942475308078,4.496357742373994
trunc_laplace,43054,CP_PAC,1.0,5.216228036375744
trunc_laplace,43054,FH_PAC,0.956479057865067,4.277383864064202
trunc_laplace,43054,HetLDC_cert,0.9830680426933,4.78002218230444
trunc_laplace,43055,CP_PAC,1.0,5.690581997350677
trunc_laplace,43055,FH_PAC,0.9721357009275204,4.557019116138669
trunc_laplace,43055,HetLDC_cert,1.0,5.297659574664454
trunc_laplace,43056,CP_PAC,0.969361225800136,4.504190464335804
trunc_laplace,43056,FH_PAC,0.9284685838261064,3.896324991689112
trunc_laplace,43056,HetLDC_cert,0.9305378462422536,3.8873033296202033
trunc_laplace,43057,CP_PAC,1.0,5.969491704864337
trunc_laplace,43057,FH_PAC,0.9712823364541808,4.583817901154461
trunc_laplace,43057,HetLDC_cert,1.0,5.598517727869568
trunc_laplace,43058,CP_PAC,1.0,5.910554883676345
trunc_laplace,43058,FH_PAC,0.935416285089127,4.032416071165281
trunc_laplace,43058,HetLDC_cert,1.0,5.53110254443474
trunc_laplace,43059,CP_PAC,0.9761716444235062,4.63628726216796
trunc_laplace,43059,FH_PAC,0.9163240510647406,3.703450722379873
trunc_laplace,43059,HetLDC_cert,0.9468350048341564,4.122596080869713
trunc_laplace,43060,CP_PAC,1.0,5.263974350748114
trunc_laplace,43060,FH_PAC,0.9471456540400288,4.128069545851657
trunc_laplace,43060,HetLDC_cert,0.9853222898851044,4.829442497962638
trunc_laplace,43061,CP_PAC,0.9833352293221568,4.7858136640786535
trunc_laplace,43061,FH_PAC,0.9289247944357576,3.8656392612081225
trunc_laplace,43061,HetLDC_cert,0.9556531615514992,4.263072942341445
trunc_laplace,43062,CP_PAC,0.9824445089958866,4.766574254748734
trunc_laplace,43062,FH_PAC,0.9403882278076028,4.026335980822814
trunc_laplace,43062,HetLDC_cert,0.949086184591328,4.157491745172776
trunc_laplace,43063,CP_PAC,0.9547829165293412,4.248742801744876
trunc_laplace,43063,FH_PAC,0.8800808992552538,3.301396678056904
trunc_laplace,43063,HetLDC_cert,0.9022243154393804,3.5367066717211135
trunc_laplace,43064,CP_PAC,0.9890599603738156,4.914299593300196
trunc_laplace,43064,FH_PAC,0.9620789028533075,4.373045647002902
trunc_laplace,43064,HetLDC_cert,0.9649171293565876,4.422652200229986
trunc_laplace,43065,CP_PAC,0.9899850867262594,4.935895772488032
trunc_laplace,43065,FH_PAC,0.9296974546297314,3.9403506904484655
trunc_laplace,43065,HetLDC_cert,0.9667292060801428,4.455481819730857
trunc_laplace,43066,CP_PAC,1.0,5.194812407648069
trunc_laplace,43066,FH_PAC,0.9615126265147512,4.380665338010728
trunc_laplace,43066,HetLDC_cert,0.980872260553777,4.73307804532844
trunc_laplace,43067,CP_PAC,0.9941342083572504,5.035861644032828
trunc_laplace,43067,FH_PAC,0.922342143620847,3.7866529497891954
trunc_laplace,43067,HetLDC_cert,0.9732480930496408,4.578463036762797
trunc_laplace,43068,CP_PAC,1.0,5.191965547584585
trunc_laplace,43068,FH_PAC,0.9183065577315508,3.741911780923584
trunc_laplace,43068,HetLDC_cert,0.9785492020444868,4.684633044697233
trunc_laplace,43069,CP_PAC,0.9839623557977496,4.79947623660394
trunc_laplace,43069,FH_PAC,0.9299284869047684,3.881086821514554
trunc_laplace,43069,HetLDC_cert,0.9573376329417562,4.291118795823938
trunc_laplace,43070,CP_PAC,0.9820550962827364,4.758223274986626
trunc_laplace,43070,FH_PAC,0.9213670405652614,3.7761028989934
trunc_laplace,43070,HetLDC_cert,0.9565258736122476,4.277552071441022
trunc_laplace,43071,CP_PAC,0.9776678317445472,4.666568578273602
trunc_laplace,43071,FH_PAC,0.9246656115078988,3.8100200427256383
trunc_laplace,43071,HetLDC_cert,0.95086009171382,4.1854436660051135
trunc_laplace,43072,CP_PAC,1.0,5.75519626373364
trunc_laplace,43072,FH_PAC,0.8938041875256257,3.4575357986446194
trunc_laplace,43072,HetLDC_cert,1.0,5.313558010608398
trunc_laplace,43073,CP_PAC,0.9829113432253926,4.776633717358761
trunc_laplace,43073,FH_PAC,0.9444952974808652,4.087584304499308
trunc_laplace,43073,HetLDC_cert,0.9539283385998822,4.234774106201972
trunc_laplace,43074,CP_PAC,0.9954194518935944,5.067915185800589
trunc_laplace,43074,FH_PAC,0.9479605721489616,4.140588552735824
trunc_laplace,43074,HetLDC_cert,0.9737430580304952,4.588131022171032
trunc_laplace,43075,CP_PAC,0.9552681046738996,4.256719078638802
trunc_laplace,43075,FH_PAC,0.8790038166552281,3.290472444941369
trunc_laplace,43075,HetLDC_cert,0.9023084928491938,3.537659506905289
trunc_laplace,43076,CP_PAC,0.954649467343121,4.24655476215063
trunc_laplace,43076,FH_PAC,0.8808896343474342,3.3182826945836497
trunc_laplace,43076,HetLDC_cert,0.9026410003337908,3.5414279178555086
trunc_laplace,43077,CP_PAC,1.0,5.5931476896814445
trunc_laplace,43077,FH_PAC,0.9537657723901406,4.314187312751878
trunc_laplace,43077,HetLDC_cert,0.9990284568064468,5.160897550704666
trunc_laplace,43078,CP_PAC,0.998500286898888,5.147004900899184
trunc_laplace,43078,FH_PAC,0.972398022307194,4.562078410245216
trunc_laplace,43078,HetLDC_cert,0.9722674067745554,4.559450403091256
trunc_laplace,43079,CP_PAC,0.9758471560478386,4.629782576728402
trunc_laplace,43079,FH_PAC,0.9298352258925626,3.880554844247986
trunc_laplace,43079,HetLDC_cert,0.94544659897042,4.101386711543074
trunc_laplace,43080,CP_PAC,0.9827694889446656,4.773571419727048
trunc_laplace,43080,FH_PAC,0.9006171416283497,3.588362069898971
trunc_laplace,43080,HetLDC_cert,0.9526557952909078,4.214160250585864
trunc_laplace,43081,CP_PAC,1.0,5.443998438683959
trunc_laplace,43081,FH_PAC,0.9547206964039898,4.262914241680598
trunc_laplace,43081,HetLDC_cert,0.9934357979582068,5.01866564141469
trunc_laplace,43082,CP_PAC,1.0,5.386767426229689
trunc_laplace,43082,FH_PAC,0.9322423173563346,3.915179740417559
trunc_laplace,43082,HetLDC_cert,0.990025534121864,4.936845550254697
trunc_laplace,43083,CP_PAC,0.9922129673210012,4.988924019668845
trunc_laplace,43083,FH_PAC,0.9329030880567648,3.919870111481909
trunc_laplace,43083,HetLDC_cert,0.9716394322695704,4.547374085986934
trunc_laplace,43084,CP_PAC,0.975533835117408,4.6235226245644565
trunc_laplace,43084,FH_PAC,0.912831919332695,3.6608095905246656
trunc_laplace,43084,HetLDC_cert,0.9434731067050044,4.071637621906443
trunc_laplace,43085,CP_PAC,0.99700775778165,5.108281880951065
trunc_laplace,43085,FH_PAC,0.9196165041825548,3.770924851671458
trunc_laplace,43085,HetLDC_cert,0.9720360906399288,4.554993205476687
trunc_laplace,43086,CP_PAC,0.9990156877990116,5.160560492687189
trunc_laplace,43086,FH_PAC,0.9724776651544156,4.564626102754344
trunc_laplace,43086,HetLDC_cert,0.9775185744008524,4.66352619660353
trunc_laplace,43087,CP_PAC,0.9981015810932236,5.136583863759546
trunc_laplace,43087,FH_PAC,0.9338847534745944,3.93716321921654
trunc_laplace,43087,HetLDC_cert,0.9779591970237778,4.672521557389834
trunc_laplace,43088,CP_PAC,1.0,5.353185848384435
trunc_laplace,43088,FH_PAC,0.9116455772970572,3.651249870812172
trunc_laplace,43088,HetLDC_cert,0.9888909033370896,4.910379272016688
trunc_laplace,43089,CP_PAC,0.9972344162060516,5.114112309525662
trunc_laplace,43089,FH_PAC,0.9415950998643194,4.051725138710296
trunc_laplace,43089,HetLDC_cert,0.974829576857906,4.609526145690566
trunc_laplace,43090,CP_PAC,0.9988118935531412,5.155189026803061
trunc_laplace,43090,FH_PAC,0.9521829242598576,4.265135376765504
trunc_laplace,43090,HetLDC_cert,0.9771532086583474,4.656099085145432
trunc_laplace,43091,CP_PAC,0.9706162070054632,4.527858352851792
trunc_laplace,43091,FH_PAC,0.9453938789308513,4.105042956618914
trunc_laplace,43091,HetLDC_cert,0.936243717344032,3.966439658996381
trunc_laplace,43092,CP_PAC,1.0,5.2718399058133585
trunc_laplace,43092,FH_PAC,0.97776320380706,4.671195368722958
trunc_laplace,43092,HetLDC_cert,0.9864652163286354,4.8549942966033095
trunc_laplace,43093,CP_PAC,0.9771472099054086,4.655977382931389
trunc_laplace,43093,FH_PAC,0.924685608403417,3.812302066949648
trunc_laplace,43093,HetLDC_cert,0.9478254764802864,4.1378712565984435
trunc_laplace,43094,CP_PAC,1.0,5.705349173947928
trunc_laplace,43094,FH_PAC,0.9156975941917156,3.709120542329004
trunc_laplace,43094,HetLDC_cert,1.0,5.279904090587663
trunc_laplace,43095,CP_PAC,0.9734476336626284,4.582354734033458
trunc_laplace,43095,FH_PAC,0.9216258369014858,3.769982863017283
trunc_laplace,43095,HetLDC_cert,0.941372497044742,4.040471363337554
trunc_laplace,43096,CP_PAC,0.9880844195493288,4.891786980298836
trunc_laplace,43096,FH_PAC,0.932918612234746,3.9199631538147774
trunc_laplace,43096,HetLDC_cert,0.9639718187889676,4.405746418229483
trunc_laplace,43097,CP_PAC,0.9560453201529968,4.269565706014115
trunc_laplace,43097,FH_PAC,0.8989033094638206,3.520390513368721
trunc_laplace,43097,HetLDC_cert,0.9042403557295032,3.559658122148411
trunc_laplace,43098,CP_PAC,1.0,5.457332307723612
trunc_laplace,43098,FH_PAC,0.9694073340823872,4.55075771858366
trunc_laplace,43098,HetLDC_cert,0.9944115630039208,5.042733580098982
trunc_laplace,43099,CP_PAC,1.0,5.2765539354890185
trunc_laplace,43099,FH_PAC,0.9439873245793236,4.082509175818938
trunc_laplace,43099,HetLDC_cert,0.9836201501388552,4.792008882105153
trunc_laplace,43100,CP_PAC,0.9777305761702676,4.6678489695817715
trunc_laplace,43100,FH_PAC,0.9582215014604164,4.3104643320250595
trunc_laplace,43100,HetLDC_cert,0.949017682297422,4.156420465344374
trunc_laplace,43101,CP_PAC,0.9690216209645874,4.49783571059801
trunc_laplace,43101,FH_PAC,0.9187875261103572,3.766250251443598
trunc_laplace,43101,HetLDC_cert,0.9345296744872228,3.9423220461964736
trunc_laplace,43102,CP_PAC,1.0,5.52843818175669
trunc_laplace,43102,FH_PAC,0.9633792759173928,4.407378155289146
trunc_laplace,43102,HetLDC_cert,0.9980872816134349,5.136211165991602
trunc_laplace,43103,CP_PAC,0.9424288582141512,4.056081028044721
trunc_laplace,43103,FH_PAC,0.8989580552463116,3.510977561043569
trunc_laplace,43103,HetLDC_cert,0.8801987080318401,3.3023732191320807
trunc_laplace,43104,CP_PAC,0.9693332156074952,4.50366553436876
trunc_laplace,43104,FH_PAC,0.9293776682241752,3.884651724265552
trunc_laplace,43104,HetLDC_cert,0.9322521457847506,3.9107381002875337
trunc_laplace,43105,CP_PAC,0.9973208582366802,5.11634057198978
trunc_laplace,43105,FH_PAC,0.8966624944121128,3.4913245460960134
trunc_laplace,43105,HetLDC_cert,0.97320398837426,4.577603915574814
trunc_laplace,43106,CP_PAC,0.9836035287817018,4.791646922849302
trunc_laplace,43106,FH_PAC,0.9231909391672668,3.7925192947388298
trunc_laplace,43106,HetLDC_cert,0.9575140276627704,4.29407957392316
trunc_laplace,43107,CP_PAC,0.966381471941718,4.449138141126524
trunc_laplace,43107,FH_PAC,0.8865038348547356,3.368376485575656
trunc_laplace,43107,HetLDC_cert,0.9331629519684892,3.923306476261601
trunc_laplace,43108,CP_PAC,0.991100980817296,4.962273088430682
trunc_laplace,43108,FH_PAC,0.9376375701255368,3.9862786150355536
trunc_laplace,43108,HetLDC_cert,0.9647882425006912,4.420338413800568
trunc_laplace,43109,CP_PAC,0.9871582212066664,4.8706549074886265
trunc_laplace,43109,FH_PAC,0.9590608429104974,4.356063118721451
trunc_laplace,43109,HetLDC_cert,0.9614754529137404,4.361805397675255
trunc_laplace,43110,CP_PAC,0.9969334408129296,5.106374047711741
trunc_laplace,43110,FH_PAC,0.89571843353573,3.4658323831993836
trunc_laplace,43110,HetLDC_cert,0.9779779363941068,4.672905060879712
trunc_laplace,43111,CP_PAC,0.9588392067893192,4.316470054062076
trunc_laplace,43111,FH_PAC,0.9165958705348076,3.7228213677771738
trunc_laplace,43111,HetLDC_cert,0.9166460809290322,3.707278133717472
trunc_laplace,43112,CP_PAC,0.929291770138926,3.8704472324035897
trunc_laplace,43112,FH_PAC,0.8542164905155536,3.061573146016847
trunc_laplace,43112,HetLDC_cert,0.8644564629632367,3.1508655039265436
trunc_laplace,43113,CP_PAC,1.0,5.524838928159447
trunc_laplace,43113,FH_PAC,0.9671392288645048,4.489744834135997
trunc_laplace,43113,HetLDC_cert,0.9960079865541478,5.082773834076955
trunc_laplace,43114,CP_PAC,0.975162792030781,4.616135755416664
trunc_laplace,43114,FH_PAC,0.936783623505684,3.983455714251907
trunc_laplace,43114,HetLDC_cert,0.9439188438864324,4.078316578387552
trunc_laplace,43115,CP_PAC,1.0,5.578582041675936
trunc_laplace,43115,FH_PAC,0.9401809433276772,4.023019073651233
trunc_laplace,43115,HetLDC_cert,0.996215654520261,5.0880444006327235
trunc_laplace,43116,CP_PAC,0.987394281820276,4.876018774178643
trunc_laplace,43116,FH_PAC,0.8970331713258228,3.499616413844008
trunc_laplace,43116,HetLDC_cert,0.9594384435582816,4.326681360311826
trunc_laplace,43117,CP_PAC,0.9848816447454204,4.819681463833152
trunc_laplace,43117,FH_PAC,0.9124829123434732,3.656731263032905
trunc_laplace,43117,HetLDC_cert,0.9591562070258002,4.3218651277052
trunc_laplace,43118,CP_PAC,0.9182140805336788,3.726772075095512
trunc_laplace,43118,FH_PAC,0.8627217181188919,3.148920751367557
trunc_laplace,43118,HetLDC_cert,0.8504464480174061,3.025413619590744
trunc_laplace,43119,CP_PAC,0.959647239296504,4.330252161893455
trunc_laplace,43119,FH_PAC,0.8839094169566767,3.343431630816364
trunc_laplace,43119,HetLDC_cert,0.9207083470633264,3.758195961551216
trunc_laplace,43120,CP_PAC,1.0,5.443880949548498
trunc_laplace,43120,FH_PAC,0.952777162666782,4.220625110795482
trunc_laplace,43120,HetLDC_cert,0.994645951056808,5.048560207975285
trunc_laplace,43121,CP_PAC,0.9976749602310032,5.12549557509572
trunc_laplace,43121,FH_PAC,0.9543191385580264,4.245182714881092
trunc_laplace,43121,HetLDC_cert,0.9750866280480208,4.614622967313305
trunc_laplace,43122,CP_PAC,0.9781509698289796,4.676449839869199
trunc_laplace,43122,FH_PAC,0.8953061875319759,3.4609596570656636
trunc_laplace,43122,HetLDC_cert,0.9533491684471926,4.225364675237964
trunc_laplace,43123,CP_PAC,0.9827096571326526,4.772281257743541
trunc_laplace,43123,FH_PAC,0.9415098738527482,4.064981717839824
trunc_laplace,43123,HetLDC_cert,0.9547609798872164,4.248382955927997
trunc_laplace,43124,CP_PAC,0.9814705561731124,4.745755655350514
trunc_laplace,43124,FH_PAC,0.9248967662547032,3.834635476383218
trunc_laplace,43124,HetLDC_cert,0.9564334037926993,4.27601271961485
trunc_laplace,43125,CP_PAC,0.9611724223128536,4.356539345304405
trunc_laplace,43125,FH_PAC,0.8255103703325016,2.832864168021719
trunc_laplace,43125,HetLDC_cert,0.9105688099172258,3.6335421700110335
trunc_laplace,43126,CP_PAC,1.0,5.484347063961333
trunc_laplace,43126,FH_PAC,0.9390179221700746,4.112353903754938
trunc_laplace,43126,HetLDC_cert,0.9938975263426024,5.030016854899876
trunc_laplace,43127,CP_PAC,1.0,5.364154605339607
trunc_laplace,43127,FH_PAC,0.9293084430189388,3.882813901241168
trunc_laplace,43127,HetLDC_cert,0.9885447570942244,4.902377289124198
trunc_laplace,43128,CP_PAC,0.9838322066060212,4.796632790907397
trunc_laplace,43128,FH_PAC,0.9118757797313166,3.6500620562905
trunc_laplace,43128,HetLDC_cert,0.9539142921097984,4.234545354080871
trunc_laplace,43129,CP_PAC,1.0,5.4491214423055645
trunc_laplace,43129,FH_PAC,0.9224860597103794,3.7904309182530618
trunc_laplace,43129,HetLDC_cert,0.9933699873714628,5.017053199792957
trunc_laplace,43130,CP_PAC,0.966853188437611,4.457748702339552
trunc_laplace,43130,FH_PAC,0.8918079454281753,3.429142449299138
trunc_laplace,43130,HetLDC_cert,0.9197040964978032,3.7454819665245775
trunc_laplace,43131,CP_PAC,0.9748413980665712,4.609760240149821
trunc_laplace,43131,FH_PAC,0.9075278535095932,3.6090384780811418
trunc_laplace,43131,HetLDC_cert,0.9462786096697112,4.114068365721444
trunc_laplace,43132,CP_PAC,0.956996161005732,4.285400162475442
trunc_laplace,43132,FH_PAC,0.909970208506092,3.6362251717548766
trunc_laplace,43132,HetLDC_cert,0.9157198196061924,3.6958549496375137
trunc_laplace,43133,CP_PAC,0.9692701311773684,4.502483815485212
trunc_laplace,43133,FH_PAC,0.9244569755120836,3.8143537243093726
trunc_laplace,43133,HetLDC_cert,0.9303872404556626,3.8852581436900566
trunc_laplace,43134,CP_PAC,0.99938221737064,5.170259253951128
trunc_laplace,43134,FH_PAC,0.9509114473135956,4.192705894584073
trunc_laplace,43134,HetLDC_cert,0.9797792000474664,4.71013085355969
trunc_laplace,43135,CP_PAC,1.0,5.415942689968902
trunc_laplace,43135,FH_PAC,0.9351597934318246,3.952219541047087
trunc_laplace,43135,HetLDC_cert,0.9945301358497184,5.045678957050321
trunc_laplace,43136,CP_PAC,0.965197123036178,4.427688309300922
trunc_laplace,43136,FH_PAC,0.9023068618520096,3.538317642101783
trunc_laplace,43136,HetLDC_cert,0.91887776426673,3.7350833046709866
trunc_laplace,43137,CP_PAC,1.0,6.146646808309425
trunc_laplace,43137,FH_PAC,0.9753574331027208,4.620957747788981
trunc_laplace,43137,HetLDC_cert,1.0,5.757192627401265
trunc_laplace,43138,CP_PAC,0.9759672750752384,4.632187908018008
trunc_laplace,43138,FH_PAC,0.874902659471665,3.408296910199906
trunc_laplace,43138,HetLDC_cert,0.9405156365350376,4.027902368999366
trunc_laplace,43139,CP_PAC,0.9874883338040364,4.878160049256612
trunc_laplace,43139,FH_PAC,0.9491685225668336,4.170345462516912
trunc_laplace,43139,HetLDC_cert,0.9585666112761182,4.311842819341852
trunc_laplace,43140,CP_PAC,0.9828489676639288,4.775286574371415
trunc_laplace,43140,FH_PAC,0.9339544341433516,3.9697094678224594
trunc_laplace,43140,HetLDC_cert,0.9552990927276848,4.257229637441073
trunc_laplace,43141,CP_PAC,0.981678518992232,4.750181997049843
trunc_laplace,43141,FH_PAC,0.8972439777258846,3.486638075225801
trunc_laplace,43141,HetLDC_cert,0.953741206441465,4.231728829711745
trunc_laplace,43142,CP_PAC,0.9702801198797206,4.521491335858733
trunc_laplace,43142,FH_PAC,0.8789277211746414,3.291077572285793
trunc_laplace,43142,HetLDC_cert,0.93473637476004,3.9452144092493855
trunc_laplace,43143,CP_PAC,0.9898588747632704,4.932935108842806
trunc_laplace,43143,FH_PAC,0.9394161404229092,4.0144443134689975
trunc_laplace,43143,HetLDC_cert,0.9614988604876468,4.362212775821926
trunc_laplace,43144,CP_PAC,0.9912995739121432,4.9670056710243555
trunc_laplace,43144,FH_PAC,0.9460824628367912,4.116267498720272
trunc_laplace,43144,HetLDC_cert,0.9664757841063988,4.450856595254674
trunc_laplace,43145,CP_PAC,1.0,6.01742383660846
trunc_laplace,43145,FH_PAC,0.9545730822533016,4.245410433605262
trunc_laplace,43145,HetLDC_cert,1.0,5.618886503825116
trunc_laplace,43146,CP_PAC,1.0,5.529409992559739
trunc_laplace,43146,FH_PAC,0.9104934492298272,3.6330026926466368
trunc_laplace,43146,HetLDC_cert,0.9970655178006538,5.109765983417873
trunc_laplace,43147,CP_PAC,0.9778804499784496,4.6709108274179645
trunc_laplace,43147,FH_PAC,0.9590544554190036,4.3223999139856994
trunc_laplace,43147,HetLDC_cert,0.9473963326272988,4.1312380019187485
trunc_laplace,43148,CP_PAC,1.0,5.417552206219281
trunc_laplace,43148,FH_PAC,0.938636511125444,4.050962481242447
trunc_laplace,43148,HetLDC_cert,0.994471690663686,5.044226599659069
trunc_laplace,43149,CP_PAC,0.9949665700886108,5.056559226129762
trunc_laplace,43149,FH_PAC,0.9008274442153654,3.559580767561724
trunc_laplace,43149,HetLDC_cert,0.9725405175132442,4.564726307897192
gamma2_skew,42000,shape_free_k107,0.982178460330407,5.612715105364194
gamma2_skew,42001,shape_free_k107,0.9926429296596336,7.057385153171212
gamma2_skew,42002,shape_free_k107,0.9978941666057312,9.05690709184731
gamma2_skew,42003,shape_free_k107,0.9881799050048272,6.286991030440377
gamma2_skew,42004,shape_free_k107,0.9854609490940972,5.9479048868763025
gamma2_skew,42005,shape_free_k107,0.982220426962874,5.616607729474742
gamma2_skew,42006,shape_free_k107,0.984416789735397,5.833912151190827
gamma2_skew,42007,shape_free_k107,0.990269444626338,6.60405358590716
gamma2_skew,42008,shape_free_k107,0.9743041554932936,5.0052528004259536
gamma2_skew,42009,shape_free_k107,0.9895370015723404,6.485933045919328
gamma2_skew,42010,shape_free_k107,0.9859624052281348,6.005514988086574
gamma2_skew,42011,shape_free_k107,0.9898217527798752,6.530864813934409
gamma2_skew,42012,shape_free_k107,0.9852256766191884,5.921539465645226
gamma2_skew,42013,shape_free_k107,0.9880417922770024,6.268010859545553
gamma2_skew,42014,shape_free_k107,0.9792897132495136,5.364140943404744
gamma2_skew,42015,shape_free_k107,0.9886491656010984,6.353136621378032
gamma2_skew,42016,shape_free_k107,0.9819272895284704,5.58960228731452
gamma2_skew,42017,shape_free_k107,0.972689421029724,4.903402068496208
gamma2_skew,42018,shape_free_k107,0.9856642292614394,5.97102196866373
gamma2_skew,42019,shape_free_k107,0.9854150667016338,5.94273069195418
gamma2_skew,42020,shape_free_k107,0.9791899016914332,5.35616734637681
gamma2_skew,42021,shape_free_k107,0.9922146474725192,6.965865242152163
gamma2_skew,42022,shape_free_k107,0.9968781704227092,8.432065706962886
gamma2_skew,42023,shape_free_k107,0.9799570761626838,5.418432329256446
gamma2_skew,42024,shape_free_k107,0.9856059182873362,5.9643583321897955
gamma2_skew,42025,shape_free_k107,0.9945114266285704,7.529642404922654
gamma2_skew,42026,shape_free_k107,0.9758743126343016,5.110412584479424
gamma2_skew,42027,shape_free_k107,0.9919958828422518,6.921002805195476
gamma2_skew,42028,shape_free_k107,0.9938666279423224,7.350922335281525
gamma2_skew,42029,shape_free_k107,0.97711453024493,5.19826994543913
gamma2_skew,42030,shape_free_k107,0.994673689821635,7.577863440919108
gamma2_skew,42031,shape_free_k107,0.9861351682924948,6.025828350919658
gamma2_skew,42032,shape_free_k107,0.99356426116303,7.27337659479155
gamma2_skew,42033,shape_free_k107,0.9572381161876328,4.1472728624616355
gamma2_skew,42034,shape_free_k107,0.9857243831129288,5.977923931330499
gamma2_skew,42035,shape_free_k107,0.9927656492022874,7.084572312656479
gamma2_skew,42036,shape_free_k107,0.9752532722525872,5.068048623418161
gamma2_skew,42037,shape_free_k107,0.9921169554940514,6.945680827699868
gamma2_skew,42038,shape_free_k107,0.964166838161644,4.44689130613129
gamma2_skew,42039,shape_free_k107,0.9886506803973834,6.353354435434296
gamma2_skew,42040,shape_free_k107,0.9826591425065088,5.657844200882824
gamma2_skew,42041,shape_free_k107,0.9913153244300644,6.788742524536404
gamma2_skew,42042,shape_free_k107,0.9949829649405636,7.6739051920859325
gamma2_skew,42043,shape_free_k107,0.9919684820398272,6.9154684772654065
gamma2_skew,42044,shape_free_k107,0.9810786952814988,5.513759391706989
gamma2_skew,42045,shape_free_k107,0.9898838137607888,6.54082051375104
gamma2_skew,42046,shape_free_k107,0.9908143032737704,6.697703195861369
gamma2_skew,42047,shape_free_k107,0.9536799417818432,4.011095055473773
gamma2_skew,42048,shape_free_k107,0.994334274576202,7.4785688227198
gamma2_skew,42049,shape_free_k107,0.98878057226794,6.372138080914304
gamma2_skew,42050,shape_free_k107,0.9876765021048106,6.218823518751357
gamma2_skew,42051,shape_free_k107,0.993180778946155,7.180011557328789
gamma2_skew,42052,shape_free_k107,0.9990789437132676,10.358421518894923
gamma2_skew,42053,shape_free_k107,0.9982934811818128,9.389148663361038
gamma2_skew,42054,shape_free_k107,0.9886671563245156,6.3557253601869
gamma2_skew,42055,shape_free_k107,0.9877800561271608,6.232621330128409
gamma2_skew,42056,shape_free_k107,0.9871434377993044,6.1495392826594495
gamma2_skew,42057,shape_free_k107,0.9787091114993568,5.318271126834095
gamma2_skew,42058,shape_free_k107,0.9891400283908484,6.4252475579161725
gamma2_skew,42059,shape_free_k107,0.9791722885926852,5.354764149726934
gamma2_skew,42060,shape_free_k107,0.9731768347722052,4.933518737058277
gamma2_skew,42061,shape_free_k107,0.980344286522661,5.4507427537937065
gamma2_skew,42062,shape_free_k107,0.9830142546245664,5.691972156235256
gamma2_skew,42063,shape_free_k107,0.9758482541134436,5.108613902271623
gamma2_skew,42064,shape_free_k107,0.9941723700546232,7.433243415316666
gamma2_skew,42065,shape_free_k107,0.9758914187991118,5.111594355820986
gamma2_skew,42066,shape_free_k107,0.9897661806001026,6.52200024588363
gamma2_skew,42067,shape_free_k107,0.9923539668841104,6.9950836520597885
gamma2_skew,42068,shape_free_k107,0.979175575140804,5.35502589436737
gamma2_skew,42069,shape_free_k107,0.9790826108157076,5.347637523585934
gamma2_skew,42070,shape_free_k107,0.983837320117588,5.773818926541658
gamma2_skew,42071,shape_free_k107,0.9876958821513532,6.221397142363673
gamma2_skew,42072,shape_free_k107,0.9916601949963672,6.85444473391896
gamma2_skew,42073,shape_free_k107,0.990896965084012,6.712383684566541
gamma2_skew,42074,shape_free_k107,0.97877608729513,5.323500145066008
gamma2_skew,42075,shape_free_k107,0.9886712820421756,6.356319587517762
gamma2_skew,42076,shape_free_k107,0.9902869777072631,6.606986435837838
gamma2_skew,42077,shape_free_k107,0.9924775246348816,7.021436052233477
gamma2_skew,42078,shape_free_k107,0.97798109619809,5.262439660751816
gamma2_skew,42079,shape_free_k107,0.9702984554576116,4.762805666339478
gamma2_skew,42080,shape_free_k107,0.9936537463904191,7.295947488732992
gamma2_skew,42081,shape_free_k107,0.9933563815309056,7.22210861024652
gamma2_skew,42082,shape_free_k107,0.9872459447402394,6.162642143571536
gamma2_skew,42083,shape_free_k107,0.9710173170597723,4.803892207157525
gamma2_skew,42084,shape_free_k107,0.9951975914284972,7.744035195838174
gamma2_skew,42085,shape_free_k107,0.975773215834944,5.103444882582744
gamma2_skew,42086,shape_free_k107,0.982622097007056,5.654323178175372
gamma2_skew,42087,shape_free_k107,0.9924529415714176,7.016159362277204
gamma2_skew,42088,shape_free_k107,0.977229256296972,5.2066288858112255
gamma2_skew,42089,shape_free_k107,0.9756365671026402,5.0940715113255095
gamma2_skew,42090,shape_free_k107,0.9869194255106104,6.121256146842783
gamma2_skew,42091,shape_free_k107,0.9906433017481794,6.667739569058538
gamma2_skew,42092,shape_free_k107,0.992918539955134,7.119082759171192
gamma2_skew,42093,shape_free_k107,0.9917455179794022,6.871110044808721
gamma2_skew,42094,shape_free_k107,0.9906292642918284,6.665303699667255
gamma2_skew,42095,shape_free_k107,0.9700736107614256,4.750151609718384
gamma2_skew,42096,shape_free_k107,0.9908745033526783,6.708381689190915
gamma2_skew,42097,shape_free_k107,0.9872067361680804,6.1576182541528395
gamma2_skew,42098,shape_free_k107,0.9815269080817992,5.5533966946915445
gamma2_skew,42099,shape_free_k107,0.9954008795559036,7.813358862089574
gamma2_skew,42100,shape_free_k107,0.979588371743324,5.388224367114122
gamma2_skew,42101,shape_free_k107,0.9836116683956488,5.750983453317296
gamma2_skew,42102,shape_free_k107,0.9750007065883832,5.0511136686928895
gamma2_skew,42103,shape_free_k107,0.983547727333374,5.7445683626808535
gamma2_skew,42104,shape_free_k107,0.9894180607829052,6.4675177622034195
gamma2_skew,42105,shape_free_k107,0.9959928579217112,8.033849509842424
gamma2_skew,42106,shape_free_k107,0.9811139490713168,5.51684380593484
gamma2_skew,42107,shape_free_k107,0.9952467683889672,7.760537074479806
gamma2_skew,42108,shape_free_k107,0.9671355008538944,4.59273202253307
gamma2_skew,42109,shape_free_k107,0.990671163520257,6.672584925381745
gamma2_skew,42110,shape_free_k107,0.9811608666846552,5.520957392980326
gamma2_skew,42111,shape_free_k107,0.9937971703627424,7.332782559110591
gamma2_skew,42112,shape_free_k107,0.9736064181853082,4.9605040737754775
gamma2_skew,42113,shape_free_k107,0.986194594206794,6.03287266180568
gamma2_skew,42114,shape_free_k107,0.9777092212853966,5.242047500482599
gamma2_skew,42115,shape_free_k107,0.9893358252650016,6.454903310317242
gamma2_skew,42116,shape_free_k107,0.9761238266684702,5.127731099622562
gamma2_skew,42117,shape_free_k107,0.9797561618722574,5.401905192908466
gamma2_skew,42118,shape_free_k107,0.9901138438224002,6.578249481634408
gamma2_skew,42119,shape_free_k107,0.979931065999967,5.416283705366589
gamma2_skew,42120,shape_free_k107,0.9885633997222586,6.340850320889811
gamma2_skew,42121,shape_free_k107,0.983524258324382,5.74221984277092
gamma2_skew,42122,shape_free_k107,0.9859936215482542,6.009167285315914
gamma2_skew,42123,shape_free_k107,0.9875685465485032,6.204559140476793
gamma2_skew,42124,shape_free_k107,0.975527412519926,5.086620586636754
gamma2_skew,42125,shape_free_k107,0.991144327378891,6.75710637516514
gamma2_skew,42126,shape_free_k107,0.9869790324236124,6.1287355488719175
gamma2_skew,42127,shape_free_k107,0.9777707392273336,5.246640507280406
gamma2_skew,42128,shape_free_k107,0.9867541304169788,6.100687672918283
gamma2_skew,42129,shape_free_k107,0.9925272263599412,7.032156183798667
gamma2_skew,42130,shape_free_k107,0.9777716220577142,5.246706510140414
gamma2_skew,42131,shape_free_k107,0.9895374737798012,6.486006563332875
gamma2_skew,42132,shape_free_k107,0.9946178665857875,7.561113260424372
gamma2_skew,42133,shape_free_k107,0.9861408750955158,6.026503553417656
gamma2_skew,42134,shape_free_k107,0.9786642518333112,5.3147777005657515
gamma2_skew,42135,shape_free_k107,0.9752509964673708,5.0678952826304
gamma2_skew,42136,shape_free_k107,0.9886034659805736,6.346578734995521
gamma2_skew,42137,shape_free_k107,0.9607133604629056,4.291200145202907
gamma2_skew,42138,shape_free_k107,0.9902980395825954,6.6088394771696395
gamma2_skew,42139,shape_free_k107,0.9891954049259154,6.433581683273525
gamma2_skew,42140,shape_free_k107,0.9872829317052996,6.167395198599944
gamma2_skew,42141,shape_free_k107,0.9875274826415807,6.199164988640721
gamma2_skew,42142,shape_free_k107,0.978692386791343,5.3169678638611275
gamma2_skew,42143,shape_free_k107,0.9821351825680332,5.608710187026056
gamma2_skew,42144,shape_free_k107,0.985692701576994,5.974285315631118
gamma2_skew,42145,shape_free_k107,0.9870708508146618,6.140322383886602
gamma2_skew,42146,shape_free_k107,0.9903189121625248,6.612341600811019
gamma2_skew,42147,shape_free_k107,0.9895765879199172,6.492107479647912
gamma2_skew,42148,shape_free_k107,0.9819661349857278,5.5931563745169015
gamma2_skew,42149,shape_free_k107,0.979147002294518,5.352751657624263
laplace,41000,shape_free_k107,0.9871451911727966,6.157538614666544
laplace,41001,shape_free_k107,0.9966598041538772,8.063458007829032
laplace,41002,shape_free_k107,0.9884764477385116,6.312147519961141
laplace,41003,shape_free_k107,0.99051172022095,6.586979609602724
laplace,41004,shape_free_k107,0.9852261735957466,5.960766127792276
laplace,41005,shape_free_k107,0.9872751435469636,6.171907996682374
laplace,41006,shape_free_k107,0.9916997203349184,6.776156300069534
laplace,41007,shape_free_k107,0.986913769248102,6.13230533855175
laplace,41008,shape_free_k107,0.992734156644706,6.964394961310814
laplace,41009,shape_free_k107,0.9859868962452508,6.035527473632492
laplace,41010,shape_free_k107,0.9855960341304032,5.996621465843862
laplace,41011,shape_free_k107,0.9890613641026224,6.385816540521942
laplace,41012,shape_free_k107,0.997402433593208,8.419068276607252
laplace,41013,shape_free_k107,0.9898023802884156,6.485019051633978
laplace,41014,shape_free_k107,0.9818475251784262,5.669509161026216
laplace,41015,shape_free_k107,0.9887888780179436,6.351019504812741
laplace,41016,shape_free_k107,0.9812171942691674,5.621235041408293
laplace,41017,shape_free_k107,0.9804230144753644,5.562668489749609
laplace,41018,shape_free_k107,0.982611912075749,5.730350800007676
laplace,41019,shape_free_k107,0.9962147853591268,7.886577860353616
laplace,41020,shape_free_k107,0.9806893304046982,5.582038826482984
laplace,41021,shape_free_k107,0.9764039599434062,5.298600543689709
laplace,41022,shape_free_k107,0.967343358400914,4.839024482500593
laplace,41023,shape_free_k107,0.98659659530125,6.098437516136224
laplace,41024,shape_free_k107,0.9848559143846628,5.925760186663094
laplace,41025,shape_free_k107,0.9768012568412828,5.322615022380408
laplace,41026,shape_free_k107,0.9893480952840464,6.4233814143710894
laplace,41027,shape_free_k107,0.9840497707585244,5.8524146387114016
laplace,41028,shape_free_k107,0.9759718758751604,5.2729381125570205
laplace,41029,shape_free_k107,0.9954604364670504,7.6295752681291775
laplace,41030,shape_free_k107,0.9786287101039116,5.4386507860726585
laplace,41031,shape_free_k107,0.9846735499634228,5.908832009217331
laplace,41032,shape_free_k107,0.9895345330817096,6.448353244888748
laplace,41033,shape_free_k107,0.9841240026388464,5.859011708706008
laplace,41034,shape_free_k107,0.990788793405456,6.628891919620401
laplace,41035,shape_free_k107,0.9889764431343449,6.37487983808052
laplace,41036,shape_free_k107,0.9892626391382182,6.412080990519107
laplace,41037,shape_free_k107,0.982678167379639,5.735749790363865
laplace,41038,shape_free_k107,0.9936654684095868,7.15838051984109
laplace,41039,shape_free_k107,0.9759712408507866,5.272900737678718
laplace,41040,shape_free_k107,0.9882671503846532,6.286692236781152
laplace,41041,shape_free_k107,0.9823040709599872,5.705532418774696
laplace,41042,shape_free_k107,0.964975969168944,4.740049094556877
laplace,41043,shape_free_k107,0.9954800798266024,7.63570805669063
laplace,41044,shape_free_k107,0.9917339765633544,6.782005002897441
laplace,41045,shape_free_k107,0.994754357036092,7.425126725234099
laplace,41046,shape_free_k107,0.989132186219812,6.39500262558217
laplace,41047,shape_free_k107,0.9947039055165464,7.411590101259006
laplace,41048,shape_free_k107,0.9948503584468154,7.4512482530727615
laplace,41049,shape_free_k107,0.9722077230413156,5.0671230985938385
laplace,41050,shape_free_k107,0.9750419903826236,5.219240685772003
laplace,41051,shape_free_k107,0.9853900459542292,5.976540334585092
laplace,41052,shape_free_k107,0.9871402552170668,6.156995692885524
laplace,41053,shape_free_k107,0.9954036972994762,7.612008826162914
laplace,41054,shape_free_k107,0.987036131022316,6.145591042259748
laplace,41055,shape_free_k107,0.9712060678556214,5.017050745174164
laplace,41056,shape_free_k107,0.990509560209936,6.586657699910893
laplace,41057,shape_free_k107,0.9548152422517624,4.379812992002706
laplace,41058,shape_free_k107,0.9900864542748125,6.524973773038841
laplace,41059,shape_free_k107,0.97350723241154,5.134844695361548
laplace,41060,shape_free_k107,0.9883955578212622,6.302255085510917
laplace,41061,shape_free_k107,0.9829060085787292,5.754474945448338
laplace,41062,shape_free_k107,0.9900996318371352,6.526854864297098
laplace,41063,shape_free_k107,0.9932509730696686,7.068744178314254
laplace,41064,shape_free_k107,0.9767519471950804,5.31961225781216
laplace,41065,shape_free_k107,0.9896528742365968,6.464435957163806
laplace,41066,shape_free_k107,0.9854978978158822,5.987018897973276
laplace,41067,shape_free_k107,0.987866168824236,6.239167662169308
laplace,41068,shape_free_k107,0.9924653567048078,6.913020660817242
laplace,41069,shape_free_k107,0.991089396454038,6.675813932698362
laplace,41070,shape_free_k107,0.9836067147925712,5.813667151753341
laplace,41071,shape_free_k107,0.9777102982281454,5.379145855100476
laplace,41072,shape_free_k107,0.9933666531916754,7.09319432080646
laplace,41073,shape_free_k107,0.9888631488763217,6.360419484078114
laplace,41074,shape_free_k107,0.9909112705961308,6.647822203355471
laplace,41075,shape_free_k107,0.9828896774069728,5.753124486185631
laplace,41076,shape_free_k107,0.9924936686615304,6.918344677569867
laplace,41077,shape_free_k107,0.9926658255248706,6.951157237479328
laplace,41078,shape_free_k107,0.9959580500992689,7.793770617647029
laplace,41079,shape_free_k107,0.9862838814037528,6.065821615597063
laplace,41080,shape_free_k107,0.988405329752547,6.303446475794912
laplace,41081,shape_free_k107,0.9873150846417448,6.176353946443482
laplace,41082,shape_free_k107,0.9902958246906556,6.555161349247773
laplace,41083,shape_free_k107,0.9874611142317788,6.19272890380997
laplace,41084,shape_free_k107,0.9823169024718575,5.706558252477264
laplace,41085,shape_free_k107,0.971487850698112,5.030958669750081
laplace,41086,shape_free_k107,0.9889451002039712,6.370864554976729
laplace,41087,shape_free_k107,0.99556571581759,7.662759320582344
laplace,41088,shape_free_k107,0.9925263237710884,6.924510411700705
laplace,41089,shape_free_k107,0.9885970489077104,6.327026141412673
laplace,41090,shape_free_k107,0.9928021165803635,6.977684837632611
laplace,41091,shape_free_k107,0.9803633433649372,5.558364489706002
laplace,41092,shape_free_k107,0.9882982871956874,6.29045028658613
laplace,41093,shape_free_k107,0.982164647719526,5.694433733771248
laplace,41094,shape_free_k107,0.9853268571911256,5.970436981178476
laplace,41095,shape_free_k107,0.9851250910579246,5.951123028475319
laplace,41096,shape_free_k107,0.9870497998065104,6.147082940861561
laplace,41097,shape_free_k107,0.9874719772170965,6.193954629917706
laplace,41098,shape_free_k107,0.9856373181240412,6.000680640504137
laplace,41099,shape_free_k107,0.995731601003732,7.716679587232682
laplace,41100,shape_free_k107,0.9820832443002064,5.687993720856348
laplace,41101,shape_free_k107,0.9947554159113464,7.42541222444083
laplace,41102,shape_free_k107,0.9812537720131178,5.623991774147243
laplace,41103,shape_free_k107,0.987807192311944,6.232310525232486
laplace,41104,shape_free_k107,0.9882071240871144,6.279475440156084
laplace,41105,shape_free_k107,0.9944610912886124,7.348193963593132
laplace,41106,shape_free_k107,0.9856373446149972,6.000683248923914
laplace,41107,shape_free_k107,0.9880166998312876,6.256821980444373
laplace,41108,shape_free_k107,0.9919955854404716,6.827486594679162
laplace,41109,shape_free_k107,0.98473899786144,5.914883997184642
laplace,41110,shape_free_k107,0.9928584372195796,6.988794028362431
laplace,41111,shape_free_k107,0.9828799578714532,5.752321368869589
laplace,41112,shape_free_k107,0.9795795505634146,5.50301391584894
laplace,41113,shape_free_k107,0.9841486751713298,5.86121121592448
laplace,41114,shape_free_k107,0.992059971793836,6.838908323296111
laplace,41115,shape_free_k107,0.9678421961179255,4.860793610951402
laplace,41116,shape_free_k107,0.9841590945943464,5.862141115130944
laplace,41117,shape_free_k107,0.9932489723678845,7.068325006731642
laplace,41118,shape_free_k107,0.982235190780948,5.700038376029337
laplace,41119,shape_free_k107,0.9959511284548248,7.791350916285378
laplace,41120,shape_free_k107,0.9862943942678836,6.0669059701462995
laplace,41121,shape_free_k107,0.9908746617955568,6.642137286278846
laplace,41122,shape_free_k107,0.9943196362360534,7.312530643073056
laplace,41123,shape_free_k107,0.991754893944403,6.785588241682861
laplace,41124,shape_free_k107,0.9473572451092896,4.163765271553477
laplace,41125,shape_free_k107,0.9941233905902596,7.264497316464756
laplace,41126,shape_free_k107,0.9907711528289922,6.626186119473531
laplace,41127,shape_free_k107,0.9939871126401172,7.232076336878256
laplace,41128,shape_free_k107,0.9888649005249368,6.360641934754108
laplace,41129,shape_free_k107,0.9948547666913286,7.452459379898762
laplace,41130,shape_free_k107,0.9868884267161416,6.129569249409794
laplace,41131,shape_free_k107,0.9908423563855252,6.637139546084776
laplace,41132,shape_free_k107,0.9874866700808178,6.195614192783713
laplace,41133,shape_free_k107,0.9875174206899522,6.199093798188672
laplace,41134,shape_free_k107,0.9719623910076312,5.054694123803248
laplace,41135,shape_free_k107,0.9902779708602008,6.552561856758643
laplace,41136,shape_free_k107,0.9780418148473216,5.400337559581673
laplace,41137,shape_free_k107,0.9889658358832718,6.373519686730764
laplace,41138,shape_free_k107,0.99007153927027,6.522847676998378
laplace,41139,shape_free_k107,0.988800255002972,6.352455369647702
laplace,41140,shape_free_k107,0.9933421811235804,7.087986535345099
laplace,41141,shape_free_k107,0.991838620560782,6.800022575516722
laplace,41142,shape_free_k107,0.9899759144347868,6.509292016216268
laplace,41143,shape_free_k107,0.98917708819253,6.400857761155764
laplace,41144,shape_free_k107,0.98846615829724,6.310885324555708
laplace,41145,shape_free_k107,0.9840786639746236,5.854978754337352
laplace,41146,shape_free_k107,0.9952674015883396,7.570682424028094
laplace,41147,shape_free_k107,0.9917629712771104,6.786974357562933
laplace,41148,shape_free_k107,0.9644257552109392,4.718005049154859
laplace,41149,shape_free_k107,0.9851340321744017,5.95197334964536
normal,40000,shape_free_k107,0.9849878114073702,4.864169771185207
normal,40001,shape_free_k107,0.9951914630962404,5.639175668251257
normal,40002,shape_free_k107,0.9969066827305212,5.916618291329346
normal,40003,shape_free_k107,0.9725895175611892,4.411243855599691
normal,40004,shape_free_k107,0.9912300550518148,5.241788591252832
normal,40005,shape_free_k107,0.9957753020155228,5.7217556876769375
normal,40006,shape_free_k107,0.997182671276618,5.973993163924656
normal,40007,shape_free_k107,0.9929589502864696,5.3897930114651595
normal,40008,shape_free_k107,0.991998635392182,5.304024439230468
normal,40009,shape_free_k107,0.9924419762193908,5.342403208428508
normal,40010,shape_free_k107,0.9980285512842428,6.1890001899711
normal,40011,shape_free_k107,0.9952672407904072,5.649363582621485
normal,40012,shape_free_k107,0.9966845228734308,5.873731285607637
normal,40013,shape_free_k107,0.9990169214207532,6.590650311504008
normal,40014,shape_free_k107,0.9966471011112288,5.86676620375669
normal,40015,shape_free_k107,0.9953459829950102,5.6601077015191965
normal,40016,shape_free_k107,0.9993187556246244,6.79403638653188
normal,40017,shape_free_k107,0.9932389236449136,5.416777614614254
normal,40018,shape_free_k107,0.9977141011055266,6.100660417664668
normal,40019,shape_free_k107,0.998353508912002,6.295085212627102
normal,40020,shape_free_k107,0.9952464168968936,5.646549292021933
normal,40021,shape_free_k107,0.9963377633126504,5.811756921906037
normal,40022,shape_free_k107,0.9982575879119427,6.261902072112466
normal,40023,shape_free_k107,0.9947419212536452,5.581565062137387
normal,40024,shape_free_k107,0.9954110745155116,5.6691142216718475
normal,40025,shape_free_k107,0.9979628636875476,6.169528279592113
normal,40026,shape_free_k107,0.9987651359572972,6.461404965127696
normal,40027,shape_free_k107,0.9978588580426966,6.139845355844696
normal,40028,shape_free_k107,0.9987935059677876,6.474680805271304
normal,40029,shape_free_k107,0.997590695677856,6.069010825264993
normal,40030,shape_free_k107,0.9982197162307932,6.249261518090494
normal,40031,shape_free_k107,0.9960228200957624,5.759932108436053
normal,40032,shape_free_k107,0.994748283691637,5.582348843850029
normal,40033,shape_free_k107,0.9991182314832114,6.6515261105637355
normal,40034,shape_free_k107,0.999199135503266,6.704991647563562
normal,40035,shape_free_k107,0.9963396691773292,5.812082686757537
normal,40036,shape_free_k107,0.9992009333050902,6.706235737979918
normal,40037,shape_free_k107,0.9927142094652632,5.36698228312618
normal,40038,shape_free_k107,0.9993467748173406,6.816988028682421
normal,40039,shape_free_k107,0.99280748571515,5.375593673530024
normal,40040,shape_free_k107,0.9992668925276352,6.753777106268159
normal,40041,shape_free_k107,0.999054090382114,6.612279119452465
normal,40042,shape_free_k107,0.9902884742536248,5.1718698954808895
normal,40043,shape_free_k107,0.9944184189752756,5.542800040351688
normal,40044,shape_free_k107,0.9762306890772156,4.521675342038428
normal,40045,shape_free_k107,0.9955689131627472,5.691443887737993
normal,40046,shape_free_k107,0.9975993223212308,6.071174464043817
normal,40047,shape_free_k107,0.9910767030572114,5.229957787425168
normal,40048,shape_free_k107,0.9966010727904402,5.858295673743008
normal,40049,shape_free_k107,0.99293986566139,5.387988871002705
normal,40050,shape_free_k107,0.9992393700430464,6.733475420478228
normal,40051,shape_free_k107,0.9997191570144632,7.264716258915532
normal,40052,shape_free_k107,0.9993905421830112,6.854740196771528
normal,40053,shape_free_k107,0.995387407240336,5.665826144175122
normal,40054,shape_free_k107,0.9980817204942158,6.205202393550819
normal,40055,shape_free_k107,0.997532026631288,6.054481438155029
normal,40056,shape_free_k107,0.9941756928768796,5.515024047959918
normal,40057,shape_free_k107,0.9878769304389196,5.017083181920542
normal,40058,shape_free_k107,0.9964577594407812,5.83257477382295
normal,40059,shape_free_k107,0.9979005513871442,6.151582252270506
normal,40060,shape_free_k107,0.9997800696028664,7.389899225537347
normal,40061,shape_free_k107,0.9997236597164694,7.273051027563514
normal,40062,shape_free_k107,0.9965815570515628,5.854735709424509
normal,40063,shape_free_k107,0.9895524500085344,5.1213069915989795
normal,40064,shape_free_k107,0.99841600066447,6.317674451405553
normal,40065,shape_free_k107,0.998126607242272,6.2192049866707695
normal,40066,shape_free_k107,0.9985759729982064,6.3794724665901015
normal,40067,shape_free_k107,0.991164229524891,5.236687821305331
normal,40068,shape_free_k107,0.9950363291151276,5.6187640338470155
normal,40069,shape_free_k107,0.999116886664878,6.650676446611731
normal,40070,shape_free_k107,0.9983187649510514,6.282865183579271
normal,40071,shape_free_k107,0.9989248543400436,6.540173190266843
normal,40072,shape_free_k107,0.995579771285285,5.693006368606297
normal,40073,shape_free_k107,0.999363071993125,6.83076244814057
normal,40074,shape_free_k107,0.9969700696040416,5.929369923670364
normal,40075,shape_free_k107,0.9856378882886988,4.896153206492213
normal,40076,shape_free_k107,0.980647289383968,4.677332598283107
normal,40077,shape_free_k107,0.9981626498700796,6.230673522675125
normal,40078,shape_free_k107,0.9867049205520806,4.951531403381458
normal,40079,shape_free_k107,0.9981807224613046,6.236502134224587
normal,40080,shape_free_k107,0.9977021919686346,6.09753875646821
normal,40081,shape_free_k107,0.9989223594565424,6.538861802092464
normal,40082,shape_free_k107,0.98642737471993,4.936759462795211
normal,40083,shape_free_k107,0.996129265660693,5.7770172166456755
normal,40084,shape_free_k107,0.9995663835499896,7.037461612320757
normal,40085,shape_free_k107,0.9999543748406656,8.153952414864984
normal,40086,shape_free_k107,0.9860131966587948,4.915204267214629
normal,40087,shape_free_k107,0.9985421964508678,6.365909658672384
normal,40088,shape_free_k107,0.9962431460727332,5.795774882727844
normal,40089,shape_free_k107,0.9694382413063516,4.325465031082625
normal,40090,shape_free_k107,0.9983095250847444,6.27965448718452
normal,40091,shape_free_k107,0.9866458930224866,4.948367089178486
normal,40092,shape_free_k107,0.9945676493312994,5.5604229807323
normal,40093,shape_free_k107,0.9966611773859964,5.869377788117381
normal,40094,shape_free_k107,0.9875337344109592,4.997326804231957
normal,40095,shape_free_k107,0.9939026509584888,5.484999563571274
normal,40096,shape_free_k107,0.9974529206082654,6.035383273104004
normal,40097,shape_free_k107,0.9798895666436832,4.648562190546409
normal,40098,shape_free_k107,0.9990077678546552,6.585440120684213
normal,40099,shape_free_k107,0.9965641781481976,5.8515810757289115
normal,40100,shape_free_k107,0.9985652823984704,6.3751479214792655
normal,40101,shape_free_k107,0.9977763286302934,6.117218084294156
normal,40102,shape_free_k107,0.9992479622412308,6.739739103190701
normal,40103,shape_free_k107,0.9927971541532924,5.374634929945489
normal,40104,shape_free_k107,0.999685487739975,7.206088006822448
normal,40105,shape_free_k107,0.9972174617749354,5.981586486107928
normal,40106,shape_free_k107,0.9991395621517972,6.665166104396894
normal,40107,shape_free_k107,0.9923621488373168,5.335346387410656
normal,40108,shape_free_k107,0.9967366075937488,5.883545639435426
normal,40109,shape_free_k107,0.9963266231790072,5.809855843974478
normal,40110,shape_free_k107,0.9966474315510996,5.866827396037368
normal,40111,shape_free_k107,0.9950697424169131,5.623111109572954
normal,40112,shape_free_k107,0.998887670937693,6.52091362071577
normal,40113,shape_free_k107,0.987691880052988,5.006369940658736
normal,40114,shape_free_k107,0.9987421051210232,6.450833160862925
normal,40115,shape_free_k107,0.9958919113157134,5.73948088012398
normal,40116,shape_free_k107,0.9940629527418454,5.502476203115338
normal,40117,shape_free_k107,0.9989826594297468,6.571373620743665
normal,40118,shape_free_k107,0.9949336666463532,5.605571242162253
normal,40119,shape_free_k107,0.9908730191896208,5.214521649226073
normal,40120,shape_free_k107,0.9984139967423756,6.3169374505156455
normal,40121,shape_free_k107,0.9974642704432448,6.038089781331932
normal,40122,shape_free_k107,0.998808734110761,6.48192626754487
normal,40123,shape_free_k107,0.9993507939762004,6.820355088377449
normal,40124,shape_free_k107,0.9964052426038406,5.823386023651698
normal,40125,shape_free_k107,0.9989323048589492,6.544106237005348
normal,40126,shape_free_k107,0.9955599496139472,5.690156647839304
normal,40127,shape_free_k107,0.9980462895129872,6.19436046869339
normal,40128,shape_free_k107,0.9986416832525,6.406730136250578
normal,40129,shape_free_k107,0.9971871706360272,5.974970350421266
normal,40130,shape_free_k107,0.9927774845059012,5.372813041756569
normal,40131,shape_free_k107,0.9947423961256026,5.581623531495233
normal,40132,shape_free_k107,0.989491200371398,5.1172436215827535
normal,40133,shape_free_k107,0.9966926917828072,5.875261230570467
normal,40134,shape_free_k107,0.9984455268477916,6.328634257204258
normal,40135,shape_free_k107,0.9961636250093624,5.782623260284414
normal,40136,shape_free_k107,0.9960398673012216,5.762640137827111
normal,40137,shape_free_k107,0.9996084641806792,7.091448322877694
normal,40138,shape_free_k107,0.9917436568249928,5.2828061131841215
normal,40139,shape_free_k107,0.9989678322667496,6.563217175702566
normal,40140,shape_free_k107,0.977321649979503,4.557620409767931
normal,40141,shape_free_k107,0.9853203349755424,4.88037379405949
normal,40142,shape_free_k107,0.9980691157274416,6.201324405165116
normal,40143,shape_free_k107,0.9803466794736428,4.665802813903532
normal,40144,shape_free_k107,0.9970498558798988,5.945771145757369
normal,40145,shape_free_k107,0.9983874696734754,6.307261291724501
normal,40146,shape_free_k107,0.9943860326044116,5.53903168551359
normal,40147,shape_free_k107,0.9989683521001708,6.563501297275721
normal,40148,shape_free_k107,0.9989729170561832,6.566002038188419
normal,40149,shape_free_k107,0.9980208344739824,6.186682070912328
trunc_laplace,43000,shape_free_k107,1.0,5.946846225923764
trunc_laplace,43001,shape_free_k107,0.989659762521038,4.928273634908545
trunc_laplace,43002,shape_free_k107,1.0,5.748677416383418
trunc_laplace,43003,shape_free_k107,1.0,5.37600178929855
trunc_laplace,43004,shape_free_k107,0.9970299707668744,5.108852491827825
trunc_laplace,43005,shape_free_k107,1.0,5.3949681930712
trunc_laplace,43006,shape_free_k107,1.0,6.0931725602869715
trunc_laplace,43007,shape_free_k107,1.0,5.529507561564474
trunc_laplace,43008,shape_free_k107,1.0,8.009133841667117
trunc_laplace,43009,shape_free_k107,1.0,6.220985783621764
trunc_laplace,43010,shape_free_k107,0.9920627716456204,4.985302575738108
trunc_laplace,43011,shape_free_k107,1.0,6.1543911139714895
trunc_laplace,43012,shape_free_k107,1.0,5.373542154579628
trunc_laplace,43013,shape_free_k107,1.0,5.979065710563481
trunc_laplace,43014,shape_free_k107,1.0,6.997107104207553
trunc_laplace,43015,shape_free_k107,1.0,5.976404023197598
trunc_laplace,43016,shape_free_k107,1.0,5.749200740545855
trunc_laplace,43017,shape_free_k107,1.0,6.316596445946079
trunc_laplace,43018,shape_free_k107,0.9947606285903772,5.0514174281400495
trunc_laplace,43019,shape_free_k107,1.0,7.007121828495647
trunc_laplace,43020,shape_free_k107,1.0,7.113309441588139
trunc_laplace,43021,shape_free_k107,1.0,5.563465997409477
trunc_laplace,43022,shape_free_k107,1.0,5.890845176317222
trunc_laplace,43023,shape_free_k107,0.985995403142352,4.8444496849168965
trunc_laplace,43024,shape_free_k107,1.0,5.896423814299339
trunc_laplace,43025,shape_free_k107,0.9766030148622684,4.644968810302906
trunc_laplace,43026,shape_free_k107,1.0,6.021275093609573
trunc_laplace,43027,shape_free_k107,1.0,5.455415045396571
trunc_laplace,43028,shape_free_k107,1.0,6.785425308242391
trunc_laplace,43029,shape_free_k107,1.0,6.228827809910997
trunc_laplace,43030,shape_free_k107,1.0,5.82751996402764
trunc_laplace,43031,shape_free_k107,1.0,5.996525733997294
trunc_laplace,43032,shape_free_k107,1.0,5.497040898221424
trunc_laplace,43033,shape_free_k107,1.0,5.494710480390429
trunc_laplace,43034,shape_free_k107,1.0,6.134922674774056
trunc_laplace,43035,shape_free_k107,1.0,7.200115623875145
trunc_laplace,43036,shape_free_k107,1.0,5.55904569619578
trunc_laplace,43037,shape_free_k107,1.0,5.585516100810973
trunc_laplace,43038,shape_free_k107,1.0,6.30511854265856
trunc_laplace,43039,shape_free_k107,1.0,5.187515865032168
trunc_laplace,43040,shape_free_k107,1.0,6.0377717764541154
trunc_laplace,43041,shape_free_k107,0.9877399253667464,4.883899798800007
trunc_laplace,43042,shape_free_k107,1.0,5.330655723159871
trunc_laplace,43043,shape_free_k107,1.0,6.111825143222864
trunc_laplace,43044,shape_free_k107,1.0,6.057826929559387
trunc_laplace,43045,shape_free_k107,1.0,6.082858854801276
trunc_laplace,43046,shape_free_k107,1.0,5.252964203613047
trunc_laplace,43047,shape_free_k107,1.0,5.323068228024189
trunc_laplace,43048,shape_free_k107,1.0,5.480313827858125
trunc_laplace,43049,shape_free_k107,1.0,5.87409921364432
trunc_laplace,43050,shape_free_k107,1.0,6.009331295049003
trunc_laplace,43051,shape_free_k107,0.987250137658165,4.872741687613745
trunc_laplace,43052,shape_free_k107,1.0,5.828591287015054
trunc_laplace,43053,shape_free_k107,1.0,6.317704145925904
trunc_laplace,43054,shape_free_k107,1.0,6.2299045964277155
trunc_laplace,43055,shape_free_k107,1.0,7.038515679417912
trunc_laplace,43056,shape_free_k107,0.9921050760107676,4.986321905948758
trunc_laplace,43057,shape_free_k107,1.0,6.746135939073369
trunc_laplace,43058,shape_free_k107,1.0,6.635278198403409
trunc_laplace,43059,shape_free_k107,0.9996789248066564,5.178146536778242
trunc_laplace,43060,shape_free_k107,1.0,6.328299679227952
trunc_laplace,43061,shape_free_k107,1.0,6.35541546312934
trunc_laplace,43062,shape_free_k107,1.0,5.751770939149937
trunc_laplace,43063,shape_free_k107,0.9818211819006772,4.7532243961385685
trunc_laplace,43064,shape_free_k107,1.0,5.989070660511634
trunc_laplace,43065,shape_free_k107,1.0,6.53231990020916
trunc_laplace,43066,shape_free_k107,1.0,6.288453022517986
trunc_laplace,43067,shape_free_k107,1.0,6.821359967909226
trunc_laplace,43068,shape_free_k107,1.0,6.003702152243898
trunc_laplace,43069,shape_free_k107,1.0,5.4882445006583955
trunc_laplace,43070,shape_free_k107,1.0,5.609341194163465
trunc_laplace,43071,shape_free_k107,1.0,5.467452085325206
trunc_laplace,43072,shape_free_k107,1.0,6.534445734736658
trunc_laplace,43073,shape_free_k107,1.0,5.737241794345046
trunc_laplace,43074,shape_free_k107,1.0,6.781960112650293
trunc_laplace,43075,shape_free_k107,0.9749486378813068,4.6118852083844235
trunc_laplace,43076,shape_free_k107,0.977630390436325,4.66580494101943
trunc_laplace,43077,shape_free_k107,1.0,6.563908958914814
trunc_laplace,43078,shape_free_k107,1.0,5.847584419959149
trunc_laplace,43079,shape_free_k107,1.0,6.283945722051192
trunc_laplace,43080,shape_free_k107,1.0,5.421729969795698
trunc_laplace,43081,shape_free_k107,1.0,6.738706547696845
trunc_laplace,43082,shape_free_k107,1.0,6.122488571610802
trunc_laplace,43083,shape_free_k107,1.0,5.6203983843266405
trunc_laplace,43084,shape_free_k107,1.0,5.521467699356334
trunc_laplace,43085,shape_free_k107,1.0,6.05182796964667
trunc_laplace,43086,shape_free_k107,1.0,6.08308560508692
trunc_laplace,43087,shape_free_k107,1.0,5.68695750092017
trunc_laplace,43088,shape_free_k107,1.0,6.018430067034274
trunc_laplace,43089,shape_free_k107,1.0,5.882591418003356
trunc_laplace,43090,shape_free_k107,1.0,5.808456852127324
trunc_laplace,43091,shape_free_k107,1.0,5.190975968279552
trunc_laplace,43092,shape_free_k107,1.0,6.520351053961381
trunc_laplace,43093,shape_free_k107,1.0,5.647099007348015
trunc_laplace,43094,shape_free_k107,1.0,6.278710480806156
trunc_laplace,43095,shape_free_k107,1.0,5.4227970945114325
trunc_laplace,43096,shape_free_k107,1.0,5.521596005097164
trunc_laplace,43097,shape_free_k107,0.9712119056685836,4.539195800966176
trunc_laplace,43098,shape_free_k107,1.0,6.375554254299576
trunc_laplace,43099,shape_free_k107,1.0,6.054191718123292
trunc_laplace,43100,shape_free_k107,1.0,5.723945493219867
trunc_laplace,43101,shape_free_k107,0.9981516377985236,5.137889099114299
trunc_laplace,43102,shape_free_k107,1.0,6.43524143702526
trunc_laplace,43103,shape_free_k107,0.9859432143877228,4.843281917201038
trunc_laplace,43104,shape_free_k107,1.0,5.534707362815926
trunc_laplace,43105,shape_free_k107,1.0,7.1980389487228
trunc_laplace,43106,shape_free_k107,1.0,5.423107546809148
trunc_laplace,43107,shape_free_k107,1.0,5.906520322387417
trunc_laplace,43108,shape_free_k107,1.0,6.017275911009464
trunc_laplace,43109,shape_free_k107,1.0,6.17641039146169
trunc_laplace,43110,shape_free_k107,1.0,5.745462680382976
trunc_laplace,43111,shape_free_k107,1.0,5.463568067082689
trunc_laplace,43112,shape_free_k107,0.9558561589477784,4.266431118587884
trunc_laplace,43113,shape_free_k107,1.0,6.282139596241022
trunc_laplace,43114,shape_free_k107,1.0,5.780999347038233
trunc_laplace,43115,shape_free_k107,1.0,6.935199167764522
trunc_laplace,43116,shape_free_k107,1.0,7.506423074603429
trunc_laplace,43117,shape_free_k107,1.0,5.331786974207018
trunc_laplace,43118,shape_free_k107,1.0,5.3708877573964715
trunc_laplace,43119,shape_free_k107,0.9888553171151768,4.909555071167988
trunc_laplace,43120,shape_free_k107,1.0,7.004888489251629
trunc_laplace,43121,shape_free_k107,1.0,6.268352999365795
trunc_laplace,43122,shape_free_k107,1.0,5.349820927109218
trunc_laplace,43123,shape_free_k107,1.0,5.916726799219307
trunc_laplace,43124,shape_free_k107,1.0,5.446728935058218
trunc_laplace,43125,shape_free_k107,0.9703842484211888,4.5234617439978235
trunc_laplace,43126,shape_free_k107,1.0,6.987048287074416
trunc_laplace,43127,shape_free_k107,1.0,6.046331786243484
trunc_laplace,43128,shape_free_k107,1.0,5.5380549838367
trunc_laplace,43129,shape_free_k107,1.0,6.339875720068666
trunc_laplace,43130,shape_free_k107,1.0,5.838121548369688
trunc_laplace,43131,shape_free_k107,1.0,5.204010491219665
trunc_laplace,43132,shape_free_k107,0.9976669400824568,5.125287736503313
trunc_laplace,43133,shape_free_k107,1.0,5.422808587768577
trunc_laplace,43134,shape_free_k107,1.0,5.965683778698069
trunc_laplace,43135,shape_free_k107,1.0,6.165656119088104
trunc_laplace,43136,shape_free_k107,0.9846204243333148,4.8139183633457705
trunc_laplace,43137,shape_free_k107,1.0,7.09243455055707
trunc_laplace,43138,shape_free_k107,1.0,6.1093231464569815
trunc_laplace,43139,shape_free_k107,1.0,5.708545772751546
trunc_laplace,43140,shape_free_k107,1.0,6.588803351438496
trunc_laplace,43141,shape_free_k107,1.0,5.747115838368581
trunc_laplace,43142,shape_free_k107,1.0,5.518383740304607
trunc_laplace,43143,shape_free_k107,1.0,6.358018313833057
trunc_laplace,43144,shape_free_k107,1.0,5.731392664519088
trunc_laplace,43145,shape_free_k107,1.0,6.991105587416106
trunc_laplace,43146,shape_free_k107,1.0,6.354825351644122
trunc_laplace,43147,shape_free_k107,1.0,7.204405211015035
trunc_laplace,43148,shape_free_k107,1.0,7.084760474452418
trunc_laplace,43149,shape_free_k107,1.0,6.6574048579560525
