shape,seed,method,centre,half,cert_tol,cov
gamma2_skew,42000,CP_PAC,0.0,2.2472388429924086,0.001,0.9651627760529732
gamma2_skew,42000,FH_PAC,-0.1160270394992136,1.6610677265746705,0.001,0.921073976642946
gamma2_skew,42000,FH_normal,-0.1160270394992136,1.3444402990091002,0.001,0.8871599873016982
gamma2_skew,42000,HetLDC,0.0,1.9567320782049,0.001,0.9509563188434824
gamma2_skew,42000,HetLDC_cert,0.0,1.958688810283104,0.001,0.9510683796076445
gamma2_skew,42000,LDC_PAC,0.0,2.033510200740886,0.001,0.9551742474458976
gamma2_skew,42000,LDC_cert_pk,0.0,1.968323681525305,,0.9516166012164696
gamma2_skew,42001,CP_PAC,0.0,2.7887062772540734,0.003,0.9817934395386456
gamma2_skew,42001,FH_PAC,-0.0573434069529717,2.205793361572092,0.003,0.960845246338482
gamma2_skew,42001,FH_normal,-0.0573434069529717,1.8500396292987016,0.003,0.9406389872512252
gamma2_skew,42001,HetLDC,0.0,2.564360541186548,0.003,0.9761380139425132
gamma2_skew,42001,HetLDC_cert,0.0,2.5720536228101074,0.003,0.9763574637688536
gamma2_skew,42001,LDC_PAC,0.0,2.656027393870577,0.003,0.9786292229011604
gamma2_skew,42001,LDC_cert_pk,0.0,2.5806563709151527,,0.9766005474325808
gamma2_skew,42002,CP_PAC,0.0,2.661611618537746,0.001,0.9787725456535366
gamma2_skew,42002,FH_PAC,-0.1135497199528742,2.1775909136686824,0.001,0.9567530414285476
gamma2_skew,42002,FH_normal,-0.1135497199528742,1.8267332903636748,0.001,0.9349236303378012
gamma2_skew,42002,HetLDC,0.0,2.3819519371564715,0.001,0.9703178919767016
gamma2_skew,42002,HetLDC_cert,0.0,2.3843338890936274,0.001,0.9704020633754288
gamma2_skew,42002,LDC_PAC,0.0,2.4757614201912124,0.001,0.9734641885912918
gamma2_skew,42002,LDC_cert_pk,0.0,2.394489795674332,,0.9707583656144028
gamma2_skew,42003,CP_PAC,0.0,2.5184422126875514,0.003,0.9747865665037148
gamma2_skew,42003,FH_PAC,-0.0661824796442343,2.257522614153331,0.003,0.9627794538288318
gamma2_skew,42003,FH_normal,-0.0661824796442343,1.857403167573592,0.003,0.9405374131535544
gamma2_skew,42003,HetLDC,0.0,2.257522443432828,0.003,0.9655849317844194
gamma2_skew,42003,HetLDC_cert,0.0,2.2642950107631266,0.003,0.9658602599376246
gamma2_skew,42003,LDC_PAC,0.0,2.342588988463423,0.003,0.9688930065196214
gamma2_skew,42003,LDC_cert_pk,0.0,2.268927965400472,,0.9660473822714692
gamma2_skew,42004,CP_PAC,0.0,2.359831336162167,0.001,0.9695250975766064
gamma2_skew,42004,FH_PAC,0.0712386243293807,1.962402734213761,0.001,0.9551811464094092
gamma2_skew,42004,FH_normal,0.0712386243293807,1.6186447381496352,0.001,0.933152228190129
gamma2_skew,42004,HetLDC,0.0,2.1049673952197767,0.001,0.9587859410333154
gamma2_skew,42004,HetLDC_cert,0.0,2.1070723626149963,0.001,0.9588879813593894
gamma2_skew,42004,LDC_PAC,0.0,2.1808094196703243,0.001,0.9623132412914234
gamma2_skew,42004,LDC_cert_pk,0.0,2.117062353660464,,0.9593689589051227
gamma2_skew,42005,CP_PAC,0.0,2.2122594322657845,0.001,0.9636891891974187
gamma2_skew,42005,FH_PAC,-0.0329349191488982,1.707348491173516,0.001,0.9319509840042726
gamma2_skew,42005,FH_normal,-0.0329349191488982,1.3700754387530856,0.001,0.8999777462363674
gamma2_skew,42005,HetLDC,0.0,1.905972793133909,0.001,0.9479621796968158
gamma2_skew,42005,HetLDC_cert,0.0,1.9078787659270424,0.001,0.948077694970816
gamma2_skew,42005,LDC_PAC,0.0,1.986822582146454,0.001,0.9526527608302104
gamma2_skew,42005,LDC_cert_pk,0.0,1.915591824546516,,0.9485426650920292
gamma2_skew,42006,CP_PAC,0.0,2.412860784327735,0.001,0.9713923854887678
gamma2_skew,42006,FH_PAC,0.0167572441513229,1.854340927333118,0.001,0.9458047292009152
gamma2_skew,42006,FH_normal,0.0167572441513229,1.4958319397901283,0.001,0.9180987867474584
gamma2_skew,42006,HetLDC,0.0,2.161943850948177,0.001,0.9614639589199484
gamma2_skew,42006,HetLDC_cert,0.0,2.1641057947991253,0.001,0.9615622096326571
gamma2_skew,42006,LDC_PAC,0.0,2.2443799089713807,0.001,0.965044530070776
gamma2_skew,42006,LDC_cert_pk,0.0,2.171901072592936,,0.961914475320449
gamma2_skew,42007,CP_PAC,0.0,2.7192495199744573,0.003,0.980198419201236
gamma2_skew,42007,FH_PAC,0.0494374187111082,2.2274846202749914,0.003,0.9663679378085124
gamma2_skew,42007,FH_normal,0.0494374187111082,1.857870143871272,0.003,0.9480431017695352
gamma2_skew,42007,HetLDC,0.0,2.5062728693483654,0.003,0.9744161653016046
gamma2_skew,42007,HetLDC_cert,0.0,2.51379168795641,0.003,0.974645634084579
gamma2_skew,42007,LDC_PAC,0.0,2.5898751957962323,0.003,0.9768583517582708
gamma2_skew,42007,LDC_cert_pk,0.0,2.51904726018614,,0.9748048464218784
gamma2_skew,42008,CP_PAC,0.0,2.18971927354281,0.001,0.962708058403427
gamma2_skew,42008,FH_PAC,0.1263032083616755,2.0115089283617555,0.001,0.9603507731659416
gamma2_skew,42008,FH_normal,0.1263032083616755,1.6673610156290068,0.001,0.94070553368272
gamma2_skew,42008,HetLDC,0.0,1.8893225172007884,0.001,0.9469425714426284
gamma2_skew,42008,HetLDC_cert,0.0,1.891211839717989,0.001,0.947059219203786
gamma2_skew,42008,LDC_PAC,0.0,1.966579343174204,0.001,0.9515177862056912
gamma2_skew,42008,LDC_cert_pk,0.0,1.8970796549444684,,0.9474199428919228
gamma2_skew,42009,CP_PAC,0.0,2.4893993300578376,0.001,0.973893860128809
gamma2_skew,42009,FH_PAC,-0.0644891365233382,2.0323468705480434,0.001,0.9515902246283712
gamma2_skew,42009,FH_normal,-0.0644891365233382,1.627998328715217,0.001,0.9227213878991188
gamma2_skew,42009,HetLDC,0.0,2.1953991530243533,0.001,0.9629576686124331
gamma2_skew,42009,HetLDC_cert,0.0,2.197594552177377,0.001,0.9630537173250178
gamma2_skew,42009,LDC_PAC,0.0,2.2690822021411057,0.001,0.9660535947822084
gamma2_skew,42009,LDC_cert_pk,0.0,2.20121681583067,,0.9632116679932649
gamma2_skew,42010,CP_PAC,0.0,2.6165624747451384,0.001,0.977589242170924
gamma2_skew,42010,FH_PAC,-0.1322572732777625,1.9457272576777425,0.001,0.9420516197286531
gamma2_skew,42010,FH_normal,-0.1322572732777625,1.614496467981485,0.001,0.9152209708021162
gamma2_skew,42010,HetLDC,0.0,2.3420693333938485,0.001,0.9688737613935549
gamma2_skew,42010,HetLDC_cert,0.0,2.3444114027272422,0.001,0.9689604079164464
gamma2_skew,42010,LDC_PAC,0.0,2.433857886468416,0.001,0.9721007809969684
gamma2_skew,42010,LDC_cert_pk,0.0,2.3559698106485003,,0.9693846230445492
gamma2_skew,42011,CP_PAC,0.0,2.400628626060097,0.001,0.9709717237819032
gamma2_skew,42011,FH_PAC,0.0425507195998539,2.0830729337021947,0.001,0.9597768486136494
gamma2_skew,42011,FH_normal,0.0425507195998539,1.743965753172516,0.001,0.9402124753642802
gamma2_skew,42011,HetLDC,0.0,2.176773107680973,0.001,0.9621330629077453
gamma2_skew,42011,HetLDC_cert,0.0,2.178949880788654,0.001,0.9622303352831088
gamma2_skew,42011,LDC_PAC,0.0,2.2470382311503765,0.001,0.9651544912920068
gamma2_skew,42011,LDC_cert_pk,0.0,2.187496975601351,,0.9626099569162042
gamma2_skew,42012,CP_PAC,0.0,2.604678325763346,0.003,0.9772665739970784
gamma2_skew,42012,FH_PAC,-0.0103183995830643,1.6459106154298973,0.003,0.9288457776317895
gamma2_skew,42012,FH_normal,-0.0103183995830643,1.3090145045141488,0.003,0.8874566280790444
gamma2_skew,42012,HetLDC,0.0,2.3643002040794654,0.003,0.9696868897107428
gamma2_skew,42012,HetLDC_cert,0.0,2.371393104691704,0.003,0.9699419825346228
gamma2_skew,42012,LDC_PAC,0.0,2.4527694897458203,0.003,0.9727242855175084
gamma2_skew,42012,LDC_cert_pk,0.0,2.3792252491424826,,0.97022125493319
gamma2_skew,42013,CP_PAC,0.0,2.4126581716601434,0.001,0.9713854658727246
gamma2_skew,42013,FH_PAC,0.3354823036443848,2.3932176360764434,0.001,0.980423158844624
gamma2_skew,42013,FH_normal,0.3354823036443848,1.970347416653233,0.001,0.9675029519205806
gamma2_skew,42013,HetLDC,0.0,2.127609408435773,0.001,0.9598708935926716
gamma2_skew,42013,HetLDC_cert,0.0,2.1297370178442088,0.001,0.9599714224709636
gamma2_skew,42013,LDC_PAC,0.0,2.214609510448016,0.001,0.963790042478876
gamma2_skew,42013,LDC_cert_pk,0.0,2.138856608910137,,0.9603995871968882
gamma2_skew,42014,CP_PAC,0.0,2.176656798904257,0.001,0.962127858704038
gamma2_skew,42014,FH_PAC,-0.0590452166670125,1.8528584194814803,0.001,0.9407157691057773
gamma2_skew,42014,FH_normal,-0.0590452166670125,1.5372227481660827,0.001,0.9148287008025217
gamma2_skew,42014,HetLDC,0.0,1.8513966802069943,0.001,0.9445484967049252
gamma2_skew,42014,HetLDC_cert,0.0,1.853248076887201,0.001,0.9446677194542584
gamma2_skew,42014,LDC_PAC,0.0,1.9240055959887896,0.001,0.9490453415656648
gamma2_skew,42014,LDC_cert_pk,0.0,1.8616159224712416,,0.9452035349028788
gamma2_skew,42015,CP_PAC,0.0,2.442519235820609,0.001,0.9723880314494872
gamma2_skew,42015,FH_PAC,0.0529364544353078,1.764470500375372,0.001,0.9423157048228876
gamma2_skew,42015,FH_normal,0.0529364544353078,1.4327752885958542,0.001,0.9144109808907436
gamma2_skew,42015,HetLDC,0.0,2.146709913707254,0.001,0.9607647719661848
gamma2_skew,42015,HetLDC_cert,0.0,2.1488566236209614,0.001,0.9608640313196024
gamma2_skew,42015,LDC_PAC,0.0,2.226351095811965,0.001,0.9642899073739932
gamma2_skew,42015,LDC_cert_pk,0.0,2.1562654798496945,,0.9612047516438263
gamma2_skew,42016,CP_PAC,0.0,2.32009734096526,0.001,0.9680494508829182
gamma2_skew,42016,FH_PAC,-0.0727492696288109,2.0047864093258125,0.001,0.9495208040918588
gamma2_skew,42016,FH_normal,-0.0727492696288109,1.6719323982289205,0.001,0.9258120749924464
gamma2_skew,42016,HetLDC,0.0,2.0441122995231766,0.001,0.9557286527711062
gamma2_skew,42016,HetLDC_cert,0.0,2.0461564118227,0.001,0.9558347854122008
gamma2_skew,42016,LDC_PAC,0.0,2.114763798661769,0.001,0.9592587735313386
gamma2_skew,42016,LDC_cert_pk,0.0,2.053005622403504,,0.9561886299261514
gamma2_skew,42017,CP_PAC,0.0,2.076007148913085,0.001,0.9573571585774412
gamma2_skew,42017,FH_PAC,0.0110641542393429,1.6565249452194062,0.001,0.9314145796965444
gamma2_skew,42017,FH_normal,0.0110641542393429,1.3325328061646216,0.001,0.8929399152113066
gamma2_skew,42017,HetLDC,0.0,1.7301964184306435,0.001,0.9361888038232852
gamma2_skew,42017,HetLDC_cert,0.0,1.7319266148490742,0.001,0.9363161549709484
gamma2_skew,42017,LDC_PAC,0.0,1.804010239659456,0.001,0.9414123634242604
gamma2_skew,42017,LDC_cert_pk,0.0,1.7344019647577005,,0.9364979336208948
gamma2_skew,42018,CP_PAC,0.0,2.517003604755958,0.003,0.9747430512009786
gamma2_skew,42018,FH_PAC,0.0109835587202927,1.9100955748276136,0.003,0.9488710358445318
gamma2_skew,42018,FH_normal,0.0109835587202927,1.6154553350070822,0.003,0.9280943349687154
gamma2_skew,42018,HetLDC,0.0,2.2318036582755254,0.003,0.9645197708544776
gamma2_skew,42018,HetLDC_cert,0.0,2.238499069250352,0.003,0.9648000816291442
gamma2_skew,42018,LDC_PAC,0.0,2.310389505815864,0.003,0.9676785797561424
gamma2_skew,42018,LDC_cert_pk,0.0,2.2432222759409286,,0.9649965403624752
gamma2_skew,42019,CP_PAC,0.0,2.063469284154362,0.001,0.9567239633125548
gamma2_skew,42019,FH_PAC,0.0457838182781429,2.1070544268276863,0.001,0.961047494859024
gamma2_skew,42019,FH_normal,0.0457838182781429,1.780140145307071,0.001,0.9428830952630918
gamma2_skew,42019,HetLDC,0.0,1.753481354963982,0.001,0.9378825938071658
gamma2_skew,42019,HetLDC_cert,0.0,1.755234836318946,0.001,0.9380084008908872
gamma2_skew,42019,LDC_PAC,0.0,1.8239561017899384,0.001,0.9427524733061404
gamma2_skew,42019,LDC_cert_pk,0.0,1.758579214167423,,0.9382476791019388
gamma2_skew,42020,CP_PAC,0.0,2.135496590317684,0.001,0.9602423485771376
gamma2_skew,42020,FH_PAC,-0.0495271865866665,1.600413626018477,0.001,0.9215989737228344
gamma2_skew,42020,FH_normal,-0.0495271865866665,1.3196077287979069,0.001,0.8903460860157268
gamma2_skew,42020,HetLDC,0.0,1.790976872336808,0.001,0.9405206132573408
gamma2_skew,42020,HetLDC_cert,0.0,1.7927678492091448,0.001,0.9406439137589764
gamma2_skew,42020,LDC_PAC,0.0,1.8718726842142048,0.001,0.9458535560644038
gamma2_skew,42020,LDC_cert_pk,0.0,1.7981877014384189,,0.9410155658342948
gamma2_skew,42021,CP_PAC,0.0,2.9379426428834576,0.003,0.984809482931925
gamma2_skew,42021,FH_PAC,0.2451510691335698,2.099372967234788,0.003,0.9689645690093056
gamma2_skew,42021,FH_normal,0.2451510691335698,1.7429858762782842,0.003,0.9527255674870454
gamma2_skew,42021,HetLDC,0.0,2.7142501667977026,0.003,0.9800785191433814
gamma2_skew,42021,HetLDC_cert,0.0,2.7223929172980954,0.003,0.9802734486463645
gamma2_skew,42021,LDC_PAC,0.0,2.7981635085651746,0.003,0.982000720980747
gamma2_skew,42021,LDC_cert_pk,0.0,2.7307387662949947,,0.9804713182429312
gamma2_skew,42022,CP_PAC,0.0,3.0626345310098584,0.003,0.9869514393433448
gamma2_skew,42022,FH_PAC,0.2723645748366812,2.4970226662517687,0.003,0.9813627760805228
gamma2_skew,42022,FH_normal,0.2723645748366812,2.116120285891022,0.003,0.9705481965378572
gamma2_skew,42022,HetLDC,0.0,2.8763115545327005,0.003,0.9836279724874796
gamma2_skew,42022,HetLDC_cert,0.0,2.884940489196298,0.003,0.983798623650421
gamma2_skew,42022,LDC_PAC,0.0,2.9618148157827395,0.003,0.9852444627941992
gamma2_skew,42022,LDC_cert_pk,0.0,2.888981561795117,,0.9838779461831382
gamma2_skew,42023,CP_PAC,0.0,2.226000186943047,0.001,0.964275065143048
gamma2_skew,42023,FH_PAC,0.1367460260219112,1.9039736759854369,0.001,0.95555196565293
gamma2_skew,42023,FH_normal,0.1367460260219112,1.5979495359309417,0.001,0.9365194613753028
gamma2_skew,42023,HetLDC,0.0,1.9707326777682923,0.001,0.9517527518079464
gamma2_skew,42023,HetLDC_cert,0.0,1.9727034104460608,0.001,0.9518638602549852
gamma2_skew,42023,LDC_PAC,0.0,2.0432737808319548,0.001,0.9556850452756148
gamma2_skew,42023,LDC_cert_pk,0.0,1.9791605395223544,,0.9522261963943416
gamma2_skew,42024,CP_PAC,0.0,2.5349608420737617,0.003,0.9752810546702384
gamma2_skew,42024,FH_PAC,0.1637285205775158,1.9484668378335173,0.003,0.9591353114259986
gamma2_skew,42024,FH_normal,0.1637285205775158,1.6802381689979615,0.003,0.9440675667882276
gamma2_skew,42024,HetLDC,0.0,2.3253526193768463,0.003,0.968248504537497
gamma2_skew,42024,HetLDC_cert,0.0,2.3323286772349765,0.003,0.9685108895256878
gamma2_skew,42024,LDC_PAC,0.0,2.4009786137107048,0.003,0.970983842378549
gamma2_skew,42024,LDC_cert_pk,0.0,2.33826991253127,,0.9687327026749508
gamma2_skew,42025,CP_PAC,0.0,2.579071256680548,0.001,0.9765559403216072
gamma2_skew,42025,FH_PAC,0.1392293876998293,2.3430836822092864,0.001,0.973671449415136
gamma2_skew,42025,FH_normal,0.1392293876998293,1.9595578727497984,0.001,0.9584849468778864
gamma2_skew,42025,HetLDC,0.0,2.330515610994792,0.001,0.9684428978941364
gamma2_skew,42025,HetLDC_cert,0.0,2.3328461266057863,0.001,0.9685302684197932
gamma2_skew,42025,LDC_PAC,0.0,2.4140642378881467,0.001,0.9714334524674526
gamma2_skew,42025,LDC_cert_pk,0.0,2.3413468903629093,,0.968846987049668
gamma2_skew,42026,CP_PAC,0.0,2.2605054134691143,0.001,0.9657064622457514
gamma2_skew,42026,FH_PAC,-0.1533441066317002,1.83442264605955,0.001,0.9324710123782228
gamma2_skew,42026,FH_normal,-0.1533441066317002,1.5132323649657755,0.001,0.9026282639835458
gamma2_skew,42026,HetLDC,0.0,1.987933566729568,0.001,0.9527143087206268
gamma2_skew,42026,HetLDC_cert,0.0,1.989921500296297,0.001,0.9528242480768764
gamma2_skew,42026,LDC_PAC,0.0,2.060445883315642,0.001,0.9565699300950136
gamma2_skew,42026,LDC_cert_pk,0.0,1.9988782837682093,,0.95331656160562
gamma2_skew,42027,CP_PAC,0.0,2.373099397941166,0.001,0.9700030387261914
gamma2_skew,42027,FH_PAC,-0.0958056669545213,1.9952511034525449,0.001,0.947564714661915
gamma2_skew,42027,FH_normal,-0.0958056669545213,1.6683250911586698,0.001,0.9235132841339544
gamma2_skew,42027,HetLDC,0.0,2.108382174469285,0.001,0.9589513533370146
gamma2_skew,42027,HetLDC_cert,0.0,2.110490556643754,0.001,0.959053165282441
gamma2_skew,42027,LDC_PAC,0.0,2.193070937544507,0.001,0.962855546856073
gamma2_skew,42027,LDC_cert_pk,0.0,2.1193964951848163,,0.9594805574281552
gamma2_skew,42028,CP_PAC,0.0,2.6163498714624804,0.003,0.9775835089365562
gamma2_skew,42028,FH_PAC,0.2139936393327166,2.454235610176099,0.003,0.9789411846610224
gamma2_skew,42028,FH_normal,0.2139936393327166,2.0841144341101425,0.003,0.9672034399191228
gamma2_skew,42028,HetLDC,0.0,2.4000133627378446,0.003,0.9709504079582304
gamma2_skew,42028,HetLDC_cert,0.0,2.407213402826057,0.003,0.9711989098670198
gamma2_skew,42028,LDC_PAC,0.0,2.478065926346716,0.003,0.9735372706666392
gamma2_skew,42028,LDC_cert_pk,0.0,2.415268128036139,,0.971474477369133
gamma2_skew,42029,CP_PAC,0.0,1.9731588015556376,0.001,0.951889500038272
gamma2_skew,42029,FH_PAC,-0.1345388475368948,1.4826793228027848,0.001,0.9013311273427488
gamma2_skew,42029,FH_normal,-0.1345388475368948,1.1527657799021316,0.001,0.8433292188648525
gamma2_skew,42029,HetLDC,0.0,1.6396072982908558,0.001,0.929173046225206
gamma2_skew,42029,HetLDC_cert,0.0,1.6412469055891463,0.001,0.9293062802342476
gamma2_skew,42029,LDC_PAC,0.0,1.7146370061125344,0.001,0.9350326393981152
gamma2_skew,42029,LDC_cert_pk,0.0,1.6468863062073742,,0.9297627274661988
gamma2_skew,42030,CP_PAC,0.0,2.9561217682692686,0.003,0.9851418433169992
gamma2_skew,42030,FH_PAC,0.063389572964826,2.0768113480455006,0.003,0.9604623294811956
gamma2_skew,42030,FH_normal,0.063389572964826,1.734626907229543,0.003,0.9410038587350832
gamma2_skew,42030,HetLDC,0.0,2.756962922200369,0.003,0.9810805994087968
gamma2_skew,42030,HetLDC_cert,0.0,2.76523381096697,0.003,0.9812689028128468
gamma2_skew,42030,LDC_PAC,0.0,2.844952082978131,0.003,0.9829929392997288
gamma2_skew,42030,LDC_cert_pk,0.0,2.773538217850546,,0.9814561372198468
gamma2_skew,42031,CP_PAC,0.0,2.534796478164412,0.001,0.9752761809572542
gamma2_skew,42031,FH_PAC,-0.0266938140311714,1.8028885200171163,0.001,0.9394935839445654
gamma2_skew,42031,FH_normal,-0.0266938140311714,1.4883830925979629,0.001,0.9132186973372906
gamma2_skew,42031,HetLDC,0.0,2.291861090789788,0.001,0.9669591830432274
gamma2_skew,42031,HetLDC_cert,0.0,2.294152951880577,0.001,0.9670489976588932
gamma2_skew,42031,LDC_PAC,0.0,2.372622126050653,0.001,0.9699859726025376
gamma2_skew,42031,LDC_cert_pk,0.0,2.304597630693674,,0.9674553382758124
gamma2_skew,42032,CP_PAC,0.0,2.657977959154441,0.003,0.9786793917579152
gamma2_skew,42032,FH_PAC,0.0923647917365955,2.049354817127752,0.003,0.9605330954486068
gamma2_skew,42032,FH_normal,0.0923647917365955,1.757101070706239,0.003,0.9444238987444556
gamma2_skew,42032,HetLDC,0.0,2.456053484032952,0.003,0.9728311755560426
gamma2_skew,42032,HetLDC_cert,0.0,2.4634216444850505,0.003,0.9730695288815204
gamma2_skew,42032,LDC_PAC,0.0,2.531518765314277,0.003,0.9751787958903676
gamma2_skew,42032,LDC_cert_pk,0.0,2.4685106350078723,,0.9732329715087216
gamma2_skew,42033,CP_PAC,0.0,1.9597084442428696,0.001,0.95112667631948
gamma2_skew,42033,FH_PAC,-0.037078792438212,1.67017425854912,0.001,0.928641547023304
gamma2_skew,42033,FH_normal,-0.037078792438212,1.3995770231461664,0.001,0.9029142725493198
gamma2_skew,42033,HetLDC,0.0,1.61581337659672,0.001,0.9272126184054894
gamma2_skew,42033,HetLDC_cert,0.0,1.6174291899733166,0.001,0.9273473563052944
gamma2_skew,42033,LDC_PAC,0.0,1.687727518787048,0.001,0.9329860386786116
gamma2_skew,42033,LDC_cert_pk,0.0,1.6261709152095971,,0.9280722225452078
gamma2_skew,42034,CP_PAC,0.0,2.4906399370559367,0.001,0.9739326106877028
gamma2_skew,42034,FH_PAC,-0.2417528728761949,2.285532812351612,0.001,0.9557113731767342
gamma2_skew,42034,FH_normal,-0.2417528728761949,1.941094630995768,0.001,0.9338767489639204
gamma2_skew,42034,HetLDC,0.0,2.249213919520221,0.001,0.9652442405366258
gamma2_skew,42034,HetLDC_cert,0.0,2.251463133439741,0.001,0.96533678880745
gamma2_skew,42034,LDC_PAC,0.0,2.3312906868813426,0.001,0.9684719812512376
gamma2_skew,42034,LDC_cert_pk,0.0,2.259983028276569,,0.965685209417612
gamma2_skew,42035,CP_PAC,0.0,2.7776157508660404,0.003,0.981547404072226
gamma2_skew,42035,FH_PAC,0.2342999873761481,2.3207915553492886,0.003,0.9758709892685776
gamma2_skew,42035,FH_normal,0.2342999873761481,1.860827815430209,0.003,0.958305725476022
gamma2_skew,42035,HetLDC,0.0,2.51415665087933,0.003,0.9746567216558067
gamma2_skew,42035,HetLDC_cert,0.0,2.5216991208319675,0.003,0.9748848142390856
gamma2_skew,42035,LDC_PAC,0.0,2.5999060062383865,0.003,0.9771357370881054
gamma2_skew,42035,LDC_cert_pk,0.0,2.529144194299282,,0.9751080125205664
gamma2_skew,42036,CP_PAC,0.0,2.119498785652074,0.001,0.9594854413403064
gamma2_skew,42036,FH_PAC,-0.0126364474301152,1.9017127323548124,0.001,0.94692735088125
gamma2_skew,42036,FH_normal,-0.0126364474301152,1.5957718278404796,0.001,0.9244364753895222
gamma2_skew,42036,HetLDC,0.0,1.813588257665192,0.001,0.94205957003522
gamma2_skew,42036,HetLDC_cert,0.0,1.815401845922857,0.001,0.9421813491288532
gamma2_skew,42036,LDC_PAC,0.0,1.888702925458084,0.001,0.946904264152414
gamma2_skew,42036,LDC_cert_pk,0.0,1.8203692131562008,,0.9425136520656768
gamma2_skew,42037,CP_PAC,0.0,2.517533135970119,0.001,0.9747590770130452
gamma2_skew,42037,FH_PAC,0.1401936682393725,2.283572859090472,0.001,0.9717624623467934
gamma2_skew,42037,FH_normal,0.1401936682393725,1.936027924315924,0.001,0.9573679108888016
gamma2_skew,42037,HetLDC,0.0,2.259331657509195,0.001,0.965658691145589
gamma2_skew,42037,HetLDC_cert,0.0,2.261590989166704,0.001,0.9657505875005608
gamma2_skew,42037,LDC_PAC,0.0,2.3417433891095056,0.001,0.9688616843744716
gamma2_skew,42037,LDC_cert_pk,0.0,2.273523192151194,,0.9662320047932156
gamma2_skew,42038,CP_PAC,0.0,2.018632479794294,0.001,0.9543850355094432
gamma2_skew,42038,FH_PAC,-0.1229801483942777,1.868869797954204,0.001,0.9373351074441288
gamma2_skew,42038,FH_normal,-0.1229801483942777,1.5610602110999203,0.001,0.9108635228537668
gamma2_skew,42038,HetLDC,0.0,1.7010510450270282,0.001,0.9340068846661916
gamma2_skew,42038,HetLDC_cert,0.0,1.7027520960720552,0.001,0.9341361521410716
gamma2_skew,42038,LDC_PAC,0.0,1.7694352758635872,0.001,0.9390183566742056
gamma2_skew,42038,LDC_cert_pk,0.0,1.710625372165765,,0.9347313413418624
gamma2_skew,42039,CP_PAC,0.0,2.689929679270228,0.001,0.9794851140738527
gamma2_skew,42039,FH_PAC,0.0563718881241206,1.9809190276009283,0.001,0.9553727074530912
gamma2_skew,42039,FH_normal,0.0563718881241206,1.649533705296901,0.001,0.9343751598406862
gamma2_skew,42039,HetLDC,0.0,2.4538688589554942,0.001,0.9727601138364216
gamma2_skew,42039,HetLDC_cert,0.0,2.4563227278144493,0.001,0.9728399211337284
gamma2_skew,42039,LDC_PAC,0.0,2.533048853524814,0.001,0.9752243028971612
gamma2_skew,42039,LDC_cert_pk,0.0,2.465504132269138,,0.9731365282405094
gamma2_skew,42040,CP_PAC,0.0,2.335965766360714,0.003,0.9686468579629092
gamma2_skew,42040,FH_PAC,0.0347867473022236,2.014664866240794,0.003,0.9560053629066678
gamma2_skew,42040,FH_normal,0.0347867473022236,1.7194276753027498,0.003,0.9379352187172406
gamma2_skew,42040,HetLDC,0.0,2.108313332408035,0.003,0.9589480249211358
gamma2_skew,42040,HetLDC_cert,0.0,2.114638272405259,0.003,0.9592527479522276
gamma2_skew,42040,LDC_PAC,0.0,2.1865124520678814,0.003,0.9625664166790596
gamma2_skew,42040,LDC_cert_pk,0.0,2.1196661424077443,,0.9594934306580304
gamma2_skew,42041,CP_PAC,0.0,3.031563120605323,0.003,0.9864470038243196
gamma2_skew,42041,FH_PAC,0.0361951690883782,2.111497766470511,0.003,0.9608102548073162
gamma2_skew,42041,FH_normal,0.0361951690883782,1.7974151348129546,0.003,0.943390581552279
gamma2_skew,42041,HetLDC,0.0,2.833507903195387,0.003,0.9827552789933592
gamma2_skew,42041,HetLDC_cert,0.0,2.842008426904973,0.003,0.9829321146805188
gamma2_skew,42041,LDC_PAC,0.0,2.917556342645284,0.003,0.9844281577703764
gamma2_skew,42041,LDC_cert_pk,0.0,2.850128303959061,,0.98309938446744
gamma2_skew,42042,CP_PAC,0.0,3.1452635871482766,0.003,0.9882054638162656
gamma2_skew,42042,FH_PAC,0.009480236470869,2.825729179306671,0.003,0.9827908174271196
gamma2_skew,42042,FH_normal,0.009480236470869,2.42720517699637,0.003,0.9721948708859848
gamma2_skew,42042,HetLDC,0.0,2.9477828450333736,0.003,0.9849902752610982
gamma2_skew,42042,HetLDC_cert,0.0,2.956626193568473,0.003,0.9851509637768482
gamma2_skew,42042,LDC_PAC,0.0,3.0417237831136257,0.003,0.9866140159282006
gamma2_skew,42042,LDC_cert_pk,0.0,2.9657799063443906,,0.9853155270238884
gamma2_skew,42043,CP_PAC,0.0,3.0068223566263805,0.003,0.986031798012072
gamma2_skew,42043,FH_PAC,0.1226570450457005,2.236306639350908,0.003,0.969493588423093
gamma2_skew,42043,FH_normal,0.1226570450457005,1.84564778082086,0.003,0.9516155340928314
gamma2_skew,42043,HetLDC,0.0,2.799228161773981,0.003,0.9820239116848498
gamma2_skew,42043,HetLDC_cert,0.0,2.8076258462593024,0.003,0.9822058183544404
gamma2_skew,42043,LDC_PAC,0.0,2.893745994650867,0.003,0.9839709822846604
gamma2_skew,42043,LDC_cert_pk,0.0,2.8179553019288357,,0.9824271173893376
gamma2_skew,42044,CP_PAC,0.0,2.295314345909375,0.001,0.967094421094704
gamma2_skew,42044,FH_PAC,-0.1498422845113818,1.8008388703189857,0.001,0.9300936500127468
gamma2_skew,42044,FH_normal,-0.1498422845113818,1.5298772173906543,0.001,0.904815713917007
gamma2_skew,42044,HetLDC,0.0,2.0339607931859165,0.001,0.955197944570324
gamma2_skew,42044,HetLDC_cert,0.0,2.0359947539791023,0.001,0.9553047634114844
gamma2_skew,42044,LDC_PAC,0.0,2.1068981257385984,0.001,0.9588795442706946
gamma2_skew,42044,LDC_cert_pk,0.0,2.0455161533077453,,0.9558015687108228
gamma2_skew,42045,CP_PAC,0.0,2.916965352531105,0.003,0.9844169654861904
gamma2_skew,42045,FH_PAC,0.0790839294271853,2.1309898422592712,0.003,0.9635951493906976
gamma2_skew,42045,FH_normal,0.0790839294271853,1.7729307780992156,0.003,0.9445883224604676
gamma2_skew,42045,HetLDC,0.0,2.69789720981608,0.003,0.9796813816296766
gamma2_skew,42045,HetLDC_cert,0.0,2.7059909014455275,0.003,0.9798788908311478
gamma2_skew,42045,LDC_PAC,0.0,2.793012185138432,0.003,0.9818881014882704
gamma2_skew,42045,LDC_cert_pk,0.0,2.712485782160493,,0.9800360356982326
gamma2_skew,42046,CP_PAC,0.0,2.364264403493559,0.001,0.96968559687591
gamma2_skew,42046,FH_PAC,0.1153744496211169,1.917591179299568,0.001,0.9551455918239878
gamma2_skew,42046,FH_normal,0.1153744496211169,1.5698294258516472,0.001,0.9327909986314842
gamma2_skew,42046,HetLDC,0.0,2.0983393145223164,0.001,0.9584630485582472
gamma2_skew,42046,HetLDC_cert,0.0,2.100437653836839,0.001,0.9585655325877172
gamma2_skew,42046,LDC_PAC,0.0,2.170188257372456,0.001,0.961837340821026
gamma2_skew,42046,LDC_cert_pk,0.0,2.1068439334226827,,0.958876919772308
gamma2_skew,42047,CP_PAC,0.0,1.93543918201939,0.001,0.9497209224437004
gamma2_skew,42047,FH_PAC,-0.1055316365625636,1.7270583590442623,0.001,0.927687980800361
gamma2_skew,42047,FH_normal,-0.1055316365625636,1.447191138884991,0.001,0.9006086338183125
gamma2_skew,42047,HetLDC,0.0,1.6067668981763032,0.001,0.9264538846948228
gamma2_skew,42047,HetLDC_cert,0.0,1.608373665074479,0.001,0.9265891889839156
gamma2_skew,42047,LDC_PAC,0.0,1.6818593830127893,0.001,0.9325316899574326
gamma2_skew,42047,LDC_cert_pk,0.0,1.615608863763187,,0.92719554784972
gamma2_skew,42048,CP_PAC,0.0,3.158329966698506,0.003,0.9883926831486206
gamma2_skew,42048,FH_PAC,0.1275968909281274,2.1288520061882323,0.003,0.965541092574026
gamma2_skew,42048,FH_normal,0.1275968909281274,1.7385859060210207,0.003,0.9454938737478422
gamma2_skew,42048,HetLDC,0.0,2.951965296468233,0.003,0.9850664826341888
gamma2_skew,42048,HetLDC_cert,0.0,2.960821192357638,0.003,0.9852266021891428
gamma2_skew,42048,LDC_PAC,0.0,3.039555918818534,0.003,0.9865785516743656
gamma2_skew,42048,LDC_cert_pk,0.0,2.9691852854496137,,0.9853762936759202
gamma2_skew,42049,CP_PAC,0.0,2.462188764590988,0.001,0.9730297876459724
gamma2_skew,42049,FH_PAC,-0.0060538437254116,1.900256998206696,0.001,0.9472434042334276
gamma2_skew,42049,FH_normal,-0.0060538437254116,1.548485245695859,0.001,0.9208385727080716
gamma2_skew,42049,HetLDC,0.0,2.1941987747608134,0.001,0.962905050574135
gamma2_skew,42049,HetLDC_cert,0.0,2.196392973535574,0.001,0.9630011779683542
gamma2_skew,42049,LDC_PAC,0.0,2.275401791875125,0.001,0.9663072025356748
gamma2_skew,42049,LDC_cert_pk,0.0,2.202392457417182,,0.9632627927090912
gamma2_skew,42050,CP_PAC,0.0,2.4277508953701235,0.001,0.9718965114651722
gamma2_skew,42050,FH_PAC,-0.0419116475604088,1.9860737197887584,0.001,0.950230571464622
gamma2_skew,42050,FH_normal,-0.0419116475604088,1.6447543143062968,0.001,0.9261224374358984
gamma2_skew,42050,HetLDC,0.0,2.1678759194726323,0.001,0.9617329693659528
gamma2_skew,42050,HetLDC_cert,0.0,2.170043795392105,0.001,0.9618308282945116
gamma2_skew,42050,LDC_PAC,0.0,2.243576454004845,0.001,0.9650112295532268
gamma2_skew,42050,LDC_cert_pk,0.0,2.1794315133147104,,0.9622518252806788
gamma2_skew,42051,CP_PAC,0.0,2.820152033264153,0.003,0.9824738341679928
gamma2_skew,42051,FH_PAC,0.0753880122878811,2.1861126672443296,0.003,0.9657469187825358
gamma2_skew,42051,FH_normal,0.0753880122878811,1.8428533320557776,0.003,0.9487014679283026
gamma2_skew,42051,HetLDC,0.0,2.567183671187196,0.003,0.9762187736033952
gamma2_skew,42051,HetLDC_cert,0.0,2.574885222200757,0.003,0.9764377436943183
gamma2_skew,42051,LDC_PAC,0.0,2.655676440048602,0.003,0.9786201841670936
gamma2_skew,42051,LDC_cert_pk,0.0,2.583417760967718,,0.9766780601335728
gamma2_skew,42052,CP_PAC,0.0,4.174784475546536,0.001,0.9967121850228314
gamma2_skew,42052,FH_PAC,0.1371928646690222,2.5802824787995853,0.001,0.9801559493293168
gamma2_skew,42052,FH_normal,0.1371928646690222,2.226564261296844,0.001,0.9696672722927736
gamma2_skew,42052,HetLDC,0.0,4.031437073502003,0.001,0.9960649789712044
gamma2_skew,42052,HetLDC_cert,0.0,4.035468510575505,0.001,0.9960847862612108
gamma2_skew,42052,LDC_PAC,0.0,4.121630136315607,0.001,0.9964854322829833
gamma2_skew,42052,LDC_cert_pk,0.0,4.042882441487997,,0.9961209568801108
gamma2_skew,42053,CP_PAC,0.0,3.2500339722164973,0.01,0.9896274092256054
gamma2_skew,42053,FH_PAC,0.2551026580790858,2.582805513386828,0.01,0.9828470386578196
gamma2_skew,42053,FH_normal,0.2551026580790858,2.2026326050044727,0.01,0.9728857585414143
gamma2_skew,42053,HetLDC,0.0,3.0589363899408166,0.01,0.9868923745317656
gamma2_skew,42053,HetLDC_cert,0.0,3.0895257538402245,0.01,0.9873731955940364
gamma2_skew,42053,LDC_PAC,0.0,3.157612447782871,0.01,0.988382478003994
gamma2_skew,42053,LDC_cert_pk,0.0,3.075829756304464,,0.9871600792005454
gamma2_skew,42054,CP_PAC,0.0,2.8391120159381247,0.003,0.9828720598429006
gamma2_skew,42054,FH_PAC,-0.1087695979797165,1.7750894153635035,0.003,0.9313143731894932
gamma2_skew,42054,FH_normal,-0.1087695979797165,1.472526210290917,0.003,0.9030518888909678
gamma2_skew,42054,HetLDC,0.0,2.591051186277638,0.003,0.9768910397563204
gamma2_skew,42054,HetLDC_cert,0.0,2.5988243398364705,0.003,0.977105981077338
gamma2_skew,42054,LDC_PAC,0.0,2.673530647444902,0.003,0.979075343506355
gamma2_skew,42054,LDC_cert_pk,0.0,2.6049326769765515,,0.977273526834349
gamma2_skew,42055,CP_PAC,0.0,2.307925813713967,0.001,0.967583800433227
gamma2_skew,42055,FH_PAC,0.270848248745573,1.9917464811162016,0.001,0.9657913377672604
gamma2_skew,42055,FH_normal,0.270848248745573,1.722258080430443,0.001,0.9529998701005749
gamma2_skew,42055,HetLDC,0.0,2.031746526734718,0.001,0.9550813784756172
gamma2_skew,42055,HetLDC_cert,0.0,2.033778273261453,0.001,0.9551883471043886
gamma2_skew,42055,LDC_PAC,0.0,2.1036694774231823,0.001,0.9587229021322188
gamma2_skew,42055,LDC_cert_pk,0.0,2.042494806807123,,0.9556444975494536
gamma2_skew,42056,CP_PAC,0.0,2.507029596019796,0.001,0.9744393506698872
gamma2_skew,42056,FH_PAC,0.0326904556604595,1.9908051826187168,0.001,0.9546444619719442
gamma2_skew,42056,FH_normal,0.0326904556604595,1.6296199329409395,0.001,0.9309969274981726
gamma2_skew,42056,HetLDC,0.0,2.2613838223173817,0.001,0.9657421710399868
gamma2_skew,42056,HetLDC_cert,0.0,2.263645206139699,0.001,0.9658339354190252
gamma2_skew,42056,LDC_PAC,0.0,2.346631747921572,0.001,0.9690423362990476
gamma2_skew,42056,LDC_cert_pk,0.0,2.2734485294075624,,0.966229012809358
gamma2_skew,42057,CP_PAC,0.0,2.211631741452793,0.001,0.963662206239888
gamma2_skew,42057,FH_PAC,-0.1321329920725094,1.9097764076014407,0.001,0.9395949774073844
gamma2_skew,42057,FH_normal,-0.1321329920725094,1.609337007151602,0.001,0.9147344266734668
gamma2_skew,42057,HetLDC,0.0,1.9359358721462323,0.001,0.9497500757638004
gamma2_skew,42057,HetLDC_cert,0.0,1.9378718080183788,0.001,0.9498635517986594
gamma2_skew,42057,LDC_PAC,0.0,2.0158976350749955,0.001,0.9542385209017836
gamma2_skew,42057,LDC_cert_pk,0.0,1.9467243515475068,,0.9503793362803372
gamma2_skew,42058,CP_PAC,0.0,2.3793475845591048,0.001,0.9702255971444316
gamma2_skew,42058,FH_PAC,0.0014399157355011,2.038705062518696,0.001,0.9555219670873089
gamma2_skew,42058,FH_normal,0.0014399157355011,1.703112147953037,0.001,0.9342726750023832
gamma2_skew,42058,HetLDC,0.0,2.1224004431765784,0.001,0.959623747359878
gamma2_skew,42058,HetLDC_cert,0.0,2.1245228436197547,0.001,0.9597246233510328
gamma2_skew,42058,LDC_PAC,0.0,2.1988451231922066,0.001,0.9631083226883518
gamma2_skew,42058,LDC_cert_pk,0.0,2.134794542665921,,0.960209419247818
gamma2_skew,42059,CP_PAC,0.0,2.3609151211122748,0.001,0.969564411592891
gamma2_skew,42059,FH_PAC,-0.0063317424114626,2.130322349118725,0.001,0.9596993493118392
gamma2_skew,42059,FH_normal,-0.0063317424114626,1.7795267884778596,0.001,0.939283126617225
gamma2_skew,42059,HetLDC,0.0,2.083713773006164,0.001,0.9577419445106888
gamma2_skew,42059,HetLDC_cert,0.0,2.0857974867791698,0.001,0.9578454094875029
gamma2_skew,42059,LDC_PAC,0.0,2.167113908630518,0.001,0.9616985146043832
gamma2_skew,42059,LDC_cert_pk,0.0,2.0944831661004226,,0.9582740776863152
gamma2_skew,42060,CP_PAC,0.0,2.135717408290256,0.001,0.9602527005650024
gamma2_skew,42060,FH_PAC,-0.1711311938175538,1.9242761002307711,0.001,0.9378584268986712
gamma2_skew,42060,FH_normal,-0.1711311938175538,1.5923872628686448,0.001,0.9091487527514992
gamma2_skew,42060,HetLDC,0.0,1.84724971448756,0.001,0.9442805592054142
gamma2_skew,42060,HetLDC_cert,0.0,1.849096964202047,0.001,0.944400062963172
gamma2_skew,42060,LDC_PAC,0.0,1.918080453850036,0.001,0.9486918380836448
gamma2_skew,42060,LDC_cert_pk,0.0,1.855120039309233,,0.9447880181195096
gamma2_skew,42061,CP_PAC,0.0,2.033063255541168,0.001,0.9551507302726776
gamma2_skew,42061,FH_PAC,-0.1579942118226856,1.6832737250199643,0.001,0.9192746152648598
gamma2_skew,42061,FH_normal,-0.1579942118226856,1.3730111728758856,0.001,0.885461730990738
gamma2_skew,42061,HetLDC,0.0,1.6811233984626406,0.001,0.9324744996717096
gamma2_skew,42061,HetLDC_cert,0.0,1.6828045218611032,0.001,0.9326050654171664
gamma2_skew,42061,LDC_PAC,0.0,1.7509016782020723,0.001,0.9376970685992256
gamma2_skew,42061,LDC_cert_pk,0.0,1.6904728167986809,,0.9331975999288938
gamma2_skew,42062,CP_PAC,0.0,2.429786342986453,0.001,0.971964754104884
gamma2_skew,42062,FH_PAC,0.1232951576719096,1.7388823204058632,0.001,0.9452393151238806
gamma2_skew,42062,FH_normal,0.1232951576719096,1.4151720499836475,0.001,0.9071326058376772
gamma2_skew,42062,HetLDC,0.0,2.1642137328485784,0.001,0.9615671086216576
gamma2_skew,42062,HetLDC_cert,0.0,2.166377946581427,0.001,0.9616652093536924
gamma2_skew,42062,LDC_PAC,0.0,2.245457488156276,0.001,0.9650891442224524
gamma2_skew,42062,LDC_cert_pk,0.0,2.175178373700272,,0.9620616470419308
gamma2_skew,42063,CP_PAC,0.0,2.067870188217728,0.001,0.9569472405035272
gamma2_skew,42063,FH_PAC,-0.2219167286512194,1.6784859801969083,0.001,0.9127129592153188
gamma2_skew,42063,FH_normal,-0.2219167286512194,1.3588976125823589,0.001,0.8750890545814634
gamma2_skew,42063,HetLDC,0.0,1.7405863634215135,0.001,0.9369499374371
gamma2_skew,42063,HetLDC_cert,0.0,1.742326949784935,0.001,0.9370766009325622
gamma2_skew,42063,LDC_PAC,0.0,1.8125946617642776,0.001,0.9419927484132212
gamma2_skew,42063,LDC_cert_pk,0.0,1.7495391255408483,,0.9375988641806297
gamma2_skew,42064,CP_PAC,0.0,3.334194441900151,0.01,0.9906470401543238
gamma2_skew,42064,FH_PAC,0.1474490854625395,2.3033334518597512,0.01,0.9726594153738491
gamma2_skew,42064,FH_normal,0.1474490854625395,1.9161798836184167,0.01,0.9567320842034712
gamma2_skew,42064,HetLDC,0.0,3.135938623857161,0.01,0.9880700538925444
gamma2_skew,42064,HetLDC_cert,0.0,3.167298010095733,0.01,0.988519498228208
gamma2_skew,42064,LDC_PAC,0.0,3.239379638204921,0.01,0.9894908236730235
gamma2_skew,42064,LDC_cert_pk,0.0,3.155099897336063,,0.9883466733697548
gamma2_skew,42065,CP_PAC,0.0,2.247905116761584,0.001,0.9651902778667864
gamma2_skew,42065,FH_PAC,-0.1380827302198624,1.629712462368016,0.001,0.9161214007763512
gamma2_skew,42065,FH_normal,-0.1380827302198624,1.332856795863728,0.001,0.8828505008877968
gamma2_skew,42065,HetLDC,0.0,1.9929041442120188,0.001,0.9529887395743304
gamma2_skew,42065,HetLDC_cert,0.0,1.9948970483562307,0.001,0.9530983413348362
gamma2_skew,42065,LDC_PAC,0.0,2.0633805935050686,0.001,0.956719452255151
gamma2_skew,42065,LDC_cert_pk,0.0,2.0044943680044667,,0.9536227399279044
gamma2_skew,42066,CP_PAC,0.0,2.8332864191936484,0.003,0.9827506477494614
gamma2_skew,42066,FH_PAC,0.1047795572206351,2.039570194494773,0.003,0.960655363959894
gamma2_skew,42066,FH_normal,0.1047795572206351,1.7580943643266334,0.003,0.9452836589515272
gamma2_skew,42066,HetLDC,0.0,2.6211062725262795,0.003,0.9777114347195178
gamma2_skew,42066,HetLDC_cert,0.0,2.628969591343858,0.003,0.9779213721891948
gamma2_skew,42066,LDC_PAC,0.0,2.712889094115735,0.003,0.9800457545252232
gamma2_skew,42066,LDC_cert_pk,0.0,2.636437542959189,,0.9781189784616467
gamma2_skew,42067,CP_PAC,0.0,2.7655174075949485,0.003,0.981275327072244
gamma2_skew,42067,FH_PAC,-0.0216667781510014,1.912933138705988,0.003,0.9470625817133232
gamma2_skew,42067,FH_normal,-0.0216667781510014,1.6068185532777195,0.003,0.9246106330437428
gamma2_skew,42067,HetLDC,0.0,2.52600897367575,0.003,0.9750142556997377
gamma2_skew,42067,HetLDC_cert,0.0,2.5335870005967767,0.003,0.9752402889550552
gamma2_skew,42067,LDC_PAC,0.0,2.6193493963592096,0.003,0.977664265287018
gamma2_skew,42067,LDC_cert_pk,0.0,2.543320899089841,,0.9755277239358084
gamma2_skew,42068,CP_PAC,0.0,2.4113994928854527,0.001,0.9713424433200836
gamma2_skew,42068,FH_PAC,0.0374133300189332,1.7933958582896503,0.001,0.943206138899489
gamma2_skew,42068,FH_normal,0.0374133300189332,1.510802735769645,0.001,0.921359561910285
gamma2_skew,42068,HetLDC,0.0,2.130986798875325,0.001,0.960030361446371
gamma2_skew,42068,HetLDC_cert,0.0,2.1331177856742003,0.001,0.9601306654645608
gamma2_skew,42068,LDC_PAC,0.0,2.2134541532499794,0.001,0.9637404942056638
gamma2_skew,42068,LDC_cert_pk,0.0,2.142302699268928,,0.9605602332522516
gamma2_skew,42069,CP_PAC,0.0,2.1730790693261968,0.001,0.9619674379462864
gamma2_skew,42069,FH_PAC,-0.0424155490655642,1.709763603515527,0.001,0.9313955604816504
gamma2_skew,42069,FH_normal,-0.0424155490655642,1.4119911078778276,0.001,0.9036858785618934
gamma2_skew,42069,HetLDC,0.0,1.894429523762672,0.001,0.9472573176129284
gamma2_skew,42069,HetLDC_cert,0.0,1.8963239532864344,0.001,0.9473736181057826
gamma2_skew,42069,LDC_PAC,0.0,1.9664035570901088,0.001,0.9515078174038648
gamma2_skew,42069,LDC_cert_pk,0.0,1.9052828751901931,,0.9479203054018468
gamma2_skew,42070,CP_PAC,0.0,2.422269894978433,0.001,0.971711950592844
gamma2_skew,42070,FH_PAC,0.081066721982177,2.145685047635894,0.001,0.9643068472339722
gamma2_skew,42070,FH_normal,0.081066721982177,1.766769483386017,0.001,0.9443185274395288
gamma2_skew,42070,HetLDC,0.0,2.1567149180881304,0.001,0.961225328576114
gamma2_skew,42070,HetLDC_cert,0.0,2.1588716330062185,0.001,0.9613239250943214
gamma2_skew,42070,LDC_PAC,0.0,2.238511254174566,0.001,0.9648005898160548
gamma2_skew,42070,LDC_cert_pk,0.0,2.1685260874567405,,0.9617623435365248
gamma2_skew,42071,CP_PAC,0.0,2.625440528196792,0.001,0.977827390278881
gamma2_skew,42071,FH_PAC,0.0688961268081718,2.044362760051683,0.001,0.9591864775721194
gamma2_skew,42071,FH_normal,0.0688961268081718,1.69940148708194,0.001,0.9389380243451904
gamma2_skew,42071,HetLDC,0.0,2.3629847003818565,0.001,0.9696393491324438
gamma2_skew,42071,HetLDC_cert,0.0,2.365347685082238,0.001,0.9697246929203024
gamma2_skew,42071,LDC_PAC,0.0,2.4421160192737097,0.001,0.9723747225844748
gamma2_skew,42071,LDC_cert_pk,0.0,2.3754552451811164,,0.9700871411798048
gamma2_skew,42072,CP_PAC,0.0,2.959469672608034,0.003,0.9852022745178534
gamma2_skew,42072,FH_PAC,-0.0531933537127783,2.121748051180803,0.003,0.9569818692602018
gamma2_skew,42072,FH_normal,-0.0531933537127783,1.7660504663395826,0.003,0.9348991218351436
gamma2_skew,42072,HetLDC,0.0,2.7279673417149977,0.003,0.9804058259041272
gamma2_skew,42072,HetLDC_cert,0.0,2.7361512437401423,0.003,0.9805986097733423
gamma2_skew,42072,LDC_PAC,0.0,2.8186663421276394,0.003,0.9824422519571108
gamma2_skew,42072,LDC_cert_pk,0.0,2.74351114250828,,0.980770409201781
gamma2_skew,42073,CP_PAC,0.0,2.7567356317750944,0.003,0.9810753988138412
gamma2_skew,42073,FH_PAC,0.2014363330621092,2.103571055858425,0.003,0.9674711806878996
gamma2_skew,42073,FH_normal,0.2014363330621092,1.778498380062368,0.003,0.9522694629111206
gamma2_skew,42073,HetLDC,0.0,2.5366984732617013,0.003,0.975332522000752
gamma2_skew,42073,HetLDC_cert,0.0,2.544308568681486,0.003,0.9755567079415786
gamma2_skew,42073,LDC_PAC,0.0,2.625577822725528,0.003,0.9778310537863776
gamma2_skew,42073,LDC_cert_pk,0.0,2.5519525036704453,,0.9757799045742008
gamma2_skew,42074,CP_PAC,0.0,2.068807947710959,0.001,0.956994674211483
gamma2_skew,42074,FH_PAC,-0.0426707603515427,1.6911058712139375,0.001,0.9298875969578764
gamma2_skew,42074,FH_normal,-0.0426707603515427,1.3851104750678098,0.001,0.9006958722067733
gamma2_skew,42074,HetLDC,0.0,1.7312696802457603,0.001,0.9362678297284612
gamma2_skew,42074,HetLDC_cert,0.0,1.7330009499260055,0.001,0.9363951099462572
gamma2_skew,42074,LDC_PAC,0.0,1.8134166562304368,0.001,0.942048034679467
gamma2_skew,42074,LDC_cert_pk,0.0,1.741639084953062,,0.9370265735135316
gamma2_skew,42075,CP_PAC,0.0,2.594647803732665,0.001,0.9769907344659144
gamma2_skew,42075,FH_PAC,0.0248282444337773,2.2506260824054523,0.001,0.9663093031171968
gamma2_skew,42075,FH_normal,0.0248282444337773,1.929171630744518,0.001,0.9507994368387072
gamma2_skew,42075,HetLDC,0.0,2.336512413936872,0.001,0.9686672447508228
gamma2_skew,42075,HetLDC_cert,0.0,2.3388489263508085,0.001,0.9687542391093552
gamma2_skew,42075,LDC_PAC,0.0,2.4134734334359065,0.001,0.9714132988149616
gamma2_skew,42075,LDC_cert_pk,0.0,2.347314562465768,,0.969067489464554
gamma2_skew,42076,CP_PAC,0.0,2.5622023225814923,0.001,0.9760760959549104
gamma2_skew,42076,FH_PAC,0.0764166437906651,1.8794863453020056,0.001,0.9509087634887357
gamma2_skew,42076,FH_normal,0.0764166437906651,1.5431894692106176,0.001,0.9275285105928416
gamma2_skew,42076,HetLDC,0.0,2.3076562840088384,0.001,0.9675734152636272
gamma2_skew,42076,HetLDC_cert,0.0,2.309963940292847,0.001,0.9676622271706298
gamma2_skew,42076,LDC_PAC,0.0,2.3832934966133634,0.001,0.970365327247725
gamma2_skew,42076,LDC_cert_pk,0.0,2.31989207202106,,0.9680416515666936
gamma2_skew,42077,CP_PAC,0.0,2.6204292295073275,0.001,0.9776932685982058
gamma2_skew,42077,FH_PAC,-0.0293579137746258,2.295799247337151,0.001,0.965947071814414
gamma2_skew,42077,FH_normal,-0.0293579137746258,1.95749340364518,0.001,0.9492903605690086
gamma2_skew,42077,HetLDC,0.0,2.382192074352369,0.001,0.9703263882035326
gamma2_skew,42077,HetLDC_cert,0.0,2.3845742664267213,0.001,0.970410544814881
gamma2_skew,42077,LDC_PAC,0.0,2.467601776618649,0.001,0.9732038523033651
gamma2_skew,42077,LDC_cert_pk,0.0,2.392545998221782,,0.9706904928874034
gamma2_skew,42078,CP_PAC,0.0,2.201123592094558,0.001,0.9632076110783828
gamma2_skew,42078,FH_PAC,-0.2541953883592775,1.6590417530560966,0.001,0.9074464450116702
gamma2_skew,42078,FH_normal,-0.2541953883592775,1.2972113152675036,0.001,0.8614508794045967
gamma2_skew,42078,HetLDC,0.0,1.830512754799337,0.001,0.943186586437005
gamma2_skew,42078,HetLDC_cert,0.0,1.832343267554136,0.001,0.9433072228835392
gamma2_skew,42078,LDC_PAC,0.0,1.912734019713548,0.001,0.9483708521879132
gamma2_skew,42078,LDC_cert_pk,0.0,1.8352035678086127,,0.9434952371083684
gamma2_skew,42079,CP_PAC,0.0,2.113624043814829,0.001,0.9592040310171824
gamma2_skew,42079,FH_PAC,-0.0536511625596851,1.5732609151608066,0.001,0.9187512596625
gamma2_skew,42079,FH_normal,-0.0536511625596851,1.246639681982588,0.001,0.8709524157241825
gamma2_skew,42079,HetLDC,0.0,1.7964804962272576,0.001,0.9408987382804002
gamma2_skew,42079,HetLDC_cert,0.0,1.7982769767234843,0.001,0.9410216690751348
gamma2_skew,42079,LDC_PAC,0.0,1.868289245306541,0.001,0.9456272962394427
gamma2_skew,42079,LDC_cert_pk,0.0,1.807786178064144,,0.9416683288534126
gamma2_skew,42080,CP_PAC,0.0,2.5873765032466207,0.003,0.9767887489727152
gamma2_skew,42080,FH_PAC,0.1055404905620848,2.0787102550646024,0.003,0.962466208742063
gamma2_skew,42080,FH_normal,0.1055404905620848,1.7049228828246834,0.003,0.9418491667985536
gamma2_skew,42080,HetLDC,0.0,2.3760201576985134,0.003,0.9701072743912412
gamma2_skew,42080,HetLDC_cert,0.0,2.383148218171609,0.003,0.9703601939832944
gamma2_skew,42080,LDC_PAC,0.0,2.450623909768449,0.003,0.972654230069058
gamma2_skew,42080,LDC_cert_pk,0.0,2.3868601861122984,,0.9704910837199286
gamma2_skew,42081,CP_PAC,0.0,3.0967247802951,0.01,0.9874838285968076
gamma2_skew,42081,FH_PAC,0.0305257254517596,2.252790086677826,0.01,0.966622222356966
gamma2_skew,42081,FH_normal,0.0305257254517596,1.9163966727522384,0.01,0.95039081707193
gamma2_skew,42081,HetLDC,0.0,2.9065368158729226,0.01,0.984218174927972
gamma2_skew,42081,HetLDC_cert,0.0,2.9356021840316515,0.01,0.9847661709692056
gamma2_skew,42081,LDC_PAC,0.0,2.994782838700402,0.01,0.9858252896652768
gamma2_skew,42081,LDC_cert_pk,0.0,2.926135771689885,,0.9845897580137218
gamma2_skew,42082,CP_PAC,0.0,2.5063440371885424,0.003,0.974418346681422
gamma2_skew,42082,FH_PAC,0.1202102983113422,2.3366718879490187,0.003,0.9728580847644448
gamma2_skew,42082,FH_normal,0.1202102983113422,1.9788806066843745,0.003,0.9584997845691826
gamma2_skew,42082,HetLDC,0.0,2.2649058321205944,0.003,0.9658849873767468
gamma2_skew,42082,HetLDC_cert,0.0,2.271700549616956,0.003,0.9661588924459392
gamma2_skew,42082,LDC_PAC,0.0,2.3459900506232856,0.003,0.9690186798057964
gamma2_skew,42082,LDC_cert_pk,0.0,2.2789777155381485,,0.9664498962794016
gamma2_skew,42083,CP_PAC,0.0,2.135442003237757,0.001,0.9602397891255126
gamma2_skew,42083,FH_PAC,-0.0926470746484193,1.9236241426016905,0.001,0.9432172092326142
gamma2_skew,42083,FH_normal,-0.0926470746484193,1.5489541057250569,0.001,0.9126869836234048
gamma2_skew,42083,HetLDC,0.0,1.8216936302654168,0.001,0.9426019443132344
gamma2_skew,42083,HetLDC_cert,0.0,1.8235153238956825,0.001,0.9427231765526506
gamma2_skew,42083,LDC_PAC,0.0,1.9029100587195595,0.001,0.9477760425578928
gamma2_skew,42083,LDC_cert_pk,0.0,1.833115489776375,,0.9433580414996602
gamma2_skew,42084,CP_PAC,0.0,2.319868117310652,0.001,0.9680407412735578
gamma2_skew,42084,FH_PAC,-0.0345026846845793,2.2246129467759643,0.001,0.9627252926458292
gamma2_skew,42084,FH_normal,-0.0345026846845793,1.861639259554749,0.001,0.9429634441028244
gamma2_skew,42084,HetLDC,0.0,2.014930643252508,0.001,0.9541866082273424
gamma2_skew,42084,HetLDC_cert,0.0,2.01694557389576,0.001,0.9542947155971386
gamma2_skew,42084,LDC_PAC,0.0,2.099231906584084,0.001,0.9585066729283664
gamma2_skew,42084,LDC_cert_pk,0.0,2.02542203399442,,0.9547468348400104
gamma2_skew,42085,CP_PAC,0.0,2.1641671942734853,0.001,0.9615649964468856
gamma2_skew,42085,FH_PAC,0.1401174423016276,1.789593351368238,0.001,0.9493835235974438
gamma2_skew,42085,FH_normal,0.1401174423016276,1.424245960684298,0.001,0.9078136786493228
gamma2_skew,42085,HetLDC,0.0,1.7940215094490746,0.001,0.9407300777611632
gamma2_skew,42085,HetLDC_cert,0.0,1.7958155309585233,0.001,0.940853173789564
gamma2_skew,42085,LDC_PAC,0.0,1.8638101702126733,0.001,0.9453432176670816
gamma2_skew,42085,LDC_cert_pk,0.0,1.8009378328761054,,0.9412033009704456
gamma2_skew,42086,CP_PAC,0.0,2.4985587230660147,0.001,0.9741786475131324
gamma2_skew,42086,FH_PAC,-0.1083125916392202,2.069936193140611,0.001,0.9512359943713122
gamma2_skew,42086,FH_normal,-0.1083125916392202,1.6449285398624998,0.001,0.9203115315155485
gamma2_skew,42086,HetLDC,0.0,2.226332575169043,0.001,0.9642891241632274
gamma2_skew,42086,HetLDC_cert,0.0,2.2285589077442114,0.001,0.964383154156823
gamma2_skew,42086,LDC_PAC,0.0,2.309012646523894,0.001,0.9676256443489648
gamma2_skew,42086,LDC_cert_pk,0.0,2.237913035841794,,0.9647756320623312
gamma2_skew,42087,CP_PAC,0.0,2.8213720382388394,0.003,0.9824997272315744
gamma2_skew,42087,FH_PAC,-0.0634647124700309,2.196824187807453,0.003,0.960142026350001
gamma2_skew,42087,FH_normal,-0.0634647124700309,1.8678105077219864,0.003,0.9414351534627724
gamma2_skew,42087,HetLDC,0.0,2.6194302364486464,0.003,0.977666437841577
gamma2_skew,42087,HetLDC_cert,0.0,2.627288527157992,0.003,0.9778766523035818
gamma2_skew,42087,LDC_PAC,0.0,2.701481001401748,0.003,0.9797690674049704
gamma2_skew,42087,LDC_cert_pk,0.0,2.6324429982059154,,0.978013494784454
gamma2_skew,42088,CP_PAC,0.0,2.319102058596324,0.001,0.968011617404025
gamma2_skew,42088,FH_PAC,-0.0946648196427874,1.5504634806505126,0.001,0.912636603736592
gamma2_skew,42088,FH_normal,-0.0946648196427874,1.2269448658872373,0.001,0.8665750043512768
gamma2_skew,42088,HetLDC,0.0,2.0353492616039603,0.001,0.955270890124832
gamma2_skew,42088,HetLDC_cert,0.0,2.037384610865564,0.001,0.9553776150608276
gamma2_skew,42088,LDC_PAC,0.0,2.113856600896353,0.001,0.9592152064819068
gamma2_skew,42088,LDC_cert_pk,0.0,2.046259783571814,,0.9558401461096728
gamma2_skew,42089,CP_PAC,0.0,2.161098649883802,0.001,0.9614254827229244
gamma2_skew,42089,FH_PAC,-0.1713616075780749,1.686224642643234,0.001,0.9183106507570844
gamma2_skew,42089,FH_normal,-0.1713616075780749,1.376317864000166,0.001,0.8841707725041426
gamma2_skew,42089,HetLDC,0.0,1.86192679704358,0.001,0.9452233454200716
gamma2_skew,42089,HetLDC_cert,0.0,1.863788723840623,0.001,0.9453418540651608
gamma2_skew,42089,LDC_PAC,0.0,1.9408752595701424,0.001,0.9500391164278816
gamma2_skew,42089,LDC_cert_pk,0.0,1.872779658949183,,0.9459106802736964
gamma2_skew,42090,CP_PAC,0.0,2.662055042633237,0.003,0.9787838863833376
gamma2_skew,42090,FH_PAC,0.220799033832823,2.093538290639417,0.003,0.967829897344459
gamma2_skew,42090,FH_normal,0.220799033832823,1.7590869305299452,0.003,0.952266739577854
gamma2_skew,42090,HetLDC,0.0,2.45240007446646,0.003,0.972712236093977
gamma2_skew,42090,HetLDC_cert,0.0,2.459757274689859,0.003,0.972951243615855
gamma2_skew,42090,LDC_PAC,0.0,2.5354018725081406,0.003,0.9752941274946086
gamma2_skew,42090,LDC_cert_pk,0.0,2.4634195832317083,,0.9730694624853716
gamma2_skew,42091,CP_PAC,0.0,2.8940002765245647,0.003,0.9839759329888288
gamma2_skew,42091,FH_PAC,0.0719494300933052,2.295721145653708,0.003,0.9698083629629064
gamma2_skew,42091,FH_normal,0.0719494300933052,1.9296297618181768,0.003,0.9534640507304946
gamma2_skew,42091,HetLDC,0.0,2.697164797323917,0.003,0.9796634161242184
gamma2_skew,42091,HetLDC_cert,0.0,2.7052562917158887,0.003,0.9798610414178128
gamma2_skew,42091,LDC_PAC,0.0,2.785166769249233,0.003,0.9817152664247016
gamma2_skew,42091,LDC_cert_pk,0.0,2.7115326566059617,,0.9800130494516964
gamma2_skew,42092,CP_PAC,0.0,2.727816871033694,0.003,0.9804022639913444
gamma2_skew,42092,FH_PAC,0.0163311500287702,2.080655010463244,0.003,0.9583968308384828
gamma2_skew,42092,FH_normal,0.0163311500287702,1.7400276620497082,0.003,0.9380889154386536
gamma2_skew,42092,HetLDC,0.0,2.53110978823278,0.003,0.97516661863287
gamma2_skew,42092,HetLDC_cert,0.0,2.5387031175974784,0.003,0.9753917692029068
gamma2_skew,42092,LDC_PAC,0.0,2.6119013559802147,0.003,0.9774632200485168
gamma2_skew,42092,LDC_cert_pk,0.0,2.544166679069312,,0.9755525461150868
gamma2_skew,42093,CP_PAC,0.0,2.3741586041546867,0.001,0.9700408800064756
gamma2_skew,42093,FH_PAC,0.059408562755177,2.0561525771003475,0.001,0.959297027967826
gamma2_skew,42093,FH_normal,0.059408562755177,1.728933107035921,0.001,0.9403387486027034
gamma2_skew,42093,HetLDC,0.0,2.142741600726051,0.001,0.9605806484868084
gamma2_skew,42093,HetLDC_cert,0.0,2.144884342326777,0.001,0.960680171159876
gamma2_skew,42093,LDC_PAC,0.0,2.2222617411280687,0.001,0.9641165728856348
gamma2_skew,42093,LDC_cert_pk,0.0,2.152480684755578,,0.9610310531646976
gamma2_skew,42094,CP_PAC,0.0,2.880866968526563,0.003,0.9837182799336948
gamma2_skew,42094,FH_PAC,0.1631498185969689,2.264726068520132,0.003,0.9719007066959348
gamma2_skew,42094,FH_normal,0.1631498185969689,1.935874721292865,0.003,0.9584965420508876
gamma2_skew,42094,HetLDC,0.0,2.664864615226196,0.003,0.9788556057504634
gamma2_skew,42094,HetLDC_cert,0.0,2.672859209071874,0.003,0.9790583978410358
gamma2_skew,42094,LDC_PAC,0.0,2.758447761429729,0.003,0.9811145396337496
gamma2_skew,42094,LDC_cert_pk,0.0,2.680585987451636,,0.9792526028124456
gamma2_skew,42095,CP_PAC,0.0,2.0553747427581586,0.001,0.9563103899781036
gamma2_skew,42095,FH_PAC,0.0554026572302121,1.751895972961245,0.001,0.9416353386306608
gamma2_skew,42095,FH_normal,0.0554026572302121,1.4445375064892196,0.001,0.9162964842478912
gamma2_skew,42095,HetLDC,0.0,1.7141446586423037,0.001,0.9349957322902472
gamma2_skew,42095,HetLDC_cert,0.0,1.715858803300946,0.001,0.935124141275744
gamma2_skew,42095,LDC_PAC,0.0,1.7860810759801362,0.001,0.940182315624359
gamma2_skew,42095,LDC_cert_pk,0.0,1.7235765035544286,,0.9356993090475644
gamma2_skew,42096,CP_PAC,0.0,2.376937799720068,0.001,0.9701399508372532
gamma2_skew,42096,FH_PAC,0.0274067755681086,1.8215128420141296,0.001,0.9443886005219744
gamma2_skew,42096,FH_normal,0.0274067755681086,1.540915646814517,0.001,0.9231453733878874
gamma2_skew,42096,HetLDC,0.0,2.104343952763319,0.001,0.958755672436399
gamma2_skew,42096,HetLDC_cert,0.0,2.1064482967160822,0.001,0.9588577544742626
gamma2_skew,42096,LDC_PAC,0.0,2.181821328373802,0.001,0.9623582828771312
gamma2_skew,42096,LDC_cert_pk,0.0,2.1162576165403864,,0.9593304149637653
gamma2_skew,42097,CP_PAC,0.0,2.516241326967533,0.001,0.9747199642223456
gamma2_skew,42097,FH_PAC,-0.0179697897581532,2.31267726511884,0.001,0.9670706932327866
gamma2_skew,42097,FH_normal,-0.0179697897581532,1.9293489245548583,0.001,0.948289204433173
gamma2_skew,42097,HetLDC,0.0,2.2177634243093465,0.001,0.96392496882255
gamma2_skew,42097,HetLDC_cert,0.0,2.2199811877336555,0.001,0.964019556292249
gamma2_skew,42097,LDC_PAC,0.0,2.2935486253148847,0.001,0.9670253378677812
gamma2_skew,42097,LDC_cert_pk,0.0,2.2284313879412814,,0.9643777747487456
gamma2_skew,42098,CP_PAC,0.0,2.5564987285144314,0.003,0.9759117134691162
gamma2_skew,42098,FH_PAC,0.1888549317217439,2.0463029483075914,0.003,0.9646604665392604
gamma2_skew,42098,FH_normal,0.1888549317217439,1.727412273840984,0.003,0.9485831895611312
gamma2_skew,42098,HetLDC,0.0,2.2969331356108964,0.003,0.9671576331367424
gamma2_skew,42098,HetLDC_cert,0.0,2.303823935017729,0.003,0.967425404732546
gamma2_skew,42098,LDC_PAC,0.0,2.377988162788807,0.003,0.970177311049344
gamma2_skew,42098,LDC_cert_pk,0.0,2.3114362380042035,,0.9677187670990992
gamma2_skew,42099,CP_PAC,0.0,2.958785014306466,0.003,0.985189935624986
gamma2_skew,42099,FH_PAC,0.1654636140060933,2.4141870105615686,0.003,0.9765722540066514
gamma2_skew,42099,FH_normal,0.1654636140060933,1.998812331760569,0.003,0.9615699320095236
gamma2_skew,42099,HetLDC,0.0,2.759956840419557,0.003,0.981148973330661
gamma2_skew,42099,HetLDC_cert,0.0,2.7682367109408155,0.003,0.9813368183694609
gamma2_skew,42099,LDC_PAC,0.0,2.847515173390149,0.003,0.9830457285975986
gamma2_skew,42099,LDC_cert_pk,0.0,2.774551911658095,,0.981478867462269
gamma2_skew,42100,CP_PAC,0.0,2.0726869265086227,0.001,0.9571903487713682
gamma2_skew,42100,FH_PAC,-0.1595533658367073,1.587808343774849,0.001,0.9098658354515524
gamma2_skew,42100,FH_normal,-0.1595533658367073,1.2969346945888944,0.001,0.8751444305857042
gamma2_skew,42100,HetLDC,0.0,1.767362006320281,0.001,0.9388718840603864
gamma2_skew,42100,HetLDC_cert,0.0,1.7691293683266012,0.001,0.9389967658817934
gamma2_skew,42100,LDC_PAC,0.0,1.8469884899939617,0.001,0.9442636401188172
gamma2_skew,42100,LDC_cert_pk,0.0,1.7790747117329666,,0.9396949934476506
gamma2_skew,42101,CP_PAC,0.0,2.5544684838049863,0.001,0.9758529365497214
gamma2_skew,42101,FH_PAC,0.2078040763662875,2.135429628581312,0.001,0.9689168672702057
gamma2_skew,42101,FH_normal,0.2078040763662875,1.770969168626703,0.001,0.95220453745007
gamma2_skew,42101,HetLDC,0.0,2.2831941390706114,0.001,0.9666174006739618
gamma2_skew,42101,HetLDC_cert,0.0,2.2854773332096814,0.001,0.9667077677692376
gamma2_skew,42101,LDC_PAC,0.0,2.360680971714184,0.001,0.9695559220310423
gamma2_skew,42101,LDC_cert_pk,0.0,2.2951333384535206,,0.9670873456595956
gamma2_skew,42102,CP_PAC,0.0,2.1708166750287274,0.001,0.961865658248834
gamma2_skew,42102,FH_PAC,0.0968035384282041,1.742584018217657,0.001,0.94376919085249
gamma2_skew,42102,FH_normal,0.0968035384282041,1.4520595781222914,0.001,0.9181289528741728
gamma2_skew,42102,HetLDC,0.0,1.8435398424601632,0.001,0.944039817351314
gamma2_skew,42102,HetLDC_cert,0.0,1.845383382302623,0.001,0.9441595723847016
gamma2_skew,42102,LDC_PAC,0.0,1.9188433531292617,0.001,0.9487374848973654
gamma2_skew,42102,LDC_cert_pk,0.0,1.8516578857268688,,0.9445653321478358
gamma2_skew,42103,CP_PAC,0.0,2.3738684371138974,0.001,0.9700305180616032
gamma2_skew,42103,FH_PAC,0.0773969762085342,1.7170217474398546,0.001,0.9407573534370764
gamma2_skew,42103,FH_normal,0.0773969762085342,1.448182976093579,0.001,0.9174917743837772
gamma2_skew,42103,HetLDC,0.0,2.0962153651328923,0.001,0.958359066059165
gamma2_skew,42103,HetLDC_cert,0.0,2.098311580498025,0.001,0.9584616923862972
gamma2_skew,42103,LDC_PAC,0.0,2.179003921540757,0.001,0.9622327471170796
gamma2_skew,42103,LDC_cert_pk,0.0,2.106036060310767,,0.958837775940771
gamma2_skew,42104,CP_PAC,0.0,2.7763445016339645,0.003,0.98151899679822
gamma2_skew,42104,FH_PAC,0.3598194687345544,1.920160059350125,0.003,0.966489768122364
gamma2_skew,42104,FH_normal,0.3598194687345544,1.6056456366208665,0.003,0.9272240276085174
gamma2_skew,42104,HetLDC,0.0,2.563456298462629,0.003,0.9761120906773876
gamma2_skew,42104,HetLDC_cert,0.0,2.571146667358017,0.003,0.976331694304473
gamma2_skew,42104,LDC_PAC,0.0,2.6442537571302385,0.003,0.9783239631822342
gamma2_skew,42104,LDC_cert_pk,0.0,2.578396283519417,,0.97653692073161
gamma2_skew,42105,CP_PAC,0.0,3.0490371075887035,0.003,0.9867329825377776
gamma2_skew,42105,FH_PAC,0.2627023607259646,2.128477164650145,0.003,0.9706426879236978
gamma2_skew,42105,FH_normal,0.2627023607259646,1.804541031366673,0.003,0.956915507966434
gamma2_skew,42105,HetLDC,0.0,2.829720794286923,0.003,0.982675923666091
gamma2_skew,42105,HetLDC_cert,0.0,2.838209956669784,0.003,0.9828533144182444
gamma2_skew,42105,LDC_PAC,0.0,2.9194716992593004,0.003,0.984464377415418
gamma2_skew,42105,LDC_cert_pk,0.0,2.845532988243724,,0.983004917588983
gamma2_skew,42106,CP_PAC,0.0,2.1884136006924084,0.001,0.9626504505936312
gamma2_skew,42106,FH_PAC,-0.2296726556574838,1.7683628198089032,0.001,0.9204998912807132
gamma2_skew,42106,FH_normal,-0.2296726556574838,1.4662699535477193,0.001,0.8881859491045455
gamma2_skew,42106,HetLDC,0.0,1.912405245136739,0.001,0.9483510509701072
gamma2_skew,42106,HetLDC_cert,0.0,1.9143176503818755,0.001,0.948466128546657
gamma2_skew,42106,LDC_PAC,0.0,1.994734349084647,0.001,0.9530894026999516
gamma2_skew,42106,LDC_cert_pk,0.0,1.924798949638903,,0.949092497355832
gamma2_skew,42107,CP_PAC,0.0,3.273512475668979,0.01,0.9899223032479976
gamma2_skew,42107,FH_PAC,0.1072960867251486,2.407647266423127,0.01,0.9746806057118376
gamma2_skew,42107,FH_normal,0.1072960867251486,2.0453551899333657,0.01,0.9610388983220978
gamma2_skew,42107,HetLDC,0.0,3.078844872415254,0.01,0.9872072949353744
gamma2_skew,42107,HetLDC_cert,0.0,3.1096333211394063,0.01,0.987679841059704
gamma2_skew,42107,LDC_PAC,0.0,3.1804232908050163,0.01,0.9887026648396644
gamma2_skew,42107,LDC_cert_pk,0.0,3.0982942249312115,,0.9875078216325056
gamma2_skew,42108,CP_PAC,0.0,1.8814695702187576,0.003,0.9464550931439594
gamma2_skew,42108,FH_PAC,-0.1547544082590868,1.5785958283699857,0.003,0.9094142593478696
gamma2_skew,42108,FH_normal,-0.1547544082590868,1.2501382082218797,0.003,0.8691256404720217
gamma2_skew,42108,HetLDC,0.0,1.509229073376304,0.003,0.9177847641124122
gamma2_skew,42108,HetLDC_cert,0.0,1.5137567605964326,0.003,0.9182076391872552
gamma2_skew,42108,LDC_PAC,0.0,1.5742639777881828,0.003,0.9236657226831936
gamma2_skew,42108,LDC_cert_pk,0.0,1.5121373531320446,,0.918056626247576
gamma2_skew,42109,CP_PAC,0.0,2.2797876673740127,0.001,0.966482135658547
gamma2_skew,42109,FH_PAC,0.0376567070333565,2.1311969501106622,0.001,0.9617771347136228
gamma2_skew,42109,FH_normal,0.0376567070333565,1.7073964827468924,0.001,0.9372745053996768
gamma2_skew,42109,HetLDC,0.0,1.967210890643668,0.001,0.9515535850003995
gamma2_skew,42109,HetLDC_cert,0.0,1.969178101534311,0.001,0.951664932946113
gamma2_skew,42109,LDC_PAC,0.0,2.047469457684062,0.001,0.955902831597927
gamma2_skew,42109,LDC_cert_pk,0.0,1.9758222667193204,,0.9520391991048128
gamma2_skew,42110,CP_PAC,0.0,2.174938192933634,0.001,0.962050879982206
gamma2_skew,42110,FH_PAC,0.0255735263519137,1.7722757631447446,0.001,0.9409924250873448
gamma2_skew,42110,FH_normal,0.0255735263519137,1.465889695442524,0.001,0.916105513248261
gamma2_skew,42110,HetLDC,0.0,1.865207073470032,0.001,0.9454319656559932
gamma2_skew,42110,HetLDC_cert,0.0,1.8670722805435016,0.001,0.9455502516977474
gamma2_skew,42110,LDC_PAC,0.0,1.9381054405372,0.001,0.9498772297389126
gamma2_skew,42110,LDC_cert_pk,0.0,1.8766791152240727,,0.9461556265251724
gamma2_skew,42111,CP_PAC,0.0,2.9178364727290185,0.003,0.9844334601938796
gamma2_skew,42111,FH_PAC,0.2877902562173656,2.0380023337709443,0.003,0.9682651149081848
gamma2_skew,42111,FH_normal,0.2877902562173656,1.7185292746379004,0.003,0.9537218298474563
gamma2_skew,42111,HetLDC,0.0,2.7317562027166904,0.003,0.9804953082037878
gamma2_skew,42111,HetLDC_cert,0.0,2.73995147132484,0.003,0.9806875023639396
gamma2_skew,42111,LDC_PAC,0.0,2.821783404927017,0.003,0.9825084495830436
gamma2_skew,42111,LDC_cert_pk,0.0,2.7452477646241897,,0.9808107306158922
gamma2_skew,42112,CP_PAC,0.0,2.155366242601321,0.001,0.96116354976194
gamma2_skew,42112,FH_PAC,0.042373909188317,1.6180955201283953,0.001,0.9308507048585002
gamma2_skew,42112,FH_normal,0.042373909188317,1.2832081694479354,0.001,0.8732246221617967
gamma2_skew,42112,HetLDC,0.0,1.810576983232108,0.001,0.9418568290475638
gamma2_skew,42112,HetLDC_cert,0.0,1.81238756021534,0.001,0.9419788111186368
gamma2_skew,42112,LDC_PAC,0.0,1.8892894572136127,0.001,0.9469405281201174
gamma2_skew,42112,LDC_cert_pk,0.0,1.816469362161241,,0.9422529168928178
gamma2_skew,42113,CP_PAC,0.0,2.6990542113616622,0.003,0.979709730594292
gamma2_skew,42113,FH_PAC,-0.0971400372054623,2.0470530505395805,0.003,0.9505638751111636
gamma2_skew,42113,FH_normal,-0.0971400372054623,1.7185678425672026,0.003,0.9276797757210626
gamma2_skew,42113,HetLDC,0.0,2.4809460541357606,0.003,0.9736283336551655
gamma2_skew,42113,HetLDC_cert,0.0,2.488388892298168,0.003,0.9738622577801012
gamma2_skew,42113,LDC_PAC,0.0,2.5706407237613824,0.003,0.9763173070330906
gamma2_skew,42113,LDC_cert_pk,0.0,2.494421247227482,,0.9740503776219208
gamma2_skew,42114,CP_PAC,0.0,2.07791084483544,0.001,0.9574525199820698
gamma2_skew,42114,FH_PAC,-0.1528659391655939,1.75405263120867,0.001,0.9259821478722704
gamma2_skew,42114,FH_normal,-0.1528659391655939,1.447333020493548,0.001,0.8951968308359979
gamma2_skew,42114,HetLDC,0.0,1.773720252053557,0.001,0.9393200254713971
gamma2_skew,42114,HetLDC_cert,0.0,1.7754939723056105,0.001,0.939444482373932
gamma2_skew,42114,LDC_PAC,0.0,1.8516435668890296,0.001,0.9445644093840032
gamma2_skew,42114,LDC_cert_pk,0.0,1.7837535449512891,,0.9400208429910012
gamma2_skew,42115,CP_PAC,0.0,2.657311550683904,0.003,0.978662264482706
gamma2_skew,42115,FH_PAC,-0.0005026998738415,1.986657550601548,0.003,0.952615732033263
gamma2_skew,42115,FH_normal,-0.0005026998738415,1.6816263557026137,0.003,0.9324745196785852
gamma2_skew,42115,HetLDC,0.0,2.440828113963134,0.003,0.9723321714893384
gamma2_skew,42115,HetLDC_cert,0.0,2.448150598305023,0.003,0.9725732580511244
gamma2_skew,42115,LDC_PAC,0.0,2.5168626265402616,0.003,0.9747387829558212
gamma2_skew,42115,LDC_cert_pk,0.0,2.449823528263528,,0.9726280522572792
gamma2_skew,42116,CP_PAC,0.0,2.1957874145908614,0.001,0.9629746725154592
gamma2_skew,42116,FH_PAC,0.0122043641176485,1.7073569500860737,0.001,0.9354006805434368
gamma2_skew,42116,FH_normal,0.0122043641176485,1.377462127004744,0.001,0.9035562758426368
gamma2_skew,42116,HetLDC,0.0,1.9247556700702804,0.001,0.9490899259563426
gamma2_skew,42116,HetLDC_cert,0.0,1.9266804257403505,0.001,0.9492041629774772
gamma2_skew,42116,LDC_PAC,0.0,2.0014555647919283,0.001,0.953457309546322
gamma2_skew,42116,LDC_cert_pk,0.0,1.9328060375886524,,0.9495660994237608
gamma2_skew,42117,CP_PAC,0.0,2.387488148890652,0.001,0.970513171404732
gamma2_skew,42117,FH_PAC,0.0979330500729508,1.829328090462729,0.001,0.9492385811284592
gamma2_skew,42117,FH_normal,0.0979330500729508,1.508887446701265,0.001,0.926447812400722
gamma2_skew,42117,HetLDC,0.0,2.145997499830911,0.001,0.9607317780366432
gamma2_skew,42117,HetLDC_cert,0.0,2.148143497330741,0.001,0.9608310846454452
gamma2_skew,42117,LDC_PAC,0.0,2.220778947994881,0.001,0.964053522326962
gamma2_skew,42117,LDC_cert_pk,0.0,2.1588636701749424,,0.9613235615084584
gamma2_skew,42118,CP_PAC,0.0,2.561044915185989,0.001,0.976042826573215
gamma2_skew,42118,FH_PAC,0.0170326173257772,2.170704081165729,0.001,0.9626205512104308
gamma2_skew,42118,FH_normal,0.0170326173257772,1.8371709346761664,0.001,0.9447291527142032
gamma2_skew,42118,HetLDC,0.0,2.34318499137335,0.001,0.9689150650131656
gamma2_skew,42118,HetLDC_cert,0.0,2.345528176364723,0.001,0.9690016417875248
gamma2_skew,42118,LDC_PAC,0.0,2.425684045314016,0.001,0.9718270517841
gamma2_skew,42118,LDC_cert_pk,0.0,2.3532337379691604,,0.9692847122865688
gamma2_skew,42119,CP_PAC,0.0,2.346543098378108,0.001,0.969039069226733
gamma2_skew,42119,FH_PAC,0.0730390745011746,1.9864717294927696,0.001,0.956522184291399
gamma2_skew,42119,FH_normal,0.0730390745011746,1.7033102745001123,0.001,0.9395044149365356
gamma2_skew,42119,HetLDC,0.0,2.0398723289852154,0.001,0.9555077289679094
gamma2_skew,42119,HetLDC_cert,0.0,2.0419122013142004,0.001,0.9556141481084172
gamma2_skew,42119,LDC_PAC,0.0,2.123369904320458,0.001,0.9596698551281012
gamma2_skew,42119,LDC_cert_pk,0.0,2.046746666658471,,0.955865386722901
gamma2_skew,42120,CP_PAC,0.0,2.361232449638816,0.001,0.9695759133373244
gamma2_skew,42120,FH_PAC,-0.0078503802258185,1.9168294915711968,0.001,0.9481442720909644
gamma2_skew,42120,FH_normal,-0.0078503802258185,1.6009727456337506,0.001,0.9252953552101404
gamma2_skew,42120,HetLDC,0.0,2.078469115471273,0.001,0.957480446502474
gamma2_skew,42120,HetLDC_cert,0.0,2.0805475845867445,0.001,0.9575842638416846
gamma2_skew,42120,LDC_PAC,0.0,2.1522583628513305,0.001,0.9610208267772876
gamma2_skew,42120,LDC_cert_pk,0.0,2.0901066506763737,,0.9580586069247342
gamma2_skew,42121,CP_PAC,0.0,2.588763004040868,0.003,0.976827395905121
gamma2_skew,42121,FH_PAC,-0.1390351963393812,1.8784932218845447,0.003,0.9368676982917036
gamma2_skew,42121,FH_normal,-0.1390351963393812,1.5387928239840345,0.003,0.9069125072866993
gamma2_skew,42121,HetLDC,0.0,2.342148224400669,0.003,0.9688766838157712
gamma2_skew,42121,HetLDC_cert,0.0,2.34917466907387,0.003,0.9691359111335704
gamma2_skew,42121,LDC_PAC,0.0,2.4231359146185163,0.003,0.9717411896252393
gamma2_skew,42121,LDC_cert_pk,0.0,2.3536722588096124,,0.969300746507391
gamma2_skew,42122,CP_PAC,0.0,2.099806499523427,0.001,0.958534732209696
gamma2_skew,42122,FH_PAC,-0.0052003395507704,1.8183230103433712,0.001,0.9420282673704063
gamma2_skew,42122,FH_normal,-0.0052003395507704,1.450588112479288,0.001,0.9115988523455388
gamma2_skew,42122,HetLDC,0.0,1.7565957889867678,0.001,0.9381058782837176
gamma2_skew,42122,HetLDC_cert,0.0,1.7583523847757545,0.001,0.9382314780591126
gamma2_skew,42122,LDC_PAC,0.0,1.824691417092193,0.001,0.9428013150315812
gamma2_skew,42122,LDC_cert_pk,0.0,1.7596555440485455,,0.93832449976543
gamma2_skew,42123,CP_PAC,0.0,2.4564230542503003,0.001,0.9728431792414924
gamma2_skew,42123,FH_PAC,0.1474100684979418,2.073532836719292,0.001,0.9640604992688568
gamma2_skew,42123,FH_normal,0.1474100684979418,1.7386170682478517,0.001,0.9467385257800678
gamma2_skew,42123,HetLDC,0.0,2.206801052958076,0.001,0.963453899868173
gamma2_skew,42123,HetLDC_cert,0.0,2.209007854011033,0.001,0.9635492024789782
gamma2_skew,42123,LDC_PAC,0.0,2.28490039156136,0.001,0.9666849551342708
gamma2_skew,42123,LDC_cert_pk,0.0,2.218287855792961,,0.9639473573656322
gamma2_skew,42124,CP_PAC,0.0,2.2286578272028343,0.001,0.9643873265242752
gamma2_skew,42124,FH_PAC,-0.119098753490483,1.7488553728180998,0.001,0.9283675671840036
gamma2_skew,42124,FH_normal,-0.119098753490483,1.3784924505088614,0.001,0.8909982252328279
gamma2_skew,42124,HetLDC,0.0,1.932594167359794,0.001,0.9495536221477326
gamma2_skew,42124,HetLDC_cert,0.0,1.9345267615271533,0.001,0.9496673256372378
gamma2_skew,42124,LDC_PAC,0.0,2.00154992420078,0.001,0.953462454894646
gamma2_skew,42124,LDC_cert_pk,0.0,1.940862033089156,,0.9500383445727136
gamma2_skew,42125,CP_PAC,0.0,2.677772962436875,0.003,0.9791821033148648
gamma2_skew,42125,FH_PAC,0.1045533416402322,2.025223874712536,0.003,0.959973319508418
gamma2_skew,42125,FH_normal,0.1045533416402322,1.7446431789168055,0.003,0.9444064966006188
gamma2_skew,42125,HetLDC,0.0,2.436159641239104,0.003,0.9721773983223452
gamma2_skew,42125,HetLDC_cert,0.0,2.443468120162821,0.003,0.9724193265878772
gamma2_skew,42125,LDC_PAC,0.0,2.521601135067838,0.003,0.9748818638179386
gamma2_skew,42125,LDC_cert_pk,0.0,2.4497887168273107,,0.9726269131417528
gamma2_skew,42126,CP_PAC,0.0,2.4792091025236807,0.001,0.9735734515922116
gamma2_skew,42126,FH_PAC,-0.0641023371951995,1.8677252510328248,0.001,0.9413860467960508
gamma2_skew,42126,FH_normal,-0.0641023371951995,1.571597275767032,0.001,0.9176222555858132
gamma2_skew,42126,HetLDC,0.0,2.21491558660911,0.001,0.963803157844098
gamma2_skew,42126,HetLDC_cert,0.0,2.217130502195719,0.001,0.963897930884526
gamma2_skew,42126,LDC_PAC,0.0,2.291130930106654,0.001,0.9669305196201196
gamma2_skew,42126,LDC_cert_pk,0.0,2.2276597080733898,,0.964345204837693
gamma2_skew,42127,CP_PAC,0.0,2.110781605276544,0.001,0.9590672007169884
gamma2_skew,42127,FH_PAC,-0.0915110950534828,1.817959331482229,0.001,0.9359120890620096
gamma2_skew,42127,FH_normal,-0.0915110950534828,1.515452509451121,0.001,0.9094245137823868
gamma2_skew,42127,HetLDC,0.0,1.8115082137673488,0.001,0.9419195983074168
gamma2_skew,42127,HetLDC_cert,0.0,1.813319721981116,0.001,0.942041517619336
gamma2_skew,42127,LDC_PAC,0.0,1.8809349738138248,0.001,0.9464217527441868
gamma2_skew,42127,LDC_cert_pk,0.0,1.81669575624408,,0.9422680838210742
gamma2_skew,42128,CP_PAC,0.0,2.289353057211552,0.001,0.9668606266355552
gamma2_skew,42128,FH_PAC,-0.0842990960903913,1.8146780696065,0.001,0.9362022521960736
gamma2_skew,42128,FH_normal,-0.0842990960903913,1.4877663421949667,0.001,0.9073020246293076
gamma2_skew,42128,HetLDC,0.0,1.9784212527672267,0.001,0.9521848445939218
gamma2_skew,42128,HetLDC_cert,0.0,1.9803996740199936,0.001,0.95229543032766
gamma2_skew,42128,LDC_PAC,0.0,2.0560601013757887,0.001,0.9563455531991688
gamma2_skew,42128,LDC_cert_pk,0.0,1.9889865178780968,,0.9527725709297878
gamma2_skew,42129,CP_PAC,0.0,2.609917928079473,0.003,0.9774093862778772
gamma2_skew,42129,FH_PAC,-0.0784563982263173,2.110268595984341,0.003,0.9550848397855768
gamma2_skew,42129,FH_normal,-0.0784563982263173,1.7832167541754815,0.003,0.9342884560882794
gamma2_skew,42129,HetLDC,0.0,2.3765512656154573,0.003,0.9701261908938084
gamma2_skew,42129,HetLDC_cert,0.0,2.383680919412303,0.003,0.9703790122386132
gamma2_skew,42129,LDC_PAC,0.0,2.4577035104163505,0.003,0.9728847289750872
gamma2_skew,42129,LDC_cert_pk,0.0,2.3908200385236458,,0.9706300990607252
gamma2_skew,42130,CP_PAC,0.0,2.223121933201652,0.001,0.9641531007412816
gamma2_skew,42130,FH_PAC,-0.0527302313981163,1.7864021038478135,0.001,0.9364443701914772
gamma2_skew,42130,FH_normal,-0.0527302313981163,1.4810078374309477,0.001,0.9098681452095156
gamma2_skew,42130,HetLDC,0.0,1.9466752065417785,0.001,0.9503764869444512
gamma2_skew,42130,HetLDC_cert,0.0,1.94862188174832,0.001,0.9504892320503238
gamma2_skew,42130,LDC_PAC,0.0,2.0116869832298594,0.001,0.9540120611769274
gamma2_skew,42130,LDC_cert_pk,0.0,1.9532980236550996,,0.950759059426943
gamma2_skew,42131,CP_PAC,0.0,2.6534805621120023,0.003,0.9785635456138602
gamma2_skew,42131,FH_PAC,0.0806801516041894,1.9150934248812463,0.003,0.953146469412498
gamma2_skew,42131,FH_normal,0.0806801516041894,1.6124016964759955,0.003,0.9333980730362056
gamma2_skew,42131,HetLDC,0.0,2.413348556942424,0.003,0.9714090372425286
gamma2_skew,42131,HetLDC_cert,0.0,2.4205886026132504,0.003,0.9716551024060732
gamma2_skew,42131,LDC_PAC,0.0,2.498725504798953,0.003,0.9741838051940588
gamma2_skew,42131,LDC_cert_pk,0.0,2.427491162896279,,0.9718877918529616
gamma2_skew,42132,CP_PAC,0.0,2.8010167062900724,0.003,0.9820628051299228
gamma2_skew,42132,FH_PAC,0.0159606090760942,2.354845739981548,0.003,0.969920958991757
gamma2_skew,42132,FH_normal,0.0159606090760942,2.0160034448500723,0.003,0.9550928426609142
gamma2_skew,42132,HetLDC,0.0,2.59668650908328,0.003,0.977047060196494
gamma2_skew,42132,HetLDC_cert,0.0,2.60447656861053,0.003,0.9772610573828562
gamma2_skew,42132,LDC_PAC,0.0,2.681990646428518,0.003,0.9792877193468718
gamma2_skew,42132,LDC_cert_pk,0.0,2.610859177142612,,0.9774349489756504
gamma2_skew,42133,CP_PAC,0.0,2.230765846648889,0.001,0.964476129870205
gamma2_skew,42133,FH_PAC,-0.2043082599872519,1.5928951044324338,0.001,0.905730272357786
gamma2_skew,42133,FH_normal,-0.2043082599872519,1.2951305464878138,0.001,0.8685519918663993
gamma2_skew,42133,HetLDC,0.0,1.900859459204342,0.001,0.9476510627078588
gamma2_skew,42133,HetLDC_cert,0.0,1.9027603186635464,0.001,0.947766925855683
gamma2_skew,42133,LDC_PAC,0.0,1.9718340412938573,0.001,0.9518148760655116
gamma2_skew,42133,LDC_cert_pk,0.0,1.9098298532762816,,0.9481956909129012
gamma2_skew,42134,CP_PAC,0.0,2.157418011185928,0.001,0.961257497727153
gamma2_skew,42134,FH_PAC,-0.032316466263896,1.7628781374313296,0.001,0.9362157083771812
gamma2_skew,42134,FH_normal,-0.032316466263896,1.4320425287811454,0.001,0.9069091863152696
gamma2_skew,42134,HetLDC,0.0,1.841618855724652,0.001,0.9439147710788232
gamma2_skew,42134,HetLDC_cert,0.0,1.843460474580376,0.001,0.9440346561795444
gamma2_skew,42134,LDC_PAC,0.0,1.9224930614476448,0.001,0.9489553230897162
gamma2_skew,42134,LDC_cert_pk,0.0,1.850001765225744,,0.9444585079129296
gamma2_skew,42135,CP_PAC,0.0,2.3256694253231114,0.001,0.9682604658724008
gamma2_skew,42135,FH_PAC,0.0216145569240598,1.9708120049707365,0.001,0.9529624380746564
gamma2_skew,42135,FH_normal,0.0216145569240598,1.6406246470880526,0.001,0.93099127893744
gamma2_skew,42135,HetLDC,0.0,2.0099301003301235,0.001,0.9539172545810096
gamma2_skew,42135,HetLDC_cert,0.0,2.0119400304304538,0.001,0.95402570095761
gamma2_skew,42135,LDC_PAC,0.0,2.08867570658611,0.001,0.9579879254145812
gamma2_skew,42135,LDC_cert_pk,0.0,2.017302623529008,,0.9543138469385928
gamma2_skew,42136,CP_PAC,0.0,2.2716474727908365,0.001,0.966156761072123
gamma2_skew,42136,FH_PAC,-0.1130117931401494,1.6396222108743603,0.001,0.919397005279316
gamma2_skew,42136,FH_normal,-0.1130117931401494,1.2997467222795291,0.001,0.8817961578356336
gamma2_skew,42136,HetLDC,0.0,1.9693145951636088,0.001,0.9516726496634474
gamma2_skew,42136,HetLDC_cert,0.0,1.971283909758772,0.001,0.9517838545422728
gamma2_skew,42136,LDC_PAC,0.0,2.04015877694516,0.001,0.9555226875578376
gamma2_skew,42136,LDC_cert_pk,0.0,1.9800399322832156,,0.952275340437622
gamma2_skew,42137,CP_PAC,0.0,1.9513450005671136,0.001,0.950646535531324
gamma2_skew,42137,FH_PAC,-0.0319527364246432,1.636006413440198,0.001,0.9262248717330254
gamma2_skew,42137,FH_normal,-0.0319527364246432,1.355581591780428,0.001,0.8978783824784873
gamma2_skew,42137,HetLDC,0.0,1.5805615059634373,0.001,0.924213615712769
gamma2_skew,42137,HetLDC_cert,0.0,1.582142067469401,0.001,0.9243505425257498
gamma2_skew,42137,LDC_PAC,0.0,1.6490520202698509,0.001,0.929937275580039
gamma2_skew,42137,LDC_cert_pk,0.0,1.5910035213810534,,0.925113909118774
gamma2_skew,42138,CP_PAC,0.0,2.5939504650188066,0.003,0.9769714375417712
gamma2_skew,42138,FH_PAC,0.114028332005284,2.071696229000788,0.003,0.9625315373386876
gamma2_skew,42138,FH_normal,0.114028332005284,1.7905702662499348,0.003,0.9478787417134824
gamma2_skew,42138,HetLDC,0.0,2.384825820213852,0.003,0.970419418090367
gamma2_skew,42138,HetLDC_cert,0.0,2.3919802976744933,0.003,0.9706707114282644
gamma2_skew,42138,LDC_PAC,0.0,2.4705375211537826,0.003,0.9732978014095764
gamma2_skew,42138,LDC_cert_pk,0.0,2.399128023906496,,0.9709197088325578
gamma2_skew,42139,CP_PAC,0.0,2.6451518695969605,0.003,0.978347397088856
gamma2_skew,42139,FH_PAC,0.0289310311880604,2.33933967698059,0.003,0.96982994330928
gamma2_skew,42139,FH_normal,0.0289310311880604,1.961037810594099,0.003,0.9528268632349984
gamma2_skew,42139,HetLDC,0.0,2.393210571033113,0.003,0.9707137152641474
gamma2_skew,42139,HetLDC_cert,0.0,2.4003902027462125,0.003,0.9709634653891678
gamma2_skew,42139,LDC_PAC,0.0,2.4759170634144017,0.003,0.973469130594896
gamma2_skew,42139,LDC_cert_pk,0.0,2.406374058272164,,0.9711700468163568
gamma2_skew,42140,CP_PAC,0.0,2.587039637830568,0.003,0.9767793498567128
gamma2_skew,42140,FH_PAC,-0.0160944234078053,2.042544695619294,0.003,0.9548013870371193
gamma2_skew,42140,FH_normal,-0.0160944234078053,1.7271841077559902,0.003,0.9347662817307748
gamma2_skew,42140,HetLDC,0.0,2.336747240160656,0.003,0.9686759984824196
gamma2_skew,42140,HetLDC_cert,0.0,2.3437574818811377,0.003,0.9689362390884524
gamma2_skew,42140,LDC_PAC,0.0,2.421522808068516,0.003,0.971686703553972
gamma2_skew,42140,LDC_cert_pk,0.0,2.352562277146881,,0.9692601451129148
gamma2_skew,42141,CP_PAC,0.0,2.332750230332381,0.001,0.968526677895861
gamma2_skew,42141,FH_PAC,-0.0477551857103809,1.77292383078199,0.001,0.9358173608927756
gamma2_skew,42141,FH_normal,-0.0477551857103809,1.4655699962796676,0.001,0.9087942151194642
gamma2_skew,42141,HetLDC,0.0,2.102449808487224,0.001,0.958663579401263
gamma2_skew,42141,HetLDC_cert,0.0,2.104552258295711,0.001,0.958765788197854
gamma2_skew,42141,LDC_PAC,0.0,2.18350264359069,0.001,0.9624330063551017
gamma2_skew,42141,LDC_cert_pk,0.0,2.113567114045359,,0.9592012948254371
gamma2_skew,42142,CP_PAC,0.0,2.262943059841069,0.001,0.9658054684908578
gamma2_skew,42142,FH_PAC,-0.2491275133312284,1.593321255818415,0.001,0.9008917353236656
gamma2_skew,42142,FH_normal,-0.2491275133312284,1.2214841572153308,0.001,0.8503095847401023
gamma2_skew,42142,HetLDC,0.0,1.9499869313241147,0.001,0.9505681452104262
gamma2_skew,42142,HetLDC_cert,0.0,1.9519369182554387,0.001,0.9506806649436458
gamma2_skew,42142,LDC_PAC,0.0,2.032341373633102,0.001,0.9551127216338896
gamma2_skew,42142,LDC_cert_pk,0.0,1.959388655285801,,0.9511083998064452
gamma2_skew,42143,CP_PAC,0.0,2.187866578138872,0.001,0.96262628989567
gamma2_skew,42143,FH_PAC,0.0458626149618418,1.888826837628924,0.001,0.9496768863261806
gamma2_skew,42143,FH_normal,0.0458626149618418,1.559581062801304,0.001,0.926342280623132
gamma2_skew,42143,HetLDC,0.0,1.870624940505902,0.001,0.9457748750908748
gamma2_skew,42143,HetLDC_cert,0.0,1.872495565446408,0.001,0.9458927933287956
gamma2_skew,42143,LDC_PAC,0.0,1.9496260316901075,0.001,0.950547293395012
gamma2_skew,42143,LDC_cert_pk,0.0,1.881265976113209,,0.9464423982193436
gamma2_skew,42144,CP_PAC,0.0,2.376330065542374,0.003,0.9701183138019092
gamma2_skew,42144,FH_PAC,-0.0404476324265769,1.6700037937505243,0.003,0.9283510863274822
gamma2_skew,42144,FH_normal,-0.0404476324265769,1.380717355231222,0.003,0.9004530601416669
gamma2_skew,42144,HetLDC,0.0,2.152282541009144,0.003,0.9610219390517832
gamma2_skew,42144,HetLDC_cert,0.0,2.158739388632171,0.003,0.9613178863409436
gamma2_skew,42144,LDC_PAC,0.0,2.22429427406658,0.003,0.964202826317242
gamma2_skew,42144,LDC_cert_pk,0.0,2.1649929967093486,,0.9616024593063064
gamma2_skew,42145,CP_PAC,0.0,2.6094892333023925,0.003,0.9773977343689249
gamma2_skew,42145,FH_PAC,-0.0569164277208191,2.0298788499737928,0.003,0.9518784449407915
gamma2_skew,42145,FH_normal,-0.0569164277208191,1.736003966021477,0.003,0.932316062047042
gamma2_skew,42145,HetLDC,0.0,2.393107793117496,0.003,0.97071012502472
gamma2_skew,42145,HetLDC_cert,0.0,2.400287116496848,0.003,0.9709598940344752
gamma2_skew,42145,LDC_PAC,0.0,2.4715678987537912,0.003,0.9733306997797286
gamma2_skew,42145,LDC_cert_pk,0.0,2.4053621607061406,,0.9711352129406756
gamma2_skew,42146,CP_PAC,0.0,2.724667749959265,0.003,0.9803275741985786
gamma2_skew,42146,FH_PAC,-0.0360358819175735,1.9776903263377503,0.003,0.9500845670630136
gamma2_skew,42146,FH_normal,-0.0360358819175735,1.6407161803031658,0.003,0.9262778223027665
gamma2_skew,42146,HetLDC,0.0,2.4930201745238545,0.003,0.974006802081672
gamma2_skew,42146,HetLDC_cert,0.0,2.500499235047426,0.003,0.9742385957105152
gamma2_skew,42146,LDC_PAC,0.0,2.5806587969886707,0.003,0.9766006156422916
gamma2_skew,42146,LDC_cert_pk,0.0,2.5088223524972104,,0.9744941978830192
gamma2_skew,42147,CP_PAC,0.0,2.68585452485662,0.001,0.979384019246721
gamma2_skew,42147,FH_PAC,0.1846810364174251,2.198704508656136,0.001,0.9703685792413144
gamma2_skew,42147,FH_normal,0.1846810364174251,1.8224411576281176,0.001,0.9537653430446814
gamma2_skew,42147,HetLDC,0.0,2.409974911686964,0.001,0.9712936747315604
gamma2_skew,42147,HetLDC_cert,0.0,2.41238488659865,0.001,0.9713761300964282
gamma2_skew,42147,LDC_PAC,0.0,2.49831153672946,0.001,0.9741710015076738
gamma2_skew,42147,LDC_cert_pk,0.0,2.4231781117911666,,0.9717426135632424
gamma2_skew,42148,CP_PAC,0.0,2.4854072647251506,0.001,0.9737687888758192
gamma2_skew,42148,FH_PAC,0.069543387594572,2.077346704697147,0.001,0.9607731123331076
gamma2_skew,42148,FH_normal,0.069543387594572,1.7285300476053127,0.001,0.9410077532279648
gamma2_skew,42148,HetLDC,0.0,2.202183986476686,0.001,0.9632537319928782
gamma2_skew,42148,HetLDC_cert,0.0,2.204386170463162,0.001,0.9633493364516472
gamma2_skew,42148,LDC_PAC,0.0,2.281386824893424,0.001,0.9665457010245416
gamma2_skew,42148,LDC_cert_pk,0.0,2.2133385690331697,,0.9637355337110778
gamma2_skew,42149,CP_PAC,0.0,2.1490612163232785,0.001,0.96087347865575
gamma2_skew,42149,FH_PAC,0.1834702775221001,1.888363171227757,0.001,0.9571473685914982
gamma2_skew,42149,FH_normal,0.1834702775221001,1.5977620859318382,0.001,0.9398454681292234
gamma2_skew,42149,HetLDC,0.0,1.8812989411454293,0.001,0.9464444539186336
gamma2_skew,42149,HetLDC_cert,0.0,1.8831802400865745,0.001,0.9465616470681256
gamma2_skew,42149,LDC_PAC,0.0,1.9588647343122616,0.001,0.9510784426591063
gamma2_skew,42149,LDC_cert_pk,0.0,1.8932441322856144,,0.9471844208021754
laplace,41000,CP_PAC,0.0,2.573623881542193,0.001,0.9737385658396552
laplace,41000,FH_PAC,0.0904616161632898,2.018512033267492,0.001,0.9419497355024602
laplace,41000,FH_normal,0.0904616161632898,1.6778167807984945,0.001,0.9060159477289426
laplace,41000,HetLDC,0.0,2.3035829958636374,0.001,0.9615254507529614
laplace,41000,HetLDC_cert,0.0,2.305886578859501,0.001,0.961650587592217
laplace,41000,LDC_PAC,0.0,2.39391753162899,0.001,0.9661396525321552
laplace,41000,LDC_cert_pk,0.0,2.3159309901850023,,0.9621914879742144
laplace,41001,CP_PAC,0.0,2.9440791129512323,0.003,0.9844478534834658
laplace,41001,FH_PAC,0.2064322477954278,1.914496961243528,0.003,0.9304344085073102
laplace,41001,FH_normal,0.2064322477954278,1.5729398938486396,0.003,0.8872351466172012
laplace,41001,HetLDC,0.0,2.718746193890277,0.003,0.978611197467706
laplace,41001,HetLDC_cert,0.0,2.726902432471948,0.003,0.9788564926830758
laplace,41001,LDC_PAC,0.0,2.818973776753714,0.003,0.9814378542552492
laplace,41001,LDC_cert_pk,0.0,2.7375510909143475,,0.9791725172940058
laplace,41002,CP_PAC,0.0,2.27591117880945,0.001,0.9599899439745928
laplace,41002,FH_PAC,0.0985448311911867,1.7756360934881907,0.001,0.9180338428579368
laplace,41002,FH_normal,0.0985448311911867,1.4773579419787428,0.001,0.8750222837366229
laplace,41002,HetLDC,0.0,2.024829243365226,0.001,0.9429336685142232
laplace,41002,HetLDC_cert,0.0,2.026854072608592,0.001,0.9430968465478696
laplace,41002,LDC_PAC,0.0,2.103255627223166,0.001,0.9489246166744596
laplace,41002,LDC_cert_pk,0.0,2.0340468493747945,,0.9436727384058288
laplace,41003,CP_PAC,0.0,2.9783600553979985,0.003,0.9851838456593808
laplace,41003,FH_PAC,-0.1110393994229224,2.188582162642366,0.003,0.9541712278411862
laplace,41003,FH_normal,-0.1110393994229224,1.7943112599213102,0.003,0.9199624927979272
laplace,41003,HetLDC,0.0,2.7505034261611896,0.003,0.9795505491188392
laplace,41003,HetLDC_cert,0.0,2.758754936439673,0.003,0.9797877949446674
laplace,41003,LDC_PAC,0.0,2.836657973078552,0.003,0.9818963223694556
laplace,41003,LDC_cert_pk,0.0,2.7661202006532184,,0.979997233758512
laplace,41004,CP_PAC,0.0,2.6398610880049884,0.003,0.9760868641395644
laplace,41004,FH_PAC,0.0035759814858883,2.039545473534996,0.003,0.9441083387266732
laplace,41004,FH_normal,0.0035759814858883,1.7068994240349855,0.003,0.9105349763677912
laplace,41004,HetLDC,0.0,2.422953402906609,0.003,0.9675018970912485
laplace,41004,HetLDC_cert,0.0,2.4302222631153287,0.003,0.9678342573002748
laplace,41004,LDC_PAC,0.0,2.5003344865406096,0.003,0.9708705893907684
laplace,41004,LDC_cert_pk,0.0,2.436718241157545,,0.9681284011622746
laplace,41005,CP_PAC,0.0,2.68584291964402,0.003,0.977592408770626
laplace,41005,FH_PAC,0.0626223272715622,2.025563687164676,0.003,0.9427692076399508
laplace,41005,FH_normal,0.0626223272715622,1.725566070857611,0.003,0.912525022663071
laplace,41005,HetLDC,0.0,2.452520111378752,0.003,0.9688327434097276
laplace,41005,HetLDC_cert,0.0,2.459877671712887,0.003,0.96915536238944
laplace,41005,LDC_PAC,0.0,2.5292004399898524,0.003,0.972035783386137
laplace,41005,LDC_cert_pk,0.0,2.4652397388384157,,0.9693883760089256
laplace,41006,CP_PAC,0.0,2.2937011178406377,0.001,0.9609839909602328
laplace,41006,FH_PAC,0.0617898918172715,1.7401103686531216,0.001,0.9143147467080448
laplace,41006,FH_normal,0.0617898918172715,1.436046457907047,0.001,0.8682782104282811
laplace,41006,HetLDC,0.0,2.029535118116216,0.001,0.9433121903859548
laplace,41006,HetLDC_cert,0.0,2.031564653234332,0.001,0.9434746622408444
laplace,41006,LDC_PAC,0.0,2.1054173232504905,0.001,0.949080520791982
laplace,41006,LDC_cert_pk,0.0,2.0425023999339875,,0.9443422860362608
laplace,41007,CP_PAC,0.0,2.720767920824053,0.003,0.9786722639996184
laplace,41007,FH_PAC,0.0515007737718699,2.155038578081937,0.003,0.952405344168762
laplace,41007,FH_normal,0.0515007737718699,1.7980762598838764,0.003,0.9211504635795374
laplace,41007,HetLDC,0.0,2.46186003323186,0.003,0.9692417136938644
laplace,41007,HetLDC_cert,0.0,2.4692456133315552,0.003,0.9695613055197112
laplace,41007,LDC_PAC,0.0,2.546695257155581,0.003,0.9727191686537152
laplace,41007,LDC_cert_pk,0.0,2.47922474946278,,0.969987858569997
laplace,41008,CP_PAC,0.0,2.8805002529356667,0.003,0.982984703138262
laplace,41008,FH_PAC,-0.1552343492222802,2.6808363161698923,0.003,0.9768871950497302
laplace,41008,FH_normal,-0.1552343492222802,2.2893198797746885,0.003,0.9597916516268205
laplace,41008,HetLDC,0.0,2.667263513670411,0.003,0.9769958405892036
laplace,41008,HetLDC_cert,0.0,2.675265304211422,0.003,0.9772546938093392
laplace,41008,LDC_PAC,0.0,2.758096629006108,0.003,0.9797689688763848
laplace,41008,LDC_cert_pk,0.0,2.6838427933693003,,0.9775289368039946
laplace,41009,CP_PAC,0.0,2.634865733569624,0.001,0.9759173317136428
laplace,41009,FH_PAC,0.267308156183415,2.191890903273912,0.001,0.951683777260298
laplace,41009,FH_normal,0.267308156183415,1.8255713620980167,0.001,0.9188887684160624
laplace,41009,HetLDC,0.0,2.3605825461160515,0.001,0.9645051566862176
laplace,41009,HetLDC_cert,0.0,2.362943128662168,0.001,0.9646234539602676
laplace,41009,LDC_PAC,0.0,2.434979111973416,0.001,0.9680499164854476
laplace,41009,LDC_cert_pk,0.0,2.368471529876296,,0.9648989614154836
laplace,41010,CP_PAC,0.0,2.2981985566255583,0.001,0.9612313584966488
laplace,41010,FH_PAC,0.0788470018161099,1.8552021381663533,0.001,0.9270111081288772
laplace,41010,FH_normal,0.0788470018161099,1.5244551486317666,0.001,0.8834810242478264
laplace,41010,HetLDC,0.0,2.045612111755851,0.001,0.9445865199042848
laplace,41010,HetLDC_cert,0.0,2.047657723867607,0.001,0.9447465956999284
laplace,41010,LDC_PAC,0.0,2.1238522362842893,0.001,0.9503908822742786
laplace,41010,LDC_cert_pk,0.0,2.0537647727692097,,0.9452217463819592
laplace,41011,CP_PAC,0.0,2.8972036022485472,0.003,0.983381930096514
laplace,41011,FH_PAC,-0.2193102654443921,2.193908446190569,0.003,0.9528918837616932
laplace,41011,FH_normal,-0.2193102654443921,1.774635536693466,0.003,0.91476716555473
laplace,41011,HetLDC,0.0,2.677480424089228,0.003,0.977325835462092
laplace,41011,HetLDC_cert,0.0,2.685512865361495,0.003,0.9775819471996838
laplace,41011,LDC_PAC,0.0,2.759362718102268,0.003,0.9798051605391136
laplace,41011,LDC_cert_pk,0.0,2.6925485767725865,,0.9778039007415232
laplace,41012,CP_PAC,0.0,3.0141022407346614,0.003,0.9859141462762536
laplace,41012,FH_PAC,0.0444606364803991,2.7383042626889647,0.003,0.979153549377094
laplace,41012,FH_normal,0.0444606364803991,2.369381203146453,0.003,0.9648747693522202
laplace,41012,HetLDC,0.0,2.7979913503259546,0.003,0.980878794325048
laplace,41012,HetLDC_cert,0.0,2.806385324376932,0.003,0.9811044377670934
laplace,41012,LDC_PAC,0.0,2.8860213503462213,0.003,0.9831170414387806
laplace,41012,LDC_cert_pk,0.0,2.8143293239281437,,0.9813155321942636
laplace,41013,CP_PAC,0.0,2.553550554317463,0.001,0.9729823744043782
laplace,41013,FH_PAC,-0.1413714849414436,1.937971858639132,0.001,0.9341813425106
laplace,41013,FH_normal,-0.1413714849414436,1.611526521487583,0.001,0.895564801419163
laplace,41013,HetLDC,0.0,2.304115869669283,0.001,0.9615544341495386
laplace,41013,HetLDC_cert,0.0,2.306419985538952,0.001,0.9616795055997608
laplace,41013,LDC_PAC,0.0,2.390176330665372,0.001,0.9659600275047572
laplace,41013,LDC_cert_pk,0.0,2.3170875974180887,,0.9622532804150592
laplace,41014,CP_PAC,0.0,2.4248201064346246,0.001,0.9675875762573652
laplace,41014,FH_PAC,-0.0096421416694498,1.9704873934111309,0.001,0.9383694153888724
laplace,41014,FH_normal,-0.0096421416694498,1.6315724608794142,0.001,0.9004702748448508
laplace,41014,HetLDC,0.0,2.1798858992609165,0.001,0.9541703585129182
laplace,41014,HetLDC_cert,0.0,2.182065785160177,0.001,0.9543114256865456
laplace,41014,LDC_PAC,0.0,2.2555041571816226,0.001,0.958818434788158
laplace,41014,LDC_cert_pk,0.0,2.18952400252141,,0.954790793963434
laplace,41015,CP_PAC,0.0,2.7575036817015754,0.003,0.9797519969469416
laplace,41015,FH_PAC,-0.0043998872405424,1.5761195632991158,0.003,0.8923586383812246
laplace,41015,FH_normal,-0.0043998872405424,1.2843940812132144,0.003,0.8373879815186722
laplace,41015,HetLDC,0.0,2.5225874504111987,0.003,0.9717730302693282
laplace,41015,HetLDC_cert,0.0,2.5301552127624323,0.003,0.972073516661978
laplace,41015,LDC_PAC,0.0,2.611759226062777,0.003,0.9751173702450626
laplace,41015,LDC_cert_pk,0.0,2.5373573948385246,,0.9723565160427412
laplace,41016,CP_PAC,0.0,2.2617734180107094,0.001,0.9591819397678756
laplace,41016,FH_PAC,-0.0264756021768034,1.719282374747767,0.001,0.9120275567232188
laplace,41016,FH_normal,-0.0264756021768034,1.3630587751535637,0.001,0.8544092116928874
laplace,41016,HetLDC,0.0,1.9723149889547664,0.001,0.938534215381282
laplace,41016,HetLDC_cert,0.0,1.9742873039437208,0.001,0.9387054214521248
laplace,41016,LDC_PAC,0.0,2.0466624327144984,0.001,0.9446687687760722
laplace,41016,LDC_cert_pk,0.0,1.9845993611784445,,0.9395928215416748
laplace,41017,CP_PAC,0.0,2.3481213205078992,0.001,0.9638740927095986
laplace,41017,FH_PAC,0.1851880876010534,2.04126699108647,0.001,0.942321907179477
laplace,41017,FH_normal,0.1851880876010534,1.692502797762765,0.001,0.905546799420668
laplace,41017,HetLDC,0.0,2.09301934839097,0.001,0.9481798572334044
laplace,41017,HetLDC_cert,0.0,2.0951123677393606,0.001,0.9483330168441472
laplace,41017,LDC_PAC,0.0,2.169987751167165,0.001,0.9535243197176488
laplace,41017,LDC_cert_pk,0.0,2.0990375975433007,,0.9486190315331768
laplace,41018,CP_PAC,0.0,2.490165361953874,0.003,0.9704486433962328
laplace,41018,FH_PAC,0.0636162351391494,1.9227926340328592,0.003,0.9338081438854008
laplace,41018,FH_normal,0.0636162351391494,1.6328193160321778,0.003,0.9002525356894343
laplace,41018,HetLDC,0.0,2.2962928629464185,0.003,0.9611267338437376
laplace,41018,HetLDC_cert,0.0,2.3031817415352576,0.003,0.9615036118159036
laplace,41018,LDC_PAC,0.0,2.3716902244468776,0.003,0.9650583754927712
laplace,41018,LDC_cert_pk,0.0,2.3086268496744684,,0.961798916552366
laplace,41019,CP_PAC,0.0,3.2432910011930365,0.003,0.9898136441977234
laplace,41019,FH_PAC,-0.1537790131243679,2.2151854010488,0.003,0.9553669803831408
laplace,41019,FH_normal,-0.1537790131243679,1.8418010274310084,0.003,0.9243196022505556
laplace,41019,HetLDC,0.0,3.0242242206347165,0.003,0.9861143439217972
laplace,41019,HetLDC_cert,0.0,3.03329689329662,0.003,0.986291368461107
laplace,41019,LDC_PAC,0.0,3.1213218577766937,0.003,0.9878959564412968
laplace,41019,LDC_cert_pk,0.0,3.042390621950603,,0.9864665391625334
laplace,41020,CP_PAC,0.0,2.449464286271768,0.001,0.9686977598651674
laplace,41020,FH_PAC,-0.0149119263257857,1.959692390980068,0.001,0.9374132201908912
laplace,41020,FH_normal,-0.0149119263257857,1.6027442755922534,0.001,0.8963152613127788
laplace,41020,HetLDC,0.0,2.188812221638232,0.001,0.95474526300436
laplace,41020,HetLDC_cert,0.0,2.1910010338598696,0.001,0.9548851300989498
laplace,41020,LDC_PAC,0.0,2.2636426200420754,0.001,0.9592896978151444
laplace,41020,LDC_cert_pk,0.0,2.202239503614236,,0.9555964995463332
laplace,41021,CP_PAC,0.0,2.1314577190142154,0.001,0.9509216075750988
laplace,41021,FH_PAC,-0.0146430428259498,1.937093046548268,0.001,0.9353811331690702
laplace,41021,FH_normal,-0.0146430428259498,1.5428926110532593,0.001,0.887157840177563
laplace,41021,HetLDC,0.0,1.8124258639330584,0.001,0.922938944100138
laplace,41021,HetLDC_cert,0.0,1.8142382897969909,0.001,0.9231362107825404
laplace,41021,LDC_PAC,0.0,1.8840529113552904,0.001,0.930362577703705
laplace,41021,LDC_cert_pk,0.0,1.8213676124608904,,0.9239072874052076
laplace,41022,CP_PAC,0.0,2.2123166550391287,0.001,0.9562248168892296
laplace,41022,FH_PAC,-0.0463167734246263,1.7920795782258911,0.001,0.9205191791144236
laplace,41022,FH_normal,-0.0463167734246263,1.4749582759302236,0.001,0.8755389279820506
laplace,41022,HetLDC,0.0,1.91440343456341,0.001,0.933288324807646
laplace,41022,HetLDC_cert,0.0,1.9163178379979733,0.001,0.9334686940755268
laplace,41022,LDC_PAC,0.0,1.9868739737222496,0.001,0.9397868264193668
laplace,41022,LDC_cert_pk,0.0,1.9232321550915856,,0.9341160881699188
laplace,41023,CP_PAC,0.0,2.6090252103760205,0.003,0.9750209757697452
laplace,41023,FH_PAC,-0.0700523669282529,1.8480368802359133,0.003,0.926363871110934
laplace,41023,FH_normal,-0.0700523669282529,1.5182893392369523,0.003,0.8826138143281311
laplace,41023,HetLDC,0.0,2.354089230821053,0.003,0.9641777086973388
laplace,41023,HetLDC_cert,0.0,2.361151498513516,0.003,0.9645337050671892
laplace,41023,LDC_PAC,0.0,2.442101760392533,0.003,0.9683701324844368
laplace,41023,LDC_cert_pk,0.0,2.36918785222768,,0.9649345019134504
laplace,41024,CP_PAC,0.0,2.1918700968748865,0.001,0.9549405440503652
laplace,41024,FH_PAC,0.0848173010554495,1.7914736752985292,0.001,0.9200496593459188
laplace,41024,FH_normal,0.0848173010554495,1.5004930358724642,0.001,0.8793475055712708
laplace,41024,HetLDC,0.0,1.881381418860834,0.001,0.9300989856602746
laplace,41024,HetLDC_cert,0.0,1.8832628002796947,0.001,0.930284722347826
laplace,41024,LDC_PAC,0.0,1.9531936004002308,0.001,0.9368493968793006
laplace,41024,LDC_cert_pk,0.0,1.89282791785766,,0.931221419514774
laplace,41025,CP_PAC,0.0,2.3027230037464226,0.001,0.961478629057837
laplace,41025,FH_PAC,0.0350080921594856,2.0812484119547268,0.001,0.9472454188885046
laplace,41025,FH_normal,0.0350080921594856,1.7055525514399172,0.001,0.9102556748746368
laplace,41025,HetLDC,0.0,2.032403997398298,0.001,0.9435417186831554
laplace,41025,HetLDC_cert,0.0,2.034436401395696,0.001,0.9437037610973638
laplace,41025,LDC_PAC,0.0,2.113698626654271,0.001,0.9496733874166094
laplace,41025,LDC_cert_pk,0.0,2.0428327888916824,,0.944368285502382
laplace,41026,CP_PAC,0.0,2.7024507945505745,0.003,0.978112565310653
laplace,41026,FH_PAC,-0.254870716097252,1.9605365915612976,0.003,0.9333978240753568
laplace,41026,FH_normal,-0.254870716097252,1.591693513359344,0.003,0.8877913446652249
laplace,41026,HetLDC,0.0,2.4747549017107486,0.003,0.9697975413465324
laplace,41026,HetLDC_cert,0.0,2.4821791664158805,0.003,0.970112992995853
laplace,41026,LDC_PAC,0.0,2.5596160913528734,0.003,0.9732131394817074
laplace,41026,LDC_cert_pk,0.0,2.490068476549916,,0.970444594090876
laplace,41027,CP_PAC,0.0,2.1533863728703224,0.001,0.9524202588076274
laplace,41027,FH_PAC,-0.1444112849660888,1.6772313040454696,0.001,0.904750166938124
laplace,41027,FH_normal,-0.1444112849660888,1.4083724483697706,0.001,0.8606864565052548
laplace,41027,HetLDC,0.0,1.892157277115992,0.001,0.9311561569549148
laplace,41027,HetLDC_cert,0.0,1.894049434393108,0.001,0.93134013093252
laplace,41027,LDC_PAC,0.0,1.962807105318742,0.001,0.9377021540148736
laplace,41027,LDC_cert_pk,0.0,1.9031183455284464,,0.9322150967695656
laplace,41028,CP_PAC,0.0,2.2717543650438654,0.001,0.9597540472683904
laplace,41028,FH_PAC,-0.2066005941908249,1.5807910675504944,0.001,0.8884727348511766
laplace,41028,FH_normal,-0.2066005941908249,1.2419225852680884,0.001,0.8199019373589864
laplace,41028,HetLDC,0.0,1.998882363382728,0.001,0.9408007583940324
laplace,41028,HetLDC_cert,0.0,2.0008812457461107,0.001,0.940967869256139
laplace,41028,LDC_PAC,0.0,2.0706992787845087,0.001,0.9465180467092013
laplace,41028,LDC_cert_pk,0.0,2.0089949065854444,,0.9416413590895992
laplace,41029,CP_PAC,0.0,2.627726254008781,0.003,0.9756729433732818
laplace,41029,FH_PAC,-0.1090538281236312,1.8789610111781416,0.003,0.9290234867946288
laplace,41029,FH_normal,-0.1090538281236312,1.5413247049878955,0.003,0.8855842361030807
laplace,41029,HetLDC,0.0,2.3474017004588044,0.003,0.9638373087883454
laplace,41029,HetLDC_cert,0.0,2.3544439055601805,0.003,0.96419567214544
laplace,41029,LDC_PAC,0.0,2.4283812487959784,0.003,0.967750401862148
laplace,41029,LDC_cert_pk,0.0,2.361181276676733,,0.9645351986165508
laplace,41030,CP_PAC,0.0,2.0128603350530234,0.001,0.9419595086329452
laplace,41030,FH_PAC,-0.0341972818629111,1.6110506269231442,0.001,0.8974290626192478
laplace,41030,FH_normal,-0.0341972818629111,1.2900912997926497,0.001,0.8385073445381014
laplace,41030,HetLDC,0.0,1.7280398634151606,0.001,0.9131712430713924
laplace,41030,HetLDC_cert,0.0,1.7297679032785758,0.001,0.9133831776292058
laplace,41030,LDC_PAC,0.0,1.79367651875468,0.001,0.9208682947279094
laplace,41030,LDC_cert_pk,0.0,1.736596744687819,,0.9142156481687432
laplace,41031,CP_PAC,0.0,2.579680997552406,0.003,0.9739625619936444
laplace,41031,FH_PAC,-0.0507706046704367,2.2787109424950223,0.003,0.9600452804382608
laplace,41031,FH_normal,-0.0507706046704367,1.935337674250479,0.003,0.9350673918175298
laplace,41031,HetLDC,0.0,2.324723294217616,0.003,0.962658695712628
laplace,41031,HetLDC_cert,0.0,2.331697464100268,0.003,0.9630251814246498
laplace,41031,LDC_PAC,0.0,2.414634968002454,0.003,0.9671173304017572
laplace,41031,LDC_cert_pk,0.0,2.33947931729488,,0.9634298658825308
laplace,41032,CP_PAC,0.0,2.642688176778316,0.001,0.976182280552632
laplace,41032,FH_PAC,0.0284447592385864,1.753705132634631,0.001,0.9161985272251408
laplace,41032,FH_normal,0.0284447592385864,1.46463485532599,0.001,0.8738769914743603
laplace,41032,HetLDC,0.0,2.3988112682404794,0.001,0.9663731837994348
laplace,41032,HetLDC_cert,0.0,2.40121007950872,0.001,0.9664870671875624
laplace,41032,LDC_PAC,0.0,2.4736109957897767,0.001,0.9697486424637588
laplace,41032,LDC_cert_pk,0.0,2.4094932933757933,,0.966877355079374
laplace,41033,CP_PAC,0.0,2.5272788562202244,0.001,0.9719596864423392
laplace,41033,FH_PAC,0.0312606342274796,2.0486925161868945,0.001,0.9447734703984104
laplace,41033,FH_normal,0.0312606342274796,1.6943770135100156,0.001,0.9088486569247408
laplace,41033,HetLDC,0.0,2.258921198357656,0.001,0.95901696158419
laplace,41033,HetLDC_cert,0.0,2.261180119556013,0.001,0.9591476769728996
laplace,41033,LDC_PAC,0.0,2.3355540081699973,0.001,0.9632262923064784
laplace,41033,LDC_cert_pk,0.0,2.2706086379958035,,0.959688783782278
laplace,41034,CP_PAC,0.0,2.8431298184391336,0.003,0.9820612616125536
laplace,41034,FH_PAC,-0.2234530624195719,2.3093862555159634,0.003,0.9599186305682
laplace,41034,FH_normal,-0.2234530624195719,1.931535893991864,0.003,0.9316068461663424
laplace,41034,HetLDC,0.0,2.63657352500556,0.003,0.9759754255542016
laplace,41034,HetLDC_cert,0.0,2.644483245580577,0.003,0.9762426677865056
laplace,41034,LDC_PAC,0.0,2.7223142091627706,0.003,0.9787188521498956
laplace,41034,LDC_cert_pk,0.0,2.6535932643641997,,0.9765467824251122
laplace,41035,CP_PAC,0.0,2.8125469872642324,0.003,0.9812683766319176
laplace,41035,FH_PAC,0.0135652324641955,2.017318563011058,0.003,0.9423136826088852
laplace,41035,FH_normal,0.0135652324641955,1.694525282653318,0.003,0.908939998469395
laplace,41035,HetLDC,0.0,2.558405992477741,0.003,0.973167258855508
laplace,41035,HetLDC_cert,0.0,2.566081210455174,0.003,0.9734569371045778
laplace,41035,LDC_PAC,0.0,2.6485149319989456,0.003,0.9763777387200558
laplace,41035,LDC_cert_pk,0.0,2.574872664299636,,0.9737849037980784
laplace,41036,CP_PAC,0.0,2.76403356810774,0.003,0.979938119536094
laplace,41036,FH_PAC,0.1372909467898648,1.9829411785655773,0.003,0.9383061329676448
laplace,41036,FH_normal,0.1372909467898648,1.663004540781626,0.003,0.9030065686251662
laplace,41036,HetLDC,0.0,2.53475119002577,0.003,0.972254441625466
laplace,41036,HetLDC_cert,0.0,2.542355443595848,0.003,0.9725512197872056
laplace,41036,LDC_PAC,0.0,2.61794398337774,0.003,0.9753340588280316
laplace,41036,LDC_cert_pk,0.0,2.5479057633186173,,0.9727658311447004
laplace,41037,CP_PAC,0.0,2.532601457113504,0.003,0.9721699617418345
laplace,41037,FH_PAC,0.0898675800238303,1.8448175521254992,0.003,0.9257940889890532
laplace,41037,FH_normal,0.0898675800238303,1.5523821168960927,0.003,0.8877857524160953
laplace,41037,HetLDC,0.0,2.311975125864035,0.003,0.9619793778715326
laplace,41037,HetLDC_cert,0.0,2.318911051241627,0.003,0.9623504944868276
laplace,41037,LDC_PAC,0.0,2.3987439311321546,0.003,0.9663699813971328
laplace,41037,LDC_cert_pk,0.0,2.32760249398512,,0.962810433028989
laplace,41038,CP_PAC,0.0,3.160638942969091,0.01,0.988550605802667
laplace,41038,FH_PAC,-0.0021305256338677,2.027232355849669,0.01,0.9431270219203894
laplace,41038,FH_normal,-0.0021305256338677,1.7154909864612684,0.01,0.9116161554544512
laplace,41038,HetLDC,0.0,2.964610186008934,0.01,0.9848929224371804
laplace,41038,HetLDC_cert,0.0,2.994256287869024,0.01,0.9855132067005288
laplace,41038,LDC_PAC,0.0,3.056592993333431,0.01,0.9867356496299629
laplace,41038,LDC_cert_pk,0.0,2.9837847342771173,,0.9852970751913892
laplace,41039,CP_PAC,0.0,2.194727719174453,0.001,0.9551222748379612
laplace,41039,FH_PAC,-0.0357002990146067,1.5164489326203507,0.001,0.8827337955452444
laplace,41039,FH_normal,-0.0357002990146067,1.2667955466517522,0.001,0.833080809445228
laplace,41039,HetLDC,0.0,1.9127266179431568,0.001,0.9331299385659
laplace,41039,HetLDC_cert,0.0,1.9146393445611,0.001,0.9333105779192656
laplace,41039,LDC_PAC,0.0,1.9859932640035387,0.001,0.9397117834877496
laplace,41039,LDC_cert_pk,0.0,1.921054258374254,,0.9339128521679088
laplace,41040,CP_PAC,0.0,2.8106308468970047,0.003,0.9812175482481416
laplace,41040,FH_PAC,0.0947326052354114,1.970885358545072,0.003,0.9378562640588224
laplace,41040,FH_normal,0.0947326052354114,1.646057276961826,0.003,0.9016211047458076
laplace,41040,HetLDC,0.0,2.568622808425132,0.003,0.9735521712341711
laplace,41040,HetLDC_cert,0.0,2.5763286768504075,0.003,0.9738388280983434
laplace,41040,LDC_PAC,0.0,2.6620784204756385,0.003,0.9768265350335164
laplace,41040,LDC_cert_pk,0.0,2.58265993974832,,0.9740720233519612
laplace,41041,CP_PAC,0.0,2.4067811601499645,0.001,0.9667500680449868
laplace,41041,FH_PAC,-0.0501736449961251,1.8685687466377343,0.001,0.9286415833147208
laplace,41041,FH_normal,-0.0501736449961251,1.5152797781161895,0.001,0.882393847527475
laplace,41041,HetLDC,0.0,2.16496224641886,0.001,0.9531928341305564
laplace,41041,HetLDC_cert,0.0,2.167127208665278,0.001,0.9533359253539372
laplace,41041,LDC_PAC,0.0,2.238724801786037,0.001,0.957829526254632
laplace,41041,LDC_cert_pk,0.0,2.175789666807823,,0.9539040993381972
laplace,41042,CP_PAC,0.0,2.1755594075876163,0.001,0.9538890864225232
laplace,41042,FH_PAC,-0.1530741370241009,1.6461225999801283,0.001,0.9002130608480429
laplace,41042,FH_normal,-0.1530741370241009,1.3583491001755668,0.001,0.8500936912149814
laplace,41042,HetLDC,0.0,1.867012223278183,0.001,0.928663988381276
laplace,41042,HetLDC_cert,0.0,1.8688792355014607,0.001,0.928852092265714
laplace,41042,LDC_PAC,0.0,1.9386590100613983,0.001,0.935537902582563
laplace,41042,LDC_cert_pk,0.0,1.8771185665731656,,0.929676308765882
laplace,41043,CP_PAC,0.0,3.0131085970826423,0.003,0.985894338578038
laplace,41043,FH_PAC,-0.1773926134791957,2.545818612662134,0.003,0.971821266458908
laplace,41043,FH_normal,-0.1773926134791957,2.199033634616072,0.003,0.9539837045405268
laplace,41043,HetLDC,0.0,2.817866593006449,0.003,0.981408766987381
laplace,41043,HetLDC_cert,0.0,2.8263201927854675,0.003,0.98162970549882
laplace,41043,LDC_PAC,0.0,2.899795830984441,0.003,0.9834427398284518
laplace,41043,LDC_cert_pk,0.0,2.833557279474483,,0.981816762656642
laplace,41044,CP_PAC,0.0,2.9100425213610097,0.003,0.9836809411692102
laplace,41044,FH_PAC,-0.0323074331931931,2.133109246373389,0.003,0.950984985966356
laplace,41044,FH_normal,-0.0323074331931931,1.806546833166241,0.003,0.9222144521422416
laplace,41044,HetLDC,0.0,2.6801832957682805,0.003,0.9774123406097844
laplace,41044,HetLDC_cert,0.0,2.688223845655585,0.003,0.9776677313374308
laplace,41044,LDC_PAC,0.0,2.7715907971755382,0.003,0.9801513899052104
laplace,41044,LDC_cert_pk,0.0,2.69626637823352,,0.9779202963622888
laplace,41045,CP_PAC,0.0,3.12719544195465,0.01,0.987996082284732
laplace,41045,FH_PAC,0.1282741340259745,2.1961187850042494,0.01,0.9544714728979844
laplace,41045,FH_normal,0.1282741340259745,1.8512089711415496,0.01,0.9258481338623672
laplace,41045,HetLDC,0.0,2.9463284462373363,0.01,0.9844972468441892
laplace,41045,HetLDC_cert,0.0,2.9757917306997093,0.01,0.9851299331717376
laplace,41045,LDC_PAC,0.0,3.0382670884610934,0.01,0.9863873874498932
laplace,41045,LDC_cert_pk,0.0,2.964722060436595,,0.98489531240431
laplace,41046,CP_PAC,0.0,2.2614485440431067,0.001,0.9591631819617584
laplace,41046,FH_PAC,0.0757073807755696,1.85263147995302,0.001,0.9267806738638869
laplace,41046,FH_normal,0.0757073807755696,1.5454593321218937,0.001,0.8869459049048785
laplace,41046,HetLDC,0.0,1.9886527684272024,0.001,0.9399381080521896
laplace,41046,HetLDC_cert,0.0,1.9906414211956296,0.001,0.9401067875921668
laplace,41046,LDC_PAC,0.0,2.061305544830732,0.001,0.9458028122110014
laplace,41046,LDC_cert_pk,0.0,1.9995874330710623,,0.9408597576699288
laplace,41047,CP_PAC,0.0,3.3674635074129675,0.01,0.9914541762271256
laplace,41047,FH_PAC,0.0094076267652291,2.423951516008648,0.01,0.9675448650890562
laplace,41047,FH_normal,0.0094076267652291,2.109306904891235,0.01,0.9493553626893492
laplace,41047,HetLDC,0.0,3.165701678037671,0.01,0.9886322882811036
laplace,41047,HetLDC_cert,0.0,3.197358694818048,0.01,0.9891299940446971
laplace,41047,LDC_PAC,0.0,3.271702628145156,0.01,0.9902148194713518
laplace,41047,LDC_cert_pk,0.0,3.187254916752733,,0.9889735586335888
laplace,41048,CP_PAC,0.0,2.7511229722665185,0.003,0.9795684584775664
laplace,41048,FH_PAC,0.0999631691569798,2.0894363511558063,0.003,0.9473952941424946
laplace,41048,FH_normal,0.0999631691569798,1.7647269974770874,0.003,0.9167361940360926
laplace,41048,HetLDC,0.0,2.521953046119205,0.003,0.9717476941437312
laplace,41048,HetLDC_cert,0.0,2.529518905257562,0.003,0.9720483750156028
laplace,41048,LDC_PAC,0.0,2.605715761154128,0.003,0.9749037932336996
laplace,41048,LDC_cert_pk,0.0,2.53637662385041,,0.972318147384879
laplace,41049,CP_PAC,0.0,2.0492600150084512,0.001,0.944871657164882
laplace,41049,FH_PAC,-0.1203985403300212,1.896042197226837,0.001,0.9305384757533912
laplace,41049,FH_normal,-0.1203985403300212,1.5322376303554666,0.001,0.8838049384629436
laplace,41049,HetLDC,0.0,1.7204762726246132,0.001,0.9122374913859408
laplace,41049,HetLDC_cert,0.0,1.7221967488972376,0.001,0.9124507686081488
laplace,41049,LDC_PAC,0.0,1.7962818870041186,0.001,0.921159322741682
laplace,41049,LDC_cert_pk,0.0,1.7304474717328755,,0.9134663811649132
laplace,41050,CP_PAC,0.0,2.0366027637978155,0.001,0.9438759718975284
laplace,41050,FH_PAC,0.0720025821824393,1.5409927480629722,0.001,0.8862915322530039
laplace,41050,FH_normal,0.0720025821824393,1.2060310187244443,0.001,0.8173913582876055
laplace,41050,HetLDC,0.0,1.6873530216388952,0.001,0.9080285915280242
laplace,41050,HetLDC_cert,0.0,1.6890403746605338,0.001,0.9082477991840812
laplace,41050,LDC_PAC,0.0,1.7539499507679572,0.001,0.916295271369938
laplace,41050,LDC_cert_pk,0.0,1.6917408222427774,,0.9085975334750116
laplace,41051,CP_PAC,0.0,2.557559019195398,0.003,0.9731350993120492
laplace,41051,FH_PAC,0.1114658423291123,1.7746237019817268,0.003,0.917694997727636
laplace,41051,FH_normal,0.1114658423291123,1.4742125313874133,0.003,0.8741264994779828
laplace,41051,HetLDC,0.0,2.327321780728015,0.003,0.962795666267832
laplace,41051,HetLDC_cert,0.0,2.3343037460701987,0.003,0.963161213813639
laplace,41051,LDC_PAC,0.0,2.40839825342666,0.003,0.9668260209392024
laplace,41051,LDC_cert_pk,0.0,2.3392110214483965,,0.9634159875306548
laplace,41052,CP_PAC,0.0,2.516503351704598,0.003,0.97152911149568
laplace,41052,FH_PAC,-0.1315803926838072,2.1365365384162773,0.003,0.950426782175477
laplace,41052,FH_normal,-0.1315803926838072,1.756773250713144,0.003,0.915181208456054
laplace,41052,HetLDC,0.0,2.259475855067243,0.003,0.9590490961992668
laplace,41052,HetLDC_cert,0.0,2.2662542826324445,0.003,0.9594397818914896
laplace,41052,LDC_PAC,0.0,2.3407855107556768,0.003,0.9634973572139338
laplace,41052,LDC_cert_pk,0.0,2.2738139552601937,,0.9598711011175356
laplace,41053,CP_PAC,0.0,2.4794732625051443,0.001,0.9699984044992622
laplace,41053,FH_PAC,0.1572514360780789,1.9558059394256,0.001,0.9355200171832928
laplace,41053,FH_normal,0.1572514360780789,1.6853356449217427,0.001,0.905475638926584
laplace,41053,HetLDC,0.0,2.21613429486559,0.001,0.9564605204158508
laplace,41053,HetLDC_cert,0.0,2.218350429160455,0.001,0.956596763330352
laplace,41053,LDC_PAC,0.0,2.2913750503397603,0.001,0.9608554342742396
laplace,41053,LDC_cert_pk,0.0,2.227860231738297,,0.9571765810708416
laplace,41054,CP_PAC,0.0,2.491843169018002,0.003,0.9705186790680362
laplace,41054,FH_PAC,-0.0118661611545562,1.689279619190226,0.003,0.9082659224619306
laplace,41054,FH_normal,-0.0118661611545562,1.3703906565484971,0.003,0.8559916871673715
laplace,41054,HetLDC,0.0,2.2516836830857097,0.003,0.9585953300088546
laplace,41054,HetLDC_cert,0.0,2.2584387341349665,0.003,0.958988989010012
laplace,41054,LDC_PAC,0.0,2.332416936976985,0.003,0.9630627837367448
laplace,41054,LDC_cert_pk,0.0,2.2626602169954366,,0.9592330985557882
laplace,41055,CP_PAC,0.0,2.165189958426528,0.001,0.9532079051749532
laplace,41055,FH_PAC,0.0214643889116915,1.7289356013169117,0.001,0.9132412088684726
laplace,41055,FH_normal,0.0214643889116915,1.4265516396845643,0.001,0.8669443779139585
laplace,41055,HetLDC,0.0,1.85581882732952,0.001,0.927525764661016
laplace,41055,HetLDC_cert,0.0,1.8576746461568487,0.001,0.9277157256546243
laplace,41055,LDC_PAC,0.0,1.929418708015219,0.001,0.9346899993014396
laplace,41055,LDC_cert_pk,0.0,1.8668642612629336,,0.9286490597669348
laplace,41056,CP_PAC,0.0,2.526163000250129,0.003,0.9719154022507416
laplace,41056,FH_PAC,0.0828823589835596,2.0069231329376502,0.003,0.941067590905924
laplace,41056,FH_normal,0.0828823589835596,1.7153196510574693,0.003,0.910987146777978
laplace,41056,HetLDC,0.0,2.28741698066988,0.003,0.9606357059860552
laplace,41056,HetLDC_cert,0.0,2.294279231611889,0.003,0.9610158764897414
laplace,41056,LDC_PAC,0.0,2.3645410114914944,0.003,0.9647033057677126
laplace,41056,LDC_cert_pk,0.0,2.2997709627282785,,0.961317473241051
laplace,41057,CP_PAC,0.0,2.071885734866457,0.001,0.9466077089574056
laplace,41057,FH_PAC,0.0364605005823821,1.6868076147447384,0.001,0.9078352392973904
laplace,41057,FH_normal,0.0364605005823821,1.383316282788234,0.001,0.8584321071331618
laplace,41057,HetLDC,0.0,1.7518952087061046,0.001,0.91605168473787
laplace,41057,HetLDC_cert,0.0,1.7536471039148105,0.001,0.9162594137829017
laplace,41057,LDC_PAC,0.0,1.8161144950986048,0.001,0.923339887368062
laplace,41057,LDC_cert_pk,0.0,1.7558435156786056,,0.9165191248332
laplace,41058,CP_PAC,0.0,2.3664709733117104,0.001,0.9647995124428876
laplace,41058,FH_PAC,0.1387872510785518,1.545859237185928,0.001,0.8854834145597541
laplace,41058,FH_normal,0.1387872510785518,1.2166816701155398,0.001,0.8175917980809286
laplace,41058,HetLDC,0.0,2.08146404492531,0.001,0.9473260725907966
laplace,41058,HetLDC_cert,0.0,2.083545508970236,0.001,0.9474808974047092
laplace,41058,LDC_PAC,0.0,2.1570332660531344,0.001,0.9526650189312031
laplace,41058,LDC_cert_pk,0.0,2.0929474540872715,,0.948174588209568
laplace,41059,CP_PAC,0.0,2.103074158382393,0.001,0.9489115072258189
laplace,41059,FH_PAC,0.0366662142269593,1.812290506441864,0.001,0.9228205465158656
laplace,41059,FH_normal,0.0366662142269593,1.5218161231977163,0.001,0.8836123898833996
laplace,41059,HetLDC,0.0,1.7792386285877355,0.001,0.9192359549298692
laplace,41059,HetLDC_cert,0.0,1.7810178672163233,0.001,0.9194389198502642
laplace,41059,LDC_PAC,0.0,1.858963917299266,0.001,0.927847401834937
laplace,41059,LDC_cert_pk,0.0,1.7908758362069326,,0.9205542512629616
laplace,41060,CP_PAC,0.0,2.843656266808831,0.003,0.9820746122198324
laplace,41060,FH_PAC,-0.0156958294736834,2.0672430580355976,0.003,0.9462427550107964
laplace,41060,FH_normal,-0.0156958294736834,1.712810072713551,0.003,0.9112589673030757
laplace,41060,HetLDC,0.0,2.611065524565664,0.003,0.9750929473605944
laplace,41060,HetLDC_cert,0.0,2.61889872113936,0.003,0.9753673403845576
laplace,41060,LDC_PAC,0.0,2.6933583225558,0.003,0.9778293041334132
laplace,41060,LDC_cert_pk,0.0,2.6259973363868774,,0.9756133895139634
laplace,41061,CP_PAC,0.0,2.080401969479748,0.001,0.9472468968266768
laplace,41061,FH_PAC,-0.1595416879819589,1.7213119795624474,0.001,0.9101004434565017
laplace,41061,FH_normal,-0.1595416879819589,1.3958518540479754,0.001,0.8575539783934023
laplace,41061,HetLDC,0.0,1.735437806379548,0.001,0.9140749335104128
laplace,41061,HetLDC_cert,0.0,1.7371732441859271,0.001,0.914285559082554
laplace,41061,LDC_PAC,0.0,1.8078292541112488,0.001,0.9224363701854996
laplace,41061,LDC_cert_pk,0.0,1.745143883620468,,0.9152463231081844
laplace,41062,CP_PAC,0.0,2.612057260903147,0.003,0.9751278556882246
laplace,41062,FH_PAC,-0.1376327500803862,1.819940231070238,0.003,0.9223046445248996
laplace,41062,FH_normal,-0.1376327500803862,1.4822515247873749,0.003,0.8747440268338409
laplace,41062,HetLDC,0.0,2.3427502507629274,0.003,0.9635986412915878
laplace,41062,HetLDC_cert,0.0,2.349778501515216,0.003,0.9639586585364496
laplace,41062,LDC_PAC,0.0,2.4296672545437468,0.003,0.9678090004771972
laplace,41062,LDC_cert_pk,0.0,2.3529827111424018,,0.9641216081175978
laplace,41063,CP_PAC,0.0,3.104509058472128,0.003,0.987604711211808
laplace,41063,FH_PAC,0.3659992045215871,2.288328091844784,0.003,0.9553014947274254
laplace,41063,FH_normal,0.3659992045215871,1.8973177982543137,0.003,0.92229558147804
laplace,41063,HetLDC,0.0,2.9149503441026927,0.003,0.9837938148507492
laplace,41063,HetLDC_cert,0.0,2.9236951951350005,0.003,0.9839930039183112
laplace,41063,LDC_PAC,0.0,3.002310864065965,0.003,0.9856772878928122
laplace,41063,LDC_cert_pk,0.0,2.9323805585769227,,0.9841884146236424
laplace,41064,CP_PAC,0.0,2.281043815362549,0.001,0.9602793112590722
laplace,41064,FH_PAC,-0.1981828598626183,1.7260756056983395,0.001,0.9094874512282304
laplace,41064,FH_normal,-0.1981828598626183,1.4038918535464562,0.001,0.8572456767667345
laplace,41064,HetLDC,0.0,2.0192369122857903,0.001,0.9424805557227456
laplace,41064,HetLDC_cert,0.0,2.021256149198076,0.001,0.942644575799534
laplace,41064,LDC_PAC,0.0,2.093799024904768,0.001,0.948236964141134
laplace,41064,LDC_cert_pk,0.0,2.031511438255298,,0.9434704081339212
laplace,41065,CP_PAC,0.0,2.567716240193883,0.001,0.9735182412272334
laplace,41065,FH_PAC,0.123089040741507,2.238294880993459,0.001,0.9571629531159768
laplace,41065,FH_normal,0.123089040741507,1.8881262654564848,0.001,0.9297109156188064
laplace,41065,HetLDC,0.0,2.3213461602056364,0.001,0.9624799275068404
laplace,41065,HetLDC_cert,0.0,2.323667506365842,0.001,0.9626028994118652
laplace,41065,LDC_PAC,0.0,2.403435706725976,0.001,0.9665923837228084
laplace,41065,LDC_cert_pk,0.0,2.3311048458369155,,0.96299418025481
laplace,41066,CP_PAC,0.0,2.71761835475747,0.003,0.9785770549907356
laplace,41066,FH_PAC,-0.0591841557271491,1.8865746255187987,0.003,0.9303672822659638
laplace,41066,FH_normal,-0.0591841557271491,1.5194372849315825,0.003,0.8829682640346508
laplace,41066,HetLDC,0.0,2.4826747668598075,0.003,0.9701339330077254
laplace,41066,HetLDC_cert,0.0,2.490122791160387,0.003,0.9704468642270851
laplace,41066,LDC_PAC,0.0,2.573981988874641,0.003,0.97375186231962
laplace,41066,LDC_cert_pk,0.0,2.497531432662237,,0.970754887828742
laplace,41067,CP_PAC,0.0,2.703847920738254,0.003,0.9781557685705524
laplace,41067,FH_PAC,-0.0342441396077692,1.828902872699395,0.003,0.924625559272426
laplace,41067,FH_normal,-0.0342441396077692,1.485784251543716,0.003,0.8775489641547729
laplace,41067,HetLDC,0.0,2.4497422593885,0.003,0.9687100627753236
laplace,41067,HetLDC_cert,0.0,2.4570914861666653,0.003,0.969033586698402
laplace,41067,LDC_PAC,0.0,2.530857785815312,0.003,0.972101250310002
laplace,41067,LDC_cert_pk,0.0,2.463393657690684,,0.9693083522041268
laplace,41068,CP_PAC,0.0,2.88544788910186,0.003,0.9831033438620262
laplace,41068,FH_PAC,0.0100450661020705,2.205569942151012,0.003,0.9558006866458464
laplace,41068,FH_normal,0.0100450661020705,1.8813899729029315,0.003,0.930092777984655
laplace,41068,HetLDC,0.0,2.675363549924436,0.003,0.977257853832197
laplace,41068,HetLDC_cert,0.0,2.683389640574209,0.003,0.977514531499279
laplace,41068,LDC_PAC,0.0,2.7628340209287843,0.003,0.9799040573596682
laplace,41068,LDC_cert_pk,0.0,2.690052238052869,,0.97772540212519
laplace,41069,CP_PAC,0.0,2.5091958608459946,0.001,0.9712333577130148
laplace,41069,FH_PAC,-0.0859174197604376,1.887680059699557,0.001,0.9302068234608613
laplace,41069,FH_normal,-0.0859174197604376,1.6106411603858706,0.001,0.8967319106113847
laplace,41069,HetLDC,0.0,2.2591637351991927,0.001,0.9590310163103876
laplace,41069,HetLDC_cert,0.0,2.2614228989343914,0.001,0.959161700879046
laplace,41069,LDC_PAC,0.0,2.3339882741415425,0.001,0.9631447747183276
laplace,41069,LDC_cert_pk,0.0,2.2707373914755653,,0.9596961231785316
laplace,41070,CP_PAC,0.0,2.622918533367322,0.001,0.9755069766421548
laplace,41070,FH_PAC,0.0269332831131701,1.8186766728182464,0.001,0.92356174512489
laplace,41070,FH_normal,0.0269332831131701,1.5110116855165716,0.001,0.8818934377539823
laplace,41070,HetLDC,0.0,2.389688179601896,0.001,0.9659365199013976
laplace,41070,HetLDC_cert,0.0,2.3920778677814973,0.001,0.9660514441307072
laplace,41070,LDC_PAC,0.0,2.469945900458476,0.001,0.969591435727527
laplace,41070,LDC_cert_pk,0.0,2.402184073733977,,0.9665331973244776
laplace,41071,CP_PAC,0.0,2.178263768232907,0.001,0.9540651028117026
laplace,41071,FH_PAC,-0.0883015784642472,1.897003536845756,0.001,0.9310925612481304
laplace,41071,FH_normal,-0.0883015784642472,1.5665121791733072,0.001,0.890036389554702
laplace,41071,HetLDC,0.0,1.88046457651598,0.001,0.9300082924604642
laplace,41071,HetLDC_cert,0.0,1.882345041092496,0.001,0.9301941796214956
laplace,41071,LDC_PAC,0.0,1.95629119328199,0.001,0.9371254330141195
laplace,41071,LDC_cert_pk,0.0,1.8891163171685856,,0.9308594518663798
laplace,41072,CP_PAC,0.0,3.0982870700357936,0.003,0.9874951610623282
laplace,41072,FH_PAC,-0.0411049279953015,2.1553515261916245,0.003,0.9524721153850424
laplace,41072,FH_normal,-0.0411049279953015,1.806603743764597,0.003,0.9221705085312044
laplace,41072,HetLDC,0.0,2.891867887432512,0.003,0.9832560584893664
laplace,41072,HetLDC_cert,0.0,2.900543491094809,0.003,0.9834602374130044
laplace,41072,LDC_PAC,0.0,2.981771031280348,0.003,0.985255144435606
laplace,41072,LDC_cert_pk,0.0,2.910053527517208,,0.9836811951742876
laplace,41073,CP_PAC,0.0,2.6621063113456667,0.003,0.976827449061454
laplace,41073,FH_PAC,-0.00696530424668,1.9057239725520905,0.003,0.9324611420525236
laplace,41073,FH_normal,-0.00696530424668,1.5921068579923576,0.003,0.8947619757394574
laplace,41073,HetLDC,0.0,2.414306657206513,0.003,0.9671020593813936
laplace,41073,HetLDC_cert,0.0,2.421549577178133,0.003,0.9674373142152854
laplace,41073,LDC_PAC,0.0,2.506848187103813,0.003,0.9711376905123952
laplace,41073,LDC_cert_pk,0.0,2.428579701368045,,0.9677594515811674
laplace,41074,CP_PAC,0.0,2.372911943159848,0.001,0.965118694500616
laplace,41074,FH_PAC,0.1422492420996782,1.940571962525274,0.001,0.9344068080221644
laplace,41074,FH_normal,0.1422492420996782,1.6216336137630794,0.001,0.8970216421573588
laplace,41074,HetLDC,0.0,2.131585766730027,0.001,0.9509304942202824
laplace,41074,HetLDC_cert,0.0,2.1337173524967565,0.001,0.9510781923730232
laplace,41074,LDC_PAC,0.0,2.2072205431736243,0.001,0.9559081899666032
laplace,41074,LDC_cert_pk,0.0,2.144025322503557,,0.9517861854059791
laplace,41075,CP_PAC,0.0,2.4377706880896035,0.001,0.9681758030782512
laplace,41075,FH_PAC,0.1388038866526777,1.8381321051364297,0.001,0.924253823397374
laplace,41075,FH_normal,0.1388038866526777,1.5099196372821029,0.001,0.8795119602759568
laplace,41075,HetLDC,0.0,2.149094831945278,0.001,0.9521306118984436
laplace,41075,HetLDC_cert,0.0,2.1512439267772225,0.001,0.9522758794610752
laplace,41075,LDC_PAC,0.0,2.237660607519797,0.001,0.9577660119950636
laplace,41075,LDC_cert_pk,0.0,2.1626002051540483,,0.9530362165930316
laplace,41076,CP_PAC,0.0,2.752773823996395,0.003,0.979616103478073
laplace,41076,FH_PAC,-0.1728880279827389,1.9690717317486592,0.003,0.9363967573275728
laplace,41076,FH_normal,-0.1728880279827389,1.6700162294414542,0.003,0.902914425422026
laplace,41076,HetLDC,0.0,2.5519251846237103,0.003,0.9729201997228818
laplace,41076,HetLDC_cert,0.0,2.5595809601775814,0.003,0.973211808597469
laplace,41076,LDC_PAC,0.0,2.6357977912492405,0.003,0.9759490548555668
laplace,41076,LDC_cert_pk,0.0,2.567652661734284,,0.9735158600520422
laplace,41077,CP_PAC,0.0,2.841515211802146,0.003,0.982020253521272
laplace,41077,FH_PAC,-0.0123391650027633,2.24176816772516,0.003,0.9580042434038004
laplace,41077,FH_normal,-0.0123391650027633,1.8982986986083523,0.003,0.9317411045905708
laplace,41077,HetLDC,0.0,2.6263472668217296,0.003,0.9756254548854806
laplace,41077,HetLDC_cert,0.0,2.6342263086221944,0.003,0.9758955443061832
laplace,41077,LDC_PAC,0.0,2.706323826286152,0.003,0.9782321215044169
laplace,41077,LDC_cert_pk,0.0,2.6403113413715413,,0.9761020860876236
laplace,41078,CP_PAC,0.0,2.979783143926604,0.003,0.9852136339417864
laplace,41078,FH_PAC,-0.1233682719267253,2.2646053151233434,0.003,0.9587247574159464
laplace,41078,FH_normal,-0.1233682719267253,1.877403531532518,0.003,0.9286320505877476
laplace,41078,HetLDC,0.0,2.7631514937792097,0.003,0.9799130778985268
laplace,41078,HetLDC_cert,0.0,2.7714409482605467,0.003,0.9801471831744282
laplace,41078,LDC_PAC,0.0,2.8531606050224285,0.003,0.9823139382832292
laplace,41078,LDC_cert_pk,0.0,2.779302985494261,,0.9803666960977436
laplace,41079,CP_PAC,0.0,2.515614840133616,0.001,0.971493314053998
laplace,41079,FH_PAC,0.1645400756931155,1.8336181528040647,0.001,0.9231803702829824
laplace,41079,FH_normal,0.1645400756931155,1.51110111944691,0.001,0.8787847167099239
laplace,41079,HetLDC,0.0,2.2814422867732893,0.001,0.9603016885018518
laplace,41079,HetLDC_cert,0.0,2.2837237290600627,0.001,0.9604295665781252
laplace,41079,LDC_PAC,0.0,2.3689003232379005,0.001,0.9649202404218816
laplace,41079,LDC_cert_pk,0.0,2.2954102701096506,,0.9610781829203748
laplace,41080,CP_PAC,0.0,2.708602087707994,0.003,0.9783021436169994
laplace,41080,FH_PAC,0.0371849718117327,1.9809109157024227,0.003,0.9391929168457428
laplace,41080,FH_normal,0.0371849718117327,1.6390124157756372,0.003,0.9013849608369904
laplace,41080,HetLDC,0.0,2.4858650954699653,0.003,0.9702683793815988
laplace,41080,HetLDC_cert,0.0,2.493322690756375,0.003,0.9705803001069292
laplace,41080,LDC_PAC,0.0,2.565442265498249,0.003,0.9734329418307308
laplace,41080,LDC_cert_pk,0.0,2.500236328846227,,0.970866545483503
laplace,41081,CP_PAC,0.0,2.4323616576999054,0.001,0.967931429637138
laplace,41081,FH_PAC,-0.059279916019281,1.928506488291705,0.001,0.9343757529096046
laplace,41081,FH_normal,-0.059279916019281,1.623563260946403,0.001,0.8989919622050223
laplace,41081,HetLDC,0.0,2.20101156962088,0.001,0.9555193231719644
laplace,41081,HetLDC_cert,0.0,2.2032125811905003,0.001,0.955657562931989
laplace,41081,LDC_PAC,0.0,2.2767410075444,0.001,0.9600368704371692
laplace,41081,LDC_cert_pk,0.0,2.2101089048911358,,0.9560879271009276
laplace,41082,CP_PAC,0.0,2.662314836756288,0.003,0.9768342816267912
laplace,41082,FH_PAC,0.1036303876038829,2.505962591791341,0.003,0.9707906160151696
laplace,41082,FH_normal,0.1036303876038829,2.1504873740409,0.003,0.9517108015525656
laplace,41082,HetLDC,0.0,2.4527290970020825,0.003,0.9688419535407564
laplace,41082,HetLDC_cert,0.0,2.4600872842930888,0.003,0.969164504524753
laplace,41082,LDC_PAC,0.0,2.5356493063498533,0.003,0.9722896596735172
laplace,41082,LDC_cert_pk,0.0,2.466394645424386,,0.969438332693813
laplace,41083,CP_PAC,0.0,2.8191095144844,0.003,0.9814414171424826
laplace,41083,FH_PAC,0.1253113422058156,2.0217496632445178,0.003,0.9417822142096512
laplace,41083,FH_normal,0.1253113422058156,1.710831852851222,0.003,0.909631560120486
laplace,41083,HetLDC,0.0,2.6063031312593163,0.003,0.9749246311627996
laplace,41083,HetLDC_cert,0.0,2.614122040653094,0.003,0.9752003773980435
laplace,41083,LDC_PAC,0.0,2.699314621053819,0.003,0.9780152741480954
laplace,41083,LDC_cert_pk,0.0,2.624145691285634,,0.975549446523922
laplace,41084,CP_PAC,0.0,2.542470646552069,0.003,0.9725556914216598
laplace,41084,FH_PAC,0.0505954945032186,1.898566730168901,0.003,0.9316026430514388
laplace,41084,FH_normal,0.0505954945032186,1.555442206224169,0.003,0.8888827957797677
laplace,41084,HetLDC,0.0,2.2836769432652444,0.003,0.9604269483096028
laplace,41084,HetLDC_cert,0.0,2.29052797409504,0.003,0.960808513071432
laplace,41084,LDC_PAC,0.0,2.364939608341642,0.003,0.9647231969452024
laplace,41084,LDC_cert_pk,0.0,2.2975984317705334,,0.9611984414015686
laplace,41085,CP_PAC,0.0,2.1489479651134498,0.001,0.9521206683429256
laplace,41085,FH_PAC,0.1957912065141533,1.5298242740212251,0.001,0.8806439324817102
laplace,41085,FH_normal,0.1957912065141533,1.2572776259227805,0.001,0.8245155639253788
laplace,41085,HetLDC,0.0,1.8478484023250727,0.001,0.9267042220821328
laplace,41085,HetLDC_cert,0.0,1.8496962507273973,0.001,0.9268955123865156
laplace,41085,LDC_PAC,0.0,1.9149453332280548,0.001,0.9333394304113068
laplace,41085,LDC_cert_pk,0.0,1.856960355575092,,0.9276426701207284
laplace,41086,CP_PAC,0.0,2.822001457994928,0.003,0.981517163511936
laplace,41086,FH_PAC,-0.1303094547314532,1.835242052457135,0.003,0.9241152015335076
laplace,41086,FH_normal,-0.1303094547314532,1.5423037391662195,0.003,0.8851652984833916
laplace,41086,HetLDC,0.0,2.634721863807433,0.003,0.975912431293578
laplace,41086,HetLDC_cert,0.0,2.642626029398856,0.003,0.9761801871292096
laplace,41086,LDC_PAC,0.0,2.715875581400845,0.003,0.9785241897291668
laplace,41086,LDC_cert_pk,0.0,2.6491180885207464,,0.9763978797318164
laplace,41087,CP_PAC,0.0,2.83640233013652,0.003,0.9818897760963354
laplace,41087,FH_PAC,-0.1035070390838388,2.126808985861925,0.003,0.9500676629584636
laplace,41087,FH_normal,-0.1035070390838388,1.7750686975384793,0.003,0.917886312830389
laplace,41087,HetLDC,0.0,2.62055641600221,0.003,0.9754250199432248
laplace,41087,HetLDC_cert,0.0,2.6284180852502166,0.003,0.9756967332556592
laplace,41087,LDC_PAC,0.0,2.7014542013004426,0.003,0.9780816955057504
laplace,41087,LDC_cert_pk,0.0,2.634348770384899,,0.975899718525146
laplace,41088,CP_PAC,0.0,2.59106029706282,0.001,0.974378222692256
laplace,41088,FH_PAC,-0.038019267939945,2.13467906904792,0.001,0.9510740487051124
laplace,41088,FH_normal,-0.038019267939945,1.7707841872922412,0.001,0.9181463387450652
laplace,41088,HetLDC,0.0,2.3182801423709507,0.001,0.9623168871057954
laplace,41088,HetLDC_cert,0.0,2.320598422513321,0.001,0.9624402305162008
laplace,41088,LDC_PAC,0.0,2.410136428688097,0.001,0.9669074674450324
laplace,41088,LDC_cert_pk,0.0,2.3311818934463107,,0.9629982122549126
laplace,41089,CP_PAC,0.0,2.359912991633918,0.001,0.964471530949029
laplace,41089,FH_PAC,-0.1273029214789356,1.8918558586752008,0.001,0.9300076252808196
laplace,41089,FH_normal,-0.1273029214789356,1.5982975943402549,0.001,0.8939892629081244
laplace,41089,HetLDC,0.0,2.0757676529626994,0.001,0.946900022111949
laplace,41089,HetLDC_cert,0.0,2.077843420615662,0.001,0.9470556727055068
laplace,41089,LDC_PAC,0.0,2.1510556796822486,0.001,0.9522631725782468
laplace,41089,LDC_cert_pk,0.0,2.0886199123359392,,0.947856440603522
laplace,41090,CP_PAC,0.0,2.877026047995257,0.003,0.9829008967159124
laplace,41090,FH_PAC,-0.0301591967224912,2.0485598955574287,0.003,0.9447668457830724
laplace,41090,FH_normal,-0.0301591967224912,1.7021957360045883,0.003,0.909857091355928
laplace,41090,HetLDC,0.0,2.667803175065327,0.003,0.9770133905844192
laplace,41090,HetLDC_cert,0.0,2.675806584590523,0.003,0.9772720983616824
laplace,41090,LDC_PAC,0.0,2.754770056503691,0.003,0.9796735680853969
laplace,41090,LDC_cert_pk,0.0,2.683128418382985,,0.977506223293806
laplace,41091,CP_PAC,0.0,2.3279900115505257,0.001,0.9628308085402126
laplace,41091,FH_PAC,-0.0950812909736771,1.7962852543031822,0.001,0.920445871649848
laplace,41091,FH_normal,-0.0950812909736771,1.474641431060095,0.001,0.8746248168855928
laplace,41091,HetLDC,0.0,2.062478779558276,0.001,0.9458926618668044
laplace,41091,HetLDC_cert,0.0,2.064541258337833,0.001,0.9460502514248752
laplace,41091,LDC_PAC,0.0,2.1368915333166463,0.001,0.9512973087072952
laplace,41091,LDC_cert_pk,0.0,2.072757019845047,,0.946673457517095
laplace,41092,CP_PAC,0.0,2.243927962855273,0.001,0.95813869378411
laplace,41092,FH_PAC,0.2344214756575945,1.615564889947962,0.001,0.8925552400327437
laplace,41092,FH_normal,0.2344214756575945,1.3025725054655348,0.001,0.8327290538417711
laplace,41092,HetLDC,0.0,1.9533494560153064,0.001,0.9368633145671784
laplace,41092,HetLDC_cert,0.0,1.9553028054713213,0.001,0.9370374860307188
laplace,41092,LDC_PAC,0.0,2.0305142092140884,0.001,0.9433906284993148
laplace,41092,LDC_cert_pk,0.0,1.9622286983598052,,0.9376511740919472
laplace,41093,CP_PAC,0.0,2.49809796725983,0.001,0.9707783096552224
laplace,41093,FH_PAC,0.1148478704168748,2.006608183914601,0.001,0.9406699919084616
laplace,41093,FH_normal,0.1148478704168748,1.6809744016517376,0.001,0.905968396999902
laplace,41093,HetLDC,0.0,2.242001145814607,0.001,0.958024469065298
laplace,41093,HetLDC_cert,0.0,2.244243146960421,0.001,0.9581573487858616
laplace,41093,LDC_PAC,0.0,2.323665304180542,0.001,0.962602782943638
laplace,41093,LDC_cert_pk,0.0,2.2558690456571338,,0.9588396802386412
laplace,41094,CP_PAC,0.0,2.227430883912003,0.001,0.9571505712440556
laplace,41094,FH_PAC,-0.0289654488289989,1.90029919325527,0.001,0.931887200297755
laplace,41094,FH_normal,-0.0289654488289989,1.5685936693853206,0.001,0.8911176871210349
laplace,41094,HetLDC,0.0,1.917348133231722,0.001,0.9335655634240878
laplace,41094,HetLDC_cert,0.0,1.9192654813649528,0.001,0.9337454590312904
laplace,41094,LDC_PAC,0.0,2.0004480106540763,0.001,0.9409316899582636
laplace,41094,LDC_cert_pk,0.0,1.927072262457155,,0.9344729162369592
laplace,41095,CP_PAC,0.0,2.607820292769633,0.001,0.974978374956356
laplace,41095,FH_PAC,-0.0851859601572238,2.0690505898801304,0.001,0.9460037264417672
laplace,41095,FH_normal,-0.0851859601572238,1.782000907940672,0.001,0.9189663428064228
laplace,41095,HetLDC,0.0,2.387906643889847,0.001,0.965850589714337
laplace,41095,HetLDC_cert,0.0,2.3902945505337363,0.001,0.9659657181087704
laplace,41095,LDC_PAC,0.0,2.469987168014206,0.001,0.9695932103541274
laplace,41095,LDC_cert_pk,0.0,2.39812643575798,,0.9663406004727156
laplace,41096,CP_PAC,0.0,2.5469554089970456,0.003,0.972729203705424
laplace,41096,FH_PAC,-0.1259929623588668,2.003887721524321,0.003,0.9402827442527624
laplace,41096,FH_normal,-0.1259929623588668,1.6845305345114077,0.003,0.9061910483580752
laplace,41096,HetLDC,0.0,2.342894782558385,0.003,0.9636060809261962
laplace,41096,HetLDC_cert,0.0,2.3499234669060605,0.003,0.9639660466873758
laplace,41096,LDC_PAC,0.0,2.425778359104926,0.003,0.9676314709795776
laplace,41096,LDC_cert_pk,0.0,2.3553914162229077,,0.9642436171857434
laplace,41097,CP_PAC,0.0,2.2751942007397,0.001,0.9599493547993528
laplace,41097,FH_PAC,0.1161001788999991,1.8409005053547047,0.001,0.9249805106846376
laplace,41097,FH_normal,0.1161001788999991,1.5191986704626734,0.001,0.881761586999289
laplace,41097,HetLDC,0.0,1.987666606285198,0.001,0.9398542846641074
laplace,41097,HetLDC_cert,0.0,1.989654272891483,0.001,0.940023115969756
laplace,41097,LDC_PAC,0.0,2.0588068020886894,0.001,0.9456109537895004
laplace,41097,LDC_cert_pk,0.0,1.9995087439722123,,0.940853175988849
laplace,41098,CP_PAC,0.0,2.38530074951062,0.001,0.965724507011002
laplace,41098,FH_PAC,-0.0126514252294017,1.7544954889813384,0.001,0.9163464376110216
laplace,41098,FH_normal,-0.0126514252294017,1.435345956567496,0.001,0.868628444432437
laplace,41098,HetLDC,0.0,2.087373482100732,0.001,0.9477644451272208
laplace,41098,HetLDC_cert,0.0,2.089460855582832,0.001,0.947918416688265
laplace,41098,LDC_PAC,0.0,2.1741965670660948,0.001,0.953800128967834
laplace,41098,LDC_cert_pk,0.0,2.097352940916676,,0.9484964722741548
laplace,41099,CP_PAC,0.0,2.909787390409401,0.003,0.9836750520329088
laplace,41099,FH_PAC,0.1017707692788183,2.163332321366328,0.003,0.9525980627490708
laplace,41099,FH_normal,0.1017707692788183,1.7988088329389462,0.003,0.9206254998971486
laplace,41099,HetLDC,0.0,2.7294397609984524,0.003,0.9789322264865958
laplace,41099,HetLDC_cert,0.0,2.737628080281447,0.003,0.9791747848545268
laplace,41099,LDC_PAC,0.0,2.8139992925798487,0.003,0.9813068094673136
laplace,41099,LDC_cert_pk,0.0,2.745523012651383,,0.979406007672323
laplace,41100,CP_PAC,0.0,2.4172990871713025,0.001,0.9672409871550648
laplace,41100,FH_PAC,0.0666628723497019,1.9885143317071368,0.001,0.9396591866339804
laplace,41100,FH_normal,0.0666628723497019,1.6732084380760837,0.001,0.9057530387504245
laplace,41100,HetLDC,0.0,2.1534638961476222,0.001,0.952425474901406
laplace,41100,HetLDC_cert,0.0,2.15561736004377,0.001,0.9525701407136042
laplace,41100,LDC_PAC,0.0,2.233917542614319,0.001,0.9575418539024508
laplace,41100,LDC_cert_pk,0.0,2.163307788066871,,0.953083188493903
laplace,41101,CP_PAC,0.0,2.571342599611529,0.003,0.9736537038614924
laplace,41101,FH_PAC,-0.0087592922366267,2.1496971039716883,0.003,0.9521676971645606
laplace,41101,FH_normal,-0.0087592922366267,1.758262397945037,0.003,0.9167978263708768
laplace,41101,HetLDC,0.0,2.3550569433887865,0.003,0.9642266998431456
laplace,41101,HetLDC_cert,0.0,2.362122114218953,0.003,0.9645823547595858
laplace,41101,LDC_PAC,0.0,2.435437458331724,0.003,0.96807061980729
laplace,41101,LDC_cert_pk,0.0,2.366050665932687,,0.9647785828986596
laplace,41102,CP_PAC,0.0,2.445687789969438,0.001,0.9685301345024686
laplace,41102,FH_PAC,0.0853250046600845,1.7889900090888655,0.001,0.9197614476463668
laplace,41102,FH_normal,0.0853250046600845,1.4543753857026234,0.001,0.8712051741879159
laplace,41102,HetLDC,0.0,2.206286593335791,0.001,0.9558499148277352
laplace,41102,HetLDC_cert,0.0,2.2084928799291266,0.001,0.955987455490102
laplace,41102,LDC_PAC,0.0,2.2892145439997864,0.001,0.960735648383518
laplace,41102,LDC_cert_pk,0.0,2.2175139026168527,,0.956545385736978
laplace,41103,CP_PAC,0.0,2.117884754007978,0.001,0.949970444723662
laplace,41103,FH_PAC,0.1570287265338061,1.6586627185093916,0.001,0.9018487220105712
laplace,41103,FH_normal,0.1570287265338061,1.3332280458337094,0.001,0.8444847077572977
laplace,41103,HetLDC,0.0,1.776166141634528,0.001,0.918884259287506
laplace,41103,HetLDC_cert,0.0,1.7779423077761622,0.001,0.9190877564649882
laplace,41103,LDC_PAC,0.0,1.8564350031350287,0.001,0.92758889150421
laplace,41103,LDC_cert_pk,0.0,1.7863767645448776,,0.9200471543869776
laplace,41104,CP_PAC,0.0,2.4485151838862813,0.001,0.9686557167413772
laplace,41104,FH_PAC,-0.0412434692911981,2.0691090942664254,0.001,0.946306433171827
laplace,41104,FH_normal,-0.0412434692911981,1.6876918919560815,0.001,0.9079162419546816
laplace,41104,HetLDC,0.0,2.164927840104932,0.001,0.9531905565378826
laplace,41104,HetLDC_cert,0.0,2.1670927679450367,0.001,0.9533336524532624
laplace,41104,LDC_PAC,0.0,2.2475231163723954,0.001,0.9583509896985152
laplace,41104,LDC_cert_pk,0.0,2.173881146108193,,0.9537795158742772
laplace,41105,CP_PAC,0.0,3.1697710232151755,0.01,0.9886975207044956
laplace,41105,FH_PAC,-0.0323433525887469,2.249052969185798,0.01,0.9583975193976192
laplace,41105,FH_normal,-0.0323433525887469,1.9032959285683977,0.01,0.9321612143252797
laplace,41105,HetLDC,0.0,2.976973052891332,0.01,0.9851547549879592
laplace,41105,HetLDC_cert,0.0,3.006742783420245,0.01,0.9857667773370168
laplace,41105,LDC_PAC,0.0,3.065424452098069,0.01,0.9869002853910308
laplace,41105,LDC_cert_pk,0.0,2.997061997617521,,0.98557057456385
laplace,41106,CP_PAC,0.0,2.615072633559998,0.003,0.9752336941573796
laplace,41106,FH_PAC,-0.0958138211090678,2.0931099924601515,0.003,0.9477101085308826
laplace,41106,FH_normal,-0.0958138211090678,1.7748285308179583,0.003,0.9179834519536904
laplace,41106,HetLDC,0.0,2.3971509939023155,0.003,0.9662941358586516
laplace,41106,HetLDC_cert,0.0,2.404342446884022,0.003,0.966635195663335
laplace,41106,LDC_PAC,0.0,2.476856195278061,0.003,0.9698871600992904
laplace,41106,LDC_cert_pk,0.0,2.4109003490159897,,0.9669431995413686
laplace,41107,CP_PAC,0.0,2.4705162554187066,0.001,0.9696159534992006
laplace,41107,FH_PAC,0.1143200871382316,1.7964440657905558,0.001,0.9201450184154342
laplace,41107,FH_normal,0.1143200871382316,1.4630466605038226,0.001,0.8720413209712846
laplace,41107,HetLDC,0.0,2.2188445652996625,0.001,0.9566270835257492
laplace,41107,HetLDC_cert,0.0,2.221063409864961,0.001,0.9567629709577016
laplace,41107,LDC_PAC,0.0,2.29800951818852,0.001,0.9612209926745174
laplace,41107,LDC_cert_pk,0.0,2.228976585121852,,0.9572441357210512
laplace,41108,CP_PAC,0.0,2.868840816723879,0.003,0.982701813184096
laplace,41108,FH_PAC,0.196495025601721,2.295359534052164,0.003,0.9595628033394692
laplace,41108,FH_normal,0.196495025601721,1.9039015465632605,0.003,0.9296589703025424
laplace,41108,HetLDC,0.0,2.647403134345564,0.003,0.9763405677676172
laplace,41108,HetLDC_cert,0.0,2.6553453437486003,0.003,0.9766048232091556
laplace,41108,LDC_PAC,0.0,2.7323493549759896,0.003,0.9790187377828768
laplace,41108,LDC_cert_pk,0.0,2.6646372031197405,,0.9769102405004956
laplace,41109,CP_PAC,0.0,2.405525579420667,0.001,0.9666909750452276
laplace,41109,FH_PAC,0.1535374176575468,1.7943390757940727,0.001,0.919071389284276
laplace,41109,FH_normal,0.1535374176575468,1.46067478468987,0.001,0.8702719958750481
laplace,41109,HetLDC,0.0,2.130039553973151,0.001,0.9508230777565754
laplace,41109,HetLDC_cert,0.0,2.132169593527124,0.001,0.950970992020161
laplace,41109,LDC_PAC,0.0,2.2080624136428257,0.001,0.9559606537606812
laplace,41109,LDC_cert_pk,0.0,2.1417565085200088,,0.9516312387157791
laplace,41110,CP_PAC,0.0,2.897226592187173,0.003,0.98338247038577
laplace,41110,FH_PAC,-0.0977993118159668,2.010730353532263,0.003,0.9412267095143362
laplace,41110,FH_normal,-0.0977993118159668,1.633882351295753,0.003,0.8998538054406259
laplace,41110,HetLDC,0.0,2.708602561652443,0.003,0.978302158160171
laplace,41110,HetLDC_cert,0.0,2.7167283693374,0.003,0.9785500744655315
laplace,41110,LDC_PAC,0.0,2.7882717541531723,0.003,0.9806141474763695
laplace,41110,LDC_cert_pk,0.0,2.72422171340329,,0.9787761832017954
laplace,41111,CP_PAC,0.0,2.5215840712450563,0.001,0.971732947981595
laplace,41111,FH_PAC,0.0185390280503264,1.6890924047180649,0.001,0.9082230159004916
laplace,41111,FH_normal,0.0185390280503264,1.339590779556147,0.001,0.8495498971492527
laplace,41111,HetLDC,0.0,2.290344101351816,0.001,0.9607983205751572
laplace,41111,HetLDC_cert,0.0,2.292634445453168,0.001,0.9609250907964788
laplace,41111,LDC_PAC,0.0,2.374521419633015,0.001,0.9651979990673648
laplace,41111,LDC_cert_pk,0.0,2.30158971359912,,0.9614168408046782
laplace,41112,CP_PAC,0.0,2.4924363137986583,0.001,0.970543398615271
laplace,41112,FH_PAC,-0.0426208635593153,1.8233488396062585,0.001,0.923982311227468
laplace,41112,FH_normal,-0.0426208635593153,1.4607793641854314,0.001,0.8730597212678559
laplace,41112,HetLDC,0.0,2.217019581996208,0.001,0.9565149970849988
laplace,41112,HetLDC_cert,0.0,2.219236601578204,0.001,0.9566511238043188
laplace,41112,LDC_PAC,0.0,2.3033546964845315,0.001,0.9615130266975516
laplace,41112,LDC_cert_pk,0.0,2.2313022338852693,,0.957384527222564
laplace,41113,CP_PAC,0.0,2.475405144173846,0.001,0.9698253022089642
laplace,41113,FH_PAC,0.1769273235786273,2.10706322916933,0.001,0.9476003516109964
laplace,41113,FH_normal,0.1769273235786273,1.7914494132362884,0.001,0.9181207811852924
laplace,41113,HetLDC,0.0,2.2259986570074206,0.001,0.9570636928543612
laplace,41113,HetLDC_cert,0.0,2.228224655664428,0.001,0.9571986454296288
laplace,41113,LDC_PAC,0.0,2.3025570344689874,0.001,0.9614695864144308
laplace,41113,LDC_cert_pk,0.0,2.23840864879292,,0.9578106672890732
laplace,41114,CP_PAC,0.0,2.8012977381542576,0.003,0.980967995195587
laplace,41114,FH_PAC,0.0788509254003705,2.2204204329435524,0.003,0.956454289001677
laplace,41114,FH_normal,0.0788509254003705,1.9036568339770537,0.003,0.931845131633674
laplace,41114,HetLDC,0.0,2.563862118701842,0.003,0.9733735069711218
laplace,41114,HetLDC_cert,0.0,2.571553705057947,0.003,0.9736615683263776
laplace,41114,LDC_PAC,0.0,2.65323860168284,0.003,0.9765350160729548
laplace,41114,LDC_cert_pk,0.0,2.577317678811061,,0.9738753931057011
laplace,41115,CP_PAC,0.0,2.067006849686533,0.001,0.9462380397444308
laplace,41115,FH_PAC,-0.0655204034973169,1.726882173350904,0.001,0.912655341597665
laplace,41115,FH_normal,-0.0655204034973169,1.413507387545916,0.001,0.8639475116213464
laplace,41115,HetLDC,0.0,1.7454028956136096,0.001,0.9152773625485104
laplace,41115,HetLDC_cert,0.0,1.7471482985092228,0.001,0.9154862316829552
laplace,41115,LDC_PAC,0.0,1.8118379011020969,0.001,0.9228748407986886
laplace,41115,LDC_cert_pk,0.0,1.7529611973894383,,0.9161781444709344
laplace,41116,CP_PAC,0.0,2.560952330661122,0.001,0.9732637115566494
laplace,41116,FH_PAC,-0.125078819641481,2.142739838561632,0.001,0.9509408193138642
laplace,41116,FH_normal,-0.125078819641481,1.7752182029967198,0.001,0.9175013920445916
laplace,41116,HetLDC,0.0,2.3286405453078665,0.001,0.9628649882358302
laplace,41116,HetLDC_cert,0.0,2.3309691858531743,0.001,0.9629870799262056
laplace,41116,LDC_PAC,0.0,2.4115936617617337,0.001,0.9669755955946486
laplace,41116,LDC_cert_pk,0.0,2.3373434951965257,,0.96331923848733
laplace,41117,CP_PAC,0.0,2.9395293614118154,0.003,0.9843474633661842
laplace,41117,FH_PAC,0.1625825293287233,2.048805724994814,0.003,0.9433716442982883
laplace,41117,FH_normal,0.1625825293287233,1.7295778450349568,0.003,0.9110596214588184
laplace,41117,HetLDC,0.0,2.715149350493594,0.003,0.9785021217622908
laplace,41117,HetLDC_cert,0.0,2.7232947985450746,0.003,0.978748343600602
laplace,41117,LDC_PAC,0.0,2.799674735441972,0.003,0.9809242613880372
laplace,41117,LDC_cert_pk,0.0,2.729788566577093,,0.9789426163526752
laplace,41118,CP_PAC,0.0,2.195980594077323,0.001,0.955201720255212
laplace,41118,FH_PAC,0.037029901620244,1.8460085586967268,0.001,0.9264124740978028
laplace,41118,FH_normal,0.037029901620244,1.5065159935206154,0.001,0.8810634073366335
laplace,41118,HetLDC,0.0,1.808126519807916,0.001,0.9224689708636362
laplace,41118,HetLDC_cert,0.0,1.809934646327724,0.001,0.9226669704207068
laplace,41118,LDC_PAC,0.0,1.891208302048481,0.001,0.9310637028152212
laplace,41118,LDC_cert_pk,0.0,1.8183534911553747,,0.9235822414740152
laplace,41119,CP_PAC,0.0,3.4542618110149164,0.001,0.992441359259036
laplace,41119,FH_PAC,-0.033861911796834,2.3394479980089296,0.001,0.963386303825808
laplace,41119,FH_normal,-0.033861911796834,1.9988478285544784,0.001,0.9407299711944024
laplace,41119,HetLDC,0.0,3.275938895550712,0.001,0.9902732671046016
laplace,41119,HetLDC_cert,0.0,3.2792148344462624,0.001,0.9903182256397144
laplace,41119,LDC_PAC,0.0,3.370783161138865,0.001,0.9914942022715572
laplace,41119,LDC_cert_pk,0.0,3.287438594830108,,0.9904301739117348
laplace,41120,CP_PAC,0.0,2.118176663800009,0.001,0.9499910938015994
laplace,41120,FH_PAC,0.0799910845081976,2.251510697317734,0.001,0.9583199212119304
laplace,41120,FH_normal,0.0799910845081976,1.9075359802665788,0.001,0.9322057761259364
laplace,41120,HetLDC,0.0,1.84700720591498,0.001,0.9266169752398024
laplace,41120,HetLDC_cert,0.0,1.8488542131208952,0.001,0.9268084061735808
laplace,41120,LDC_PAC,0.0,1.9167227668034603,0.001,0.9335067827074336
laplace,41120,LDC_cert_pk,0.0,1.856408572105387,,0.9275861847900666
laplace,41121,CP_PAC,0.0,2.685780611691103,0.003,0.9775904341994704
laplace,41121,FH_PAC,0.1647493228810707,2.132721903765444,0.003,0.9496735237360726
laplace,41121,FH_normal,0.1647493228810707,1.7834302199241423,0.003,0.917524247404184
laplace,41121,HetLDC,0.0,2.4818539480697352,0.003,0.9700992439570992
laplace,41121,HetLDC_cert,0.0,2.4892995099139443,0.003,0.9704124356053092
laplace,41121,LDC_PAC,0.0,2.557998645021204,0.003,0.97315179669607
laplace,41121,LDC_cert_pk,0.0,2.4927808377382688,,0.9705577472719348
laplace,41122,CP_PAC,0.0,2.9284841479533847,0.003,0.9841010466541912
laplace,41122,FH_PAC,0.1062660024603391,2.3492589605771688,0.003,0.9635241059152476
laplace,41122,FH_normal,0.1062660024603391,2.028769271595169,0.003,0.9426087145064692
laplace,41122,HetLDC,0.0,2.7279559252931125,0.003,0.9788879701755728
laplace,41122,HetLDC_cert,0.0,2.736139793068992,0.003,0.9791309066986128
laplace,41122,LDC_PAC,0.0,2.8183538195607665,0.003,0.9814215727228608
laplace,41122,LDC_cert_pk,0.0,2.745731144674837,,0.9794120684804684
laplace,41123,CP_PAC,0.0,2.802247927607215,0.003,0.98099355267258
laplace,41123,FH_PAC,0.1128860640424661,2.438033841832392,0.003,0.9677813894621128
laplace,41123,FH_normal,0.1128860640424661,2.0830034164492988,0.003,0.946769417231891
laplace,41123,HetLDC,0.0,2.591104692696524,0.003,0.97437983130267
laplace,41123,HetLDC_cert,0.0,2.5988780067746133,0.003,0.9746599346238476
laplace,41123,LDC_PAC,0.0,2.683169548378244,0.003,0.977507531642202
laplace,41123,LDC_cert_pk,0.0,2.6068596936932757,,0.9749443601736794
laplace,41124,CP_PAC,0.0,1.89912734125618,0.001,0.9318314280831844
laplace,41124,FH_PAC,-0.0586104398156749,1.729725969786438,0.001,0.91308030810614
laplace,41124,FH_normal,-0.0586104398156749,1.4580250317362116,0.001,0.872358218035818
laplace,41124,HetLDC,0.0,1.5519914875650287,0.001,0.8886244450404808
laplace,41124,HetLDC_cert,0.0,1.5535434790525935,0.001,0.8888686293172252
laplace,41124,LDC_PAC,0.0,1.62042796163515,0.001,0.8988985893658508
laplace,41124,LDC_cert_pk,0.0,1.5547785557218825,,0.8890625688562597
laplace,41125,CP_PAC,0.0,2.7302205264786155,0.003,0.9789554760336918
laplace,41125,FH_PAC,-0.00543647321283,2.070103413946002,0.003,0.9464713775227924
laplace,41125,FH_normal,-0.00543647321283,1.7747449658683327,0.003,0.9187186629640992
laplace,41125,HetLDC,0.0,2.501314090880276,0.003,0.9709109164544588
laplace,41125,HetLDC_cert,0.0,2.508818033152916,0.003,0.9712179827531552
laplace,41125,LDC_PAC,0.0,2.585918088354595,0.003,0.974191217338278
laplace,41125,LDC_cert_pk,0.0,2.515649215976733,,0.9714946998666796
laplace,41126,CP_PAC,0.0,2.76497336473349,0.003,0.9799647655312758
laplace,41126,FH_PAC,-0.0754137954715501,2.108091440276227,0.003,0.9489839512298508
laplace,41126,FH_normal,-0.0754137954715501,1.7689564693732267,0.003,0.917586476770214
laplace,41126,HetLDC,0.0,2.546928186409652,0.003,0.9727281537990368
laplace,41126,HetLDC_cert,0.0,2.5545689709688806,0.003,0.9730212587646008
laplace,41126,LDC_PAC,0.0,2.6334236272763154,0.003,0.975868166287351
laplace,41126,LDC_cert_pk,0.0,2.5619094584187185,,0.9732998768617652
laplace,41127,CP_PAC,0.0,3.107573159718993,0.01,0.9876583074287012
laplace,41127,FH_PAC,-0.0628425472689184,2.415162086637543,0.01,0.967011985493845
laplace,41127,FH_normal,-0.0628425472689184,2.0545649555529653,0.01,0.9450674729042782
laplace,41127,HetLDC,0.0,2.927142767252835,0.01,0.9840708577339874
laplace,41127,HetLDC_cert,0.0,2.9564141949253635,0.01,0.9847167993484716
laplace,41127,LDC_PAC,0.0,3.019202806927149,0.01,0.9860153860475628
laplace,41127,LDC_cert_pk,0.0,2.944502784026116,,0.9844571689380268
laplace,41128,CP_PAC,0.0,2.6271218191973533,0.003,0.9756521397173032
laplace,41128,FH_PAC,-0.006918108032821,2.071607380321423,0.003,0.9465841304033038
laplace,41128,FH_normal,-0.006918108032821,1.7289264917003622,0.003,0.9132758973673109
laplace,41128,HetLDC,0.0,2.4112170144887,0.003,0.9669580001401292
laplace,41128,HetLDC_cert,0.0,2.418450665532166,0.003,0.9672942943348144
laplace,41128,LDC_PAC,0.0,2.48826853607156,0.003,0.97036926496368
laplace,41128,LDC_cert_pk,0.0,2.4235384577099195,,0.9675287746551506
laplace,41129,CP_PAC,0.0,3.1057117826062406,0.003,0.9876257765471808
laplace,41129,FH_PAC,0.1135216541871174,1.8442907517942289,0.003,0.925383141370746
laplace,41129,FH_normal,0.1135216541871174,1.5033342378396828,0.003,0.8791497960376211
laplace,41129,HetLDC,0.0,2.884817014685792,0.003,0.9830882620879526
laplace,41129,HetLDC_cert,0.0,2.8934714657298493,0.003,0.9832939874124637
laplace,41129,LDC_PAC,0.0,2.973738047598127,0.003,0.9850866825682968
laplace,41129,LDC_cert_pk,0.0,2.902101555952674,,0.9834966416069204
laplace,41130,CP_PAC,0.0,2.311739282598988,0.001,0.9619666946340848
laplace,41130,FH_PAC,0.0326999352566166,2.1362172269131725,0.001,0.951198706953359
laplace,41130,FH_normal,0.0326999352566166,1.7692191581271892,0.001,0.9179958008083514
laplace,41130,HetLDC,0.0,2.053035651779775,0.001,0.9451652335972868
laplace,41130,HetLDC_cert,0.0,2.0550886874315544,0.001,0.9453242116478436
laplace,41130,LDC_PAC,0.0,2.121974783272845,0.001,0.9502589891192954
laplace,41130,LDC_cert_pk,0.0,2.061895369398888,,0.9458480012900284
laplace,41131,CP_PAC,0.0,2.774829119859155,0.003,0.980242082355376
laplace,41131,FH_PAC,-0.064721394219754,2.1155276286177025,0.003,0.9495929806562592
laplace,41131,FH_normal,-0.064721394219754,1.7814740973788032,0.003,0.919153404805863
laplace,41131,HetLDC,0.0,2.55001694867252,0.003,0.9728470220380432
laplace,41131,HetLDC_cert,0.0,2.557666999518537,0.003,0.9731392014635956
laplace,41131,LDC_PAC,0.0,2.6428104730027937,0.003,0.9761863995419642
laplace,41131,LDC_cert_pk,0.0,2.566261239592235,,0.9734636940988272
laplace,41132,CP_PAC,0.0,2.1754774157917254,0.001,0.953883739371812
laplace,41132,FH_PAC,-0.1030192806473905,1.5232346540577704,0.001,0.8827683595031699
laplace,41132,FH_normal,-0.1030192806473905,1.1992955489813806,0.001,0.8146453741618997
laplace,41132,HetLDC,0.0,1.8309450803645249,0.001,0.92493098320146
laplace,41132,HetLDC_cert,0.0,1.8327760254448893,0.001,0.9251251115209804
laplace,41132,LDC_PAC,0.0,1.906917935719879,0.001,0.9325783574839296
laplace,41132,LDC_cert_pk,0.0,1.8385153193598904,,0.9257303804076282
laplace,41133,CP_PAC,0.0,2.568894679326723,0.001,0.9735623380337636
laplace,41133,FH_PAC,0.1391719825104843,2.101728423280102,0.001,0.94781957079295
laplace,41133,FH_normal,0.1391719825104843,1.710615069220892,0.001,0.909275692971216
laplace,41133,HetLDC,0.0,2.314221088509216,0.001,0.962099950078307
laplace,41133,HetLDC_cert,0.0,2.3165353095977244,0.001,0.9622237867127126
laplace,41133,LDC_PAC,0.0,2.3895185515855464,0.001,0.9659283474247284
laplace,41133,LDC_cert_pk,0.0,2.321282325045001,,0.9624765401712464
laplace,41134,CP_PAC,0.0,2.2705741074835,0.001,0.959686815195676
laplace,41134,FH_PAC,0.1718514369818316,1.625683528272758,0.001,0.8966689130667493
laplace,41134,FH_normal,0.1718514369818316,1.3002471452617217,0.001,0.8362771898630806
laplace,41134,HetLDC,0.0,1.9805189114802348,0.001,0.939243226507122
laplace,41134,HetLDC_cert,0.0,1.982499430391715,0.001,0.9394131606453008
laplace,41134,LDC_PAC,0.0,2.054626113064844,0.001,0.9452884321966056
laplace,41134,LDC_cert_pk,0.0,1.988440852989051,,0.9399201051848228
laplace,41135,CP_PAC,0.0,2.626194258608399,0.001,0.9756201799973958
laplace,41135,FH_PAC,-0.1733771540497589,1.9810419826861336,0.001,0.937454016308232
laplace,41135,FH_normal,-0.1733771540497589,1.636428540741578,0.001,0.8981746563271208
laplace,41135,HetLDC,0.0,2.397389198489565,0.001,0.9663054885135351
laplace,41135,HetLDC_cert,0.0,2.399786587688055,0.001,0.966419533630225
laplace,41135,LDC_PAC,0.0,2.473030580377924,0.001,0.9697238010072676
laplace,41135,LDC_cert_pk,0.0,2.410360076431917,,0.9669179324838884
laplace,41136,CP_PAC,0.0,2.0900752473392106,0.001,0.947963649740581
laplace,41136,FH_PAC,-0.1655389736254369,1.4395283167280437,0.001,0.8658295174142787
laplace,41136,FH_normal,-0.1655389736254369,1.0908110318726476,0.001,0.7802980262712301
laplace,41136,HetLDC,0.0,1.748424748019553,0.001,0.9156386559713792
laplace,41136,HetLDC_cert,0.0,1.7501731727675724,0.001,0.915846994031242
laplace,41136,LDC_PAC,0.0,1.816235146315753,0.001,0.92335296650563
laplace,41136,LDC_cert_pk,0.0,1.7583431292098983,,0.9168137076913347
laplace,41137,CP_PAC,0.0,2.5868461357070034,0.001,0.9742250680410172
laplace,41137,FH_PAC,0.0184033829225145,2.100729508421379,0.001,0.9487244636806422
laplace,41137,FH_normal,0.0184033829225145,1.7867476486539466,0.001,0.9200620132868516
laplace,41137,HetLDC,0.0,2.347510290500976,0.001,0.9638428618487276
laplace,41137,HetLDC_cert,0.0,2.3498578007914763,0.001,0.963962700206132
laplace,41137,LDC_PAC,0.0,2.421341686063747,0.001,0.9674277392989694
laplace,41137,LDC_cert_pk,0.0,2.35842678508522,,0.9643967782040042
laplace,41138,CP_PAC,0.0,2.7228711417453755,0.003,0.9787356070427392
laplace,41138,FH_PAC,0.1305864119346423,1.8933484123954576,0.003,0.9300966882420318
laplace,41138,FH_normal,0.1305864119346423,1.5498654290947838,0.003,0.8863786623520074
laplace,41138,HetLDC,0.0,2.497803979514808,0.003,0.9707661578767468
laplace,41138,HetLDC_cert,0.0,2.505297391453351,0.003,0.971074321494524
laplace,41138,LDC_PAC,0.0,2.57895714628576,0.003,0.9739358943346066
laplace,41138,LDC_cert_pk,0.0,2.508286124715022,,0.9711963238498678
laplace,41139,CP_PAC,0.0,2.517415493068286,0.001,0.9715658142018752
laplace,41139,FH_PAC,0.0922819432117117,1.972672286115554,0.001,0.9380413473227732
laplace,41139,FH_normal,0.0922819432117117,1.5897577786724446,0.001,0.8935164876099009
laplace,41139,HetLDC,0.0,2.2798320355286283,0.001,0.9602111829404664
laplace,41139,HetLDC_cert,0.0,2.2821118675641565,0.001,0.9603392622406473
laplace,41139,LDC_PAC,0.0,2.356353163170647,0.001,0.9642922169408544
laplace,41139,LDC_cert_pk,0.0,2.293860261092301,,0.9609927710144496
laplace,41140,CP_PAC,0.0,3.0264279650011336,0.003,0.986157552108369
laplace,41140,FH_PAC,-0.1820387725210855,2.040337460121969,0.003,0.9423113306311576
laplace,41140,FH_normal,-0.1820387725210855,1.702674366260032,0.003,0.9070010214593376
laplace,41140,HetLDC,0.0,2.806747821643794,0.003,0.9811141220671612
laplace,41140,HetLDC_cert,0.0,2.815168065108725,0.003,0.9813376818076882
laplace,41140,LDC_PAC,0.0,2.897823306799712,0.003,0.9833964877028872
laplace,41140,LDC_cert_pk,0.0,2.821023657345741,,0.9814915874161076
laplace,41141,CP_PAC,0.0,2.879092221555683,0.003,0.982950787551904
laplace,41141,FH_PAC,-0.028777906474293,1.93646729050954,0.003,0.9352842299426676
laplace,41141,FH_normal,-0.028777906474293,1.5814485315254194,0.003,0.8930803885877983
laplace,41141,HetLDC,0.0,2.6827153326508952,0.003,0.9774930787828128
laplace,41141,HetLDC_cert,0.0,2.690763478648848,0.003,0.9777477956784012
laplace,41141,LDC_PAC,0.0,2.770819355522192,0.003,0.9801297235874404
laplace,41141,LDC_cert_pk,0.0,2.6963255267662785,,0.9779221432226052
laplace,41142,CP_PAC,0.0,2.8470000767969728,0.003,0.9821591787854412
laplace,41142,FH_PAC,-0.002397750579823,2.313796459336305,0.003,0.9620769656177344
laplace,41142,FH_normal,-0.002397750579823,1.9427563529228515,0.003,0.935909980774738
laplace,41142,HetLDC,0.0,2.630488434421686,0.003,0.9757677871056184
laplace,41142,HetLDC_cert,0.0,2.6383798997249506,0.003,0.9760367203978904
laplace,41142,LDC_PAC,0.0,2.71154773666953,0.003,0.978392344033966
laplace,41142,LDC_cert_pk,0.0,2.6462294452717856,,0.9763012641198618
laplace,41143,CP_PAC,0.0,2.489979628937281,0.001,0.9704408802356204
laplace,41143,FH_PAC,-0.0497817661916047,2.083339922776085,0.001,0.9473353798913496
laplace,41143,FH_normal,-0.0497817661916047,1.728354090632486,0.001,0.9129946454619454
laplace,41143,HetLDC,0.0,2.21267606942212,0.001,0.9562470616660604
laplace,41143,HetLDC_cert,0.0,2.2148887454915416,0.001,0.9563837592195475
laplace,41143,LDC_PAC,0.0,2.301084381057851,0.001,0.9613892575669988
laplace,41143,LDC_cert_pk,0.0,2.224193655903108,,0.9569539511807386
laplace,41144,CP_PAC,0.0,2.729338755364493,0.003,0.978929216876355
laplace,41144,FH_PAC,0.1986106058719277,2.133602454725386,0.003,0.9491274282147856
laplace,41144,FH_normal,0.1986106058719277,1.7855666608636958,0.003,0.9167772412194432
laplace,41144,HetLDC,0.0,2.486595364946381,0.003,0.9702990690706232
laplace,41144,HetLDC_cert,0.0,2.49405515104122,0.003,0.970610758879904
laplace,41144,LDC_PAC,0.0,2.570159531840439,0.003,0.9736095867009766
laplace,41144,LDC_cert_pk,0.0,2.499820154687208,,0.9708493936756364
laplace,41145,CP_PAC,0.0,2.5876267013678165,0.003,0.9742535049431308
laplace,41145,FH_PAC,0.184602669312948,2.1627709754439457,0.003,0.9514383965930704
laplace,41145,FH_normal,0.184602669312948,1.7904854356110782,0.003,0.9177860969351956
laplace,41145,HetLDC,0.0,2.348216093102334,0.003,0.9638789342931068
laplace,41145,HetLDC_cert,0.0,2.355260741381641,0.003,0.9642370087193282
laplace,41145,LDC_PAC,0.0,2.4367123422453885,0.003,0.9681281352780388
laplace,41145,LDC_cert_pk,0.0,2.3605204361421626,,0.9645020387969896
laplace,41146,CP_PAC,0.0,2.989214581816004,0.003,0.9854095460396805
laplace,41146,FH_PAC,-0.0556863876411044,2.321568855118929,0.003,0.9623753698995444
laplace,41146,FH_normal,-0.0556863876411044,1.955607387137417,0.003,0.9368693389781249
laplace,41146,HetLDC,0.0,2.7814300131580527,0.003,0.9804256657401922
laplace,41146,HetLDC_cert,0.0,2.7897743031975266,0.003,0.9806552972280748
laplace,41146,LDC_PAC,0.0,2.8768003883632347,0.003,0.9828954389926676
laplace,41146,LDC_cert_pk,0.0,2.796630096654777,,0.9808419485723592
laplace,41147,CP_PAC,0.0,2.54274066673778,0.003,0.9725661694749936
laplace,41147,FH_PAC,-0.0092053979417261,2.053921285719503,0.003,0.9452292288968892
laplace,41147,FH_normal,-0.0092053979417261,1.76232864797706,0.003,0.9172742482906864
laplace,41147,HetLDC,0.0,2.3248656571781403,0.003,0.9626662129415164
laplace,41147,HetLDC_cert,0.0,2.3318402541496743,0.003,0.9630326472038986
laplace,41147,LDC_PAC,0.0,2.4083472453387365,0.003,0.9668236278037952
laplace,41147,LDC_cert_pk,0.0,2.336903205813113,,0.9632963916141344
laplace,41148,CP_PAC,0.0,1.911898308187712,0.001,0.93305156061793
laplace,41148,FH_PAC,0.0332397465948549,1.672355686340702,0.001,0.9059532818576356
laplace,41148,FH_normal,0.0332397465948549,1.3775469849055064,0.001,0.8573043380550674
laplace,41148,HetLDC,0.0,1.5769221064663983,0.001,0.8924828199506398
laplace,41148,HetLDC_cert,0.0,1.5784990285728646,0.001,0.8927223273491056
laplace,41148,LDC_PAC,0.0,1.6465527805068252,0.001,0.9025657291413612
laplace,41148,LDC_cert_pk,0.0,1.5815346697807344,,0.8931818880585027
laplace,41149,CP_PAC,0.0,2.4381496513443297,0.001,0.9681928542088594
laplace,41149,FH_PAC,0.0994067322962387,1.900329412538985,0.001,0.9312736298595664
laplace,41149,FH_normal,0.0994067322962387,1.5125046694752535,0.001,0.8810622815323241
laplace,41149,HetLDC,0.0,2.157575715186413,0.001,0.9527013175127068
laplace,41149,HetLDC_cert,0.0,2.1597332909016,0.001,0.952845418739984
laplace,41149,LDC_PAC,0.0,2.238008462693765,0.001,0.9577867835370644
laplace,41149,LDC_cert_pk,0.0,2.169848092493244,,0.9535151395300508
normal,40000,CP_PAC,0.0,2.033495883778376,0.001,0.9579975509853362
normal,40000,FH_PAC,-0.0406223724305461,1.7291813845423316,0.001,0.9159680955571858
normal,40000,FH_normal,-0.0406223724305461,1.3837321381935068,0.001,0.8332098454371225
normal,40000,HetLDC,0.0,1.6957294511639585,0.001,0.9100628716247904
normal,40000,HetLDC_cert,0.0,1.6974251806151224,0.001,0.9103836947180656
normal,40000,LDC_PAC,0.0,1.7670687687960027,0.001,0.92278328788399
normal,40000,LDC_cert_pk,0.0,1.7023339552028112,,0.911307216962678
normal,40001,CP_PAC,0.0,2.3635053175566747,0.001,0.9818970331390048
normal,40001,FH_PAC,0.0152762900838252,2.15014304163358,0.001,0.9684362586056808
normal,40001,FH_normal,0.0152762900838252,1.8300376642188827,0.001,0.932723764787256
normal,40001,HetLDC,0.0,2.0908608275435503,0.001,0.9634594585137944
normal,40001,HetLDC_cert,0.0,2.092951688371093,0.001,0.9636465325596546
normal,40001,LDC_PAC,0.0,2.169491482771388,0.001,0.9699546097038472
normal,40001,LDC_cert_pk,0.0,2.101430975447885,,0.964396848776647
normal,40002,CP_PAC,0.0,2.3540361963294947,0.001,0.981429197356552
normal,40002,FH_PAC,0.1147882509197001,1.7906049453601214,0.001,0.9247484589774576
normal,40002,FH_normal,0.1147882509197001,1.483937556355902,0.001,0.8595829252937008
normal,40002,HetLDC,0.0,2.078904793653085,0.001,0.9623738979603398
normal,40002,HetLDC_cert,0.0,2.0809836984467376,0.001,0.9625646018111622
normal,40002,LDC_PAC,0.0,2.160799656398459,0.001,0.9692891813642892
normal,40002,LDC_cert_pk,0.0,2.0916353559622096,,0.9635288527486724
normal,40003,CP_PAC,0.0,2.001625877653241,0.001,0.9546750162996118
normal,40003,FH_PAC,0.0890295647903372,1.582722307897637,0.001,0.8850853965936413
normal,40003,FH_normal,0.0890295647903372,1.3002349138071585,0.001,0.8047154728117933
normal,40003,HetLDC,0.0,1.6365179623247916,0.001,0.8982687704832892
normal,40003,HetLDC_cert,0.0,1.6381544802871162,0.001,0.8986105274818759
normal,40003,LDC_PAC,0.0,1.7078847060020728,0.001,0.9123422624544344
normal,40003,LDC_cert_pk,0.0,1.642017777313701,,0.8994136800496728
normal,40004,CP_PAC,0.0,2.36862940401802,0.001,0.982145866598839
normal,40004,FH_PAC,0.0285076048287303,1.7349872360760972,0.001,0.9171320589161412
normal,40004,FH_normal,0.0285076048287303,1.437188730540598,0.001,0.8491697443254579
normal,40004,HetLDC,0.0,2.0826023199092494,0.001,0.9627125124147806
normal,40004,HetLDC_cert,0.0,2.084684922229158,0.001,0.9629020898153616
normal,40004,LDC_PAC,0.0,2.159000671057669,0.001,0.9691498851270716
normal,40004,LDC_cert_pk,0.0,2.096650599249942,,0.9639754834141174
normal,40005,CP_PAC,0.0,2.4202381356656364,0.001,0.984489653941366
normal,40005,FH_PAC,0.2394020902778375,2.043785342331069,0.001,0.9532047115984852
normal,40005,FH_normal,0.2394020902778375,1.6841393763255448,0.001,0.8985281117288062
normal,40005,HetLDC,0.0,2.1763225617637065,0.001,0.9704688503494046
normal,40005,HetLDC_cert,0.0,2.17849888432547,0.001,0.9706310847960145
normal,40005,LDC_PAC,0.0,2.2512421279737183,0.001,0.975629794007392
normal,40005,LDC_cert_pk,0.0,2.1885196249750845,,0.971368226664096
normal,40006,CP_PAC,0.0,2.347506445656545,0.001,0.9811004538516808
normal,40006,FH_PAC,-0.0264342060808636,2.203813343995878,0.001,0.9724083479869862
normal,40006,FH_normal,-0.0264342060808636,1.8434791424840664,0.001,0.9346469575960864
normal,40006,HetLDC,0.0,2.096476994603207,0.001,0.9639601013933752
normal,40006,HetLDC_cert,0.0,2.0985734715978097,0.001,0.964145483069043
normal,40006,LDC_PAC,0.0,2.169419522053837,0.001,0.969949151823824
normal,40006,LDC_cert_pk,0.0,2.1091978697180185,,0.965072494270606
normal,40007,CP_PAC,0.0,2.282920785861711,0.001,0.9775649651392178
normal,40007,FH_PAC,0.1132305264570401,1.7013163196425234,0.001,0.9090697411320467
normal,40007,FH_normal,0.1132305264570401,1.3501844703792876,0.001,0.8202709804823624
normal,40007,HetLDC,0.0,1.9676535481752009,0.001,0.9508920860228336
normal,40007,HetLDC_cert,0.0,1.969621201723376,0.001,0.9511182000854356
normal,40007,LDC_PAC,0.0,2.050283300614556,0.001,0.9596632067796522
normal,40007,LDC_cert_pk,0.0,1.9767574636528915,,0.9519309480824378
normal,40008,CP_PAC,0.0,2.394923530567634,0.001,0.9833761681110716
normal,40008,FH_PAC,2.357371534605404e-05,1.7519145682446464,0.001,0.920211500787181
normal,40008,FH_normal,2.357371534605404e-05,1.429214477946494,0.001,0.847057402185027
normal,40008,HetLDC,0.0,2.147745573947192,0.001,0.9682660272092658
normal,40008,HetLDC_cert,0.0,2.1498933195211385,0.001,0.9684363458152768
normal,40008,LDC_PAC,0.0,2.227695145298823,0.001,0.9740991490226474
normal,40008,LDC_cert_pk,0.0,2.159529654482965,,0.969190900738784
normal,40009,CP_PAC,0.0,2.086248831777864,0.001,0.9630439110037295
normal,40009,FH_PAC,-0.0657543028889582,1.9107639119219524,0.001,0.9434338721725926
normal,40009,FH_normal,-0.0657543028889582,1.5336242321495397,0.001,0.8740619617162199
normal,40009,HetLDC,0.0,1.784040518009547,0.001,0.9255829185021728
normal,40009,HetLDC_cert,0.0,1.7858245585275567,0.001,0.9258723309653772
normal,40009,LDC_PAC,0.0,1.8590736161238743,0.001,0.936983295554808
normal,40009,LDC_cert_pk,0.0,1.7936990844501757,,0.9271387884662848
normal,40010,CP_PAC,0.0,2.4926936817822085,0.001,0.98732218341636
normal,40010,FH_PAC,0.1213547260169942,1.9793751576104943,0.001,0.9505846012917692
normal,40010,FH_normal,0.1213547260169942,1.656393831670372,0.001,0.89989030835668
normal,40010,HetLDC,0.0,2.2824718943551003,0.001,0.9775385050212428
normal,40010,HetLDC_cert,0.0,2.284754366249455,0.001,0.9776727651794256
normal,40010,LDC_PAC,0.0,2.360945432038643,0.001,0.981771587394022
normal,40010,LDC_cert_pk,0.0,2.2938666341336003,,0.9782018395136374
normal,40011,CP_PAC,0.0,2.32999612730703,0.001,0.9801936441974188
normal,40011,FH_PAC,0.090439497243084,1.9723824831831969,0.001,0.9505133489814652
normal,40011,FH_normal,0.090439497243084,1.68230676328515,0.001,0.906157353087858
normal,40011,HetLDC,0.0,2.0861239232965856,0.001,0.9630326008241494
normal,40011,HetLDC_cert,0.0,2.088210047219882,0.001,0.963221108605179
normal,40011,LDC_PAC,0.0,2.167301375228751,0.001,0.9697881182835416
normal,40011,LDC_cert_pk,0.0,2.097863303359704,,0.9640827774905334
normal,40012,CP_PAC,0.0,2.416855016098158,0.001,0.984344748601327
normal,40012,FH_PAC,-0.0521006690713019,2.0182628419467887,0.001,0.9561509016795372
normal,40012,FH_normal,-0.0521006690713019,1.721752799229049,0.001,0.9144621993929642
normal,40012,HetLDC,0.0,2.1454375878760814,0.001,0.9680821234941815
normal,40012,HetLDC_cert,0.0,2.147583025463957,0.001,0.9682531049158074
normal,40012,LDC_PAC,0.0,2.233507159734629,0.001,0.9744844812924622
normal,40012,LDC_cert_pk,0.0,2.1605923905019138,,0.9692731602500152
normal,40013,CP_PAC,0.0,2.5917256023924207,0.003,0.990450409436191
normal,40013,FH_PAC,0.0325426388876577,1.9890582312516805,0.003,0.9531889752096396
normal,40013,FH_normal,0.0325426388876577,1.6484570264165626,0.003,0.900562097970288
normal,40013,HetLDC,0.0,2.3643123458992927,0.003,0.981936424048969
normal,40013,HetLDC_cert,0.0,2.3714052829369905,0.003,0.9822794120301096
normal,40013,LDC_PAC,0.0,2.4405721890737646,0.003,0.9853359851822264
normal,40013,LDC_cert_pk,0.0,2.3771248559633498,,0.9825518189817396
normal,40014,CP_PAC,0.0,2.3580169203828887,0.001,0.9816271445083478
normal,40014,FH_PAC,0.2174479572080074,2.016914350858722,0.001,0.951297910522831
normal,40014,FH_normal,0.2174479572080074,1.6931502124574438,0.001,0.901959959977089
normal,40014,HetLDC,0.0,2.047664904439941,0.001,0.9594071550771954
normal,40014,HetLDC_cert,0.0,2.0497125693443805,0.001,0.9596075122799848
normal,40014,LDC_PAC,0.0,2.133752482995156,0.001,0.9671369525851718
normal,40014,LDC_cert_pk,0.0,2.058991484847155,,0.9605049457858978
normal,40015,CP_PAC,0.0,2.4583149519070475,0.001,0.9860409305508172
normal,40015,FH_PAC,0.14003546912298,2.0211498951616806,0.001,0.9546813107331292
normal,40015,FH_normal,0.14003546912298,1.7211513656805824,0.001,0.9117153312332532
normal,40015,HetLDC,0.0,2.205869688230371,0.001,0.9726068748694964
normal,40015,HetLDC_cert,0.0,2.208075557918601,0.001,0.9727609934761676
normal,40015,LDC_PAC,0.0,2.2866601852130333,0.001,0.9777843346564126
normal,40015,LDC_cert_pk,0.0,2.217998303962154,,0.9734450519410964
normal,40016,CP_PAC,0.0,3.024496442281058,0.003,0.9975095259918124
normal,40016,FH_PAC,0.086145513671212,1.9479295748395675,0.003,0.9477112203588924
normal,40016,FH_normal,0.086145513671212,1.5703963373959309,0.003,0.8823227359106223
normal,40016,HetLDC,0.0,2.799532922788498,0.003,0.9948823402480358
normal,40016,HetLDC_cert,0.0,2.8079315215568634,0.003,0.9950139171889284
normal,40016,LDC_PAC,0.0,2.8959738619688498,0.003,0.9962201611844
normal,40016,LDC_cert_pk,0.0,2.815771465305508,,0.9951339732564316
normal,40017,CP_PAC,0.0,2.181698143107788,0.001,0.9708681819322014
normal,40017,FH_PAC,0.0606176671279076,1.7746254526130578,0.001,0.9235015146093416
normal,40017,FH_normal,0.0606176671279076,1.457741598298972,0.001,0.8543499193871038
normal,40017,HetLDC,0.0,1.8674518439422665,0.001,0.9381614842919432
normal,40017,HetLDC_cert,0.0,1.8693192957862088,0.001,0.9384215948647814
normal,40017,LDC_PAC,0.0,1.9441292881356524,0.001,0.9481201377908136
normal,40017,LDC_cert_pk,0.0,1.8774552541691132,,0.9395442754119014
normal,40018,CP_PAC,0.0,2.631324047091628,0.003,0.991494710398662
normal,40018,FH_PAC,-0.1864744370107887,2.000325583969557,0.003,0.9507711141968664
normal,40018,FH_normal,-0.1864744370107887,1.6882809773602026,0.003,0.9030132708757836
normal,40018,HetLDC,0.0,2.411332356360105,0.003,0.9841056429572808
normal,40018,HetLDC_cert,0.0,2.418566353429185,0.003,0.9844181965643783
normal,40018,LDC_PAC,0.0,2.492248660394047,0.003,0.9873062865061282
normal,40018,LDC_cert_pk,0.0,2.4256547727712947,,0.98471920151106
normal,40019,CP_PAC,0.0,2.707025190858024,0.003,0.9932110894264254
normal,40019,FH_PAC,-0.188199317653243,1.9405410799484768,0.003,0.9435045982198405
normal,40019,FH_normal,-0.188199317653243,1.6053095582754735,0.003,0.8853288541826202
normal,40019,HetLDC,0.0,2.4932580094164547,0.003,0.9873423168022724
normal,40019,HetLDC_cert,0.0,2.500737783444704,0.003,0.987606509687894
normal,40019,LDC_PAC,0.0,2.578232466237454,0.003,0.9900692835046452
normal,40019,LDC_cert_pk,0.0,2.506252061509337,,0.9877981399748256
normal,40020,CP_PAC,0.0,2.1975562709097995,0.001,0.972019257656212
normal,40020,FH_PAC,-0.0810394678741434,1.8031977961011296,0.001,0.9277131347639792
normal,40020,FH_normal,-0.0810394678741434,1.51360993192159,0.001,0.8686143566399462
normal,40020,HetLDC,0.0,1.912157402252382,0.001,0.944143991977634
normal,40020,HetLDC_cert,0.0,1.9140695596546344,0.001,0.9443887315978264
normal,40020,LDC_PAC,0.0,1.9885528000426589,0.001,0.9532494144049002
normal,40020,LDC_cert_pk,0.0,1.9200139777292864,,0.9451438661392716
normal,40021,CP_PAC,0.0,2.3779978192941007,0.001,0.9825930711382
normal,40021,FH_PAC,0.2118483065956179,2.074189104770144,0.001,0.9575964308962434
normal,40021,FH_normal,0.2118483065956179,1.767429841171496,0.001,0.9162038345107388
normal,40021,HetLDC,0.0,2.1067324897878112,0.001,0.9648592257302622
normal,40021,HetLDC_cert,0.0,2.108839222277599,0.001,0.9650415382069422
normal,40021,LDC_PAC,0.0,2.1827943337740243,0.001,0.9709490408540892
normal,40021,LDC_cert_pk,0.0,2.11772084114164,,0.965801283257214
normal,40022,CP_PAC,0.0,2.5171526222269027,0.001,0.9881692431453342
normal,40022,FH_PAC,0.0059381162251088,2.050491790091102,0.001,0.9596800116065808
normal,40022,FH_normal,0.0059381162251088,1.6882280880520733,0.001,0.90862683520992
normal,40022,HetLDC,0.0,2.217426849585493,0.001,0.9734060633599062
normal,40022,HetLDC_cert,0.0,2.2196442764350786,0.001,0.9735570757903936
normal,40022,LDC_PAC,0.0,2.2943792690083105,0.001,0.9782312771051986
normal,40022,LDC_cert_pk,0.0,2.229051233594783,,0.9741895038998588
normal,40023,CP_PAC,0.0,2.4400275605417696,0.001,0.9853138585726228
normal,40023,FH_PAC,0.0346055764181497,1.956086850471431,0.001,0.9494071136264906
normal,40023,FH_normal,0.0346055764181497,1.6335234282221085,0.001,0.8974355113141229
normal,40023,HetLDC,0.0,2.1967865480644497,0.001,0.9719643057621292
normal,40023,HetLDC_cert,0.0,2.198983334612514,0.001,0.97212089267686
normal,40023,LDC_PAC,0.0,2.2696497327102123,0.001,0.9767711564165682
normal,40023,LDC_cert_pk,0.0,2.206259337465331,,0.9726341532725256
normal,40024,CP_PAC,0.0,2.3650549325763266,0.001,0.9819726032355308
normal,40024,FH_PAC,0.1429766581922099,2.0419622180376464,0.001,0.9567701484058884
normal,40024,FH_normal,0.1429766581922099,1.687446580289052,0.001,0.9051693961054504
normal,40024,HetLDC,0.0,2.1268811755997725,0.001,0.9665700426857258
normal,40024,HetLDC_cert,0.0,2.129008056775372,0.001,0.9667464061699176
normal,40024,LDC_PAC,0.0,2.199912157703245,0.001,0.9721868720313384
normal,40024,LDC_cert_pk,0.0,2.137896590090325,,0.9674748629263834
normal,40025,CP_PAC,0.0,2.6834805679147955,0.001,0.9927139790736204
normal,40025,FH_PAC,-0.1187997862023066,1.9479030231374823,0.001,0.9469268447720044
normal,40025,FH_normal,-0.1187997862023066,1.6408042967767753,0.001,0.8967585453621043
normal,40025,HetLDC,0.0,2.400754687180008,0.001,0.98363869928423
normal,40025,HetLDC_cert,0.0,2.403155441867187,0.001,0.9837457233953482
normal,40025,LDC_PAC,0.0,2.479905919686753,0.001,0.9868582947828016
normal,40025,LDC_cert_pk,0.0,2.4126163861569663,,0.9841615202164552
normal,40026,CP_PAC,0.0,2.6759655761288355,0.003,0.9925485701836314
normal,40026,FH_PAC,-0.0884962148968231,2.0287242150240257,0.003,0.9567034343151696
normal,40026,FH_normal,-0.0884962148968231,1.7363955358394425,0.003,0.9163046504410944
normal,40026,HetLDC,0.0,2.475505539265232,0.003,0.9866952302175503
normal,40026,HetLDC_cert,0.0,2.482932055883028,0.003,0.9869694060849286
normal,40026,LDC_PAC,0.0,2.548650581534623,0.003,0.9891859410165316
normal,40026,LDC_cert_pk,0.0,2.486965519848543,,0.9871162114623836
normal,40027,CP_PAC,0.0,2.659020405698166,0.001,0.9921631783657688
normal,40027,FH_PAC,-0.0442200763903748,1.892980599930499,0.001,0.9413933912090476
normal,40027,FH_normal,-0.0442200763903748,1.5785722970000036,0.001,0.8852115890813536
normal,40027,HetLDC,0.0,2.413386262831306,0.001,0.9841949401123888
normal,40027,HetLDC_cert,0.0,2.4157996490941374,0.001,0.984299302190886
normal,40027,LDC_PAC,0.0,2.503942256208026,0.001,0.9877181922927044
normal,40027,LDC_cert_pk,0.0,2.425670242130288,,0.9847198527690452
normal,40028,CP_PAC,0.0,2.707007368609905,0.003,0.9932107249569048
normal,40028,FH_PAC,-0.0865412850382828,1.9326652861883005,0.003,0.9458300218706254
normal,40028,FH_normal,-0.0865412850382828,1.5911382791687945,0.003,0.8870813047312678
normal,40028,HetLDC,0.0,2.4204569668527265,0.003,0.9844989861164904
normal,40028,HetLDC_cert,0.0,2.4277183377532845,0.003,0.984805861824732
normal,40028,LDC_PAC,0.0,2.5016479263227205,0.003,0.9876383211788746
normal,40028,LDC_cert_pk,0.0,2.431979873764872,,0.98498345829581
normal,40029,CP_PAC,0.0,2.3560184200387444,0.001,0.9815279983005628
normal,40029,FH_PAC,0.0964581504768997,1.8201064882239544,0.001,0.9299676946711232
normal,40029,FH_normal,0.0964581504768997,1.5018638612678763,0.001,0.8650639996856258
normal,40029,HetLDC,0.0,2.067148096728008,0.001,0.9612797987938356
normal,40029,HetLDC_cert,0.0,2.0692152448247354,0.001,0.9614741072204392
normal,40029,LDC_PAC,0.0,2.147505785944884,0.001,0.9682469629405588
normal,40029,LDC_cert_pk,0.0,2.0787019567545952,,0.9623552469724052
normal,40030,CP_PAC,0.0,2.553859951585697,0.001,0.9893463902154432
normal,40030,FH_PAC,-0.0436262162077192,2.1090796843776443,0.001,0.9648890432780164
normal,40030,FH_normal,-0.0436262162077192,1.7202469195291883,0.001,0.9143149918190914
normal,40030,HetLDC,0.0,2.2992978785955227,0.001,0.9785119697852124
normal,40030,HetLDC_cert,0.0,2.301597176474118,0.001,0.9786421004766854
normal,40030,LDC_PAC,0.0,2.375533641599032,0.001,0.9824764050866428
normal,40030,LDC_cert_pk,0.0,2.309438951267679,,0.9790807643245678
normal,40031,CP_PAC,0.0,2.2444297800777893,0.001,0.975195237773916
normal,40031,FH_PAC,-0.1942787774988696,1.9823939655145304,0.001,0.9483687904463872
normal,40031,FH_normal,-0.1942787774988696,1.6578236087302116,0.001,0.8963352611354165
normal,40031,HetLDC,0.0,1.9689693807160404,0.001,0.951043392692068
normal,40031,HetLDC_cert,0.0,1.970938350096756,0.001,0.951269072118373
normal,40031,LDC_PAC,0.0,2.0457929776223023,0.001,0.9592232567570274
normal,40031,LDC_cert_pk,0.0,1.980458001740012,,0.9523479119408652
normal,40032,CP_PAC,0.0,2.400324710180852,0.001,0.9836194659490952
normal,40032,FH_PAC,0.275463008094661,2.1227938162375657,0.001,0.9594137394719428
normal,40032,FH_normal,0.275463008094661,1.7546074932510545,0.001,0.9092744617513656
normal,40032,HetLDC,0.0,2.1244004223939106,0.001,0.9663633252840036
normal,40032,HetLDC_cert,0.0,2.1265248228163043,0.001,0.96654041536161
normal,40032,LDC_PAC,0.0,2.2032884698590007,0.001,0.9724255768734388
normal,40032,LDC_cert_pk,0.0,2.1358706500909466,,0.9673100415164956
normal,40033,CP_PAC,0.0,2.934514452362238,0.003,0.9966593000462712
normal,40033,FH_PAC,0.0354551729451313,2.3421661336653994,0.003,0.9807521753020942
normal,40033,FH_normal,0.0354551729451313,1.9405269597774315,0.003,0.9475362294529664
normal,40033,HetLDC,0.0,2.7083337997605463,0.003,0.9932378028159484
normal,40033,HetLDC_cert,0.0,2.716458801159828,0.003,0.993401559299416
normal,40033,LDC_PAC,0.0,2.794898421807909,0.003,0.994808397523185
normal,40033,LDC_cert_pk,0.0,2.72593211789413,,0.99358798161119
normal,40034,CP_PAC,0.0,2.579446986801707,0.003,0.9901041353646556
normal,40034,FH_PAC,0.046903413993485,2.1802472165564093,0.003,0.9705831290959612
normal,40034,FH_normal,0.046903413993485,1.876301297309913,0.003,0.9391028148469924
normal,40034,HetLDC,0.0,2.326072251327046,0.003,0.979985303417482
normal,40034,HetLDC_cert,0.0,2.333050468081027,0.003,0.9803545033237484
normal,40034,LDC_PAC,0.0,2.4144159290817258,0.003,0.9842395403688856
normal,40034,LDC_cert_pk,0.0,2.3424633494204383,,0.9808430845988774
normal,40035,CP_PAC,0.0,2.308072620570968,0.001,0.9790049022831058
normal,40035,FH_PAC,0.0665847355335938,1.9870963738196683,0.001,0.9526000647032906
normal,40035,FH_normal,0.0665847355335938,1.67595873128527,0.001,0.9055260098289571
normal,40035,HetLDC,0.0,2.0631849217943543,0.001,0.9609049378418436
normal,40035,HetLDC_cert,0.0,2.0652481067161483,0.001,0.9611004691407364
normal,40035,LDC_PAC,0.0,2.1329772323518457,0.001,0.9670734060600884
normal,40035,LDC_cert_pk,0.0,2.073188929782316,,0.961845299763765
normal,40036,CP_PAC,0.0,2.796350521805149,0.003,0.9948316687387668
normal,40036,FH_PAC,-0.0057015480455784,1.853383110233909,0.003,0.936168218846932
normal,40036,FH_normal,-0.0057015480455784,1.5613563768111305,0.003,0.8815543269635281
normal,40036,HetLDC,0.0,2.579390735422021,0.003,0.9901025235859002
normal,40036,HetLDC_cert,0.0,2.587128907628287,0.003,0.9903220621567964
normal,40036,LDC_PAC,0.0,2.663307946540719,0.003,0.9922623433070188
normal,40036,LDC_cert_pk,0.0,2.5954264886604586,,0.9905526390261068
normal,40037,CP_PAC,0.0,2.2163462494850217,0.001,0.9733322021592266
normal,40037,FH_PAC,0.029610853393034,1.9568867096394007,0.001,0.9495383180077646
normal,40037,FH_normal,0.029610853393034,1.634603690846495,0.001,0.8977175282384162
normal,40037,HetLDC,0.0,1.8987653616567992,0.001,0.9424046666203404
normal,40037,HetLDC_cert,0.0,1.900664127018456,0.001,0.9426539798680198
normal,40037,LDC_PAC,0.0,1.975004502747362,0.001,0.9517323629727296
normal,40037,LDC_cert_pk,0.0,1.90050679422936,,0.9426333557876878
normal,40038,CP_PAC,0.0,2.788020779471532,0.003,0.9946968857837512
normal,40038,FH_PAC,-0.1087827706574841,2.184963523667725,0.003,0.9701588436977756
normal,40038,FH_normal,-0.1087827706574841,1.8449108941391528,0.003,0.9333606806855098
normal,40038,HetLDC,0.0,2.575927883923945,0.003,0.990002850531849
normal,40038,HetLDC_cert,0.0,2.5836556675757163,0.003,0.990224066022287
normal,40038,LDC_PAC,0.0,2.6553745101647093,0.003,0.992077959729851
normal,40038,LDC_cert_pk,0.0,2.587356221714341,,0.9903284451000468
normal,40039,CP_PAC,0.0,2.3169212748682355,0.001,0.9794919793867352
normal,40039,FH_PAC,0.0789082990047468,1.9360954806833948,0.001,0.9464056094604832
normal,40039,FH_normal,0.0789082990047468,1.5970168832448777,0.001,0.8886300620331277
normal,40039,HetLDC,0.0,2.0383811364333484,0.001,0.9584881687052508
normal,40039,HetLDC_cert,0.0,2.040419517569781,0.001,0.9586914404155829
normal,40039,LDC_PAC,0.0,2.1118688211599417,0.001,0.9653022976810576
normal,40039,LDC_cert_pk,0.0,2.0475109133172595,,0.9593920535559411
normal,40040,CP_PAC,0.0,3.05182367328158,0.003,0.997725443279668
normal,40040,FH_PAC,0.0330459812816716,2.246355236690144,0.003,0.9752402210229064
normal,40040,FH_normal,0.0330459812816716,1.8779795810401008,0.003,0.9394757528794724
normal,40040,HetLDC,0.0,2.860495329376863,0.003,0.9957702021647532
normal,40040,HetLDC_cert,0.0,2.869076815364993,0.003,0.9958832819360766
normal,40040,LDC_PAC,0.0,2.951359843677277,0.003,0.9968362190604908
normal,40040,LDC_cert_pk,0.0,2.877181039744338,,0.9959875467881798
normal,40041,CP_PAC,0.0,2.6761547150224776,0.003,0.9925527742041652
normal,40041,FH_PAC,-0.0113167764910773,1.7785713499881612,0.003,0.9246712490859228
normal,40041,FH_normal,-0.0113167764910773,1.443291099969704,0.003,0.851035490496395
normal,40041,HetLDC,0.0,2.4388244898743308,0.003,0.985264877118625
normal,40041,HetLDC_cert,0.0,2.4461409633439537,0.003,0.985560546688451
normal,40041,LDC_PAC,0.0,2.5200772663253392,0.003,0.9882670923934228
normal,40041,LDC_cert_pk,0.0,2.453175119225364,,0.9858398615472036
normal,40042,CP_PAC,0.0,2.416691908024652,0.001,0.9843377323808602
normal,40042,FH_PAC,0.0227186058885474,1.80206829999458,0.001,0.92839217946478
normal,40042,FH_normal,0.0227186058885474,1.4802640754850172,0.001,0.8610953102019941
normal,40042,HetLDC,0.0,2.128000218657484,0.001,0.96666293454915
normal,40042,HetLDC_cert,0.0,2.130128218876141,0.001,0.9668389708173896
normal,40042,LDC_PAC,0.0,2.2028095413803146,0.001,0.9723918246094554
normal,40042,LDC_cert_pk,0.0,2.1390734666631013,,0.9675702810925229
normal,40043,CP_PAC,0.0,2.323098076749588,0.001,0.9798261157182132
normal,40043,FH_PAC,-0.245281730555159,1.8472778809100108,0.001,0.9272275270429572
normal,40043,FH_normal,-0.245281730555159,1.5601843942705818,0.001,0.8702278053872006
normal,40043,HetLDC,0.0,2.067162271289097,0.001,0.9612811340087396
normal,40043,HetLDC_cert,0.0,2.069229433560386,0.001,0.961475438068646
normal,40043,LDC_PAC,0.0,2.1468628248800257,0.001,0.9681957960497528
normal,40043,LDC_cert_pk,0.0,2.07648189746749,,0.9621505963179156
normal,40044,CP_PAC,0.0,2.069251091834215,0.001,0.9614774694551352
normal,40044,FH_PAC,0.147171075175752,1.8080375595609364,0.001,0.926350642676672
normal,40044,FH_normal,0.147171075175752,1.475928877419579,0.001,0.8557520360793138
normal,40044,HetLDC,0.0,1.71602613966882,0.001,0.9138427417471104
normal,40044,HetLDC_cert,0.0,1.7177421658084888,0.001,0.914156345357838
normal,40044,LDC_PAC,0.0,1.7820671341333156,0.001,0.925261715419474
normal,40044,LDC_cert_pk,0.0,1.7204847089902515,,0.9146556291681748
normal,40045,CP_PAC,0.0,2.342629897165218,0.001,0.9808516328638496
normal,40045,FH_PAC,-0.1166414894010041,2.081832362117763,0.001,0.961346247039388
normal,40045,FH_normal,-0.1166414894010041,1.7357497544576976,0.001,0.9153031837193084
normal,40045,HetLDC,0.0,2.0896131097051747,0.001,0.9633474320636164
normal,40045,HetLDC_cert,0.0,2.0917027228148792,0.001,0.963534883201234
normal,40045,LDC_PAC,0.0,2.164912919093534,0.001,0.9696056453402466
normal,40045,LDC_cert_pk,0.0,2.10335205851425,,0.9645649940841148
normal,40046,CP_PAC,0.0,2.541781285352925,0.003,0.9889710836758896
normal,40046,FH_PAC,0.2161318738928521,2.0713542265735176,0.003,0.957134026610663
normal,40046,FH_normal,0.2161318738928521,1.749833485364189,0.003,0.9127971553153502
normal,40046,HetLDC,0.0,2.272010577489173,0.003,0.9769141285309856
normal,40046,HetLDC_cert,0.0,2.2788266092216403,0.003,0.9773226255311008
normal,40046,LDC_PAC,0.0,2.348956251616824,0.003,0.9811738813730086
normal,40046,LDC_cert_pk,0.0,2.2802702512224062,,0.9774083349611988
normal,40047,CP_PAC,0.0,2.297822218039183,0.001,0.9784280903148764
normal,40047,FH_PAC,-0.1631003290347115,1.7442416925838198,0.001,0.9148389845831122
normal,40047,FH_normal,-0.1631003290347115,1.4206358557058805,0.001,0.8390932251426273
normal,40047,HetLDC,0.0,2.0236931895887524,0.001,0.9569982702383936
normal,40047,HetLDC_cert,0.0,2.025716882778341,0.001,0.9572061943920276
normal,40047,LDC_PAC,0.0,2.094460071424528,0.001,0.9637809836299044
normal,40047,LDC_cert_pk,0.0,2.0336268124207453,,0.9580107636423044
normal,40048,CP_PAC,0.0,2.4362255009039746,0.001,0.9851585709007388
normal,40048,FH_PAC,-0.0111516627470004,1.7323169974143584,0.001,0.9167636948445088
normal,40048,FH_normal,-0.0111516627470004,1.3783524055691454,0.001,0.8318790413663573
normal,40048,HetLDC,0.0,2.1243731574146665,0.001,0.9663610472743608
normal,40048,HetLDC_cert,0.0,2.126497530572081,0.001,0.9665381453468752
normal,40048,LDC_PAC,0.0,2.204522862730725,0.001,0.9725124061042631
normal,40048,LDC_cert_pk,0.0,2.137806259198222,,0.9674675291997228
normal,40049,CP_PAC,0.0,2.307580117815341,0.001,0.978977498598701
normal,40049,FH_PAC,0.1091065328702316,1.9513190313901727,0.001,0.9475990259976356
normal,40049,FH_normal,0.1091065328702316,1.6429506391885804,0.001,0.8975840065525884
normal,40049,HetLDC,0.0,2.020437009590908,0.001,0.9566619222223732
normal,40049,HetLDC_cert,0.0,2.0224574466004985,0.001,0.9568708845181456
normal,40049,LDC_PAC,0.0,2.1033543763458047,0.001,0.9645651965453874
normal,40049,LDC_cert_pk,0.0,2.0327102206386467,,0.9579181919075196
normal,40050,CP_PAC,0.0,2.673559247947762,0.003,0.992494898237848
normal,40050,FH_PAC,0.0306978478125146,1.925842490334068,0.003,0.9457626114557222
normal,40050,FH_normal,0.0306978478125146,1.5939467934904334,0.003,0.8888838245223181
normal,40050,HetLDC,0.0,2.4323168855283144,0.003,0.984997424684517
normal,40050,HetLDC_cert,0.0,2.439613836184899,0.003,0.9852970305399044
normal,40050,LDC_PAC,0.0,2.5176331708723483,0.003,0.9881853702868884
normal,40050,LDC_cert_pk,0.0,2.4451693385436912,,0.9855215855769908
normal,40051,CP_PAC,0.0,3.051836808049838,0.003,0.9977255428030684
normal,40051,FH_PAC,0.1777462017519049,2.444324842125868,0.003,0.98392215041607
normal,40051,FH_normal,0.1777462017519049,2.056346946665963,0.003,0.9571120129440625
normal,40051,HetLDC,0.0,2.83445259900317,0.003,0.9954095732625584
normal,40051,HetLDC_cert,0.0,2.8429559568001794,0.003,0.9955302753379942
normal,40051,LDC_PAC,0.0,2.9221524295929333,0.003,0.9965237863272778
normal,40051,LDC_cert_pk,0.0,2.8515762539053995,,0.9956496949383448
normal,40052,CP_PAC,0.0,2.787427061731248,0.003,0.9946871587359344
normal,40052,FH_PAC,-0.2513876759924508,2.2908732356505985,0.003,0.973792308331502
normal,40052,FH_normal,-0.2513876759924508,1.9357331927508656,0.003,0.9395756924029732
normal,40052,HetLDC,0.0,2.564254045041451,0.003,0.9896602167048568
normal,40052,HetLDC_cert,0.0,2.571946807176575,0.003,0.989887157172876
normal,40052,LDC_PAC,0.0,2.654809039862125,0.003,0.9920646684211574
normal,40052,LDC_cert_pk,0.0,2.5791237268587417,,0.9900948697613658
normal,40053,CP_PAC,0.0,2.496248963828105,0.001,0.9874485525788824
normal,40053,FH_PAC,-0.3851395415055776,2.0727977777329274,0.001,0.9472746953713655
normal,40053,FH_normal,-0.3851395415055776,1.7136183649699797,0.001,0.8900708889841468
normal,40053,HetLDC,0.0,2.238491165569287,0.001,0.974810957113361
normal,40053,HetLDC_cert,0.0,2.240729656734856,0.001,0.9749564081366172
normal,40053,LDC_PAC,0.0,2.321945409613588,0.001,0.9797641247282332
normal,40053,LDC_cert_pk,0.0,2.250834145319038,,0.9756039559889652
normal,40054,CP_PAC,0.0,2.5118315770289743,0.001,0.9879893604949594
normal,40054,FH_PAC,0.0129044189505525,1.92931987314582,0.001,0.9462889056064104
normal,40054,FH_normal,0.0129044189505525,1.582383348761597,0.001,0.8864078574993514
normal,40054,HetLDC,0.0,2.270478203163535,0.001,0.9768214156726316
normal,40054,HetLDC_cert,0.0,2.2727486813666986,0.001,0.9769586708052592
normal,40054,LDC_PAC,0.0,2.351126501835504,0.001,0.981283330521801
normal,40054,LDC_cert_pk,0.0,2.280806841144926,,0.9774401206078592
normal,40055,CP_PAC,0.0,2.6030447016122675,0.003,0.9907600094802842
normal,40055,FH_PAC,0.0099184255295539,1.897160697695014,0.003,0.94218095538583
normal,40055,FH_normal,0.0099184255295539,1.546045122652239,0.003,0.8778879648573323
normal,40055,HetLDC,0.0,2.384855234764672,0.003,0.9829141566707298
normal,40055,HetLDC_cert,0.0,2.392009800468965,0.003,0.9832436050664406
normal,40055,LDC_PAC,0.0,2.465463984836638,0.003,0.9863164069389264
normal,40055,LDC_cert_pk,0.0,2.398035771475163,,0.9835167445650874
normal,40056,CP_PAC,0.0,2.4873556486878377,0.001,0.987130333010076
normal,40056,FH_PAC,-0.0235825271462696,1.933283444439231,0.001,0.9467325194786612
normal,40056,FH_normal,-0.0235825271462696,1.6056171698592532,0.001,0.8915437933312484
normal,40056,HetLDC,0.0,2.224746853493786,0.001,0.9739017629947996
normal,40056,HetLDC_cert,0.0,2.22697160034728,0.001,0.9740508281104489
normal,40056,LDC_PAC,0.0,2.2986594616336005,0.001,0.9784757158159384
normal,40056,LDC_cert_pk,0.0,2.234575511263724,,0.9745547699614676
normal,40057,CP_PAC,0.0,2.262796016928844,0.001,0.9763517334335224
normal,40057,FH_PAC,0.1072595865088201,1.8727695922384908,0.001,0.9374108299060132
normal,40057,FH_normal,0.1072595865088201,1.5278078401771176,0.001,0.871258477659735
normal,40057,HetLDC,0.0,2.007218441003212,0.001,0.9552735911045668
normal,40057,HetLDC_cert,0.0,2.0092256594442155,0.001,0.9554867923294352
normal,40057,LDC_PAC,0.0,2.077049139475198,0.001,0.962202975918643
normal,40057,LDC_cert_pk,0.0,2.016409632191745,,0.9562428408750824
normal,40058,CP_PAC,0.0,2.4729303293647,0.003,0.9865989734585672
normal,40058,FH_PAC,0.0100530648133448,2.1917304660778405,0.003,0.9715930235564032
normal,40058,FH_normal,0.0100530648133448,1.842053633785265,0.003,0.9345190806762692
normal,40058,HetLDC,0.0,2.23332703389563,0.003,0.9744726139724988
normal,40058,HetLDC_cert,0.0,2.2400270149973167,0.003,0.974910830903021
normal,40058,LDC_PAC,0.0,2.314714126430093,0.003,0.9793714178400376
normal,40058,LDC_cert_pk,0.0,2.2470708730026274,,0.975364501948065
normal,40059,CP_PAC,0.0,2.7120910860590937,0.003,0.9933139782393844
normal,40059,FH_PAC,0.1044491868510696,1.9946025377203984,0.003,0.9527251025372656
normal,40059,FH_normal,0.1044491868510696,1.5637453684834746,0.003,0.8801196413546791
normal,40059,HetLDC,0.0,2.479270982826994,0.003,0.9868348756143754
normal,40059,HetLDC_cert,0.0,2.4867087957754745,0.003,0.98710691130801
normal,40059,LDC_PAC,0.0,2.568746857145278,0.003,0.989793301322922
normal,40059,LDC_cert_pk,0.0,2.49586205212573,,0.9874348544583188
normal,40060,CP_PAC,0.0,2.9883721207305016,0.003,0.9971953215793384
normal,40060,FH_PAC,0.0421926645696877,2.100998231804201,0.003,0.9641946794338924
normal,40060,FH_normal,0.0421926645696877,1.76009021051881,0.003,0.9213418920138426
normal,40060,HetLDC,0.0,2.758149897797184,0.003,0.9941870464605964
normal,40060,HetLDC_cert,0.0,2.7664243474905748,0.003,0.9943325266880384
normal,40060,LDC_PAC,0.0,2.846193692207256,0.003,0.9955754726761508
normal,40060,LDC_cert_pk,0.0,2.773430725035411,,0.99445313510909
normal,40061,CP_PAC,0.0,2.831331194739948,0.003,0.9953645305362152
normal,40061,FH_PAC,-0.0469121517782212,2.158930754596576,0.003,0.9689600726735352
normal,40061,FH_normal,-0.0469121517782212,1.7742172661926945,0.003,0.9236499662125928
normal,40061,HetLDC,0.0,2.579822352946231,0.003,0.9901148847986398
normal,40061,HetLDC_cert,0.0,2.587561820005069,0.003,0.9903342150348724
normal,40061,LDC_PAC,0.0,2.666203615676224,0.003,0.9923286785013266
normal,40061,LDC_cert_pk,0.0,2.5953700332358403,,0.990551086918174
normal,40062,CP_PAC,0.0,2.630309215042689,0.003,0.9914692763382448
normal,40062,FH_PAC,-0.070210775839489,1.921679341305514,0.003,0.9447573557407264
normal,40062,FH_normal,-0.070210775839489,1.6124932832247303,0.003,0.8922813232894389
normal,40062,HetLDC,0.0,2.421707158263647,0.003,0.9845522065139868
normal,40062,HetLDC_cert,0.0,2.428972279738438,0.003,0.9848583100215512
normal,40062,LDC_PAC,0.0,2.505166423042085,0.003,0.9877606211408908
normal,40062,LDC_cert_pk,0.0,2.432759729042143,,0.9850157595386356
normal,40063,CP_PAC,0.0,2.360663193500533,0.001,0.9817577099782504
normal,40063,FH_PAC,-0.0813976333162593,2.0014782837879657,0.001,0.9539448758465936
normal,40063,FH_normal,-0.0813976333162593,1.688407520897819,0.001,0.9075940979468404
normal,40063,HetLDC,0.0,2.0820558379562266,0.001,0.9626626302870632
normal,40063,HetLDC_cert,0.0,2.0841378937941824,0.001,0.9628523739544756
normal,40063,LDC_PAC,0.0,2.16688266108312,0.001,0.9697561976307296
normal,40063,LDC_cert_pk,0.0,2.09428340500056,,0.9637652582571488
normal,40064,CP_PAC,0.0,2.6742736127243254,0.003,0.9925108678545902
normal,40064,FH_PAC,-0.0491279132731139,2.1380004355871094,0.003,0.9672738222149148
normal,40064,FH_normal,-0.0491279132731139,1.8081192821908696,0.003,0.9290725161093322
normal,40064,HetLDC,0.0,2.453372682284698,0.003,0.9858476371428112
normal,40064,HetLDC_cert,0.0,2.460732800331552,0.003,0.9861346414377332
normal,40064,LDC_PAC,0.0,2.532928179714713,0.003,0.988688587367329
normal,40064,LDC_cert_pk,0.0,2.4668753240141905,,0.9863702195039684
normal,40065,CP_PAC,0.0,2.71706587035052,0.003,0.9934136501948192
normal,40065,FH_PAC,0.1402645819700224,2.251922584379387,0.003,0.9742679536304962
normal,40065,FH_normal,0.1402645819700224,1.903328072645731,0.003,0.9405582062391972
normal,40065,HetLDC,0.0,2.481329599612259,0.003,0.9869106722845472
normal,40065,HetLDC_cert,0.0,2.4887735884110955,0.003,0.9871815430961894
normal,40065,LDC_PAC,0.0,2.573458705349516,0.003,0.9899312338445276
normal,40065,LDC_cert_pk,0.0,2.496811176871276,,0.9874684334571486
normal,40066,CP_PAC,0.0,2.5494340256202843,0.001,0.9892102075978556
normal,40066,FH_PAC,-0.1257659479099277,2.154166764281146,0.001,0.9674344817882028
normal,40066,FH_normal,-0.1257659479099277,1.778647182038228,0.001,0.9223942812070592
normal,40066,HetLDC,0.0,2.321528200089128,0.001,0.9797416460700012
normal,40066,HetLDC_cert,0.0,2.323849728289217,0.001,0.9798664505779716
normal,40066,LDC_PAC,0.0,2.4007471219420915,0.001,0.9836383610545234
normal,40066,LDC_cert_pk,0.0,2.333909047070528,,0.9803995150743074
normal,40067,CP_PAC,0.0,2.187437543846205,0.001,0.9712894020644588
normal,40067,FH_PAC,-0.1198929578774516,1.6300812683404715,0.001,0.8944409290932119
normal,40067,FH_normal,-0.1198929578774516,1.351271915247995,0.001,0.820286151168332
normal,40067,HetLDC,0.0,1.873707392807252,0.001,0.9390292335805888
normal,40067,HetLDC_cert,0.0,1.8755811002000595,0.001,0.9392871763663826
normal,40067,LDC_PAC,0.0,1.949243715677866,0.001,0.9487336733808932
normal,40067,LDC_cert_pk,0.0,1.885895209071229,,0.9406909227368518
normal,40068,CP_PAC,0.0,2.3118255646370747,0.001,0.9792127019928624
normal,40068,FH_PAC,-0.1834416611447378,1.652619411181701,0.001,0.8959333958311125
normal,40068,FH_normal,-0.1834416611447378,1.3421392124525808,0.001,0.8131531161348551
normal,40068,HetLDC,0.0,2.008902842454299,0.001,0.9554525615697352
normal,40068,HetLDC_cert,0.0,2.0109117452967533,0.001,0.9556652204744932
normal,40068,LDC_PAC,0.0,2.0919542587485127,0.001,0.9635573923377788
normal,40068,LDC_cert_pk,0.0,2.018135906835953,,0.9564228910021692
normal,40069,CP_PAC,0.0,2.905129769751788,0.003,0.996328991369444
normal,40069,FH_PAC,-0.1492435568546467,2.193482513636541,0.003,0.969963310587109
normal,40069,FH_normal,-0.1492435568546467,1.8711700784689715,0.003,0.9357883349294888
normal,40069,HetLDC,0.0,2.7189000620756243,0.003,0.9934500605430788
normal,40069,HetLDC_cert,0.0,2.7270567622618507,0.003,0.9936097954629012
normal,40069,LDC_PAC,0.0,2.809494997427967,0.003,0.9950380709717436
normal,40069,LDC_cert_pk,0.0,2.735031987054329,,0.9937625785508886
normal,40070,CP_PAC,0.0,2.4174056711908625,0.001,0.9843684150364918
normal,40070,FH_PAC,0.065567370512349,1.9531538680312464,0.001,0.9487011572901904
normal,40070,FH_normal,0.065567370512349,1.6360105299438883,0.001,0.8974267142597093
normal,40070,HetLDC,0.0,2.1317909592543405,0.001,0.966975964802508
normal,40070,HetLDC_cert,0.0,2.133922750213595,0.001,0.967150895148073
normal,40070,LDC_PAC,0.0,2.203460134990362,0.001,0.972437666226612
normal,40070,LDC_cert_pk,0.0,2.1411486940717945,,0.9677379510641648
normal,40071,CP_PAC,0.0,2.220771693525774,0.001,0.9736335712694736
normal,40071,FH_PAC,0.007236014324213,1.8306036381946544,0.001,0.9328331164007
normal,40071,FH_normal,0.007236014324213,1.5135462886265267,0.001,0.8698489906373856
normal,40071,HetLDC,0.0,1.9628252200401133,0.001,0.9503335137284028
normal,40071,HetLDC_cert,0.0,1.9647880452601527,0.001,0.9505612255783936
normal,40071,LDC_PAC,0.0,2.024228681977279,0.001,0.95705337226112
normal,40071,LDC_cert_pk,0.0,1.9670456449940343,,0.9508220512340132
normal,40072,CP_PAC,0.0,2.29244725761232,0.001,0.9781201522906476
normal,40072,FH_PAC,-0.1168359472705431,1.973342374639455,0.001,0.9500084040711444
normal,40072,FH_normal,-0.1168359472705431,1.606614180996659,0.001,0.8894551437127566
normal,40072,HetLDC,0.0,2.024469326797687,0.001,0.9570781151042622
normal,40072,HetLDC_cert,0.0,2.0264937961244844,0.001,0.957285792165634
normal,40072,LDC_PAC,0.0,2.104266389057233,0.001,0.9646447837736374
normal,40072,LDC_cert_pk,0.0,2.0347409846879634,,0.9581230580193952
normal,40073,CP_PAC,0.0,2.729082531055358,0.003,0.9936489193149972
normal,40073,FH_PAC,-0.1700837501505841,2.2639016256480846,0.003,0.9743950971982942
normal,40073,FH_normal,-0.1700837501505841,1.880234954262935,0.003,0.9362143716168896
normal,40073,HetLDC,0.0,2.4949075992646588,0.003,0.9874010066453578
normal,40073,HetLDC_cert,0.0,2.502392322062452,0.003,0.987664285652887
normal,40073,LDC_PAC,0.0,2.584840240275685,0.003,0.990257587207503
normal,40073,LDC_cert_pk,0.0,2.509433237559226,,0.9879074928165976
normal,40074,CP_PAC,0.0,2.7020874895980524,0.003,0.993109437170455
normal,40074,FH_PAC,-0.0997693362787789,1.888685809924052,0.003,0.9398051783427664
normal,40074,FH_normal,-0.0997693362787789,1.5979581369115392,0.003,0.8881782927220152
normal,40074,HetLDC,0.0,2.442082366632305,0.003,0.985397185488332
normal,40074,HetLDC_cert,0.0,2.449408613732202,0.003,0.9856908984468764
normal,40074,LDC_PAC,0.0,2.5292099857214527,0.003,0.9885680391574918
normal,40074,LDC_cert_pk,0.0,2.456572771911833,,0.9859730610608228
normal,40075,CP_PAC,0.0,2.2739038063876484,0.001,0.9770282292015297
normal,40075,FH_PAC,0.1172263933697799,1.7763371586158418,0.001,0.922311780182
normal,40075,FH_normal,0.1172263933697799,1.4641333178433622,0.001,0.8540969874977047
normal,40075,HetLDC,0.0,1.982244766637553,0.001,0.9525481474714504
normal,40075,HetLDC_cert,0.0,1.9842270114041904,0.001,0.9527694613666084
normal,40075,LDC_PAC,0.0,2.057639133558013,0.001,0.9603752128510524
normal,40075,LDC_cert_pk,0.0,1.9898258919656264,,0.9533898818178506
normal,40076,CP_PAC,0.0,1.907903562154832,0.001,0.9435963181915296
normal,40076,FH_PAC,0.2084808161859646,1.4966981873809784,0.001,0.8570843243115904
normal,40076,FH_normal,0.2084808161859646,1.195924513563254,0.001,0.7581883219379842
normal,40076,HetLDC,0.0,1.561236278999934,0.001,0.8815319879619774
normal,40076,HetLDC_cert,0.0,1.562797515278934,0.001,0.8818997711762913
normal,40076,LDC_PAC,0.0,1.62791626083064,0.001,0.8964573570193166
normal,40076,LDC_cert_pk,0.0,1.5702231044982304,,0.8836367837916215
normal,40077,CP_PAC,0.0,2.1965039036269207,0.001,0.9719441039312235
normal,40077,FH_PAC,0.0871626213013064,1.9461187304862728,0.001,0.9474712669965836
normal,40077,FH_normal,0.0871626213013064,1.627754125695797,0.001,0.8951116356768618
normal,40077,HetLDC,0.0,1.9118933630251864,0.001,0.9441101268499476
normal,40077,HetLDC_cert,0.0,1.9138052563882115,0.001,0.9443549563698224
normal,40077,LDC_PAC,0.0,1.987600520487981,0.001,0.9531441112903136
normal,40077,LDC_cert_pk,0.0,1.9224492511730844,,0.9454507465655076
normal,40078,CP_PAC,0.0,2.2545788657310646,0.001,0.9758402247476254
normal,40078,FH_PAC,-0.2680633552949929,1.769170875846515,0.001,0.912522835500024
normal,40078,FH_normal,-0.2680633552949929,1.4470268139997289,0.001,0.8376292884250393
normal,40078,HetLDC,0.0,1.975541325376538,0.001,0.9517932502889116
normal,40078,HetLDC_cert,0.0,1.9775168667019145,0.001,0.9520167641018176
normal,40078,LDC_PAC,0.0,2.055043847639737,0.001,0.960125230239804
normal,40078,LDC_cert_pk,0.0,1.9858503320995864,,0.9529500549025532
normal,40079,CP_PAC,0.0,2.646855811609649,0.003,0.9918756014207608
normal,40079,FH_PAC,0.0566219804913248,2.0758701331076126,0.003,0.9617860770521331
normal,40079,FH_normal,0.0566219804913248,1.7264410299401969,0.003,0.9152343914437464
normal,40079,HetLDC,0.0,2.3903408998176383,0.003,0.9831672595112828
normal,40079,HetLDC_cert,0.0,2.397511922517091,0.003,0.9834931562283036
normal,40079,LDC_PAC,0.0,2.477511988512191,0.003,0.9867698035951338
normal,40079,LDC_cert_pk,0.0,2.405178322335299,,0.9838354240451164
normal,40080,CP_PAC,0.0,2.584587059162125,0.001,0.9902504312771458
normal,40080,FH_PAC,0.1091469536489097,2.1105372790492845,0.001,0.964104723824067
normal,40080,FH_normal,0.1091469536489097,1.764345962473509,0.001,0.9205577568613338
normal,40080,HetLDC,0.0,2.3266541641004257,0.001,0.980016320756928
normal,40080,HetLDC_cert,0.0,2.328980818264526,0.001,0.9801399180991052
normal,40080,LDC_PAC,0.0,2.4041151923264,0.001,0.9837883360290154
normal,40080,LDC_cert_pk,0.0,2.340453213785286,,0.9807396485601124
normal,40081,CP_PAC,0.0,2.7727913286953814,0.003,0.9944422253153922
normal,40081,FH_PAC,0.1566866782051968,2.3249895376363536,0.003,0.9783938726848528
normal,40081,FH_normal,0.1566866782051968,1.936403415350072,0.003,0.9442682786020458
normal,40081,HetLDC,0.0,2.5253122629403406,0.003,0.9884404474447764
normal,40081,HetLDC_cert,0.0,2.532888199729161,0.003,0.9886872971951692
normal,40081,LDC_PAC,0.0,2.611077884430374,0.003,0.9909742664387744
normal,40081,LDC_cert_pk,0.0,2.5397405312266303,,0.9889065264995658
normal,40082,CP_PAC,0.0,2.1775877076460253,0.001,0.9705632544757958
normal,40082,FH_PAC,0.1857395561055715,1.8953439479819008,0.001,0.9376173417850234
normal,40082,FH_normal,0.1857395561055715,1.5699198838056383,0.001,0.8772750891253651
normal,40082,HetLDC,0.0,1.8755858289311755,0.001,0.9392878261985748
normal,40082,HetLDC_cert,0.0,1.8774614147601063,0.001,0.9395451190399872
normal,40082,LDC_PAC,0.0,1.955684025595721,0.001,0.949497612322102
normal,40082,LDC_cert_pk,0.0,1.8871348692616765,,0.9408578122333512
normal,40083,CP_PAC,0.0,2.344474097339294,0.001,0.9809460660211944
normal,40083,FH_PAC,0.2231691165235882,2.0567667542663592,0.001,0.9553373823226864
normal,40083,FH_normal,0.2231691165235882,1.7514563803395349,0.001,0.9126240529529168
normal,40083,HetLDC,0.0,2.053185271481965,0.001,0.95994538768622
normal,40083,HetLDC_cert,0.0,2.0552384567534467,0.001,0.9601440216352572
normal,40083,LDC_PAC,0.0,2.136983160323189,0.001,0.96740063869607
normal,40083,LDC_cert_pk,0.0,2.0654074952903474,,0.9611155400187266
normal,40084,CP_PAC,0.0,3.181688663134053,0.001,0.9985358087635284
normal,40084,FH_PAC,-0.075184263767778,2.3285370954747364,0.001,0.9797669753893816
normal,40084,FH_normal,-0.075184263767778,1.9698293217662548,0.001,0.9505035200587352
normal,40084,HetLDC,0.0,3.016947762840602,0.001,0.9974466619174596
normal,40084,HetLDC_cert,0.0,3.019964710603442,0.001,0.9974719586090928
normal,40084,LDC_PAC,0.0,3.1047972494382474,0.001,0.9980959050355324
normal,40084,LDC_cert_pk,0.0,3.025942245691293,,0.9975214035856804
normal,40085,CP_PAC,0.0,3.224209422515342,0.001,0.9987367901698936
normal,40085,FH_PAC,0.063926838791793,2.0446986740087736,0.001,0.95870310720809
normal,40085,FH_normal,0.063926838791793,1.7716465897445774,0.001,0.9229454372410972
normal,40085,HetLDC,0.0,3.0529795251061533,0.001,0.9977341860246414
normal,40085,HetLDC_cert,0.0,3.056032504631259,0.001,0.9977571306029932
normal,40085,LDC_PAC,0.0,3.1325222732518205,0.001,0.9982668872286676
normal,40085,LDC_cert_pk,0.0,3.06178148159865,,0.9977997598837433
normal,40086,CP_PAC,0.0,2.022477943904051,0.001,0.9568730000668249
normal,40086,FH_PAC,0.121045647775099,1.8515270405183315,0.001,0.9339557149454724
normal,40086,FH_normal,0.121045647775099,1.551081173986821,0.001,0.8763969301886607
normal,40086,HetLDC,0.0,1.7582369819493515,0.001,0.9212928048215008
normal,40086,HetLDC_cert,0.0,1.7599952189313008,0.001,0.921591382778409
normal,40086,LDC_PAC,0.0,1.8301256862514248,0.001,0.9327688531819815
normal,40086,LDC_cert_pk,0.0,1.7672727441472638,,0.9228174378492646
normal,40087,CP_PAC,0.0,2.842703448018926,0.003,0.9955267329030322
normal,40087,FH_PAC,0.1187423690310054,2.0297329879032526,0.003,0.9561591007614322
normal,40087,FH_normal,0.1187423690310054,1.769328339757268,0.003,0.9210801979862276
normal,40087,HetLDC,0.0,2.653693251264626,0.003,0.9920383833514748
normal,40087,HetLDC_cert,0.0,2.66165433101842,0.003,0.9922242314352264
normal,40087,LDC_PAC,0.0,2.7357990399920142,0.003,0.9937770983853498
normal,40087,LDC_cert_pk,0.0,2.671579498247946,,0.992450481258017
normal,40088,CP_PAC,0.0,2.538246153149779,0.001,0.9888590406883356
normal,40088,FH_PAC,-0.0403175463918073,1.9201756207121552,0.001,0.9449672005035308
normal,40088,FH_normal,-0.0403175463918073,1.5932686864045402,0.001,0.8886097158055353
normal,40088,HetLDC,0.0,2.3085535170619425,0.001,0.9790316301340614
normal,40088,HetLDC_cert,0.0,2.310862070579004,0.001,0.979159525309664
normal,40088,LDC_PAC,0.0,2.3902117433583348,0.001,0.9831613384083596
normal,40088,LDC_cert_pk,0.0,2.3204282376927976,,0.9796822771892936
normal,40089,CP_PAC,0.0,1.9825378934756992,0.001,0.952580929366249
normal,40089,FH_PAC,-0.1270846948430692,1.7162528285958785,0.001,0.9113489077501784
normal,40089,FH_normal,-0.1270846948430692,1.3836071145530184,0.001,0.8301031936003768
normal,40089,HetLDC,0.0,1.6228850204947918,0.001,0.8953860137005645
normal,40089,HetLDC_cert,0.0,1.6245079055152865,0.001,0.895732545450951
normal,40089,LDC_PAC,0.0,1.6915979080498729,0.001,0.9092773343595262
normal,40089,LDC_cert_pk,0.0,1.6300471599367987,,0.8969084698734213
normal,40090,CP_PAC,0.0,2.7905043335600186,0.003,0.9947374004281432
normal,40090,FH_PAC,-0.0457907151944062,2.0896991309151427,0.003,0.9631581928398016
normal,40090,FH_normal,-0.0457907151944062,1.7080658703607676,0.003,0.9120436493985205
normal,40090,HetLDC,0.0,2.5334517266073457,0.003,0.9887054704085718
normal,40090,HetLDC_cert,0.0,2.541052081787168,0.003,0.9889480544909656
normal,40090,LDC_PAC,0.0,2.6277578396762755,0.003,0.991405032265986
normal,40090,LDC_cert_pk,0.0,2.5477491511817068,,0.989157959887028
normal,40091,CP_PAC,0.0,1.993883705647548,0.001,0.953835234948314
normal,40091,FH_PAC,-0.0478879115509835,1.6004714374699045,0.001,0.8900991917509802
normal,40091,FH_normal,-0.0478879115509835,1.290452187781877,0.001,0.8025929816343524
normal,40091,HetLDC,0.0,1.671996174973104,0.001,0.9054749236642364
normal,40091,HetLDC_cert,0.0,1.6736681711480768,0.001,0.9058041675015712
normal,40091,LDC_PAC,0.0,1.7477417014026757,0.001,0.9194912356811588
normal,40091,LDC_cert_pk,0.0,1.6803171696230703,,0.9071043777949148
normal,40092,CP_PAC,0.0,2.398637398726269,0.001,0.983543798638998
normal,40092,FH_PAC,0.043711066506021,1.7962202588730816,0.001,0.9272676945265996
normal,40092,FH_normal,0.043711066506021,1.472061623676972,0.001,0.8586160887098763
normal,40092,HetLDC,0.0,2.1459247194136606,0.001,0.9681210147352816
normal,40092,HetLDC_cert,0.0,2.1480706441330737,0.001,0.9682918561386162
normal,40092,LDC_PAC,0.0,2.2311496881941064,0.001,0.9743287846653156
normal,40092,LDC_cert_pk,0.0,2.158393418027684,,0.969102742963363
normal,40093,CP_PAC,0.0,2.364783596169422,0.001,0.9819593909581374
normal,40093,FH_PAC,0.0541869158259286,1.8959087879731,0.001,0.9416597217932302
normal,40093,FH_normal,0.0541869158259286,1.5683968859737174,0.001,0.882674500355313
normal,40093,HetLDC,0.0,2.090841965416092,0.001,0.9634577671504104
normal,40093,HetLDC_cert,0.0,2.092932807381508,0.001,0.963644846893896
normal,40093,LDC_PAC,0.0,2.1706648309091574,0.001,0.9700434824789672
normal,40093,LDC_cert_pk,0.0,2.1027760006104907,,0.9645146451363028
normal,40094,CP_PAC,0.0,2.027606493509841,0.001,0.9573995742508944
normal,40094,FH_PAC,0.024721586378818,1.823942658017404,0.001,0.9317549863821092
normal,40094,FH_normal,0.024721586378818,1.4919214705081114,0.001,0.8641607416253385
normal,40094,HetLDC,0.0,1.6534614370209546,0.001,0.9017630118284434
normal,40094,HetLDC_cert,0.0,1.655114898457975,0.001,0.902098806670494
normal,40094,LDC_PAC,0.0,1.7134994495913956,0.001,0.9133793054679616
normal,40094,LDC_cert_pk,0.0,1.6514488438835728,,0.901353041727916
normal,40095,CP_PAC,0.0,2.445975563364749,0.003,0.9855539208640895
normal,40095,FH_PAC,-0.0389454298194611,1.9238149049750977,0.003,0.9454392545291124
normal,40095,FH_normal,-0.0389454298194611,1.6033465872728696,0.003,0.8908735551133503
normal,40095,HetLDC,0.0,2.179071441381948,0.003,0.9706736385764524
normal,40095,HetLDC_cert,0.0,2.185608655706093,0.003,0.9711557511842028
normal,40095,LDC_PAC,0.0,2.260418559211262,0.003,0.9762047142815832
normal,40095,LDC_cert_pk,0.0,2.1914687743962977,,0.9715821130146274
normal,40096,CP_PAC,0.0,2.586919430795912,0.003,0.9903161767563736
normal,40096,FH_PAC,-0.0137981275279179,1.8796253134995653,0.003,0.939816435983551
normal,40096,FH_normal,-0.0137981275279179,1.5768941627237056,0.003,0.8851455745396433
normal,40096,HetLDC,0.0,2.340463897591224,0.003,0.9807401996070176
normal,40096,HetLDC_cert,0.0,2.347485289283997,0.003,0.9810993805051288
normal,40096,LDC_PAC,0.0,2.4214102917885745,0.003,0.9845395835487268
normal,40096,LDC_cert_pk,0.0,2.353360164972752,,0.9813953960102983
normal,40097,CP_PAC,0.0,2.127903967422594,0.001,0.9666549534160276
normal,40097,FH_PAC,0.0246828130323364,1.5758866035414447,0.001,0.8848374126613027
normal,40097,FH_normal,0.0246828130323364,1.269027177280298,0.001,0.7954307685267314
normal,40097,HetLDC,0.0,1.7810188135268796,0.001,0.9250906226701164
normal,40097,HetLDC_cert,0.0,1.7827998323404062,0.001,0.9253811069218618
normal,40097,LDC_PAC,0.0,1.849107575690268,0.001,0.9355577192970574
normal,40097,LDC_cert_pk,0.0,1.7879256067381444,,0.9262119890293344
normal,40098,CP_PAC,0.0,2.8176562976296164,0.003,0.9951624436655662
normal,40098,FH_PAC,0.0208107520390767,1.8612475175352376,0.003,0.9372338777744862
normal,40098,FH_normal,0.0208107520390767,1.5523692188014595,0.003,0.8793457100210449
normal,40098,HetLDC,0.0,2.6132373554704875,0.003,0.9910311010018198
normal,40098,HetLDC_cert,0.0,2.6210770675368984,0.003,0.9912347555319908
normal,40098,LDC_PAC,0.0,2.69792315701756,0.003,0.993022645546711
normal,40098,LDC_cert_pk,0.0,2.629918634116076,,0.9914594693595584
normal,40099,CP_PAC,0.0,2.348253718697761,0.001,0.981138331794067
normal,40099,FH_PAC,0.1994030889304099,1.7760398271048723,0.001,0.9184514795104852
normal,40099,FH_normal,0.1994030889304099,1.4647736499301445,0.001,0.84909218086318
normal,40099,HetLDC,0.0,2.11064510237636,0.001,0.9651971721081058
normal,40099,HetLDC_cert,0.0,2.112755747478736,0.001,0.9653783209207192
normal,40099,LDC_PAC,0.0,2.1842841085757065,0.001,0.9710586222350448
normal,40099,LDC_cert_pk,0.0,2.120383514066237,,0.9660262841497128
normal,40100,CP_PAC,0.0,2.4472145817933795,0.001,0.9856034900801448
normal,40100,FH_PAC,-0.0293203331991011,1.901021584602293,0.001,0.9425937836075962
normal,40100,FH_normal,-0.0293203331991011,1.538592670001892,0.001,0.8759346811196702
normal,40100,HetLDC,0.0,2.1912443600270475,0.001,0.9715658859410032
normal,40100,HetLDC_cert,0.0,2.193435604387074,0.001,0.9717239905620548
normal,40100,LDC_PAC,0.0,2.2615635830182166,0.001,0.9762756198711692
normal,40100,LDC_cert_pk,0.0,2.199885215445231,,0.9721849600739736
normal,40101,CP_PAC,0.0,2.7031758323874167,0.003,0.9931319595948472
normal,40101,FH_PAC,-0.2231342791895267,2.022412568965273,0.003,0.9516461405929773
normal,40101,FH_normal,-0.2231342791895267,1.667496287875918,0.003,0.8963445757795095
normal,40101,HetLDC,0.0,2.4523893509527266,0.003,0.985808898317544
normal,40101,HetLDC_cert,0.0,2.4597465190055847,0.003,0.9860964824661912
normal,40101,LDC_PAC,0.0,2.545522470670156,0.003,0.9890885659154118
normal,40101,LDC_cert_pk,0.0,2.465802132860037,,0.9863293171585908
normal,40102,CP_PAC,0.0,2.925777534312717,0.003,0.996564034541206
normal,40102,FH_PAC,-0.0575955169939447,2.202784104373968,0.003,0.9721322640515866
normal,40102,FH_normal,-0.0575955169939447,1.907209686494589,0.003,0.9430970165907524
normal,40102,HetLDC,0.0,2.7172589659085133,0.003,0.9934174918681676
normal,40102,HetLDC_cert,0.0,2.7254107428062384,0.003,0.9935778461927248
normal,40102,LDC_PAC,0.0,2.801449903149837,0.003,0.9949126460784392
normal,40102,LDC_cert_pk,0.0,2.734074000133261,,0.993744401624967
normal,40103,CP_PAC,0.0,2.1368942522437777,0.001,0.9673934063884966
normal,40103,FH_PAC,0.1219486520110492,1.8074848911606336,0.001,0.9272188889952918
normal,40103,FH_normal,0.1219486520110492,1.5058940706191388,0.001,0.8650332964086342
normal,40103,HetLDC,0.0,1.8665570633143027,0.001,0.938036531688224
normal,40103,HetLDC_cert,0.0,1.8684236203776168,0.001,0.9382969527502109
normal,40103,LDC_PAC,0.0,1.9336601774184308,0.001,0.9468450768923476
normal,40103,LDC_cert_pk,0.0,1.8778655187312423,,0.9396004355167532
normal,40104,CP_PAC,0.0,3.183928468753773,0.001,0.9985470908898988
normal,40104,FH_PAC,0.1450100678172227,2.629613566294173,0.001,0.9907519287763794
normal,40104,FH_normal,0.1450100678172227,2.2639508621099265,0.001,0.9749532593424404
normal,40104,HetLDC,0.0,3.0191259050920483,0.001,0.9974649484470142
normal,40104,HetLDC_cert,0.0,3.02214503099714,0.001,0.9974900973694611
normal,40104,LDC_PAC,0.0,3.106982925996725,0.001,0.9981099268521612
normal,40104,LDC_cert_pk,0.0,3.028484508125995,,0.9975421632132244
normal,40105,CP_PAC,0.0,2.724719897850182,0.003,0.993564394113309
normal,40105,FH_PAC,-0.1517650285669984,1.9501903901608,0.003,0.9461665960242712
normal,40105,FH_normal,-0.1517650285669984,1.5841030869686803,0.003,0.8826828735756633
normal,40105,HetLDC,0.0,2.4773102382042698,0.003,0.9867623219210332
normal,40105,HetLDC_cert,0.0,2.484742168918882,0.003,0.987035470518081
normal,40105,LDC_PAC,0.0,2.565810053182546,0.003,0.9897064820613216
normal,40105,LDC_cert_pk,0.0,2.4894104169712463,,0.9872044839589222
normal,40106,CP_PAC,0.0,2.9076438207060504,0.003,0.9963583715161451
normal,40106,FH_PAC,0.0849331936186903,2.157334295641137,0.003,0.968413929856148
normal,40106,FH_normal,0.0849331936186903,1.8240994726002224,0.003,0.9308683015772266
normal,40106,HetLDC,0.0,2.704876602299001,0.003,0.9931670233097644
normal,40106,HetLDC_cert,0.0,2.7129912321058978,0.003,0.993332112919192
normal,40106,LDC_PAC,0.0,2.798297226138716,0.003,0.9948627185408274
normal,40106,LDC_cert_pk,0.0,2.7216553850811467,,0.9935044160093136
normal,40107,CP_PAC,0.0,2.4136432889884367,0.003,0.984206083649876
normal,40107,FH_PAC,-0.1424641424926663,2.012461099659409,0.003,0.9536740374256082
normal,40107,FH_normal,-0.1424641424926663,1.682381708935912,0.003,0.9041976286397956
normal,40107,HetLDC,0.0,2.1761257246782977,0.003,0.9704541391465628
normal,40107,HetLDC_cert,0.0,2.182654101852332,0.003,0.9709387076358208
normal,40107,LDC_PAC,0.0,2.2592202258362897,0.003,0.976130310701067
normal,40107,LDC_cert_pk,0.0,2.1888812038950576,,0.971394524436765
normal,40108,CP_PAC,0.0,2.528728046095368,0.003,0.9885523309176244
normal,40108,FH_PAC,0.0885261073315985,2.025652320422485,0.003,0.9563850261462444
normal,40108,FH_normal,0.0885261073315985,1.723835965536474,0.003,0.9140428114280515
normal,40108,HetLDC,0.0,2.295594465866269,0.003,0.9783009205037
normal,40108,HetLDC_cert,0.0,2.3024812492638675,0.003,0.978691952342245
normal,40108,LDC_PAC,0.0,2.381248746909876,0.003,0.9827459434287664
normal,40108,LDC_cert_pk,0.0,2.310261993709422,,0.9791263462805468
normal,40109,CP_PAC,0.0,2.433746412906417,0.001,0.985056539804384
normal,40109,FH_PAC,-0.0150869925641366,2.0564406360501053,0.001,0.9602373980564292
normal,40109,FH_normal,-0.0150869925641366,1.739395953719369,0.001,0.9180000640165084
normal,40109,HetLDC,0.0,2.1673124000246013,0.001,0.9697889583670134
normal,40109,HetLDC_cert,0.0,2.169479712424625,0.001,0.9699537170370092
normal,40109,LDC_PAC,0.0,2.249117138594708,0.001,0.9754949555696788
normal,40109,LDC_cert_pk,0.0,2.178908211698647,,0.970661512373695
normal,40110,CP_PAC,0.0,2.3732640306636874,0.001,0.9823683448921888
normal,40110,FH_PAC,-0.1965481938974505,1.8140103828927123,0.001,0.924924672869784
normal,40110,FH_normal,-0.1965481938974505,1.494837943734488,0.001,0.857524567281086
normal,40110,HetLDC,0.0,2.069310172473781,0.001,0.9614830103208988
normal,40110,HetLDC_cert,0.0,2.071379482646255,0.001,0.9616766532636354
normal,40110,LDC_PAC,0.0,2.147549482982278,0.001,0.9682504377911504
normal,40110,LDC_cert_pk,0.0,2.0804899188919093,,0.9625193806556336
normal,40111,CP_PAC,0.0,2.291932093341795,0.001,0.9780904380099468
normal,40111,FH_PAC,0.1148405607009483,1.8302057386735373,0.001,0.9309761491390148
normal,40111,FH_normal,0.1148405607009483,1.502845547286119,0.001,0.8645671059897215
normal,40111,HetLDC,0.0,2.0321980111265185,0.001,0.9578663858253016
normal,40111,HetLDC_cert,0.0,2.034230209137645,0.001,0.9580716099407738
normal,40111,LDC_PAC,0.0,2.1037935132448413,0.001,0.9646035371003252
normal,40111,LDC_cert_pk,0.0,2.0438796597065294,,0.959034562976886
normal,40112,CP_PAC,0.0,2.523849764463767,0.003,0.9883922475896044
normal,40112,FH_PAC,0.1362724917724138,2.084689849223111,0.003,0.9611407216221745
normal,40112,FH_normal,0.1362724917724138,1.726989724369366,0.003,0.9129506948833416
normal,40112,HetLDC,0.0,2.265282509232289,0.003,0.9765046513219902
normal,40112,HetLDC_cert,0.0,2.2720783567599856,0.003,0.976918221915043
normal,40112,LDC_PAC,0.0,2.347618951502356,0.003,0.9811061608233134
normal,40112,LDC_cert_pk,0.0,2.2789650723782,,0.9773308583609136
normal,40113,CP_PAC,0.0,2.2107479051853214,0.001,0.9729467008533428
normal,40113,FH_PAC,0.1006235747827482,1.732864484150588,0.001,0.9153206156889792
normal,40113,FH_normal,0.1006235747827482,1.3832005757883925,0.001,0.8312520548096624
normal,40113,HetLDC,0.0,1.8785647079877552,0.001,0.939696046160645
normal,40113,HetLDC_cert,0.0,1.8804432726957423,0.001,0.939952309274698
normal,40113,LDC_PAC,0.0,1.95413964343772,0.001,0.94931529512724
normal,40113,LDC_cert_pk,0.0,1.887405385613227,,0.940894178693814
normal,40114,CP_PAC,0.0,2.905289533390901,0.003,0.9963308648211529
normal,40114,FH_PAC,-0.1967595517056513,2.2553800434181244,0.003,0.9731342180071608
normal,40114,FH_normal,-0.1967595517056513,1.8637439048898583,0.003,0.9325660240335072
normal,40114,HetLDC,0.0,2.678465155493245,0.003,0.992603957295998
normal,40114,HetLDC_cert,0.0,2.6865005509597246,0.003,0.9927795170882868
normal,40114,LDC_PAC,0.0,2.7670639431449384,0.003,0.9943436340526252
normal,40114,LDC_cert_pk,0.0,2.693641477052076,,0.9929323856715656
normal,40115,CP_PAC,0.0,2.515751449154068,0.003,0.9881221084795824
normal,40115,FH_PAC,-0.009334305661244,1.937747974090218,0.003,0.947335717934242
normal,40115,FH_normal,-0.009334305661244,1.6700269249457789,0.003,0.905071569600954
normal,40115,HetLDC,0.0,2.2638107597755743,0.003,0.9764142435380908
normal,40115,HetLDC_cert,0.0,2.2706021920549007,0.003,0.9768289293441584
normal,40115,LDC_PAC,0.0,2.340086110695435,0.003,0.980720705827894
normal,40115,LDC_cert_pk,0.0,2.277873415105084,,0.97726587937104
normal,40116,CP_PAC,0.0,2.5026222222417265,0.001,0.9876722947861384
normal,40116,FH_PAC,-0.0524161621226156,1.970064324637872,0.001,0.9508588118608056
normal,40116,FH_normal,-0.0524161621226156,1.6109641735523084,0.001,0.8923301385581497
normal,40116,HetLDC,0.0,2.244953037664636,0.001,0.9752288524511352
normal,40116,HetLDC_cert,0.0,2.2471979907023005,0.001,0.9753726234532044
normal,40116,LDC_PAC,0.0,2.327873647674865,0.001,0.980081186070786
normal,40116,LDC_cert_pk,0.0,2.2600479471283625,,0.9761817247857564
normal,40117,CP_PAC,0.0,2.7157471728041527,0.003,0.993387360507754
normal,40117,FH_PAC,-0.1998589190732493,2.2837972119558656,0.003,0.9749150440018622
normal,40117,FH_normal,-0.1998589190732493,1.938338641306848,0.003,0.9426864838095772
normal,40117,HetLDC,0.0,2.490045911708454,0.003,0.9872273405466264
normal,40117,HetLDC_cert,0.0,2.497516049443579,0.003,0.9874933196398604
normal,40117,LDC_PAC,0.0,2.5722097059353115,0.003,0.9898948338316338
normal,40117,LDC_cert_pk,0.0,2.5031744016606328,,0.9876915124867652
normal,40118,CP_PAC,0.0,2.32589367478808,0.001,0.9799757764393242
normal,40118,FH_PAC,-0.1876700670843625,1.6985135383411163,0.001,0.904950723446872
normal,40118,FH_normal,-0.1876700670843625,1.3847756024869438,0.001,0.8264436737192586
normal,40118,HetLDC,0.0,2.0356081126713,0.001,0.9582102774911724
normal,40118,HetLDC_cert,0.0,2.0376437207839704,0.001,0.9584144237125616
normal,40118,LDC_PAC,0.0,2.1200471446305027,0.001,0.96599793031712
normal,40118,LDC_cert_pk,0.0,2.047297801605305,,0.9593711463715766
normal,40119,CP_PAC,0.0,2.279748805398155,0.001,0.9773774091127096
normal,40119,FH_PAC,-0.1708142052166212,2.019760743915196,0.001,0.9535259508340848
normal,40119,FH_normal,-0.1708142052166212,1.6940532716409618,0.001,0.9050505561287692
normal,40119,HetLDC,0.0,1.9994452709527823,0.001,0.9544398021509336
normal,40119,HetLDC_cert,0.0,2.001444716223735,0.001,0.9546555141364944
normal,40119,LDC_PAC,0.0,2.077986194188144,0.001,0.962289369260658
normal,40119,LDC_cert_pk,0.0,2.009893999538128,,0.9555575910207555
normal,40120,CP_PAC,0.0,2.653152998969419,0.003,0.9920256284219772
normal,40120,FH_PAC,0.2158002636355167,2.142957585335957,0.003,0.9638518783904284
normal,40120,FH_normal,0.2158002636355167,1.807473629257024,0.003,0.92274848357558
normal,40120,HetLDC,0.0,2.4063947176471188,0.003,0.9838891529785624
normal,40120,HetLDC_cert,0.0,2.41361390180006,0.003,0.9842048098990436
normal,40120,LDC_PAC,0.0,2.498417045641388,0.003,0.9875250664237664
normal,40120,LDC_cert_pk,0.0,2.4202556935247665,,0.9844904028882208
normal,40121,CP_PAC,0.0,2.331857884607637,0.001,0.9802918313168444
normal,40121,FH_PAC,0.1341997435403774,1.8539033339198536,0.001,0.9338566870182468
normal,40121,FH_normal,0.1341997435403774,1.507449434065963,0.001,0.8648312667104892
normal,40121,HetLDC,0.0,2.0472889212309644,0.001,0.9593702749702951
normal,40121,HetLDC_cert,0.0,2.049336210152195,0.001,0.9595707498080704
normal,40121,LDC_PAC,0.0,2.1254835092137125,0.001,0.9664537113438234
normal,40121,LDC_cert_pk,0.0,2.058690485014422,,0.960476101691608
normal,40122,CP_PAC,0.0,2.196825483547898,0.001,0.9719670876681668
normal,40122,FH_PAC,-0.0847305965209766,1.974668987226156,0.001,0.9508889120336896
normal,40122,FH_normal,-0.0847305965209766,1.6810553654847469,0.001,0.906075966320638
normal,40122,HetLDC,0.0,1.9093469816405533,0.001,0.943782654636368
normal,40122,HetLDC_cert,0.0,1.9112563286221933,0.001,0.9440283517203204
normal,40122,LDC_PAC,0.0,1.9878915158362065,0.001,0.953176310722646
normal,40122,LDC_cert_pk,0.0,1.921372690122197,,0.945315261025952
normal,40123,CP_PAC,0.0,2.4227796086750244,0.001,0.9845977322953788
normal,40123,FH_PAC,-0.0314777238927687,2.0455438671497403,0.001,0.9590989219663676
normal,40123,FH_normal,-0.0314777238927687,1.708730334258034,0.001,0.9123422068153252
normal,40123,HetLDC,0.0,2.1465179254868434,0.001,0.9681683198094472
normal,40123,HetLDC_cert,0.0,2.14866444341233,0.001,0.9683389907932404
normal,40123,LDC_PAC,0.0,2.2239001057490206,0.001,0.9738448340377692
normal,40123,LDC_cert_pk,0.0,2.159081288153086,,0.9691561389340916
normal,40124,CP_PAC,0.0,2.3586316835026904,0.001,0.981657549262573
normal,40124,FH_PAC,0.0909851951878074,2.0095462228791914,0.001,0.9546389842015152
normal,40124,FH_normal,0.0909851951878074,1.717169283267526,0.001,0.9127535193397388
normal,40124,HetLDC,0.0,2.087557409143111,0.001,0.9631622226738936
normal,40124,HetLDC_cert,0.0,2.089644966552254,0.001,0.9633502959690424
normal,40124,LDC_PAC,0.0,2.1650179123115616,0.001,0.969613686447416
normal,40124,LDC_cert_pk,0.0,2.098337723518209,,0.9641246776292018
normal,40125,CP_PAC,0.0,2.6038673128447343,0.001,0.9907821564555436
normal,40125,FH_PAC,-0.2209314351171353,2.1103099471483504,0.001,0.9607091183713288
normal,40125,FH_normal,-0.2209314351171353,1.7663853911754748,0.001,0.915438101952182
normal,40125,HetLDC,0.0,2.3463328722534635,0.001,0.98104083322931
normal,40125,HetLDC_cert,0.0,2.3486792051257166,0.001,0.9811598692675544
normal,40125,LDC_PAC,0.0,2.4372738612250653,0.001,0.9852015329432268
normal,40125,LDC_cert_pk,0.0,2.358954645769955,,0.9816735045706269
normal,40126,CP_PAC,0.0,2.509623360109103,0.003,0.987914000681156
normal,40126,FH_PAC,-0.1659856533377644,1.8467613154102576,0.003,0.931526123425813
normal,40126,FH_normal,-0.1659856533377644,1.494993399153934,0.003,0.8597184658658336
normal,40126,HetLDC,0.0,2.248102059720678,0.003,0.9754303172218926
normal,40126,HetLDC_cert,0.0,2.25484636589984,0.003,0.975857026183758
normal,40126,LDC_PAC,0.0,2.334385922759918,0.003,0.9804244767654802
normal,40126,LDC_cert_pk,0.0,2.262829466975377,,0.9763537963094132
normal,40127,CP_PAC,0.0,2.5219095025921523,0.003,0.988328026805736
normal,40127,FH_PAC,-0.019447774562749,1.9678412106316447,0.003,0.9508708568906898
normal,40127,FH_normal,-0.019447774562749,1.6386792556114678,0.003,0.8986553519792638
normal,40127,HetLDC,0.0,2.2792744764661577,0.003,0.9773492457185148
normal,40127,HetLDC_cert,0.0,2.286112299895556,0.003,0.9777523103988156
normal,40127,LDC_PAC,0.0,2.3605596493808254,0.003,0.9817526164879786
normal,40127,LDC_cert_pk,0.0,2.2924641281580658,,0.9781211247775627
normal,40128,CP_PAC,0.0,2.461647609350077,0.001,0.9861699524731128
normal,40128,FH_PAC,-0.1856900797587023,1.743797264180946,0.001,0.9135608841701284
normal,40128,FH_normal,-0.1856900797587023,1.4216566579129968,0.001,0.8377753429076032
normal,40128,HetLDC,0.0,2.176414445385765,0.001,0.9704757153870004
normal,40128,HetLDC_cert,0.0,2.1785908598311505,0.001,0.9706379242100992
normal,40128,LDC_PAC,0.0,2.259577536127748,0.001,0.9761525169023186
normal,40128,LDC_cert_pk,0.0,2.190739607572464,,0.971529358862172
normal,40129,CP_PAC,0.0,2.053003542644131,0.001,0.9599277660759752
normal,40129,FH_PAC,0.1761855679701441,1.908176033786788,0.001,0.939798726087364
normal,40129,FH_normal,0.1761855679701441,1.5284406255328162,0.001,0.8677210504434534
normal,40129,HetLDC,0.0,1.695579104840983,0.001,0.9100343823302496
normal,40129,HetLDC_cert,0.0,1.6972746839458237,0.001,0.9103552588529148
normal,40129,LDC_PAC,0.0,1.7680745241807954,0.001,0.9229515542337132
normal,40129,LDC_cert_pk,0.0,1.7051902233173988,,0.9118410471902318
normal,40130,CP_PAC,0.0,2.349608169642054,0.001,0.981206817301082
normal,40130,FH_PAC,0.0541317195975547,1.7791323505401877,0.001,0.9243546656544536
normal,40130,FH_normal,0.0541317195975547,1.5270119000672122,0.001,0.8726857248652918
normal,40130,HetLDC,0.0,2.062606669718834,0.001,0.9608499864477328
normal,40130,HetLDC_cert,0.0,2.0646692763885524,0.001,0.96104569649605
normal,40130,LDC_PAC,0.0,2.1261434651729982,0.001,0.9665086842431614
normal,40130,LDC_cert_pk,0.0,2.059921124240541,,0.9605939181130776
normal,40131,CP_PAC,0.0,2.3198295776398155,0.001,0.979649901637895
normal,40131,FH_PAC,0.1582515027879606,1.8669775967043505,0.001,0.9348272283991635
normal,40131,FH_normal,0.1582515027879606,1.5859812912205729,0.001,0.8827559231055594
normal,40131,HetLDC,0.0,2.079804007558151,0.001,0.9624564866168336
normal,40131,HetLDC_cert,0.0,2.081883811565709,0.001,0.96264691620316
normal,40131,LDC_PAC,0.0,2.157844716989343,0.001,0.969060093125392
normal,40131,LDC_cert_pk,0.0,2.08860703868649,,0.9632568889363592
normal,40132,CP_PAC,0.0,2.327818108554256,0.001,0.9800782358999474
normal,40132,FH_PAC,-0.0266371305670041,1.922070610683964,0.001,0.9453173332698592
normal,40132,FH_normal,-0.0266371305670041,1.6057702190656102,0.001,0.8915503822917629
normal,40132,HetLDC,0.0,2.044712505730516,0.001,0.9591167900235064
normal,40132,HetLDC_cert,0.0,2.046757218236247,0.001,0.9593180718633176
normal,40132,LDC_PAC,0.0,2.1218012619210898,0.001,0.966145569360522
normal,40132,LDC_cert_pk,0.0,2.055167627137548,,0.9601371832194814
normal,40133,CP_PAC,0.0,2.611639878217451,0.003,0.9909890882809458
normal,40133,FH_PAC,0.0163862672458745,1.933293612218341,0.003,0.9467680051365488
normal,40133,FH_normal,0.0163862672458745,1.6364106012569644,0.003,0.8982003692992632
normal,40133,HetLDC,0.0,2.395441243200636,0.003,0.9833996253628838
normal,40133,HetLDC_cert,0.0,2.4026275669302373,0.003,0.9837222439750462
normal,40133,LDC_PAC,0.0,2.4736048739847445,0.003,0.986624246044691
normal,40133,LDC_cert_pk,0.0,2.4095354639951485,,0.984027156392195
normal,40134,CP_PAC,0.0,2.77970292047602,0.003,0.9945591351740424
normal,40134,FH_PAC,0.0975043308157226,2.280217501353885,0.003,0.9767615495642052
normal,40134,FH_normal,0.0975043308157226,1.927166371626904,0.003,0.9448991603555422
normal,40134,HetLDC,0.0,2.551780535390563,0.003,0.9892825995735112
normal,40134,HetLDC_cert,0.0,2.5594358769967345,0.003,0.989515780447118
normal,40134,LDC_PAC,0.0,2.632785151455177,0.003,0.9915312099989682
normal,40134,LDC_cert_pk,0.0,2.563561388548748,,0.9896395622389348
normal,40135,CP_PAC,0.0,2.3705046295849166,0.001,0.9822361785348546
normal,40135,FH_PAC,0.1218640579457802,1.9622617576186625,0.001,0.9485707023279122
normal,40135,FH_normal,0.1218640579457802,1.603881233923566,0.001,0.8886355146211835
normal,40135,HetLDC,0.0,2.082188437775882,0.001,0.9626747390338816
normal,40135,HetLDC_cert,0.0,2.084270626213657,0.001,0.9628644423508896
normal,40135,LDC_PAC,0.0,2.160709935179125,0.001,0.9692822470282764
normal,40135,LDC_cert_pk,0.0,2.094962528696786,,0.9638256763923114
normal,40136,CP_PAC,0.0,2.539978161282012,0.001,0.9889140609130184
normal,40136,FH_PAC,-0.0098098627108329,1.983645374872734,0.001,0.9526939650737328
normal,40136,FH_normal,-0.0098098627108329,1.6657083437072653,0.001,0.90421250936812
normal,40136,HetLDC,0.0,2.2668152954706624,0.001,0.9765984886441116
normal,40136,HetLDC_cert,0.0,2.2690821107661328,0.001,0.9767366669670776
normal,40136,LDC_PAC,0.0,2.347289916443448,0.001,0.9810894659478302
normal,40136,LDC_cert_pk,0.0,2.2801800860697647,,0.9774029900856692
normal,40137,CP_PAC,0.0,2.7448156012143547,0.003,0.9939455092964397
normal,40137,FH_PAC,-0.0178177816778715,1.940495145636853,0.003,0.94764305691444
normal,40137,FH_normal,-0.0178177816778715,1.6191205604859904,0.003,0.8945233863597433
normal,40137,HetLDC,0.0,2.521383252155682,0.003,0.9883105541750246
normal,40137,HetLDC_cert,0.0,2.5289474019121485,0.003,0.9885594829294158
normal,40137,LDC_PAC,0.0,2.599741758418608,0.003,0.9906706062220436
normal,40137,LDC_cert_pk,0.0,2.535117419756895,,0.9887590359912232
normal,40138,CP_PAC,0.0,2.40416668659636,0.001,0.9837906195815465
normal,40138,FH_PAC,0.0569382324427531,1.987128092524656,0.001,0.9527348435843472
normal,40138,FH_normal,0.0569382324427531,1.6419767252555568,0.001,0.8988536014661089
normal,40138,HetLDC,0.0,2.1486026813233603,0.001,0.968334091037846
normal,40138,HetLDC_cert,0.0,2.1507512840046834,0.001,0.9685041638705824
normal,40138,LDC_PAC,0.0,2.221781394391414,0.001,0.9737019172986088
normal,40138,LDC_cert_pk,0.0,2.159621517237204,,0.9691980186972684
normal,40139,CP_PAC,0.0,2.699300517280999,0.003,0.9930514600922736
normal,40139,FH_PAC,-0.1073517846822638,2.093104141149866,0.003,0.9625823039919468
normal,40139,FH_normal,-0.1073517846822638,1.771106692389299,0.003,0.9217600545657542
normal,40139,HetLDC,0.0,2.4711168949051125,0.003,0.9865308217113268
normal,40139,HetLDC_cert,0.0,2.478530245589828,0.003,0.9868075074461592
normal,40139,LDC_PAC,0.0,2.556632318102426,0.003,0.989430913375972
normal,40139,LDC_cert_pk,0.0,2.483921736469745,,0.987005563662282
normal,40140,CP_PAC,0.0,2.0552979093381087,0.001,0.9601497608597428
normal,40140,FH_PAC,-0.0855778521086704,1.8379747532846893,0.001,0.9329418647249856
normal,40140,FH_normal,-0.0855778521086704,1.499986344289805,0.001,0.8649598992024871
normal,40140,HetLDC,0.0,1.6828015887463943,0.001,0.9075864926154428
normal,40140,HetLDC_cert,0.0,1.6844843903351407,0.001,0.9079119063172694
normal,40140,LDC_PAC,0.0,1.75368029801456,0.001,0.9205146966847316
normal,40140,LDC_cert_pk,0.0,1.6900668537759818,,0.9089848346704344
normal,40141,CP_PAC,0.0,2.2398614134360035,0.001,0.9749000786181228
normal,40141,FH_PAC,0.1891402340882356,1.8934202860564184,0.001,0.9371899595602649
normal,40141,FH_normal,0.1891402340882356,1.5159365971094347,0.001,0.8636219250233288
normal,40141,HetLDC,0.0,1.95549971882914,0.001,0.9494758834813491
normal,40141,HetLDC_cert,0.0,1.9574552185479688,0.001,0.9497060281500602
normal,40141,LDC_PAC,0.0,2.0268344180109024,0.001,0.9573206506996428
normal,40141,LDC_cert_pk,0.0,1.9652044795284336,,0.9506094242828556
normal,40142,CP_PAC,0.0,2.662667484589338,0.003,0.9922476021013392
normal,40142,FH_PAC,-0.0783998298559967,2.2233456085476986,0.003,0.9733466427146468
normal,40142,FH_normal,-0.0783998298559967,1.8912908767681176,0.003,0.9406387719403364
normal,40142,HetLDC,0.0,2.4559332727115466,0.003,0.9859480753361471
normal,40142,HetLDC_cert,0.0,2.4633010725296813,0.003,0.9862335736604002
normal,40142,LDC_PAC,0.0,2.5359851761804664,0.003,0.9887868519436008
normal,40142,LDC_cert_pk,0.0,2.46884626400363,,0.9864450560898824
normal,40143,CP_PAC,0.0,2.151653485080779,0.001,0.9685753437608512
normal,40143,FH_PAC,-0.0483879316030801,1.7900068509354603,0.001,0.9262102990176516
normal,40143,FH_normal,-0.0483879316030801,1.472740313468777,0.001,0.8587139255523728
normal,40143,HetLDC,0.0,1.8628927491266776,0.001,0.937522642827738
normal,40143,HetLDC_cert,0.0,1.864755641875804,0.001,0.9377843364631936
normal,40143,LDC_PAC,0.0,1.9323925895681344,0.001,0.9466889319999056
normal,40143,LDC_cert_pk,0.0,1.873893136495493,,0.9390548443421908
normal,40144,CP_PAC,0.0,2.2741504207963628,0.001,0.9770430559817468
normal,40144,FH_PAC,-0.0332509864640968,1.876576217629396,0.001,0.9392814976047718
normal,40144,FH_normal,-0.0332509864640968,1.5610438205438475,0.001,0.8812829988631521
normal,40144,HetLDC,0.0,1.9885498694104389,0.001,0.953249090641211
normal,40144,HetLDC_cert,0.0,1.990538419279849,0.001,0.9534683438193974
normal,40144,LDC_PAC,0.0,2.072883278513955,0.001,0.9618168564213884
normal,40144,LDC_cert_pk,0.0,2.0000908441796983,,0.9545095447426716
normal,40145,CP_PAC,0.0,2.596454793504299,0.003,0.9905808700620168
normal,40145,FH_PAC,-0.0605208888576883,1.909017708580508,0.003,0.9432891105716056
normal,40145,FH_normal,-0.0605208888576883,1.562280919168514,0.003,0.8811045633029408
normal,40145,HetLDC,0.0,2.355110248123291,0.003,0.9814827890903182
normal,40145,HetLDC_cert,0.0,2.36217557886766,0.003,0.981831964726229
normal,40145,LDC_PAC,0.0,2.445025566504543,0.003,0.9855158126059532
normal,40145,LDC_cert_pk,0.0,2.368551329279097,,0.9821420977671926
normal,40146,CP_PAC,0.0,2.469766723763759,0.001,0.9864798814141658
normal,40146,FH_PAC,-0.1014671083798278,1.784726795942804,0.001,0.9242031698429416
normal,40146,FH_normal,-0.1014671083798278,1.4561308749152837,0.001,0.8525733579552124
normal,40146,HetLDC,0.0,2.2427632372042567,0.001,0.9750879136886046
normal,40146,HetLDC_cert,0.0,2.245006000441461,0.001,0.9752322526416712
normal,40146,LDC_PAC,0.0,2.325726139354236,0.001,0.9799668349008356
normal,40146,LDC_cert_pk,0.0,2.254316600359766,,0.9758237422638568
normal,40147,CP_PAC,0.0,2.609588954542414,0.001,0.9909348925904088
normal,40147,FH_PAC,0.0026444708808495,2.020980341352367,0.001,0.9567174682999312
normal,40147,FH_normal,0.0026444708808495,1.697364843678632,0.001,0.9103711737427164
normal,40147,HetLDC,0.0,2.366010117751176,0.001,0.9820190469891252
normal,40147,HetLDC_cert,0.0,2.368376127868927,0.001,0.9821336378899446
normal,40147,LDC_PAC,0.0,2.4426294366356323,0.001,0.9854193000060952
normal,40147,LDC_cert_pk,0.0,2.3794309464536214,,0.98266060858077
normal,40148,CP_PAC,0.0,2.414364495796595,0.001,0.9842373151525676
normal,40148,FH_PAC,-0.0085485040751121,1.7793200283959316,0.001,0.9248020380785096
normal,40148,FH_normal,-0.0085485040751121,1.420506360128602,0.001,0.8445245821875832
normal,40148,HetLDC,0.0,2.1231161528172304,0.001,0.966255880221613
normal,40148,HetLDC_cert,0.0,2.125239268970048,0.001,0.9664333471025286
normal,40148,LDC_PAC,0.0,2.200688110077605,0.001,0.972241888883937
normal,40148,LDC_cert_pk,0.0,2.1351809980776064,,0.9672537715697448
normal,40149,CP_PAC,0.0,2.5667547991962065,0.001,0.9897344825575468
normal,40149,FH_PAC,0.0800303578873057,2.151435972271832,0.001,0.9680144189644426
normal,40149,FH_normal,0.0800303578873057,1.8138931746562807,0.001,0.9294112064271576
normal,40149,HetLDC,0.0,2.317120042044194,0.001,0.9795028064673326
normal,40149,HetLDC_cert,0.0,2.319437162086237,0.001,0.979628655384816
normal,40149,LDC_PAC,0.0,2.4025357779925924,0.001,0.983718158242296
normal,40149,LDC_cert_pk,0.0,2.328666671770188,,0.9801232689673628
trunc_laplace,43000,CP_PAC,0.0,2.640463281786078,0.003,1.0
trunc_laplace,43000,FH_PAC,-0.0721492862126105,2.0785220023114834,0.003,0.9487102178802947
trunc_laplace,43000,FH_normal,-0.0721492862126105,1.7954537440035183,0.003,0.9064801294597092
trunc_laplace,43000,HetLDC,0.0,2.3992446686776963,0.003,0.9839172056609388
trunc_laplace,43000,HetLDC_cert,0.0,2.4064424026837288,0.003,0.9845734938195316
trunc_laplace,43000,LDC_PAC,0.0,2.486467412232556,0.003,0.9915476879167532
trunc_laplace,43000,LDC_cert_pk,0.0,2.4140401731564807,,0.9852609324776902
trunc_laplace,43001,CP_PAC,0.0,2.21286959338244,0.001,0.9650888444581952
trunc_laplace,43001,FH_PAC,0.0105160746053436,1.9454368837326408,0.001,0.93079191167553
trunc_laplace,43001,FH_normal,0.0105160746053436,1.6384132161877,0.001,0.8776190434991732
trunc_laplace,43001,HetLDC,0.0,1.9593795103002447,0.001,0.932834095601651
trunc_laplace,43001,HetLDC_cert,0.0,1.9613388898105453,0.001,0.9331175332338092
trunc_laplace,43001,LDC_PAC,0.0,2.031221042603755,0.001,0.9428568732455984
trunc_laplace,43001,LDC_cert_pk,0.0,1.970552463216828,,0.934442600804308
trunc_laplace,43002,CP_PAC,0.0,2.490739102548747,0.001,0.9919038515323564
trunc_laplace,43002,FH_PAC,0.0686150031621219,1.8676266528181693,0.001,0.918499888636041
trunc_laplace,43002,FH_normal,0.0686150031621219,1.571010249010663,0.001,0.862965092452215
trunc_laplace,43002,HetLDC,0.0,2.247539801235725,0.001,0.9688739813123683
trunc_laplace,43002,HetLDC_cert,0.0,2.2497873410369613,0.001,0.9691146653434202
trunc_laplace,43002,LDC_PAC,0.0,2.331383507841293,0.001,0.9774812925235568
trunc_laplace,43002,LDC_cert_pk,0.0,2.26011767964476,,0.9702136904538574
trunc_laplace,43003,CP_PAC,0.0,2.3153141600186675,0.001,0.9758894085148588
trunc_laplace,43003,FH_PAC,0.1213379756000969,1.959712680199648,0.001,0.931769372019793
trunc_laplace,43003,FH_normal,0.1213379756000969,1.5934224253239744,0.001,0.866677429105623
trunc_laplace,43003,HetLDC,0.0,2.0473521893436324,0.001,0.9450059695790268
trunc_laplace,43003,HetLDC_cert,0.0,2.0493995415329755,0.001,0.9452761543189137
trunc_laplace,43003,LDC_PAC,0.0,2.125256208559404,0.001,0.9548907345693948
trunc_laplace,43003,LDC_cert_pk,0.0,2.058876379974929,,0.9465193035001178
trunc_laplace,43004,CP_PAC,0.0,2.374175666445633,0.001,0.9815925671075978
trunc_laplace,43004,FH_PAC,-0.0766447388427296,1.943781281667252,0.001,0.9301057764571922
trunc_laplace,43004,FH_normal,-0.0766447388427296,1.6175880908596816,0.001,0.8727359363161478
trunc_laplace,43004,HetLDC,0.0,2.081396422469354,0.001,0.9494245972820732
trunc_laplace,43004,HetLDC_cert,0.0,2.083477818891823,0.001,0.9496896874662528
trunc_laplace,43004,LDC_PAC,0.0,2.1640560774807955,0.001,0.9595221532065086
trunc_laplace,43004,LDC_cert_pk,0.0,2.0915039073248765,,0.950706532262002
trunc_laplace,43005,CP_PAC,0.0,2.260598392932169,0.001,0.9702645448424838
trunc_laplace,43005,FH_PAC,0.075645947560712,1.9708038292984216,0.001,0.9340513265666832
trunc_laplace,43005,FH_normal,0.075645947560712,1.6606079362224704,0.001,0.8814805233335872
trunc_laplace,43005,HetLDC,0.0,1.963365801633564,0.001,0.9334101309517324
trunc_laplace,43005,HetLDC_cert,0.0,1.965329167435197,0.001,0.9336929661901274
trunc_laplace,43005,LDC_PAC,0.0,2.045599161006291,0.001,0.944774167172048
trunc_laplace,43005,LDC_cert_pk,0.0,1.9753731691428067,,0.9351308419839413
trunc_laplace,43006,CP_PAC,0.0,2.650791625918096,0.001,1.0
trunc_laplace,43006,FH_PAC,0.1568079151444638,2.0538478547528225,0.001,0.9441747754126644
trunc_laplace,43006,FH_normal,0.1568079151444638,1.69655541904511,0.001,0.886600057456187
trunc_laplace,43006,HetLDC,0.0,2.403155604269252,0.001,0.984274415295462
trunc_laplace,43006,HetLDC_cert,0.0,2.405558759873521,0.001,0.9844931884827612
trunc_laplace,43006,LDC_PAC,0.0,2.48119599241258,0.001,0.9911059760647288
trunc_laplace,43006,LDC_cert_pk,0.0,2.4144872269994964,,0.9853012120052356
trunc_laplace,43007,CP_PAC,0.0,2.4641545063829504,0.001,0.9896612754899928
trunc_laplace,43007,FH_PAC,-0.0251451879022356,2.1618197310100933,0.001,0.9592216050849024
trunc_laplace,43007,FH_normal,-0.0251451879022356,1.8077609185246888,0.001,0.908991775129514
trunc_laplace,43007,HetLDC,0.0,2.1799272815849307,0.001,0.9613632908004076
trunc_laplace,43007,HetLDC_cert,0.0,2.182107208866516,0.001,0.9616138007712274
trunc_laplace,43007,LDC_PAC,0.0,2.261878648683156,0.001,0.9703998580606656
trunc_laplace,43007,LDC_cert_pk,0.0,2.1929316150977063,,0.9628493040065512
trunc_laplace,43008,CP_PAC,0.0,3.183177213918656,0.01,1.0
trunc_laplace,43008,FH_PAC,0.0504030965134769,2.239369621033357,0.01,0.9678509883542864
trunc_laplace,43008,FH_normal,0.0504030965134769,1.9173810658376984,0.01,0.926416859023334
trunc_laplace,43008,HetLDC,0.0,2.962472593207701,0.01,1.0
trunc_laplace,43008,HetLDC_cert,0.0,2.992097319139778,0.01,1.0
trunc_laplace,43008,LDC_PAC,0.0,3.0634687455816296,0.01,1.0
trunc_laplace,43008,LDC_cert_pk,0.0,2.980700749755363,,1.0
trunc_laplace,43009,CP_PAC,0.0,2.4026710232011044,0.003,0.984230234595316
trunc_laplace,43009,FH_PAC,-0.0688749921915403,1.9083413664316364,0.003,0.9248652795366978
trunc_laplace,43009,FH_normal,-0.0688749921915403,1.5789941251488464,0.003,0.8646918004382208
trunc_laplace,43009,HetLDC,0.0,2.179919420625162,0.003,0.9613623864140276
trunc_laplace,43009,HetLDC_cert,0.0,2.1864591788870382,0.003,0.9621122142068366
trunc_laplace,43009,LDC_PAC,0.0,2.2625435629856283,0.003,0.9704700631453204
trunc_laplace,43009,LDC_cert_pk,0.0,2.191990876860545,,0.9627424802837956
trunc_laplace,43010,CP_PAC,0.0,2.1692193042155536,0.001,0.9601244609362538
trunc_laplace,43010,FH_PAC,-0.0412840830306121,1.854237319999916,0.001,0.9165991279488094
trunc_laplace,43010,FH_normal,-0.0412840830306121,1.5361197378685338,0.001,0.8555831133876146
trunc_laplace,43010,HetLDC,0.0,1.8730089832848005,0.001,0.9197465685462972
trunc_laplace,43010,HetLDC_cert,0.0,1.8748819922680848,0.001,0.9200430676449818
trunc_laplace,43010,LDC_PAC,0.0,1.933009291426228,0.001,0.9289625639439558
trunc_laplace,43010,LDC_cert_pk,0.0,1.8749904250498377,,0.9200602149258186
trunc_laplace,43011,CP_PAC,0.0,2.306184588311512,0.001,0.9749730454767942
trunc_laplace,43011,FH_PAC,-0.105873582201605,1.846262462550164,0.001,0.9144952736369222
trunc_laplace,43011,FH_normal,-0.105873582201605,1.5335304531050729,0.001,0.8538782378588013
trunc_laplace,43011,HetLDC,0.0,2.030102609369946,0.001,0.9427065235500712
trunc_laplace,43011,HetLDC_cert,0.0,2.032132711979316,0.001,0.942979298224878
trunc_laplace,43011,LDC_PAC,0.0,2.1020823541670133,0.001,0.9520338036591496
trunc_laplace,43011,LDC_cert_pk,0.0,2.041146047974744,,0.9441834239947942
trunc_laplace,43012,CP_PAC,0.0,2.406162347292692,0.003,0.984548050435484
trunc_laplace,43012,FH_PAC,0.02926383069218,1.964290935271736,0.003,0.9334791274244594
trunc_laplace,43012,FH_normal,0.02926383069218,1.6581582143007814,0.003,0.8814973762265652
trunc_laplace,43012,HetLDC,0.0,2.15639562748755,0.003,0.9586225382794522
trunc_laplace,43012,HetLDC_cert,0.0,2.162864814370013,0.003,0.9593827272291132
trunc_laplace,43012,LDC_PAC,0.0,2.2381491982728563,0.003,0.9678622365059084
trunc_laplace,43012,LDC_cert_pk,0.0,2.168060165929721,,0.959989525789558
trunc_laplace,43013,CP_PAC,0.0,2.5535495884007915,0.001,0.9969616959115256
trunc_laplace,43013,FH_PAC,-0.2316566770924275,1.9016624253915624,0.001,0.919894510897147
trunc_laplace,43013,FH_normal,-0.2316566770924275,1.562739376613083,0.001,0.855535530605906
trunc_laplace,43013,HetLDC,0.0,2.302499589034939,0.001,0.9746006918134428
trunc_laplace,43013,HetLDC_cert,0.0,2.304802088623974,0.001,0.9748335174247352
trunc_laplace,43013,LDC_PAC,0.0,2.3901754265473145,0.001,0.983083227337528
trunc_laplace,43013,LDC_cert_pk,0.0,2.315582800016912,,0.9759162407929508
trunc_laplace,43014,CP_PAC,0.0,2.820644543663113,0.003,1.0
trunc_laplace,43014,FH_PAC,-0.1363548828895826,2.207046727654612,0.003,0.9633533218425778
trunc_laplace,43014,FH_normal,-0.1363548828895826,1.792575982347753,0.003,0.9047778583440136
trunc_laplace,43014,HetLDC,0.0,2.5618009327014293,0.003,0.9976018529621004
trunc_laplace,43014,HetLDC_cert,0.0,2.569486335499533,0.003,0.9981931676741972
trunc_laplace,43014,LDC_PAC,0.0,2.6561402264854923,0.003,1.0
trunc_laplace,43014,LDC_cert_pk,0.0,2.5788217416043038,,0.998905086844572
trunc_laplace,43015,CP_PAC,0.0,2.6758645319454937,0.003,1.0
trunc_laplace,43015,FH_PAC,0.1140356973122548,1.9729291564407296,0.003,0.9338129260226076
trunc_laplace,43015,FH_normal,0.1140356973122548,1.6232445568026552,0.003,0.8731402993745232
trunc_laplace,43015,HetLDC,0.0,2.45791380946968,0.003,0.9891257602622284
trunc_laplace,43015,HetLDC_cert,0.0,2.465287550898088,0.003,0.9897581288849292
trunc_laplace,43015,LDC_PAC,0.0,2.548554344752307,0.003,0.9965714683508846
trunc_laplace,43015,LDC_cert_pk,0.0,2.4732457696816463,,0.9904351868388016
trunc_laplace,43016,CP_PAC,0.0,2.550456693820601,0.003,0.9967203192898362
trunc_laplace,43016,FH_PAC,0.1269180818962359,1.8863072867842647,0.003,0.920524474084298
trunc_laplace,43016,FH_normal,0.1269180818962359,1.5866130773249922,0.003,0.8650615795582799
trunc_laplace,43016,HetLDC,0.0,2.34484519472885,0.003,0.9787944672066936
trunc_laplace,43016,HetLDC_cert,0.0,2.351879730313036,0.003,0.979473379321941
trunc_laplace,43016,LDC_PAC,0.0,2.429113062541053,0.003,0.986608693322963
trunc_laplace,43016,LDC_cert_pk,0.0,2.357487203220053,,0.9800110069802797
trunc_laplace,43017,CP_PAC,0.0,2.774069102067176,0.003,1.0
trunc_laplace,43017,FH_PAC,0.0139590432680818,2.013239899217327,0.003,0.9404043903251942
trunc_laplace,43017,FH_normal,0.0139590432680818,1.7143755400179508,0.003,0.8923920420398623
trunc_laplace,43017,HetLDC,0.0,2.5313565511902096,0.003,0.9952123228831256
trunc_laplace,43017,HetLDC_cert,0.0,2.53895062084378,0.003,0.9958154908870251
trunc_laplace,43017,LDC_PAC,0.0,2.6122811360987845,0.003,1.0
trunc_laplace,43017,LDC_cert_pk,0.0,2.54596026741262,,0.9963680159737572
trunc_laplace,43018,CP_PAC,0.0,2.259956118516376,0.001,0.9701965932670596
trunc_laplace,43018,FH_PAC,-0.0269346316844958,1.839353703286779,0.001,0.9142568940883472
trunc_laplace,43018,FH_normal,-0.0269346316844958,1.5191361239161711,0.001,0.8518382557050179
trunc_laplace,43018,HetLDC,0.0,1.9772551976303472,0.001,0.9353985970416784
trunc_laplace,43018,HetLDC_cert,0.0,1.9792324528279768,0.001,0.9356793343387868
trunc_laplace,43018,LDC_PAC,0.0,2.059945202132862,0.001,0.9466587395057656
trunc_laplace,43018,LDC_cert_pk,0.0,1.9894841255271103,,0.9371256540990502
trunc_laplace,43019,CP_PAC,0.0,2.1771801423333024,0.001,0.961046786441319
trunc_laplace,43019,FH_PAC,-0.0725417463123113,1.7450670705719116,0.001,0.8975613068007535
trunc_laplace,43019,FH_normal,-0.0725417463123113,1.4422587454598808,0.001,0.8328973560178425
trunc_laplace,43019,HetLDC,0.0,1.8840776453669048,0.001,0.9214903747491648
trunc_laplace,43019,HetLDC_cert,0.0,1.885961723012272,0.001,0.921785200770004
trunc_laplace,43019,LDC_PAC,0.0,1.955317992591089,0.001,0.9322447212213284
trunc_laplace,43019,LDC_cert_pk,0.0,1.8929109503409165,,0.9228676404724468
trunc_laplace,43020,CP_PAC,0.0,2.890662293314688,0.003,1.0
trunc_laplace,43020,FH_PAC,-0.0123254963025642,2.2875404685784413,0.003,0.9730662046422172
trunc_laplace,43020,FH_normal,-0.0123254963025642,1.950706643602768,0.003,0.931560948982978
trunc_laplace,43020,HetLDC,0.0,2.6761958572063795,0.003,1.0
trunc_laplace,43020,HetLDC_cert,0.0,2.6842244447779984,0.003,1.0
trunc_laplace,43020,LDC_PAC,0.0,2.7678268448894903,0.003,1.0
trunc_laplace,43020,LDC_cert_pk,0.0,2.691265190640902,,1.0
trunc_laplace,43021,CP_PAC,0.0,2.4532691667658177,0.001,0.9887249339903924
trunc_laplace,43021,FH_PAC,0.0463248418065802,1.9312019200712272,0.001,0.9285263660400024
trunc_laplace,43021,FH_normal,0.0463248418065802,1.636830194463626,0.001,0.8770831477644312
trunc_laplace,43021,HetLDC,0.0,2.171099640016712,0.001,0.9603430039193634
trunc_laplace,43021,HetLDC_cert,0.0,2.1732707396567283,0.001,0.9605948084847692
trunc_laplace,43021,LDC_PAC,0.0,2.2518868575029027,0.001,0.9693389887391086
trunc_laplace,43021,LDC_cert_pk,0.0,2.1831425220007947,,0.9617325761501492
trunc_laplace,43022,CP_PAC,0.0,2.535848570482324,0.003,0.99556968391494
trunc_laplace,43022,FH_PAC,0.0858584419708412,2.040134148074623,0.003,0.9435367302044134
trunc_laplace,43022,FH_normal,0.0858584419708412,1.7011276918622302,0.003,0.889187639405226
trunc_laplace,43022,HetLDC,0.0,2.3078957710738623,0.003,0.9751454672876436
trunc_laplace,43022,HetLDC_cert,0.0,2.314819458387084,0.003,0.9758399770922156
trunc_laplace,43022,LDC_PAC,0.0,2.387953991390382,0.003,0.9828777456289236
trunc_laplace,43022,LDC_cert_pk,0.0,2.3212472621990785,,0.9764802709997792
trunc_laplace,43023,CP_PAC,0.0,2.1310193916314395,0.001,0.9555905763431892
trunc_laplace,43023,FH_PAC,-0.2555588626381635,1.6753525646293812,0.001,0.8782922533060107
trunc_laplace,43023,FH_normal,-0.2555588626381635,1.3446300135279208,0.001,0.798636688687043
trunc_laplace,43023,HetLDC,0.0,1.8159546776716493,0.001,0.9104315718093994
trunc_laplace,43023,HetLDC_cert,0.0,1.817770632349321,0.001,0.9107366748168944
trunc_laplace,43023,LDC_PAC,0.0,1.8836654619706368,0.001,0.921425797798586
trunc_laplace,43023,LDC_cert_pk,0.0,1.8192879427136983,,0.9109911590731709
trunc_laplace,43024,CP_PAC,0.0,2.426711331748077,0.001,0.9863953562489765
trunc_laplace,43024,FH_PAC,0.0286350127791567,2.0528589571456064,0.001,0.9456752025281432
trunc_laplace,43024,FH_normal,0.0286350127791567,1.6735278689752016,0.001,0.8845253675501674
trunc_laplace,43024,HetLDC,0.0,2.1659694806598235,0.001,0.9597457364991906
trunc_laplace,43024,HetLDC_cert,0.0,2.1681354501404835,0.001,0.9599982945700412
trunc_laplace,43024,LDC_PAC,0.0,2.2426157539308336,0.001,0.9683446996964952
trunc_laplace,43024,LDC_cert_pk,0.0,2.175397475489809,,0.9608409154756684
trunc_laplace,43025,CP_PAC,0.0,2.1298071011888857,0.001,0.9554437132240184
trunc_laplace,43025,FH_PAC,-0.0098922413804534,1.7093775258892456,0.001,0.8914645422742333
trunc_laplace,43025,FH_normal,-0.0098922413804534,1.3902527619431548,0.001,0.8202943597599861
trunc_laplace,43025,HetLDC,0.0,1.82710086517652,0.001,0.9122951900665304
trunc_laplace,43025,HetLDC_cert,0.0,1.8289279660416955,0.001,0.9125986157702828
trunc_laplace,43025,LDC_PAC,0.0,1.89788875082525,0.001,0.9236381939823336
trunc_laplace,43025,LDC_cert_pk,0.0,1.8363492630199216,,0.9138251395056742
trunc_laplace,43026,CP_PAC,0.0,2.590717461614222,0.003,0.9998022687974528
trunc_laplace,43026,FH_PAC,-0.2086446754762143,1.8580116724018845,0.003,0.9136828458414908
trunc_laplace,43026,FH_normal,-0.2086446754762143,1.550888929033061,0.003,0.8540295139477992
trunc_laplace,43026,HetLDC,0.0,2.3675405260689963,0.003,0.9809670519591568
trunc_laplace,43026,HetLDC_cert,0.0,2.3746431476472027,0.003,0.9816364749701524
trunc_laplace,43026,LDC_PAC,0.0,2.453788285902696,0.003,0.988769829706091
trunc_laplace,43026,LDC_cert_pk,0.0,2.38100771602388,,0.9822321377556746
trunc_laplace,43027,CP_PAC,0.0,2.431074699041532,0.001,0.9867825423332142
trunc_laplace,43027,FH_PAC,-0.0750531834475892,1.9791657450792548,0.001,0.935252950858068
trunc_laplace,43027,FH_normal,-0.0750531834475892,1.6498826062587637,0.001,0.8793503314482856
trunc_laplace,43027,HetLDC,0.0,2.183349676574628,0.001,0.961756326378767
trunc_laplace,43027,HetLDC_cert,0.0,2.1855330262512025,0.001,0.9620063351348676
trunc_laplace,43027,LDC_PAC,0.0,2.261322015417341,0.001,0.9703410483934544
trunc_laplace,43027,LDC_cert_pk,0.0,2.194520297887152,,0.9630294660228272
trunc_laplace,43028,CP_PAC,0.0,2.55124505727851,0.001,0.9967819189564692
trunc_laplace,43028,FH_PAC,-0.0477919263692823,2.092885831959051,0.001,0.950730654773074
trunc_laplace,43028,FH_normal,-0.0477919263692823,1.7727651526676629,0.001,0.9027926344866024
trunc_laplace,43028,HetLDC,0.0,2.3020536521085324,0.001,0.974555534610487
trunc_laplace,43028,HetLDC_cert,0.0,2.3043557057606403,0.001,0.9747884234826952
trunc_laplace,43028,LDC_PAC,0.0,2.3880183375746897,0.001,0.9828837043190232
trunc_laplace,43028,LDC_cert_pk,0.0,2.3167721008758835,,0.9760349401626492
trunc_laplace,43029,CP_PAC,0.0,2.720003321867941,0.003,1.0
trunc_laplace,43029,FH_PAC,-0.0964289642298933,2.3751408711770536,0.003,0.9812276849898628
trunc_laplace,43029,FH_normal,-0.0964289642298933,2.017433498238314,0.003,0.9403296106166884
trunc_laplace,43029,HetLDC,0.0,2.501772381135171,0.003,0.9928164713836812
trunc_laplace,43029,HetLDC_cert,0.0,2.5092776982785763,0.003,0.9934313001599632
trunc_laplace,43029,LDC_PAC,0.0,2.590593133893541,0.003,0.9997929493788776
trunc_laplace,43029,LDC_cert_pk,0.0,2.513606705660457,,0.993783745933229
trunc_laplace,43030,CP_PAC,0.0,2.505339085637581,0.001,0.9931092527853688
trunc_laplace,43030,FH_PAC,0.0249548452602934,2.0496105192686143,0.001,0.9452611565321604
trunc_laplace,43030,FH_normal,0.0249548452602934,1.7139738137133815,0.001,0.8922751650474003
trunc_laplace,43030,HetLDC,0.0,2.231804846298158,0.001,0.9671730643522218
trunc_laplace,43030,HetLDC_cert,0.0,2.234036651144456,0.001,0.967416020250108
trunc_laplace,43030,LDC_PAC,0.0,2.3152786361047,0.001,0.9758858597553416
trunc_laplace,43030,LDC_cert_pk,0.0,2.2422353334824336,,0.9683036953959734
trunc_laplace,43031,CP_PAC,0.0,2.609165809126699,0.001,1.0
trunc_laplace,43031,FH_PAC,-0.0811884330927655,2.075129058583786,0.001,0.9481814507918908
trunc_laplace,43031,FH_normal,-0.0811884330927655,1.6763447354527954,0.001,0.8844884480104211
trunc_laplace,43031,HetLDC,0.0,2.3475012753744875,0.001,0.9790513945041228
trunc_laplace,43031,HetLDC_cert,0.0,2.349848776649862,0.001,0.979277880581896
trunc_laplace,43031,LDC_PAC,0.0,2.426977701828161,0.001,0.986419043299477
trunc_laplace,43031,LDC_cert_pk,0.0,2.360478385484865,,0.9802965090753596
trunc_laplace,43032,CP_PAC,0.0,2.3419502048019587,0.001,0.978513617894202
trunc_laplace,43032,FH_PAC,0.1459122433871281,1.959695950364844,0.001,0.9312695034980704
trunc_laplace,43032,FH_normal,0.1459122433871281,1.6349451676137083,0.001,0.8746678984200558
trunc_laplace,43032,HetLDC,0.0,2.0705685332674046,0.001,0.9480362159684554
trunc_laplace,43032,HetLDC_cert,0.0,2.072639101800672,0.001,0.94830292383987
trunc_laplace,43032,LDC_PAC,0.0,2.149705771614251,0.001,0.9578310050841052
trunc_laplace,43032,LDC_cert_pk,0.0,2.082413032559531,,0.9495541463709792
trunc_laplace,43033,CP_PAC,0.0,2.3738038423286096,0.001,0.9815576284836216
trunc_laplace,43033,FH_PAC,0.0065367208761809,1.9200031657310368,0.001,0.9270101417577276
trunc_laplace,43033,FH_normal,0.0065367208761809,1.6321577707970536,0.001,0.876356032031169
trunc_laplace,43033,HetLDC,0.0,2.085040471179368,0.001,0.9498883316248524
trunc_laplace,43033,HetLDC_cert,0.0,2.0871255116505467,0.001,0.9501528779837398
trunc_laplace,43033,LDC_PAC,0.0,2.163717160587842,0.001,0.9594825038500668
trunc_laplace,43033,LDC_cert_pk,0.0,2.096066462369948,,0.9512807898223224
trunc_laplace,43034,CP_PAC,0.0,2.7728955409628657,0.003,1.0
trunc_laplace,43034,FH_PAC,-0.1721029768182282,1.936127082133104,0.003,0.927127960795311
trunc_laplace,43034,FH_normal,-0.1721029768182282,1.605095687314805,0.003,0.8675236889428173
trunc_laplace,43034,HetLDC,0.0,2.5589706697063184,0.003,0.9973828955831148
trunc_laplace,43034,HetLDC_cert,0.0,2.566647581715437,0.003,0.9979753059031418
trunc_laplace,43034,LDC_PAC,0.0,2.640968888409019,0.003,1.0
trunc_laplace,43034,LDC_cert_pk,0.0,2.5724962819453387,,0.9984234642017262
trunc_laplace,43035,CP_PAC,0.0,2.9181799691827752,0.003,1.0
trunc_laplace,43035,FH_PAC,0.1767468350167176,2.1438422630248013,0.003,0.9551809095103114
trunc_laplace,43035,FH_normal,0.1767468350167176,1.8540981022223604,0.003,0.9140798115714596
trunc_laplace,43035,HetLDC,0.0,2.710727249702095,0.003,1.0
trunc_laplace,43035,HetLDC_cert,0.0,2.7188594314512007,0.003,1.0
trunc_laplace,43035,LDC_PAC,0.0,2.7941751880193,0.003,1.0
trunc_laplace,43035,LDC_cert_pk,0.0,2.726255174171355,,1.0
trunc_laplace,43036,CP_PAC,0.0,2.3456210030726448,0.001,0.9788695861003522
trunc_laplace,43036,FH_PAC,0.1182428252719689,1.9501716087426624,0.001,0.9304269217467632
trunc_laplace,43036,FH_normal,0.1182428252719689,1.6530631929037989,0.001,0.8791179300472034
trunc_laplace,43036,HetLDC,0.0,2.0509167132253903,0.001,0.945476000385796
trunc_laplace,43036,HetLDC_cert,0.0,2.052967629938616,0.001,0.94574565060734
trunc_laplace,43036,LDC_PAC,0.0,2.138028562463238,0.001,0.9564360722873002
trunc_laplace,43036,LDC_cert_pk,0.0,2.0632862211668828,,0.9470935998687716
trunc_laplace,43037,CP_PAC,0.0,2.22529241996844,0.001,0.9664608752623725
trunc_laplace,43037,FH_PAC,-0.1352815051671037,1.811830351375576,0.001,0.9081217790689682
trunc_laplace,43037,FH_normal,-0.1352815051671037,1.4660696385065808,0.001,0.8371035053357927
trunc_laplace,43037,HetLDC,0.0,1.9612999866100964,0.001,0.9331119112547216
trunc_laplace,43037,HetLDC_cert,0.0,1.963261286596706,0.001,0.9333950586575386
trunc_laplace,43037,LDC_PAC,0.0,2.042624112556707,0.001,0.9443798060915888
trunc_laplace,43037,LDC_cert_pk,0.0,1.972767628946768,,0.9347592847302196
trunc_laplace,43038,CP_PAC,0.0,2.64043125808474,0.003,1.0
trunc_laplace,43038,FH_PAC,-0.109466867710393,1.9887055501313176,0.003,0.9361377154234792
trunc_laplace,43038,FH_normal,-0.109466867710393,1.6305156605631994,0.003,0.874749137226365
trunc_laplace,43038,HetLDC,0.0,2.420596054364817,0.003,0.9858497392999436
trunc_laplace,43038,HetLDC_cert,0.0,2.427857842527911,0.003,0.9864972633304596
trunc_laplace,43038,LDC_PAC,0.0,2.500874520984116,0.003,0.9927425966343266
trunc_laplace,43038,LDC_cert_pk,0.0,2.4324401249545096,,0.9869033426926904
trunc_laplace,43039,CP_PAC,0.0,2.137098829376419,0.001,0.956324276546813
trunc_laplace,43039,FH_PAC,-0.0344434772891981,1.7702769715420672,0.001,0.9024548040563816
trunc_laplace,43039,FH_normal,-0.0344434772891981,1.4405109587826384,0.001,0.832990838611446
trunc_laplace,43039,HetLDC,0.0,1.8250139926034887,0.001,0.9119479160484544
trunc_laplace,43039,HetLDC_cert,0.0,1.8268390065960924,0.001,0.9122516559506808
trunc_laplace,43039,LDC_PAC,0.0,1.904386470216584,0.001,0.924638026974077
trunc_laplace,43039,LDC_cert_pk,0.0,1.8341738092678848,,0.9134665836233616
trunc_laplace,43040,CP_PAC,0.0,2.505160502949557,0.001,0.9930946192902071
trunc_laplace,43040,FH_PAC,-0.1763453663269842,1.812303843167356,0.001,0.9070708594203408
trunc_laplace,43040,FH_normal,-0.1763453663269842,1.5158256215680102,0.001,0.8474243635669629
trunc_laplace,43040,HetLDC,0.0,2.240373008746788,0.001,0.9681027264278192
trunc_laplace,43040,HetLDC_cert,0.0,2.2426133817555347,0.001,0.9683444440577336
trunc_laplace,43040,LDC_PAC,0.0,2.3151136010861952,0.001,0.9758693714017226
trunc_laplace,43040,LDC_cert_pk,0.0,2.2527050641289907,,0.9694262773041123
trunc_laplace,43041,CP_PAC,0.0,2.264092710312528,0.001,0.9706334413723464
trunc_laplace,43041,FH_PAC,0.0360003968982295,1.7645903783849626,0.001,0.9014380338696244
trunc_laplace,43041,FH_normal,0.0360003968982295,1.4999918966815595,0.001,0.8473350206980637
trunc_laplace,43041,HetLDC,0.0,1.9906515258727733,0.001,0.9372893738209158
trunc_laplace,43041,HetLDC_cert,0.0,1.9926421773986456,0.001,0.9375680893645412
trunc_laplace,43041,LDC_PAC,0.0,2.063715696769395,0.001,0.9471493897140436
trunc_laplace,43041,LDC_cert_pk,0.0,2.000771872385741,,0.938700357313364
trunc_laplace,43042,CP_PAC,0.0,2.298523975924881,0.001,0.9741973646486236
trunc_laplace,43042,FH_PAC,0.0516354612513005,1.895556691061394,0.001,0.9230624308518196
trunc_laplace,43042,FH_normal,0.0516354612513005,1.59203965041653,0.001,0.867719303575482
trunc_laplace,43042,HetLDC,0.0,2.0369529014759458,0.001,0.9436246536832024
trunc_laplace,43042,HetLDC_cert,0.0,2.038989854377421,0.001,0.9438963991935652
trunc_laplace,43042,LDC_PAC,0.0,2.1098442858042272,0.001,0.952998415562686
trunc_laplace,43042,LDC_cert_pk,0.0,2.0482470675428117,,0.9451241357464966
trunc_laplace,43043,CP_PAC,0.0,2.7869790753416286,0.003,1.0
trunc_laplace,43043,FH_PAC,0.1534225187089296,1.9779622698810284,0.003,0.9337518493144868
trunc_laplace,43043,FH_normal,0.1534225187089296,1.6475253381246713,0.003,0.8769999281957692
trunc_laplace,43043,HetLDC,0.0,2.566614397468166,0.003,0.9979727553428392
trunc_laplace,43043,HetLDC_cert,0.0,2.57431424066057,0.003,0.9985622097403009
trunc_laplace,43043,LDC_PAC,0.0,2.6543823674181257,0.003,1.0
trunc_laplace,43043,LDC_cert_pk,0.0,2.578707437135866,,0.9988964118256556
trunc_laplace,43044,CP_PAC,0.0,2.4987110622674087,0.001,0.99256430564869
trunc_laplace,43044,FH_PAC,-0.1032031830739699,1.9866815983225607,0.001,0.9359492850166268
trunc_laplace,43044,FH_normal,-0.1032031830739699,1.6608953038244745,0.001,0.8810286169643471
trunc_laplace,43044,HetLDC,0.0,2.2320468799933724,0.001,0.9671994396661804
trunc_laplace,43044,HetLDC_cert,0.0,2.234278926873366,0.001,0.9674423605475386
trunc_laplace,43044,LDC_PAC,0.0,2.309153428943508,0.001,0.9752719950604264
trunc_laplace,43044,LDC_cert_pk,0.0,2.2436269308490835,,0.9684536121469484
trunc_laplace,43045,CP_PAC,0.0,2.604327849890544,0.003,1.0
trunc_laplace,43045,FH_PAC,-0.0073802855134003,2.0808331047861226,0.003,0.949349129170898
trunc_laplace,43045,FH_normal,-0.0073802855134003,1.7083595879302886,0.003,0.8912773713361141
trunc_laplace,43045,HetLDC,0.0,2.362426454274944,0.003,0.9804819697747038
trunc_laplace,43045,HetLDC_cert,0.0,2.3695137336377687,0.003,0.9811535248072244
trunc_laplace,43045,LDC_PAC,0.0,2.4524394541636148,0.003,0.9886531262834128
trunc_laplace,43045,LDC_cert_pk,0.0,2.376343440387286,,0.9817959934150636
trunc_laplace,43046,CP_PAC,0.0,2.129613299437972,0.001,0.9554202178583904
trunc_laplace,43046,FH_PAC,-0.1242604677540052,1.76897809936249,0.001,0.900910462063372
trunc_laplace,43046,FH_normal,-0.1242604677540052,1.474573001339805,0.001,0.8395339841083717
trunc_laplace,43046,HetLDC,0.0,1.8566404431837449,0.001,0.9171306134068024
trunc_laplace,43046,HetLDC_cert,0.0,1.8584970836269283,0.001,0.9174295849271474
trunc_laplace,43046,LDC_PAC,0.0,1.927071695803364,0.001,0.9280760526664836
trunc_laplace,43046,LDC_cert_pk,0.0,1.8669022015341672,,0.9187758262217912
trunc_laplace,43047,CP_PAC,0.0,2.2449193417119244,0.001,0.9685926487801866
trunc_laplace,43047,FH_PAC,-0.0901320549104202,1.7958780564028176,0.001,0.906291538708962
trunc_laplace,43047,FH_normal,-0.0901320549104202,1.4703619234101435,0.001,0.8394343619211604
trunc_laplace,43047,HetLDC,0.0,1.986302570896819,0.001,0.9366784500210468
trunc_laplace,43047,HetLDC_cert,0.0,1.9882888734677155,0.001,0.936957821696399
trunc_laplace,43047,LDC_PAC,0.0,2.060639912749417,0.001,0.9467492864869882
trunc_laplace,43047,LDC_cert_pk,0.0,1.997876545098637,,0.9382982092974704
trunc_laplace,43048,CP_PAC,0.0,2.267397247978952,0.001,0.9709810679676598
trunc_laplace,43048,FH_PAC,-0.1070627869386904,1.8180455932026376,0.001,0.909778648322818
trunc_laplace,43048,FH_normal,-0.1070627869386904,1.5035750350239507,0.001,0.846935331264594
trunc_laplace,43048,HetLDC,0.0,1.950774811393995,0.001,0.9315824864734152
trunc_laplace,43048,HetLDC_cert,0.0,1.9527255862053885,0.001,0.93186722476951
trunc_laplace,43048,LDC_PAC,0.0,2.036341664669678,0.001,0.9435429972104818
trunc_laplace,43048,LDC_cert_pk,0.0,1.9617055738678808,,0.933170512271082
trunc_laplace,43049,CP_PAC,0.0,2.016427631254825,0.001,0.9408539586881068
trunc_laplace,43049,FH_PAC,0.1493889459671071,1.913779551734412,0.001,0.924300413525078
trunc_laplace,43049,FH_normal,0.1493889459671071,1.562265797009148,0.001,0.8590356971034809
trunc_laplace,43049,HetLDC,0.0,1.746789234860832,0.001,0.8983700613083303
trunc_laplace,43049,HetLDC_cert,0.0,1.7485360240956926,0.001,0.8986855101424427
trunc_laplace,43049,LDC_PAC,0.0,1.8109467156561991,0.001,0.9095871712303618
trunc_laplace,43049,LDC_cert_pk,0.0,1.7562720301345094,,0.9000756501132852
trunc_laplace,43050,CP_PAC,0.0,2.5482126098725417,0.003,0.996544697703003
trunc_laplace,43050,FH_PAC,0.0306550876291628,1.8440172060660305,0.003,0.9150024439123312
trunc_laplace,43050,FH_normal,0.0306550876291628,1.490935910238927,0.003,0.8452498905142227
trunc_laplace,43050,HetLDC,0.0,2.320207940799988,0.003,0.9763770316243252
trunc_laplace,43050,HetLDC_cert,0.0,2.3271685646223874,0.003,0.9770663239593362
trunc_laplace,43050,LDC_PAC,0.0,2.399596941034635,0.003,0.9839494405950416
trunc_laplace,43050,LDC_cert_pk,0.0,2.3326969010219387,,0.977610226022792
trunc_laplace,43051,CP_PAC,0.0,2.0547455966307058,0.001,0.9459789475964232
trunc_laplace,43051,FH_PAC,-0.0020866811031567,1.6766787662366751,0.001,0.8852221155152464
trunc_laplace,43051,FH_normal,-0.0020866811031567,1.3807864235360534,0.001,0.8178130065778471
trunc_laplace,43051,HetLDC,0.0,1.7009016826051253,0.001,0.8898740779464829
trunc_laplace,43051,HetLDC_cert,0.0,1.7026025842877304,0.001,0.8901963069568528
trunc_laplace,43051,LDC_PAC,0.0,1.7695748047255837,0.001,0.902440050854211
trunc_laplace,43051,LDC_cert_pk,0.0,1.7116827567881416,,0.8919068705756481
trunc_laplace,43052,CP_PAC,0.0,2.484326199558518,0.003,0.991368560600558
trunc_laplace,43052,FH_PAC,-0.0826780060906193,2.084577796203579,0.003,0.9493762428052148
trunc_laplace,43052,FH_normal,-0.0826780060906193,1.7215550514728586,0.003,0.8930863966688072
trunc_laplace,43052,HetLDC,0.0,2.279369831975317,0.003,0.9722305574189828
trunc_laplace,43052,HetLDC_cert,0.0,2.286207941471244,0.003,0.9729372301280604
trunc_laplace,43052,LDC_PAC,0.0,2.353020202766364,0.003,0.979582979277862
trunc_laplace,43052,LDC_cert_pk,0.0,2.291981099337953,,0.9735299357504944
trunc_laplace,43053,CP_PAC,0.0,2.513673892977341,0.001,0.9937892034514269
trunc_laplace,43053,FH_PAC,-0.0782285950892439,1.880145501665374,0.001,0.920370939901092
trunc_laplace,43053,FH_normal,-0.0782285950892439,1.556316180032667,0.001,0.8595793449784768
trunc_laplace,43053,HetLDC,0.0,2.245932938248749,0.001,0.9687015597057944
trunc_laplace,43053,HetLDC_cert,0.0,2.248178871186997,0.001,0.968942475308078
trunc_laplace,43053,LDC_PAC,0.0,2.322981146906699,0.001,0.9766522548375064
trunc_laplace,43053,LDC_cert_pk,0.0,2.2602729794113743,,0.970230122317204
trunc_laplace,43054,CP_PAC,0.0,2.608114018187872,0.003,1.0
trunc_laplace,43054,FH_PAC,-0.0242100234960432,2.138691932032101,0.003,0.956479057865067
trunc_laplace,43054,FH_normal,-0.0242100234960432,1.7816665383763226,0.003,0.9045076448481244
trunc_laplace,43054,HetLDC,0.0,2.3828625036412965,0.003,0.9824049853443486
trunc_laplace,43054,HetLDC_cert,0.0,2.39001109115222,0.003,0.9830680426933
trunc_laplace,43054,LDC_PAC,0.0,2.4702653689377825,0.003,0.9901822825993628
trunc_laplace,43054,LDC_cert_pk,0.0,2.396528426560357,,0.9836682558234702
trunc_laplace,43055,CP_PAC,0.0,2.8452909986753383,0.003,1.0
trunc_laplace,43055,FH_PAC,-0.0101664602280504,2.2785095580693344,0.003,0.9721357009275204
trunc_laplace,43055,FH_normal,-0.0101664602280504,1.941553069849106,0.003,0.9302206431433178
trunc_laplace,43055,HetLDC,0.0,2.640907066133826,0.003,1.0
trunc_laplace,43055,HetLDC_cert,0.0,2.648829787332227,0.003,1.0
trunc_laplace,43055,LDC_PAC,0.0,2.724383552471481,0.003,1.0
trunc_laplace,43055,LDC_cert_pk,0.0,2.655748329554818,,1.0
trunc_laplace,43056,CP_PAC,0.0,2.252095232167902,0.001,0.969361225800136
trunc_laplace,43056,FH_PAC,-0.1887754959038511,1.948162495844556,0.001,0.9284685838261064
trunc_laplace,43056,FH_normal,-0.1887754959038511,1.6102701792461631,0.001,0.867964654959074
trunc_laplace,43056,HetLDC,0.0,1.9417099548552463,0.001,0.9302517372916864
trunc_laplace,43056,HetLDC_cert,0.0,1.9436516648101017,0.001,0.9305378462422536
trunc_laplace,43056,LDC_PAC,0.0,2.022598976934986,0.001,0.941693270356028
trunc_laplace,43056,LDC_cert_pk,0.0,1.9513353385037515,,0.931664361259849
trunc_laplace,43057,CP_PAC,0.0,2.9847458524321686,0.003,1.0
trunc_laplace,43057,FH_PAC,-0.204460652264476,2.2919089505772305,0.003,0.9712823364541808
trunc_laplace,43057,FH_normal,-0.204460652264476,1.91498656427825,0.003,0.9229354491949048
trunc_laplace,43057,HetLDC,0.0,2.790886205318828,0.003,1.0
trunc_laplace,43057,HetLDC_cert,0.0,2.799258863934784,0.003,1.0
trunc_laplace,43057,LDC_PAC,0.0,2.872499712692404,0.003,1.0
trunc_laplace,43057,LDC_cert_pk,0.0,2.806344079699318,,1.0
trunc_laplace,43058,CP_PAC,0.0,2.9552774418381724,0.003,1.0
trunc_laplace,43058,FH_PAC,0.2747038664604355,2.0162080355826406,0.003,0.935416285089127
trunc_laplace,43058,FH_normal,0.2747038664604355,1.7146757216970347,0.003,0.8850608033188229
trunc_laplace,43058,HetLDC,0.0,2.7572794339156235,0.003,1.0
trunc_laplace,43058,HetLDC_cert,0.0,2.76555127221737,0.003,1.0
trunc_laplace,43058,LDC_PAC,0.0,2.8441395087923707,0.003,1.0
trunc_laplace,43058,LDC_cert_pk,0.0,2.7725300112615168,,1.0
trunc_laplace,43059,CP_PAC,0.0,2.31814363108398,0.001,0.9761716444235062
trunc_laplace,43059,FH_PAC,-0.0120626219617176,1.8517253611899365,0.001,0.9163240510647406
trunc_laplace,43059,FH_normal,-0.0120626219617176,1.5587885418273522,0.001,0.8608111228734465
trunc_laplace,43059,HetLDC,0.0,2.0592388016332235,0.001,0.9465666015902108
trunc_laplace,43059,HetLDC_cert,0.0,2.0612980404348566,0.001,0.9468350048341564
trunc_laplace,43059,LDC_PAC,0.0,2.142284234193805,0.001,0.9569464138758272
trunc_laplace,43059,LDC_cert_pk,0.0,2.0721979627520235,,0.9482461494353984
trunc_laplace,43060,CP_PAC,0.0,2.631987175374057,0.003,1.0
trunc_laplace,43060,FH_PAC,0.0258272733372363,2.0640347729258286,0.003,0.9471456540400288
trunc_laplace,43060,FH_normal,0.0258272733372363,1.736263959843567,0.003,0.8963935331478567
trunc_laplace,43060,HetLDC,0.0,2.407498752723149,0.003,0.98466939768676
trunc_laplace,43060,HetLDC_cert,0.0,2.414721248981319,0.003,0.9853222898851044
trunc_laplace,43060,LDC_PAC,0.0,2.492876739849096,0.003,0.9920814878898834
trunc_laplace,43060,LDC_cert_pk,0.0,2.4219954937679096,,0.9859749072692604
trunc_laplace,43061,CP_PAC,0.0,2.3929068320393267,0.001,0.9833352293221568
trunc_laplace,43061,FH_PAC,0.0110830751007903,1.9328196306040613,0.001,0.9289247944357576
trunc_laplace,43061,FH_normal,0.0110830751007903,1.6287735409837327,0.001,0.8756568579460238
trunc_laplace,43061,HetLDC,0.0,2.129407064106616,0.001,0.9553952099029565
trunc_laplace,43061,HetLDC_cert,0.0,2.1315364711707225,0.001,0.9556531615514992
trunc_laplace,43061,LDC_PAC,0.0,2.211375736789617,0.001,0.9649226557873668
trunc_laplace,43061,LDC_cert_pk,0.0,2.1401540379056336,,0.9566912431863136
trunc_laplace,43062,CP_PAC,0.0,2.383287127374367,0.001,0.9824445089958866
trunc_laplace,43062,FH_PAC,-0.0168323758178518,2.013167990411407,0.001,0.9403882278076028
trunc_laplace,43062,FH_normal,-0.0168323758178518,1.6696743367375837,0.001,0.8838265004936137
trunc_laplace,43062,HetLDC,0.0,2.076669203383005,0.001,0.948820388481515
trunc_laplace,43062,HetLDC_cert,0.0,2.078745872586388,0.001,0.949086184591328
trunc_laplace,43062,LDC_PAC,0.0,2.1566193108146585,0.001,0.9586489088315466
trunc_laplace,43062,LDC_cert_pk,0.0,2.083961352945558,,0.949751188849473
trunc_laplace,43063,CP_PAC,0.0,2.124371400872438,0.001,0.9547829165293412
trunc_laplace,43063,FH_PAC,-0.0139481306947859,1.650698339028452,0.001,0.8800808992552538
trunc_laplace,43063,FH_normal,-0.0139481306947859,1.3417953293371172,0.001,0.8072488845850319
trunc_laplace,43063,HetLDC,0.0,1.7665867491114455,0.001,0.901911814862428
trunc_laplace,43063,HetLDC_cert,0.0,1.7683533358605568,0.001,0.9022243154393804
trunc_laplace,43063,LDC_PAC,0.0,1.8460378433764384,0.001,0.915412157134062
trunc_laplace,43063,LDC_cert_pk,0.0,1.776773861007395,,0.9037059770721472
trunc_laplace,43064,CP_PAC,0.0,2.457149796650098,0.001,0.9890599603738156
trunc_laplace,43064,FH_PAC,-0.0260963507759511,2.186522823501451,0.001,0.9620789028533075
trunc_laplace,43064,FH_normal,-0.0260963507759511,1.846070145687388,0.001,0.9153595358132984
trunc_laplace,43064,HetLDC,0.0,2.2091169831318616,0.001,0.9646708814975168
trunc_laplace,43064,HetLDC_cert,0.0,2.211326100114993,0.001,0.9649171293565876
trunc_laplace,43064,LDC_PAC,0.0,2.285576388308332,0.001,0.9728721744038612
trunc_laplace,43064,LDC_cert_pk,0.0,2.2219578589993887,,0.966094335719228
trunc_laplace,43065,CP_PAC,0.0,2.467947886244016,0.001,0.9899850867262594
trunc_laplace,43065,FH_PAC,0.2499352831754143,1.9701753452242328,0.001,0.9296974546297314
trunc_laplace,43065,FH_normal,0.2499352831754143,1.6492306297792778,0.001,0.8732512939686659
trunc_laplace,43065,HetLDC,0.0,2.2255153944709583,0.001,0.9664853394834614
trunc_laplace,43065,HetLDC_cert,0.0,2.2277409098654286,0.001,0.9667292060801428
trunc_laplace,43065,LDC_PAC,0.0,2.31005045623339,0.001,0.9753621399197336
trunc_laplace,43065,LDC_cert_pk,0.0,2.237880724179968,,0.9678331651098347
trunc_laplace,43066,CP_PAC,0.0,2.5974062038240344,0.003,1.0
trunc_laplace,43066,FH_PAC,-0.1323503384782933,2.190332669005364,0.003,0.9615126265147512
trunc_laplace,43066,FH_normal,-0.1323503384782933,1.8617235439250208,0.003,0.9164807470338958
trunc_laplace,43066,HetLDC,0.0,2.3594606407419936,0.003,0.9801994674280214
trunc_laplace,43066,HetLDC_cert,0.0,2.36653902266422,0.003,0.980872260553777
trunc_laplace,43066,LDC_PAC,0.0,2.445921489114792,0.003,0.9880868603492732
trunc_laplace,43066,LDC_cert_pk,0.0,2.372895678607737,,0.9814722354750725
trunc_laplace,43067,CP_PAC,0.0,2.517930822016414,0.001,0.9941342083572504
trunc_laplace,43067,FH_PAC,-0.0853656304654717,1.8933264748945977,0.001,0.922342143620847
trunc_laplace,43067,FH_normal,-0.0853656304654717,1.6340211536404512,0.001,0.8759665866869466
trunc_laplace,43067,HetLDC,0.0,2.286944573807592,0.001,0.9730130558399086
trunc_laplace,43067,HetLDC_cert,0.0,2.2892315183813987,0.001,0.9732480930496408
trunc_laplace,43067,LDC_PAC,0.0,2.371081233504148,0.001,0.9813013840107598
trunc_laplace,43067,LDC_cert_pk,0.0,2.300230104069631,,0.9743706567548336
trunc_laplace,43068,CP_PAC,0.0,2.5959827737922927,0.003,1.0
trunc_laplace,43068,FH_PAC,-0.1159278511720412,1.870955890461792,0.003,0.9183065577315508
trunc_laplace,43068,FH_normal,-0.1159278511720412,1.539337068127001,0.003,0.8549316916081067
trunc_laplace,43068,HetLDC,0.0,2.3353105905768867,0.003,0.977866282431527
trunc_laplace,43068,HetLDC_cert,0.0,2.3423165223486166,0.003,0.9785492020444868
trunc_laplace,43068,LDC_PAC,0.0,2.4147151876226243,0.003,0.985321744015862
trunc_laplace,43068,LDC_cert_pk,0.0,2.349265373173329,,0.9792216457986735
trunc_laplace,43069,CP_PAC,0.0,2.39973811830197,0.001,0.9839623557977496
trunc_laplace,43069,FH_PAC,-0.044286719964841,1.940543410757277,0.001,0.9299284869047684
trunc_laplace,43069,FH_normal,-0.044286719964841,1.648233837741799,0.001,0.8794031724705298
trunc_laplace,43069,HetLDC,0.0,2.14341598193004,0.001,0.9570817525505396
trunc_laplace,43069,HetLDC_cert,0.0,2.145559397911969,0.001,0.9573376329417562
trunc_laplace,43069,LDC_PAC,0.0,2.217688786879996,0.001,0.9656232087244224
trunc_laplace,43069,LDC_cert_pk,0.0,2.1539411243622686,,0.9583327666174632
trunc_laplace,43070,CP_PAC,0.0,2.379111637493313,0.001,0.9820550962827364
trunc_laplace,43070,FH_PAC,0.0956236397939186,1.8880514494967,0.001,0.9213670405652614
trunc_laplace,43070,FH_normal,0.0956236397939186,1.5461275378612622,0.001,0.8569615309093421
trunc_laplace,43070,HetLDC,0.0,2.136639396324187,0.001,0.9562689919899956
trunc_laplace,43070,HetLDC_cert,0.0,2.138776035720511,0.001,0.9565258736122476
trunc_laplace,43070,LDC_PAC,0.0,2.2129873364731685,0.001,0.9651019321444356
trunc_laplace,43070,LDC_cert_pk,0.0,2.148131243101149,,0.957643905030436
trunc_laplace,43071,CP_PAC,0.0,2.333284289136801,0.001,0.9776678317445472
trunc_laplace,43071,FH_PAC,0.0291689499698009,1.9050100213628192,0.001,0.9246656115078988
trunc_laplace,43071,FH_normal,0.0291689499698009,1.6077368667729734,0.001,0.87122917416437
trunc_laplace,43071,HetLDC,0.0,2.090631201800756,0.001,0.950596379093261
trunc_laplace,43071,HetLDC_cert,0.0,2.0927218330025568,0.001,0.95086009171382
trunc_laplace,43071,LDC_PAC,0.0,2.170359937246137,0.001,0.9602570827279298
trunc_laplace,43071,LDC_cert_pk,0.0,2.101116950192065,,0.951913281357296
trunc_laplace,43072,CP_PAC,0.0,2.87759813186682,0.003,1.0
trunc_laplace,43072,FH_PAC,0.1152620352494167,1.7287678993223097,0.003,0.8938041875256257
trunc_laplace,43072,FH_normal,0.1152620352494167,1.3832432589946473,0.003,0.8166312390622503
trunc_laplace,43072,HetLDC,0.0,2.648832507780857,0.003,1.0
trunc_laplace,43072,HetLDC_cert,0.0,2.656779005304199,0.003,1.0
trunc_laplace,43072,LDC_PAC,0.0,2.7406900214370387,0.003,1.0
trunc_laplace,43072,LDC_cert_pk,0.0,2.6643934263066065,,1.0
trunc_laplace,43073,CP_PAC,0.0,2.3883168586793806,0.001,0.9829113432253926
trunc_laplace,43073,FH_PAC,-0.02389448109168,2.043792152249654,0.001,0.9444952974808652
trunc_laplace,43073,FH_normal,-0.02389448109168,1.748537816913391,0.001,0.8986321076457675
trunc_laplace,43073,HetLDC,0.0,2.115271781319667,0.001,0.9536682914252405
trunc_laplace,43073,HetLDC_cert,0.0,2.117387053100986,0.001,0.9539283385998822
trunc_laplace,43073,LDC_PAC,0.0,2.192266310794956,0.001,0.9627737675077044
trunc_laplace,43073,LDC_cert_pk,0.0,2.1268845833071577,,0.9550888999190204
trunc_laplace,43074,CP_PAC,0.0,2.5339575929002947,0.001,0.9954194518935944
trunc_laplace,43074,FH_PAC,0.0244676782789316,2.070294276367912,0.001,0.9479605721489616
trunc_laplace,43074,FH_normal,0.0244676782789316,1.7398090238637076,0.001,0.8970469175766577
trunc_laplace,43074,HetLDC,0.0,2.2917737373481684,0.001,0.9735087085127496
trunc_laplace,43074,HetLDC_cert,0.0,2.294065511085516,0.001,0.9737430580304952
trunc_laplace,43074,LDC_PAC,0.0,2.371836912028143,0.001,0.9813725793730216
trunc_laplace,43074,LDC_cert_pk,0.0,2.302438573936409,,0.9745945144418332
trunc_laplace,43075,CP_PAC,0.0,2.128359539319401,0.001,0.9552681046738996
trunc_laplace,43075,FH_PAC,-0.0052314361468443,1.6452362224706845,0.001,0.8790038166552281
trunc_laplace,43075,FH_normal,-0.0052314361468443,1.3204564857331689,0.001,0.8013223152389106
trunc_laplace,43075,HetLDC,0.0,1.767062690761883,0.001,0.9019960632960636
trunc_laplace,43075,HetLDC_cert,0.0,1.7688297534526445,0.001,0.9023084928491938
trunc_laplace,43075,LDC_PAC,0.0,1.8495034588967256,0.001,0.915975951863892
trunc_laplace,43075,LDC_cert_pk,0.0,1.7761086027063704,,0.903589392188751
trunc_laplace,43076,CP_PAC,0.0,2.123277381075315,0.001,0.954649467343121
trunc_laplace,43076,FH_PAC,0.0928463526138541,1.6591413472918248,0.001,0.8808896343474342
trunc_laplace,43076,FH_normal,0.0928463526138541,1.324558164585786,0.001,0.8012171704425886
trunc_laplace,43076,HetLDC,0.0,1.7689450139138407,0.001,0.90232885173962
trunc_laplace,43076,HetLDC_cert,0.0,1.7707139589277543,0.001,0.9026410003337908
trunc_laplace,43076,LDC_PAC,0.0,1.845087161237684,0.001,0.9152571413154968
trunc_laplace,43076,LDC_cert_pk,0.0,1.7775523107261075,,0.9038422957975488
trunc_laplace,43077,CP_PAC,0.0,2.7965738448407222,0.003,1.0
trunc_laplace,43077,FH_PAC,-0.2824905472514716,2.157093656375939,0.003,0.9537657723901406
trunc_laplace,43077,FH_normal,-0.2824905472514716,1.8088501316745256,0.003,0.9021301444308156
trunc_laplace,43077,HetLDC,0.0,2.5727305836015284,0.003,0.9984413607384444
trunc_laplace,43077,HetLDC_cert,0.0,2.580448775352333,0.003,0.9990284568064468
trunc_laplace,43077,LDC_PAC,0.0,2.663520644487793,0.003,1.0
trunc_laplace,43077,LDC_cert_pk,0.0,2.586629696464927,,0.9994952218308542
trunc_laplace,43078,CP_PAC,0.0,2.573502450449592,0.001,0.998500286898888
trunc_laplace,43078,FH_PAC,-0.0101100151768525,2.281039205122608,0.001,0.972398022307194
trunc_laplace,43078,FH_normal,-0.0101100151768525,1.9327396334586584,0.001,0.9289144850616068
trunc_laplace,43078,HetLDC,0.0,2.2774477537918365,0.001,0.9720310143669564
trunc_laplace,43078,HetLDC_cert,0.0,2.279725201545628,0.001,0.9722674067745554
trunc_laplace,43078,LDC_PAC,0.0,2.362250512266006,0.001,0.9804652351607266
trunc_laplace,43078,LDC_cert_pk,0.0,2.292000866887889,,0.9735319590758892
trunc_laplace,43079,CP_PAC,0.0,2.314891288364201,0.001,0.9758471560478386
trunc_laplace,43079,FH_PAC,-0.0515858026634303,1.940277422123993,0.001,0.9298352258925626
trunc_laplace,43079,FH_normal,-0.0515858026634303,1.6194371910812444,0.001,0.8734654450958714
trunc_laplace,43079,HetLDC,0.0,2.048644711060477,0.001,0.9451766080785942
trunc_laplace,43079,HetLDC_cert,0.0,2.050693355771537,0.001,0.94544659897042
trunc_laplace,43079,LDC_PAC,0.0,2.124868049308881,0.001,0.9548434477628418
trunc_laplace,43079,LDC_cert_pk,0.0,2.058554470400391,,0.9464772774714691
trunc_laplace,43080,CP_PAC,0.0,2.386785709863524,0.001,0.9827694889446656
trunc_laplace,43080,FH_PAC,-0.2601792971615864,1.7941810349494856,0.001,0.9006171416283497
trunc_laplace,43080,FH_normal,-0.2601792971615864,1.4756445806512797,0.001,0.8332081996368436
trunc_laplace,43080,HetLDC,0.0,2.1049751501427894,0.001,0.9523942182981496
trunc_laplace,43080,HetLDC_cert,0.0,2.107080125292932,0.001,0.9526557952909078
trunc_laplace,43080,LDC_PAC,0.0,2.175550105273877,0.001,0.9608585568874736
trunc_laplace,43080,LDC_cert_pk,0.0,2.11382064831084,,0.9534895600027952
trunc_laplace,43081,CP_PAC,0.0,2.7219992193419795,0.003,1.0
trunc_laplace,43081,FH_PAC,-0.1208446110299209,2.131457120840299,0.003,0.9547206964039898
trunc_laplace,43081,FH_normal,-0.1208446110299209,1.7970063822854525,0.003,0.9059052102146772
trunc_laplace,43081,HetLDC,0.0,2.501827338691271,0.003,0.9928209909723468
trunc_laplace,43081,HetLDC_cert,0.0,2.509332820707345,0.003,0.9934357979582068
trunc_laplace,43081,LDC_PAC,0.0,2.578131308265455,0.003,0.9988526713756336
trunc_laplace,43081,LDC_cert_pk,0.0,2.5144438534454467,,0.9938517188096524
trunc_laplace,43082,CP_PAC,0.0,2.6933837131148444,0.003,1.0
trunc_laplace,43082,FH_PAC,-0.066267743856305,1.9575898702087795,0.003,0.9322423173563346
trunc_laplace,43082,FH_normal,-0.066267743856305,1.6269695808228342,0.003,0.8748315644764775
trunc_laplace,43082,HetLDC,0.0,2.461039656158872,0.003,0.989394425409858
trunc_laplace,43082,HetLDC_cert,0.0,2.4684227751273484,0.003,0.990025534121864
trunc_laplace,43082,LDC_PAC,0.0,2.551028239321932,0.003,0.9967649826907226
trunc_laplace,43082,LDC_cert_pk,0.0,2.475307451508916,,0.9906096730010978
trunc_laplace,43083,CP_PAC,0.0,2.4944620098344226,0.001,0.9922129673210012
trunc_laplace,43083,FH_PAC,0.0123059222376737,1.9599350557409545,0.001,0.9329030880567648
trunc_laplace,43083,FH_normal,0.0123059222376737,1.675099719991495,0.001,0.8848998495806366
trunc_laplace,43083,HetLDC,0.0,2.271415627366101,0.001,0.9714021771617358
trunc_laplace,43083,HetLDC_cert,0.0,2.273687042993467,0.001,0.9716394322695704
trunc_laplace,43083,LDC_PAC,0.0,2.348981158454116,0.001,0.9791942376889248
trunc_laplace,43083,LDC_cert_pk,0.0,2.2753199778534148,,0.9718096494751732
trunc_laplace,43084,CP_PAC,0.0,2.3117613122822283,0.001,0.975533835117408
trunc_laplace,43084,FH_PAC,0.0115526063725503,1.8304047952623328,0.001,0.912831919332695
trunc_laplace,43084,FH_normal,0.0115526063725503,1.5349112769253903,0.001,0.8554953175601091
trunc_laplace,43084,HetLDC,0.0,2.033785025927294,0.001,0.94320088536345
trunc_laplace,43084,HetLDC_cert,0.0,2.0358188109532214,0.001,0.9434731067050044
trunc_laplace,43084,LDC_PAC,0.0,2.1071655262219813,0.001,0.9526663956107148
trunc_laplace,43084,LDC_cert_pk,0.0,2.040859772865384,,0.9441453532262069
trunc_laplace,43085,CP_PAC,0.0,2.5541409404755324,0.001,0.99700775778165
trunc_laplace,43085,FH_PAC,-0.1599056944308052,1.885462425835729,0.001,0.9196165041825548
trunc_laplace,43085,FH_normal,-0.1599056944308052,1.5544301723937273,0.001,0.8569144055209708
trunc_laplace,43085,HetLDC,0.0,2.2752213813569866,0.001,0.9717993799939212
trunc_laplace,43085,HetLDC_cert,0.0,2.2774966027383434,0.001,0.9720360906399288
trunc_laplace,43085,LDC_PAC,0.0,2.3603782765311525,0.001,0.980286968284966
trunc_laplace,43085,LDC_cert_pk,0.0,2.2844092455111458,,0.9727518352342392
trunc_laplace,43086,CP_PAC,0.0,2.5802802463435945,0.003,0.9990156877990116
trunc_laplace,43086,FH_PAC,0.0327021525853248,2.282313051377172,0.003,0.9724776651544156
trunc_laplace,43086,FH_normal,0.0327021525853248,1.9205289889521024,0.003,0.9270087055326448
trunc_laplace,43086,HetLDC,0.0,2.324788732105449,0.003,0.9768312181770684
trunc_laplace,43086,HetLDC_cert,0.0,2.331763098301765,0.003,0.9775185744008524
trunc_laplace,43086,LDC_PAC,0.0,2.415195877311438,0.003,0.98536502288944
trunc_laplace,43086,LDC_cert_pk,0.0,2.339848450612562,,0.9783091901246488
trunc_laplace,43087,CP_PAC,0.0,2.568291931879773,0.003,0.9981015810932236
trunc_laplace,43087,FH_PAC,-0.0606770069424506,1.96858160960827,0.003,0.9338847534745944
trunc_laplace,43087,FH_normal,-0.0606770069424506,1.676496641644669,0.003,0.8848135480378739
trunc_laplace,43087,HetLDC,0.0,2.329272959815471,0.003,0.9772737334080366
trunc_laplace,43087,HetLDC_cert,0.0,2.336260778694917,0.003,0.9779591970237778
trunc_laplace,43087,LDC_PAC,0.0,2.4185052061770054,0.003,0.9856623899502192
trunc_laplace,43087,LDC_cert_pk,0.0,2.345039710317577,,0.9788133072023276
trunc_laplace,43088,CP_PAC,0.0,2.6765929241922173,0.003,1.0
trunc_laplace,43088,FH_PAC,-0.0682056681431673,1.825624935406086,0.003,0.9116455772970572
trunc_laplace,43088,FH_normal,-0.0682056681431673,1.5001763829266417,0.003,0.8469688040562349
trunc_laplace,43088,HetLDC,0.0,2.447846097715199,0.003,0.988254466688356
trunc_laplace,43088,HetLDC_cert,0.0,2.455189636008344,0.003,0.9888909033370896
trunc_laplace,43088,LDC_PAC,0.0,2.5351249068359047,0.003,0.995512226188726
trunc_laplace,43088,LDC_cert_pk,0.0,2.461398732687296,,0.98942523182528
trunc_laplace,43089,CP_PAC,0.0,2.557056154762831,0.003,0.9972344162060516
trunc_laplace,43089,FH_PAC,0.0875010074234349,2.025862569355148,0.003,0.9415950998643194
trunc_laplace,43089,FH_normal,0.0875010074234349,1.679042358352493,0.003,0.8849064984439631
trunc_laplace,43089,HetLDC,0.0,2.297869464451928,0.003,0.974130803773818
trunc_laplace,43089,HetLDC_cert,0.0,2.304763072845283,0.003,0.974829576857906
trunc_laplace,43089,LDC_PAC,0.0,2.3785066660861243,0.003,0.9819985349082508
trunc_laplace,43089,LDC_cert_pk,0.0,2.312323688550548,,0.975590206246882
trunc_laplace,43090,CP_PAC,0.0,2.5775945134015306,0.001,0.9988118935531412
trunc_laplace,43090,FH_PAC,0.2381923133822399,2.132567688382752,0.001,0.9521829242598576
trunc_laplace,43090,FH_normal,0.2381923133822399,1.7536698346728887,0.001,0.8942718905359839
trunc_laplace,43090,HetLDC,0.0,2.3257238187539624,0.001,0.9769236658334411
trunc_laplace,43090,HetLDC_cert,0.0,2.328049542572716,0.001,0.9771532086583474
trunc_laplace,43090,LDC_PAC,0.0,2.4126819755217297,0.001,0.9851384436668892
trunc_laplace,43090,LDC_cert_pk,0.0,2.335943147304519,,0.9779281475346516
trunc_laplace,43091,CP_PAC,0.0,2.263929176425896,0.001,0.9706162070054632
trunc_laplace,43091,FH_PAC,0.0653938616254313,2.052521478309457,0.001,0.9453938789308513
trunc_laplace,43091,FH_normal,0.0653938616254313,1.689752834211818,0.001,0.8873197656614784
trunc_laplace,43091,HetLDC,0.0,1.981238590907284,0.001,0.9359635814063144
trunc_laplace,43091,HetLDC_cert,0.0,1.9832198294981904,0.001,0.936243717344032
trunc_laplace,43091,LDC_PAC,0.0,2.063566635979058,0.001,0.947130029214312
trunc_laplace,43091,LDC_cert_pk,0.0,1.991236833887762,,0.9373713841683524
trunc_laplace,43092,CP_PAC,0.0,2.6359199529066792,0.003,1.0
trunc_laplace,43092,FH_PAC,0.0507033032194976,2.335597684361479,0.003,0.97776320380706
trunc_laplace,43092,FH_normal,0.0507033032194976,2.01965343773408,0.003,0.9411109876763142
trunc_laplace,43092,HetLDC,0.0,2.420236438984701,0.003,0.9858175452400704
trunc_laplace,43092,HetLDC_cert,0.0,2.4274971483016548,0.003,0.9864652163286354
trunc_laplace,43092,LDC_PAC,0.0,2.4966016552764216,0.003,0.9923900812664216
trunc_laplace,43092,LDC_cert_pk,0.0,2.43247575798017,,0.9869064928730316
trunc_laplace,43093,CP_PAC,0.0,2.3279886914656944,0.001,0.9771472099054086
trunc_laplace,43093,FH_PAC,0.0528190496568426,1.906151033474824,0.001,0.924685608403417
trunc_laplace,43093,FH_normal,0.0528190496568426,1.596554766167049,0.001,0.8686638744781008
trunc_laplace,43093,HetLDC,0.0,2.066868759539682,0.001,0.9475582152741816
trunc_laplace,43093,HetLDC_cert,0.0,2.0689356282992217,0.001,0.9478254764802864
trunc_laplace,43093,LDC_PAC,0.0,2.136890321594051,0.001,0.956299189645039
trunc_laplace,43093,LDC_cert_pk,0.0,2.0779785563993536,,0.9489880416606432
trunc_laplace,43094,CP_PAC,0.0,2.852674586973964,0.003,1.0
trunc_laplace,43094,FH_PAC,-0.1140642697845483,1.854560271164502,0.003,0.9156975941917156
trunc_laplace,43094,FH_normal,-0.1140642697845483,1.5301174314656163,0.003,0.852888210916686
trunc_laplace,43094,HetLDC,0.0,2.632055877660849,0.003,1.0
trunc_laplace,43094,HetLDC_cert,0.0,2.6399520452938314,0.003,1.0
trunc_laplace,43094,LDC_PAC,0.0,2.716952269445111,0.003,1.0
trunc_laplace,43094,LDC_cert_pk,0.0,2.647928818406538,,1.0
trunc_laplace,43095,CP_PAC,0.0,2.291177367016729,0.001,0.9734476336626284
trunc_laplace,43095,FH_PAC,-0.0096513781541671,1.8849914315086416,0.001,0.9216258369014858
trunc_laplace,43095,FH_normal,-0.0096513781541671,1.56088987519675,0.001,0.8612787510230884
trunc_laplace,43095,HetLDC,0.0,2.0182174642045725,0.001,0.9410979349599636
trunc_laplace,43095,HetLDC_cert,0.0,2.020235681668777,0.001,0.941372497044742
trunc_laplace,43095,LDC_PAC,0.0,2.0884033038304834,0.001,0.9503147179601524
trunc_laplace,43095,LDC_cert_pk,0.0,2.0279754381673696,,0.9424200858931352
trunc_laplace,43096,CP_PAC,0.0,2.445893490149418,0.001,0.9880844195493288
trunc_laplace,43096,FH_PAC,-0.0059122187499386,1.9599815769073887,0.001,0.932918612234746
trunc_laplace,43096,FH_normal,-0.0059122187499386,1.6657998453512843,0.001,0.8830913444285504
trunc_laplace,43096,HetLDC,0.0,2.200672536578164,0.001,0.963724340937469
trunc_laplace,43096,HetLDC_cert,0.0,2.2028732091147414,0.001,0.9639718187889676
trunc_laplace,43096,LDC_PAC,0.0,2.27510606680307,0.001,0.9717873678757276
trunc_laplace,43096,LDC_cert_pk,0.0,2.21162853429932,,0.9649507972294612
trunc_laplace,43097,CP_PAC,0.0,2.1347828530070574,0.001,0.9560453201529968
trunc_laplace,43097,FH_PAC,0.141819820093241,1.7601952566843606,0.001,0.8989033094638206
trunc_laplace,43097,FH_normal,0.141819820093241,1.431407992595078,0.001,0.8282300092442552
trunc_laplace,43097,HetLDC,0.0,1.7780510100641416,0.001,0.9039295677048234
trunc_laplace,43097,HetLDC_cert,0.0,1.7798290610742056,0.001,0.9042403557295032
trunc_laplace,43097,LDC_PAC,0.0,1.8385039765681688,0.001,0.9141794759112918
trunc_laplace,43097,LDC_cert_pk,0.0,1.7765822012496744,,0.9036723974658948
trunc_laplace,43098,CP_PAC,0.0,2.728666153861806,0.003,1.0
trunc_laplace,43098,FH_PAC,-0.2101566579067397,2.27537885929183,0.003,0.9694073340823872
trunc_laplace,43098,FH_normal,-0.2101566579067397,1.9567143135084435,0.003,0.929089559953726
trunc_laplace,43098,HetLDC,0.0,2.51382531410717,0.003,0.9938015017452164
trunc_laplace,43098,HetLDC_cert,0.0,2.521366790049491,0.003,0.9944115630039208
trunc_laplace,43098,LDC_PAC,0.0,2.598843812450789,0.003,1.0
trunc_laplace,43098,LDC_cert_pk,0.0,2.529790196360312,,0.9950873178283748
trunc_laplace,43099,CP_PAC,0.0,2.6382769677445093,0.001,1.0
trunc_laplace,43099,FH_PAC,0.0550951970801895,2.041254587909469,0.001,0.9439873245793236
trunc_laplace,43099,FH_normal,0.0550951970801895,1.7198951792801591,0.001,0.8931457062877115
trunc_laplace,43099,HetLDC,0.0,2.3936108302223547,0.001,0.9834000645560046
trunc_laplace,43099,HetLDC_cert,0.0,2.3960044410525767,0.001,0.9836201501388552
trunc_laplace,43099,LDC_PAC,0.0,2.4694820125572363,0.001,0.990115679699052
trunc_laplace,43099,LDC_cert_pk,0.0,2.4054795285220405,,0.9844859843319697
trunc_laplace,43100,CP_PAC,0.0,2.3339244847908858,0.001,0.9777305761702676
trunc_laplace,43100,FH_PAC,-0.0654429707818632,2.1552321660125298,0.001,0.9582215014604164
trunc_laplace,43100,FH_normal,-0.0654429707818632,1.7931889509032437,0.001,0.9061724050582842
trunc_laplace,43100,HetLDC,0.0,2.076134098573614,0.001,0.9487518062476136
trunc_laplace,43100,HetLDC_cert,0.0,2.078210232672187,0.001,0.949017682297422
trunc_laplace,43100,LDC_PAC,0.0,2.1423388615092507,0.001,0.9569529500870873
trunc_laplace,43100,LDC_cert_pk,0.0,2.079834581819369,,0.94922530030866
trunc_laplace,43101,CP_PAC,0.0,2.248917855299005,0.001,0.9690216209645874
trunc_laplace,43101,FH_PAC,-0.1764661968474674,1.883125125721799,0.001,0.9187875261103572
trunc_laplace,43101,FH_normal,-0.1764661968474674,1.571941966855292,0.001,0.8601678996500166
trunc_laplace,43101,HetLDC,0.0,1.96919183126697,0.001,0.9342477194443496
trunc_laplace,43101,HetLDC_cert,0.0,1.9711610230982368,0.001,0.9345296744872228
trunc_laplace,43101,LDC_PAC,0.0,2.035029526852252,0.001,0.9433675298947968
trunc_laplace,43101,LDC_cert_pk,0.0,1.9749686482544395,,0.9350732223800424
trunc_laplace,43102,CP_PAC,0.0,2.764219090878345,0.003,1.0
trunc_laplace,43102,FH_PAC,0.108056612105939,2.203689077644573,0.003,0.9633792759173928
trunc_laplace,43102,FH_normal,0.108056612105939,1.8165915666283896,0.003,0.9095141682440236
trunc_laplace,43102,HetLDC,0.0,2.560424310065605,0.003,0.9974954341673246
trunc_laplace,43102,HetLDC_cert,0.0,2.568105582995801,0.003,0.9980872816134349
trunc_laplace,43102,LDC_PAC,0.0,2.6467567043661586,0.003,1.0
trunc_laplace,43102,LDC_cert_pk,0.0,2.573388408635439,,0.9984915836607392
trunc_laplace,43103,CP_PAC,0.0,2.0280405140223605,0.001,0.9424288582141512
trunc_laplace,43103,FH_PAC,-0.1022378960120197,1.7554887805217845,0.001,0.8989580552463116
trunc_laplace,43103,FH_normal,-0.1022378960120197,1.4065100417744667,0.001,0.8231275691257737
trunc_laplace,43103,HetLDC,0.0,1.6495370724935468,0.001,0.8798690020636779
trunc_laplace,43103,HetLDC_cert,0.0,1.6511866095660404,0.001,0.8801987080318401
trunc_laplace,43103,LDC_PAC,0.0,1.730422960514608,0.001,0.8953864243291725
trunc_laplace,43103,LDC_cert_pk,0.0,1.6572014314704586,,0.8813961437793822
trunc_laplace,43104,CP_PAC,0.0,2.25183276718438,0.001,0.9693332156074952
trunc_laplace,43104,FH_PAC,0.1119695177802174,1.942325862132776,0.001,0.9293776682241752
trunc_laplace,43104,FH_normal,0.1119695177802174,1.6320809411141854,0.001,0.8750113569152268
trunc_laplace,43104,HetLDC,0.0,1.953415634509258,0.001,0.9319678067160276
trunc_laplace,43104,HetLDC_cert,0.0,1.9553690501437668,0.001,0.9322521457847506
trunc_laplace,43104,LDC_PAC,0.0,2.022363258036615,0.001,0.9416613113951284
trunc_laplace,43104,LDC_cert_pk,0.0,1.96265529843036,,0.933307635666648
trunc_laplace,43105,CP_PAC,0.0,2.55817028599489,0.001,0.9973208582366802
trunc_laplace,43105,FH_PAC,-0.1261361350022681,1.7456622730480067,0.001,0.8966624944121128
trunc_laplace,43105,FH_normal,-0.1261361350022681,1.4228314140216392,0.001,0.8265997781702588
trunc_laplace,43105,HetLDC,0.0,2.286515442345062,0.001,0.9729688900076175
trunc_laplace,43105,HetLDC_cert,0.0,2.288801957787407,0.001,0.97320398837426
trunc_laplace,43105,LDC_PAC,0.0,2.364101947171959,0.001,0.9806411794501222
trunc_laplace,43105,LDC_cert_pk,0.0,2.298659982979153,,0.9742111902533196
trunc_laplace,43106,CP_PAC,0.0,2.395823461424651,0.001,0.9836035287817018
trunc_laplace,43106,FH_PAC,-0.0492283532981421,1.8962596473694149,0.001,0.9231909391672668
trunc_laplace,43106,FH_normal,-0.0492283532981421,1.592761909123256,0.001,0.8678997747383757
trunc_laplace,43106,HetLDC,0.0,2.1448948920695106,0.001,0.9572583655994372
trunc_laplace,43106,HetLDC_cert,0.0,2.14703978696158,0.001,0.9575140276627704
trunc_laplace,43106,LDC_PAC,0.0,2.22853223741291,0.001,0.9668157815014644
trunc_laplace,43106,LDC_cert_pk,0.0,2.1566515147061893,,0.95865270491722
trunc_laplace,43107,CP_PAC,0.0,2.224569070563262,0.001,0.966381471941718
trunc_laplace,43107,FH_PAC,-0.0415026488716051,1.684188242787828,0.001,0.8865038348547356
trunc_laplace,43107,FH_normal,-0.0415026488716051,1.415741406794432,0.001,0.8266728102759288
trunc_laplace,43107,HetLDC,0.0,1.9596935445862145,0.001,0.932879561796063
trunc_laplace,43107,HetLDC_cert,0.0,1.9616532381308005,0.001,0.9331629519684892
trunc_laplace,43107,LDC_PAC,0.0,2.027689983081743,0.001,0.9423815990922468
trunc_laplace,43107,LDC_cert_pk,0.0,1.9702317503738704,,0.9343966904739855
trunc_laplace,43108,CP_PAC,0.0,2.481136544215341,0.001,0.991100980817296
trunc_laplace,43108,FH_PAC,-0.0006755416305834,1.9931393075177768,0.001,0.9376375701255368
trunc_laplace,43108,FH_normal,-0.0006755416305834,1.66665660791939,0.001,0.8832633202861568
trunc_laplace,43108,HetLDC,0.0,2.207961245654629,0.001,0.9645418264488844
trunc_laplace,43108,HetLDC_cert,0.0,2.210169206900284,0.001,0.9647882425006912
trunc_laplace,43108,LDC_PAC,0.0,2.292912151896799,0.001,0.9736251891976222
trunc_laplace,43108,LDC_cert_pk,0.0,2.2212307298884664,,0.9660142392359125
trunc_laplace,43109,CP_PAC,0.0,2.4353274537443133,0.001,0.9871582212066664
trunc_laplace,43109,FH_PAC,-0.1858992756743655,2.1780315593607256,0.001,0.9590608429104974
trunc_laplace,43109,FH_normal,-0.1858992756743655,1.831043239116039,0.001,0.9099561674334892
trunc_laplace,43109,HetLDC,0.0,2.178723974862765,0.001,0.9612247666249654
trunc_laplace,43109,HetLDC_cert,0.0,2.1809026988376274,0.001,0.9614754529137404
trunc_laplace,43109,LDC_PAC,0.0,2.2652778164625995,0.001,0.9707582485016176
trunc_laplace,43109,LDC_cert_pk,0.0,2.1914336340103286,,0.9626791541912558
trunc_laplace,43110,CP_PAC,0.0,2.5531870238558705,0.001,0.9969334408129296
trunc_laplace,43110,FH_PAC,-0.0362671399329932,1.7329161915996918,0.001,0.89571843353573
trunc_laplace,43110,FH_normal,-0.0362671399329932,1.4650132055547962,0.001,0.8389969784272044
trunc_laplace,43110,HetLDC,0.0,2.3341184120278284,0.001,0.9777495743636764
trunc_laplace,43110,HetLDC_cert,0.0,2.336452530439856,0.001,0.9779779363941068
trunc_laplace,43110,LDC_PAC,0.0,2.418241473137223,0.001,0.9856387292579952
trunc_laplace,43110,LDC_cert_pk,0.0,2.346602564145074,,0.9789645402688056
trunc_laplace,43111,CP_PAC,0.0,2.158235027031038,0.001,0.9588392067893192
trunc_laplace,43111,FH_PAC,0.1246622282435809,1.8614106838885869,0.001,0.9165958705348076
trunc_laplace,43111,FH_normal,0.1246622282435809,1.5421782875364585,0.001,0.8553271645768558
trunc_laplace,43111,HetLDC,0.0,1.8517872795791568,0.001,0.9163463768561242
trunc_laplace,43111,HetLDC_cert,0.0,1.853639066858736,0.001,0.9166460809290322
trunc_laplace,43111,LDC_PAC,0.0,1.9232211110352424,0.001,0.9274982002820288
trunc_laplace,43111,LDC_cert_pk,0.0,1.860844393005132,,0.9178067402260048
trunc_laplace,43112,CP_PAC,0.0,1.9352236162017948,0.001,0.929291770138926
trunc_laplace,43112,FH_PAC,-0.0554033405075855,1.5307865730084236,0.001,0.8542164905155536
trunc_laplace,43112,FH_normal,-0.0554033405075855,1.2396350578445428,0.001,0.777057432688364
trunc_laplace,43112,HetLDC,0.0,1.5738588930702018,0.001,0.8641160319333632
trunc_laplace,43112,HetLDC_cert,0.0,1.5754327519632718,0.001,0.8644564629632367
trunc_laplace,43112,LDC_PAC,0.0,1.6354280832164598,0.001,0.8770256297732772
trunc_laplace,43112,LDC_cert_pk,0.0,1.5797169028614484,,0.8653803132699089
trunc_laplace,43113,CP_PAC,0.0,2.7624194640797235,0.003,1.0
trunc_laplace,43113,FH_PAC,0.1605341390264389,2.2448724170679983,0.003,0.9671392288645048
trunc_laplace,43113,FH_normal,0.1605341390264389,1.87278949685788,0.003,0.9175766228709504
trunc_laplace,43113,HetLDC,0.0,2.5337855603574053,0.003,0.9954057697567024
trunc_laplace,43113,HetLDC_cert,0.0,2.5413869170384773,0.003,0.9960079865541478
trunc_laplace,43113,LDC_PAC,0.0,2.6164151908270825,0.003,1.0
trunc_laplace,43113,LDC_cert_pk,0.0,2.5486013160194925,,0.9965751472155192
trunc_laplace,43114,CP_PAC,0.0,2.308067877708332,0.001,0.975162792030781
trunc_laplace,43114,FH_PAC,-0.0947863473675603,1.9917278571259536,0.001,0.936783623505684
trunc_laplace,43114,FH_normal,-0.0947863473675603,1.6134304438959854,0.001,0.8715340130202478
trunc_laplace,43114,HetLDC,0.0,2.03712116802575,0.001,0.9436471236456944
trunc_laplace,43114,HetLDC_cert,0.0,2.039158289193776,0.001,0.9439188438864324
trunc_laplace,43114,LDC_PAC,0.0,2.1186047541974222,0.001,0.954077780265655
trunc_laplace,43114,LDC_cert_pk,0.0,2.0474754397149564,,0.9450222509965278
trunc_laplace,43115,CP_PAC,0.0,2.789291020837968,0.003,1.0
trunc_laplace,43115,FH_PAC,-0.0019375322467081,2.0115095368256166,0.003,0.9401809433276772
trunc_laplace,43115,FH_normal,-0.0019375322467081,1.666137869078632,0.003,0.883161017482883
trunc_laplace,43115,HetLDC,0.0,2.536412961432066,0.003,0.995614465553282
trunc_laplace,43115,HetLDC_cert,0.0,2.5440222003163617,0.003,0.996215654520261
trunc_laplace,43115,LDC_PAC,0.0,2.6266152892136216,0.003,1.0
trunc_laplace,43115,LDC_cert_pk,0.0,2.5531067704253823,,0.9969271851204092
trunc_laplace,43116,CP_PAC,0.0,2.4380093870893216,0.001,0.987394281820276
trunc_laplace,43116,FH_PAC,-0.1413801098772393,1.749808206922004,0.001,0.8970331713258228
trunc_laplace,43116,FH_normal,-0.1413801098772393,1.4445114887097328,0.001,0.8315506568791182
trunc_laplace,43116,HetLDC,0.0,2.1611795006552583,0.001,0.9591851811938156
trunc_laplace,43116,HetLDC_cert,0.0,2.163340680155913,0.001,0.9594384435582816
trunc_laplace,43116,LDC_PAC,0.0,2.237879712356578,0.001,0.96783305553035
trunc_laplace,43116,LDC_cert_pk,0.0,2.172285548025455,,0.9604806164313592
trunc_laplace,43117,CP_PAC,0.0,2.409840731916576,0.001,0.9848816447454204
trunc_laplace,43117,FH_PAC,0.0160770696568155,1.8283656315164525,0.001,0.9124829123434732
trunc_laplace,43117,FH_normal,0.0160770696568155,1.501723320470607,0.001,0.8478660930885495
trunc_laplace,43117,HetLDC,0.0,2.158773790062537,0.001,0.9589025906672975
trunc_laplace,43117,HetLDC_cert,0.0,2.1609325638526,0.001,0.9591562070258002
trunc_laplace,43117,LDC_PAC,0.0,2.241570735313425,0.001,0.9682320214371876
trunc_laplace,43117,LDC_cert_pk,0.0,2.1713950624132723,,0.9603773005931197
trunc_laplace,43118,CP_PAC,0.0,1.863386037547756,0.001,0.9182140805336788
trunc_laplace,43118,FH_PAC,0.1161674956622609,1.5744603756837785,0.001,0.8627217181188919
trunc_laplace,43118,FH_normal,0.1161674956622609,1.2427050579427588,0.001,0.7763341710828797
trunc_laplace,43118,HetLDC,0.0,1.511195614181191,0.001,0.8500974812437279
trunc_laplace,43118,HetLDC_cert,0.0,1.512706809795372,0.001,0.8504464480174061
trunc_laplace,43118,LDC_PAC,0.0,1.574719236663796,0.001,0.8643021964251012
trunc_laplace,43118,LDC_cert_pk,0.0,1.517576444053816,,0.8515672139789716
trunc_laplace,43119,CP_PAC,0.0,2.1651260809467274,0.001,0.959647239296504
trunc_laplace,43119,FH_PAC,0.0582079935698767,1.671715815408182,0.001,0.8839094169566767
trunc_laplace,43119,FH_normal,0.0582079935698767,1.3612363078962322,0.001,0.8121064054466487
trunc_laplace,43119,HetLDC,0.0,1.8772207600155928,0.001,0.92041248449847
trunc_laplace,43119,HetLDC_cert,0.0,1.879097980775608,0.001,0.9207083470633264
trunc_laplace,43119,LDC_PAC,0.0,1.944492281546477,0.001,0.9306615306277723
trunc_laplace,43119,LDC_cert_pk,0.0,1.887288958992687,,0.921992543006472
trunc_laplace,43120,CP_PAC,0.0,2.721940474774249,0.003,1.0
trunc_laplace,43120,FH_PAC,-0.0657699668350458,2.110312555397741,0.003,0.952777162666782
trunc_laplace,43120,FH_normal,-0.0657699668350458,1.793672024177487,0.003,0.9062519147349865
trunc_laplace,43120,HetLDC,0.0,2.516729914244908,0.003,0.9940370352673136
trunc_laplace,43120,HetLDC_cert,0.0,2.5242801039876426,0.003,0.994645951056808
trunc_laplace,43120,LDC_PAC,0.0,2.592438122455885,0.003,0.9999311229143176
trunc_laplace,43120,LDC_cert_pk,0.0,2.5280614832809896,,0.9949491182654944
trunc_laplace,43121,CP_PAC,0.0,2.56274778754786,0.001,0.9976749602310032
trunc_laplace,43121,FH_PAC,0.0622058963136552,2.122591357440546,0.001,0.9543191385580264
trunc_laplace,43121,FH_normal,0.0622058963136552,1.7212869494519922,0.001,0.8933238707970057
trunc_laplace,43121,HetLDC,0.0,2.3050064771794734,0.001,0.9748541579080894
trunc_laplace,43121,HetLDC_cert,0.0,2.3073114836566524,0.001,0.9750866280480208
trunc_laplace,43121,LDC_PAC,0.0,2.383800873839399,0.001,0.9824923047270322
trunc_laplace,43121,LDC_cert_pk,0.0,2.3172836991319348,,0.976085955465309
trunc_laplace,43122,CP_PAC,0.0,2.3382249199345995,0.001,0.9781509698289796
trunc_laplace,43122,FH_PAC,-0.0307534432101048,1.7304798285328318,0.001,0.8953061875319759
trunc_laplace,43122,FH_normal,-0.0307534432101048,1.408194786395616,0.001,0.8248410210002991
trunc_laplace,43122,HetLDC,0.0,2.110571765853129,0.001,0.9530884233125024
trunc_laplace,43122,HetLDC_cert,0.0,2.112682337618982,0.001,0.9533491684471926
trunc_laplace,43122,LDC_PAC,0.0,2.188627066713168,0.001,0.9623596506453578
trunc_laplace,43122,LDC_cert_pk,0.0,2.1201621331169727,,0.9542686322900722
trunc_laplace,43123,CP_PAC,0.0,2.3861406288717704,0.001,0.9827096571326526
trunc_laplace,43123,FH_PAC,-0.1471184630376792,2.032490858919912,0.001,0.9415098738527482
trunc_laplace,43123,FH_normal,-0.1471184630376792,1.7221008757609624,0.001,0.891751999897377
trunc_laplace,43123,HetLDC,0.0,2.122069408555443,0.001,0.9545019411285808
trunc_laplace,43123,HetLDC_cert,0.0,2.1241914779639983,0.001,0.9547609798872164
trunc_laplace,43123,LDC_PAC,0.0,2.205122832449764,0.001,0.9642242149560528
trunc_laplace,43123,LDC_cert_pk,0.0,2.134679755507025,,0.9560328865174345
trunc_laplace,43124,CP_PAC,0.0,2.372877827675257,0.001,0.9814705561731124
trunc_laplace,43124,FH_PAC,-0.1471106268163345,1.917317738191609,0.001,0.9248967662547032
trunc_laplace,43124,FH_normal,-0.1471106268163345,1.605842503877193,0.001,0.8685578518240094
trunc_laplace,43124,HetLDC,0.0,2.1358704893181075,0.001,0.9561764084813164
trunc_laplace,43124,HetLDC_cert,0.0,2.138006359807425,0.001,0.9564334037926993
trunc_laplace,43124,LDC_PAC,0.0,2.20718880984334,0.001,0.9644554858791964
trunc_laplace,43124,LDC_cert_pk,0.0,2.148912398051385,,0.9577367675002412
trunc_laplace,43125,CP_PAC,0.0,2.1782696726522026,0.001,0.9611724223128536
trunc_laplace,43125,FH_PAC,-0.1085046015702505,1.4164320840108595,0.001,0.8255103703325016
trunc_laplace,43125,FH_normal,-0.1085046015702505,1.098593585463035,0.001,0.7287515800805866
trunc_laplace,43125,HetLDC,0.0,1.8149561288766407,0.001,0.910263556753254
trunc_laplace,43125,HetLDC_cert,0.0,1.8167710850055168,0.001,0.9105688099172258
trunc_laplace,43125,LDC_PAC,0.0,1.8928744037618648,0.001,0.9228619683279496
trunc_laplace,43125,LDC_cert_pk,0.0,1.8216441377598231,,0.911385544144938
trunc_laplace,43126,CP_PAC,0.0,2.7421735319806664,0.003,1.0
trunc_laplace,43126,FH_PAC,-0.3220797917808955,2.056176951877469,0.003,0.9390179221700746
trunc_laplace,43126,FH_normal,-0.3220797917808955,1.7303626195270505,0.003,0.8853336274458099
trunc_laplace,43126,HetLDC,0.0,2.5074859695413143,0.003,0.9932849604294558
trunc_laplace,43126,HetLDC_cert,0.0,2.515008427449938,0.003,0.9938975263426024
trunc_laplace,43126,LDC_PAC,0.0,2.5972393324952003,0.003,1.0
trunc_laplace,43126,LDC_cert_pk,0.0,2.518606145426577,,0.9941887996257236
trunc_laplace,43127,CP_PAC,0.0,2.6820773026698035,0.003,1.0
trunc_laplace,43127,FH_PAC,-0.1080072569295939,1.941406950620584,0.003,0.9293084430189388
trunc_laplace,43127,FH_normal,-0.1080072569295939,1.6071650070060792,0.003,0.8699289489916384
trunc_laplace,43127,HetLDC,0.0,2.443857073342073,0.003,0.9879067043652134
trunc_laplace,43127,HetLDC_cert,0.0,2.451188644562099,0.003,0.9885447570942244
trunc_laplace,43127,LDC_PAC,0.0,2.5256544395747267,0.003,0.9947562749845464
trunc_laplace,43127,LDC_cert_pk,0.0,2.455010620346053,,0.9888754466272148
trunc_laplace,43128,CP_PAC,0.0,2.3983163954536986,0.001,0.9838322066060212
trunc_laplace,43128,FH_PAC,0.0293752208043145,1.82503102814525,0.001,0.9118757797313166
trunc_laplace,43128,FH_normal,0.0293752208043145,1.433298916127923,0.001,0.8312309504411121
trunc_laplace,43128,HetLDC,0.0,2.115157519520915,0.001,0.9536542279740186
trunc_laplace,43128,HetLDC_cert,0.0,2.1172726770404355,0.001,0.9539142921097984
trunc_laplace,43128,LDC_PAC,0.0,2.2014450123203533,0.001,0.9638112748367562
trunc_laplace,43128,LDC_cert_pk,0.0,2.1277977786247746,,0.9551998841675682
trunc_laplace,43129,CP_PAC,0.0,2.7245607211527822,0.003,1.0
trunc_laplace,43129,FH_PAC,0.0956148535547906,1.8952154591265309,0.003,0.9224860597103794
trunc_laplace,43129,FH_normal,0.0956148535547906,1.6172565471927385,0.003,0.872314046708532
trunc_laplace,43129,HetLDC,0.0,2.501023529308553,0.003,0.9927548616314424
trunc_laplace,43129,HetLDC_cert,0.0,2.5085265998964785,0.003,0.9933699873714628
trunc_laplace,43129,LDC_PAC,0.0,2.5805574250577314,0.003,0.9990366877239076
trunc_laplace,43129,LDC_cert_pk,0.0,2.5128521445087117,,0.9937224278642388
trunc_laplace,43130,CP_PAC,0.0,2.228874351169776,0.001,0.966853188437611
trunc_laplace,43130,FH_PAC,-0.0809796214873041,1.714571224649569,0.001,0.8918079454281753
trunc_laplace,43130,FH_normal,-0.0809796214873041,1.3644551545264725,0.001,0.812530788048287
trunc_laplace,43130,HetLDC,0.0,1.8708701131491403,0.001,0.9194072741976824
trunc_laplace,43130,HetLDC_cert,0.0,1.8727409832622888,0.001,0.9197040964978032
trunc_laplace,43130,LDC_PAC,0.0,1.9537230981388245,0.001,0.9320125995307578
trunc_laplace,43130,LDC_cert_pk,0.0,1.8767907093424816,,0.9203446240350222
trunc_laplace,43131,CP_PAC,0.0,2.3048801200749107,0.001,0.9748413980665712
trunc_laplace,43131,FH_PAC,-0.1044390571954403,1.8045192390405709,0.001,0.9075278535095932
trunc_laplace,43131,FH_normal,-0.1044390571954403,1.539863443529654,0.001,0.8553474579811373
trunc_laplace,43131,HetLDC,0.0,2.0549792036570653,0.001,0.9460095683406192
trunc_laplace,43131,HetLDC_cert,0.0,2.057034182860722,0.001,0.9462786096697112
trunc_laplace,43131,LDC_PAC,0.0,2.130026921858289,0.001,0.955470357219674
trunc_laplace,43131,LDC_cert_pk,0.0,2.06641159704922,,0.947499022974406
trunc_laplace,43132,CP_PAC,0.0,2.142700081237721,0.001,0.956996161005732
trunc_laplace,43132,FH_PAC,-0.0969873471050873,1.8181125858774383,0.001,0.909970208506092
trunc_laplace,43132,FH_normal,-0.0969873471050873,1.4668147150809878,0.001,0.8384113591012669
trunc_laplace,43132,HetLDC,0.0,1.846081393425332,0.001,0.915419254613186
trunc_laplace,43132,HetLDC_cert,0.0,1.8479274748187569,0.001,0.9157198196061924
trunc_laplace,43132,LDC_PAC,0.0,1.924351568391769,0.001,0.9276680873161364
trunc_laplace,43132,LDC_cert_pk,0.0,1.8565229155402656,,0.917111668646546
trunc_laplace,43133,CP_PAC,0.0,2.251241907742606,0.001,0.9692701311773684
trunc_laplace,43133,FH_PAC,-0.0873118056085094,1.9071768621546863,0.001,0.9244569755120836
trunc_laplace,43133,FH_normal,-0.0873118056085094,1.599579690425872,0.001,0.868771595791274
trunc_laplace,43133,HetLDC,0.0,1.9406883834615671,0.001,0.9301009770150812
trunc_laplace,43133,HetLDC_cert,0.0,1.9426290718450283,0.001,0.9303872404556626
trunc_laplace,43133,LDC_PAC,0.0,2.021832609205529,0.001,0.9415893368311548
trunc_laplace,43133,LDC_cert_pk,0.0,1.9522386290943727,,0.9317962019618302
trunc_laplace,43134,CP_PAC,0.0,2.585129626975564,0.003,0.99938221737064
trunc_laplace,43134,FH_PAC,0.0786623027051674,2.0963529472920364,0.003,0.9509114473135956
trunc_laplace,43134,FH_normal,0.0786623027051674,1.7043809147174285,0.003,0.8899225709408412
trunc_laplace,43134,HetLDC,0.0,2.34802136269177,0.003,0.97910162017362
trunc_laplace,43134,HetLDC_cert,0.0,2.355065426779845,0.003,0.9797792000474664
trunc_laplace,43134,LDC_PAC,0.0,2.434360901062667,0.003,0.9870729843701344
trunc_laplace,43134,LDC_cert_pk,0.0,2.363558023625107,,0.9805895249240072
trunc_laplace,43135,CP_PAC,0.0,2.707971344984451,0.003,1.0
trunc_laplace,43135,FH_PAC,0.0319802197919839,1.9761097705235435,0.003,0.9351597934318246
trunc_laplace,43135,FH_normal,0.0319802197919839,1.6578438718678623,0.003,0.8814178057812743
trunc_laplace,43135,HetLDC,0.0,2.515293597731965,0.003,0.9939206537964383
trunc_laplace,43135,HetLDC_cert,0.0,2.5228394785251607,0.003,0.9945301358497184
trunc_laplace,43135,LDC_PAC,0.0,2.592899143277235,0.003,0.9999656078459376
trunc_laplace,43135,LDC_cert_pk,0.0,2.528997638649225,,0.9950239888377336
trunc_laplace,43136,CP_PAC,0.0,2.213844154650461,0.001,0.965197123036178
trunc_laplace,43136,FH_PAC,0.0254706327651642,1.7691588210508915,0.001,0.9023068618520096
trunc_laplace,43136,FH_normal,0.0254706327651642,1.453671249718602,0.001,0.8363134710064759
trunc_laplace,43136,HetLDC,0.0,1.8656759763591344,0.001,0.9185801572421036
trunc_laplace,43136,HetLDC_cert,0.0,1.8675416523354933,0.001,0.91887776426673
trunc_laplace,43136,LDC_PAC,0.0,1.940548357223556,0.001,0.9300802998640694
trunc_laplace,43136,LDC_cert_pk,0.0,1.8741710387730064,,0.9199305912335528
trunc_laplace,43137,CP_PAC,0.0,3.0733234041547126,0.003,1.0
trunc_laplace,43137,FH_PAC,0.0301905764759297,2.3104788738944904,0.003,0.9753574331027208
trunc_laplace,43137,FH_normal,0.0301905764759297,1.891917263173764,0.003,0.922639482386154
trunc_laplace,43137,HetLDC,0.0,2.8699863546367226,0.003,1.0
trunc_laplace,43137,HetLDC_cert,0.0,2.8785963137006325,0.003,1.0
trunc_laplace,43137,LDC_PAC,0.0,2.9577461639661937,0.003,1.0
trunc_laplace,43137,LDC_cert_pk,0.0,2.8862118520070807,,1.0
trunc_laplace,43138,CP_PAC,0.0,2.316093954009004,0.001,0.9759672750752384
trunc_laplace,43138,FH_PAC,-0.3948796667322051,1.704148455099953,0.001,0.874902659471665
trunc_laplace,43138,FH_normal,-0.3948796667322051,1.4052452906712083,0.001,0.8029198170510767
trunc_laplace,43138,HetLDC,0.0,2.0119392452544287,0.001,0.9402401293941094
trunc_laplace,43138,HetLDC_cert,0.0,2.013951184499683,0.001,0.9405156365350376
trunc_laplace,43138,LDC_PAC,0.0,2.095816693467287,0.001,0.9512494237791028
trunc_laplace,43138,LDC_cert_pk,0.0,2.023893664723615,,0.9418686651512328
trunc_laplace,43139,CP_PAC,0.0,2.439080024628306,0.001,0.9874883338040364
trunc_laplace,43139,FH_PAC,-0.1054052294712999,2.085172731258456,0.001,0.9491685225668336
trunc_laplace,43139,FH_normal,-0.1054052294712999,1.7672228466281368,0.001,0.9009981279042096
trunc_laplace,43139,HetLDC,0.0,2.1537676420288974,0.001,0.958312257702465
trunc_laplace,43139,HetLDC_cert,0.0,2.155921409670926,0.001,0.9585666112761182
trunc_laplace,43139,LDC_PAC,0.0,2.238862464121387,0.001,0.9679394321124616
trunc_laplace,43139,LDC_cert_pk,0.0,2.1672567393946918,,0.9598959032313727
trunc_laplace,43140,CP_PAC,0.0,2.3876432871857074,0.003,0.9828489676639288
trunc_laplace,43140,FH_PAC,-0.1848291666627799,1.9848547339112297,0.003,0.9339544341433516
trunc_laplace,43140,FH_normal,-0.1848291666627799,1.6635990977633537,0.003,0.8791384488785713
trunc_laplace,43140,HetLDC,0.0,2.1222480744970458,0.003,0.954523772801768
trunc_laplace,43140,HetLDC_cert,0.0,2.1286148187205365,0.003,0.9552990927276848
trunc_laplace,43140,LDC_PAC,0.0,2.2065114958492886,0.003,0.9643797204797846
trunc_laplace,43140,LDC_cert_pk,0.0,2.134208761786057,,0.9559760673128356
trunc_laplace,43141,CP_PAC,0.0,2.3750909985249216,0.001,0.981678518992232
trunc_laplace,43141,FH_PAC,0.0725129051615216,1.7433190376129004,0.001,0.8972439777258846
trunc_laplace,43141,FH_normal,0.0725129051615216,1.454889520218606,0.001,0.8360228745079897
trunc_laplace,43141,HetLDC,0.0,2.113750664191681,0.001,0.9534809334422296
trunc_laplace,43141,HetLDC_cert,0.0,2.1158644148558725,0.001,0.953741206441465
trunc_laplace,43141,LDC_PAC,0.0,2.1949114509942262,0.001,0.9630737783294478
trunc_laplace,43141,LDC_cert_pk,0.0,2.120908835209102,,0.954360028449658
trunc_laplace,43142,CP_PAC,0.0,2.2607456679293665,0.001,0.9702801198797206
trunc_laplace,43142,FH_PAC,-0.0365210998705843,1.6455387861428965,0.001,0.8789277211746414
trunc_laplace,43142,FH_normal,-0.0365210998705843,1.3714939083065134,0.001,0.8151552077947946
trunc_laplace,43142,HetLDC,0.0,1.9706365680566365,0.001,0.9344546379457226
trunc_laplace,43142,HetLDC_cert,0.0,1.9726072046246927,0.001,0.93473637476004
trunc_laplace,43142,LDC_PAC,0.0,2.045732429087719,0.001,0.94479180406009
trunc_laplace,43142,LDC_cert_pk,0.0,1.982236402047512,,0.9361047386209806
trunc_laplace,43143,CP_PAC,0.0,2.466467554421403,0.001,0.9898588747632704
trunc_laplace,43143,FH_PAC,0.0494585540249932,2.0072221567344988,0.001,0.9394161404229092
trunc_laplace,43143,FH_normal,0.0494585540249932,1.721441300787013,0.001,0.8934904358060188
trunc_laplace,43143,HetLDC,0.0,2.178927460450513,0.001,0.9612482040185252
trunc_laplace,43143,HetLDC_cert,0.0,2.181106387910963,0.001,0.9614988604876468
trunc_laplace,43143,LDC_PAC,0.0,2.264001824790012,0.001,0.9706238635709156
trunc_laplace,43143,LDC_cert_pk,0.0,2.1864975336138466,,0.9621165967679368
trunc_laplace,43144,CP_PAC,0.0,2.4835028355121778,0.001,0.9912995739121432
trunc_laplace,43144,FH_PAC,-0.0706147174886015,2.058133749360136,0.001,0.9460824628367912
trunc_laplace,43144,FH_normal,-0.0706147174886015,1.671702422210912,0.001,0.883743732566487
trunc_laplace,43144,HetLDC,0.0,2.2232050925348026,0.001,0.966231582615686
trunc_laplace,43144,HetLDC_cert,0.0,2.225428297627337,0.001,0.9664757841063988
trunc_laplace,43144,LDC_PAC,0.0,2.3100892948740843,0.001,0.9753660410220992
trunc_laplace,43144,LDC_cert_pk,0.0,2.234441837329622,,0.9674600684838954
trunc_laplace,43145,CP_PAC,0.0,3.00871191830423,0.003,1.0
trunc_laplace,43145,FH_PAC,-0.0101266930739261,2.122705216802631,0.003,0.9545730822533016
trunc_laplace,43145,FH_normal,-0.0101266930739261,1.7594240081436243,0.003,0.900629303321173
trunc_laplace,43145,HetLDC,0.0,2.801040131518004,0.003,1.0
trunc_laplace,43145,HetLDC_cert,0.0,2.809443251912558,0.003,1.0
trunc_laplace,43145,LDC_PAC,0.0,2.895564496340823,0.003,1.0
trunc_laplace,43145,LDC_cert_pk,0.0,2.817959455698912,,1.0
trunc_laplace,43146,CP_PAC,0.0,2.7647049962798693,0.003,1.0
trunc_laplace,43146,FH_PAC,-0.0185090831418602,1.8165013463233184,0.003,0.9104934492298272
trunc_laplace,43146,FH_normal,-0.0185090831418602,1.5243881922300604,0.003,0.8530847175191103
trunc_laplace,43146,HetLDC,0.0,2.5472412679052208,0.003,0.996468553096172
trunc_laplace,43146,HetLDC_cert,0.0,2.5548829917089364,0.003,0.9970655178006538
trunc_laplace,43146,LDC_PAC,0.0,2.6331680270468176,0.003,1.0
trunc_laplace,43146,LDC_cert_pk,0.0,2.5626181969993724,,0.9976649587259678
trunc_laplace,43147,CP_PAC,0.0,2.3354554137089822,0.001,0.9778804499784496
trunc_laplace,43147,FH_PAC,0.046641316014654,2.1611999569928497,0.001,0.9590544554190036
trunc_laplace,43147,FH_normal,0.046641316014654,1.8406722594787883,0.001,0.914349264402496
trunc_laplace,43147,HetLDC,0.0,2.0635554455138605,0.001,0.9471285756388594
trunc_laplace,43147,HetLDC_cert,0.0,2.0656190009593742,0.001,0.9473963326272988
trunc_laplace,43147,LDC_PAC,0.0,2.1437441205640395,0.001,0.9571209627426812
trunc_laplace,43147,LDC_cert_pk,0.0,2.076652164881314,,0.948818205315162
trunc_laplace,43148,CP_PAC,0.0,2.7087761031096407,0.003,1.0
trunc_laplace,43148,FH_PAC,-0.2206478157509205,2.0254812406212235,0.003,0.938636511125444
trunc_laplace,43148,FH_normal,-0.2206478157509205,1.7276653408098848,0.003,0.8901760783359061
trunc_laplace,43148,HetLDC,0.0,2.514569591056366,0.003,0.9938619230485566
trunc_laplace,43148,HetLDC_cert,0.0,2.5221132998295346,0.003,0.994471690663686
trunc_laplace,43148,LDC_PAC,0.0,2.593669704109504,0.003,1.0
trunc_laplace,43148,LDC_cert_pk,0.0,2.526718290593024,,0.9948415664318772
trunc_laplace,43149,CP_PAC,0.0,2.528279613064881,0.001,0.9949665700886108
trunc_laplace,43149,FH_PAC,-0.1930607990345262,1.779790383780862,0.001,0.9008274442153654
trunc_laplace,43149,FH_normal,-0.1930607990345262,1.4590198754982957,0.001,0.83294576605824
trunc_laplace,43149,HetLDC,0.0,2.2800830708777187,0.001,0.9723045015373006
trunc_laplace,43149,HetLDC_cert,0.0,2.282363153948596,0.001,0.9725405175132442
trunc_laplace,43149,LDC_PAC,0.0,2.366522205027079,0.001,0.980870667933888
trunc_laplace,43149,LDC_cert_pk,0.0,2.292222015723926,,0.9735545921205472
bimodal_blc,45000,CP_PAC,0.0,2.5333941939931535,0.001,0.9967602335341162
bimodal_blc,45000,FH_PAC,0.07372576472523913,2.166266481327682,0.001,0.9825831859603871
bimodal_blc,45000,FH_normal,0.07372576472523913,1.8430295705685376,0.001,0.948377202824303
bimodal_blc,45000,HetLDC,0.0,2.2985415738320945,0.001,0.9909062115171471
bimodal_blc,45000,HetLDC_cert,0.0,2.300840115405926,0.001,0.9909924065863877
bimodal_blc,45000,LDC_PAC,0.0,2.3713095589548723,0.001,0.9933102590334998
bimodal_blc,45000,LDC_cert_pk,0.0,2.307756935997092,0.001,0.9912474880734321
bimodal_blc,45001,CP_PAC,0.0,2.229167034106516,0.001,0.9879421784047555
bimodal_blc,45001,FH_PAC,0.023338010791362787,1.9850605329066149,0.001,0.9692686600799134
bimodal_blc,45001,FH_normal,0.023338010791362787,1.6503922130465454,0.001,0.9132925162793162
bimodal_blc,45001,HetLDC,0.0,1.9318804794357565,0.001,0.9639981080125071
bimodal_blc,45001,HetLDC_cert,0.0,1.933812359915192,0.001,0.9642318777795249
bimodal_blc,45001,LDC_PAC,0.0,2.0020072411684304,0.001,0.9717195747702724
bimodal_blc,45001,LDC_cert_pk,0.0,1.9399383376323232,0.001,0.9649649462739291
bimodal_blc,45002,CP_PAC,0.0,2.3760680305077684,0.001,0.9934458329150087
bimodal_blc,45002,FH_PAC,-0.14800257363624522,2.113016577961527,0.001,0.981863856757255
bimodal_blc,45002,FH_normal,-0.14800257363624522,1.7522577324538442,0.001,0.9361628013319407
bimodal_blc,45002,HetLDC,0.0,2.1290171941911566,0.001,0.982204835209528
bimodal_blc,45002,HetLDC_cert,0.0,2.1311462113853477,0.001,0.9823475703626724
bimodal_blc,45002,LDC_PAC,0.0,2.2101562529670122,0.001,0.9869963364245586
bimodal_blc,45002,LDC_cert_pk,0.0,2.1408154651421087,0.001,0.982983598144243
bimodal_blc,45003,CP_PAC,0.0,2.3291873448516487,0.001,0.9919980704179606
bimodal_blc,45003,FH_PAC,0.009017511907282033,1.9446833864712176,0.001,0.965248372641092
bimodal_blc,45003,FH_normal,0.009017511907282033,1.6270532540826212,0.001,0.9081354762008288
bimodal_blc,45003,HetLDC,0.0,2.01430993263488,0.001,0.9729206752178481
bimodal_blc,45003,HetLDC_cert,0.0,2.016324242567514,0.001,0.9731132170379841
bimodal_blc,45003,LDC_PAC,0.0,2.091835138007005,0.001,0.979548908130775
bimodal_blc,45003,LDC_cert_pk,0.0,2.0246528564392556,0.001,0.973897236120581
bimodal_blc,45004,CP_PAC,0.0,2.3826758619821558,0.001,0.9936300692352629
bimodal_blc,45004,FH_PAC,-0.04721291110819045,2.0515982292432895,0.001,0.977177503378602
bimodal_blc,45004,FH_normal,-0.04721291110819045,1.7139336423997569,0.001,0.9295667182977816
bimodal_blc,45004,HetLDC,0.0,2.0930598845481265,0.001,0.979641462078641
bimodal_blc,45004,HetLDC_cert,0.0,2.0951529444326744,0.001,0.9797988129756178
bimodal_blc,45004,LDC_PAC,0.0,2.1718039876588686,0.001,0.9848917148173326
bimodal_blc,45004,LDC_cert_pk,0.0,2.1054935084522874,0.001,0.9805611476281297
bimodal_blc,45005,CP_PAC,0.0,2.337850459375848,0.001,0.9922850603909099
bimodal_blc,45005,FH_PAC,-0.06338358166043571,2.027118538926273,0.001,0.9752019185059634
bimodal_blc,45005,FH_normal,-0.06338358166043571,1.6843506793064669,0.001,0.9232340763282043
bimodal_blc,45005,HetLDC,0.0,2.0661360018343062,0.001,0.9775230795634535
bimodal_blc,45005,HetLDC_cert,0.0,2.06820213783614,0.001,0.977691976589867
bimodal_blc,45005,LDC_PAC,0.0,2.1459425633331404,0.001,0.9833128349517283
bimodal_blc,45005,LDC_cert_pk,0.0,2.080494998176248,0.001,0.9786748840270303
bimodal_blc,45006,CP_PAC,0.0,2.310106095174012,0.001,0.9913326702408349
bimodal_blc,45006,FH_PAC,0.12654375562435394,1.8855601370735084,0.001,0.951185573057184
bimodal_blc,45006,FH_normal,0.12654375562435394,1.5680813008724972,0.001,0.8845978640218549
bimodal_blc,45006,HetLDC,0.0,2.070781693189544,0.001,0.9779013399707475
bimodal_blc,45006,HetLDC_cert,0.0,2.0728524748827337,0.001,0.9780682082255581
bimodal_blc,45006,LDC_PAC,0.0,2.1488001882567973,0.001,0.9834939623061303
bimodal_blc,45006,LDC_cert_pk,0.0,2.0796502029175747,0.001,0.9786085277668422
bimodal_blc,45007,CP_PAC,0.0,2.569189543676431,0.003,0.9972608640119333
bimodal_blc,45007,FH_PAC,-0.04259821759829812,2.0310003642142873,0.003,0.9753228402696646
bimodal_blc,45007,FH_normal,-0.04259821759829812,1.6595827932879528,0.003,0.9173584477561013
bimodal_blc,45007,HetLDC,0.0,2.285847774376037,0.003,0.9904170794479547
bimodal_blc,45007,HetLDC_cert,0.0,2.2927053176991645,0.003,0.9906841026548223
bimodal_blc,45007,LDC_PAC,0.0,2.3582916404831273,0.003,0.9929266299350619
bimodal_blc,45007,LDC_cert_pk,0.0,2.2898139280964425,0.003,0.9905723195092251
bimodal_blc,45008,CP_PAC,0.0,2.5846534089550532,0.003,0.9974546808048645
bimodal_blc,45008,FH_PAC,-0.05374185465794556,1.945037495660024,0.003,0.9666561033416607
bimodal_blc,45008,FH_normal,-0.05374185465794556,1.6298573801316956,0.003,0.9101598416911271
bimodal_blc,45008,HetLDC,0.0,2.35152942306101,0.003,0.9927197988579725
bimodal_blc,45008,HetLDC_cert,0.0,2.3585840113301924,0.003,0.9929354544473249
bimodal_blc,45008,LDC_PAC,0.0,2.433912456807719,0.003,0.9949099031678308
bimodal_blc,45008,LDC_cert_pk,0.0,2.3644069130578598,0.003,0.9931091943950912
bimodal_blc,45009,CP_PAC,0.0,2.6258982387888876,0.001,0.9979125411075678
bimodal_blc,45009,FH_PAC,-0.15058912772654964,2.099543020213068,0.001,0.9808604874428904
bimodal_blc,45009,FH_normal,-0.15058912772654964,1.7538375375378916,0.001,0.9363833432566874
bimodal_blc,45009,HetLDC,0.0,2.3796131084249588,0.001,0.9935452521860131
bimodal_blc,45009,HetLDC_cert,0.0,2.381992721533383,0.001,0.9936112368445701
bimodal_blc,45009,LDC_PAC,0.0,2.457895265271805,0.001,0.9954261619012547
bimodal_blc,45009,LDC_cert_pk,0.0,2.390453616356075,0.001,0.9938410455435378
bimodal_blc,45010,CP_PAC,0.0,2.653236409105957,0.003,0.9981734381042685
bimodal_blc,45010,FH_PAC,0.016369461720972343,2.186977543186763,0.003,0.985426290350797
bimodal_blc,45010,FH_normal,0.016369461720972343,1.8403983260050605,0.003,0.9508309001235481
bimodal_blc,45010,HetLDC,0.0,2.4247918688743506,0.003,0.9947003577431882
bimodal_blc,45010,HetLDC_cert,0.0,2.432066244480973,0.003,0.9948680912832748
bimodal_blc,45010,LDC_PAC,0.0,2.513002871543617,0.003,0.9964396142448738
bimodal_blc,45010,LDC_cert_pk,0.0,2.4383413319243625,0.003,0.9950089727528657
bimodal_blc,45011,CP_PAC,0.0,2.4861598725182534,0.001,0.9959742643443401
bimodal_blc,45011,FH_PAC,-0.10925114129726625,1.998402110699442,0.001,0.9725421256448908
bimodal_blc,45011,FH_normal,-0.10925114129726625,1.6992858757286278,0.001,0.9261566343496831
bimodal_blc,45011,HetLDC,0.0,2.2264647655553125,0.001,0.9878114764585747
bimodal_blc,45011,HetLDC_cert,0.0,2.2286912303208672,0.001,0.987919253436275
bimodal_blc,45011,LDC_PAC,0.0,2.312560801109572,0.001,0.9914209026373242
bimodal_blc,45011,LDC_cert_pk,0.0,2.238538944999394,0.001,0.98838611013623
bimodal_blc,45012,CP_PAC,0.0,2.5618998258506345,0.001,0.997164963155894
bimodal_blc,45012,FH_PAC,0.01290061956068086,1.8975728843807538,0.001,0.9592071127046473
bimodal_blc,45012,FH_normal,0.01290061956068086,1.5438937752545963,0.001,0.8851948277696133
bimodal_blc,45012,HetLDC,0.0,2.2897529415551237,0.001,0.9905699491586638
bimodal_blc,45012,HetLDC_cert,0.0,2.2920426944966783,0.001,0.9906585880318547
bimodal_blc,45012,LDC_PAC,0.0,2.3675485560561644,0.001,0.9932013580154159
bimodal_blc,45012,LDC_cert_pk,0.0,2.298063248687375,0.001,0.9908881839351436
bimodal_blc,45013,CP_PAC,0.0,2.557949379446736,0.003,0.9971117379353417
bimodal_blc,45013,FH_PAC,-0.1231094450592545,1.8467029570714266,0.003,0.9533565816144501
bimodal_blc,45013,FH_normal,-0.1231094450592545,1.5182434856114861,0.003,0.8768186815498165
bimodal_blc,45013,HetLDC,0.0,2.3282410125782556,0.003,0.9919661593451503
bimodal_blc,45013,HetLDC_cert,0.0,2.33522573561599,0.003,0.9921990801182129
bimodal_blc,45013,LDC_PAC,0.0,2.4087658472692546,0.003,0.9943135346801432
bimodal_blc,45013,LDC_cert_pk,0.0,2.3397247491023414,0.003,0.9923459469688659
bimodal_blc,45014,CP_PAC,0.0,2.5531877542307964,0.003,0.9970463881955155
bimodal_blc,45014,FH_PAC,-0.00011054120513466847,2.149045498411697,0.003,0.9835116787641274
bimodal_blc,45014,FH_normal,-0.00011054120513466847,1.7917817292068086,0.003,0.9434217910850736
bimodal_blc,45014,HetLDC,0.0,2.312182599820179,0.003,0.9914073600176532
bimodal_blc,45014,HetLDC_cert,0.0,2.3191191476196393,0.003,0.9916527863663408
bimodal_blc,45014,LDC_PAC,0.0,2.3898367422525055,0.003,0.9938245411740068
bimodal_blc,45014,LDC_cert_pk,0.0,2.3246537861951593,0.003,0.991844178101134
bimodal_blc,45015,CP_PAC,0.0,2.4116502611290733,0.001,0.9943849515327104
bimodal_blc,45015,FH_PAC,-0.01565180231450441,1.9737150408213104,0.001,0.9691887200339858
bimodal_blc,45015,FH_normal,-0.01565180231450441,1.6451179186549287,0.001,0.9133842777496982
bimodal_blc,45015,HetLDC,0.0,2.1368064667858584,0.001,0.9827223087462735
bimodal_blc,45015,HetLDC_cert,0.0,2.138943273252644,0.001,0.9828619998202012
bimodal_blc,45015,LDC_PAC,0.0,2.2136843365986874,0.001,0.9871765640226109
bimodal_blc,45015,LDC_cert_pk,0.0,2.146217219218951,0.001,0.9833303172167266
bimodal_blc,45016,CP_PAC,0.0,2.0376294444267544,0.001,0.9750806513452375
bimodal_blc,45016,FH_PAC,0.11283800509785917,1.8455819286312423,0.001,0.9461167797778847
bimodal_blc,45016,FH_normal,0.11283800509785917,1.4641413420637586,0.001,0.8539989647549294
bimodal_blc,45016,HetLDC,0.0,1.639450471371978,0.001,0.911541925335541
bimodal_blc,45016,HetLDC_cert,0.0,1.6410899218433497,0.001,0.9119448171013669
bimodal_blc,45016,LDC_PAC,0.0,1.7219696931689275,0.001,0.9301611047060634
bimodal_blc,45016,LDC_cert_pk,0.0,1.647171846117619,0.001,0.9134274531842491
bimodal_blc,45017,CP_PAC,0.0,2.379353085074315,0.001,0.9935380055755103
bimodal_blc,45017,FH_PAC,-0.048089826047856686,2.034927061044397,0.001,0.9757457175933737
bimodal_blc,45017,FH_normal,-0.048089826047856686,1.6916860882066274,0.001,0.9247767241737305
bimodal_blc,45017,HetLDC,0.0,2.1184154321721755,0.001,0.9814793279118741
bimodal_blc,45017,HetLDC_cert,0.0,2.1205338476043476,0.001,0.9816262762277541
bimodal_blc,45017,LDC_PAC,0.0,2.1988502064264193,0.001,0.9864039629250838
bimodal_blc,45017,LDC_cert_pk,0.0,2.131724347697804,0.001,0.9823861612068648
bimodal_blc,45018,CP_PAC,0.0,2.6110108766129665,0.003,0.9977566742785606
bimodal_blc,45018,FH_PAC,-0.21219596909744634,1.800184517439922,0.003,0.9422102485534145
bimodal_blc,45018,FH_normal,-0.21219596909744634,1.4464543030294987,0.003,0.8450757697844926
bimodal_blc,45018,HetLDC,0.0,2.383147622605187,0.003,0.9936430457682325
bimodal_blc,45018,HetLDC_cert,0.0,2.3902970654730025,0.003,0.9938368607500812
bimodal_blc,45018,LDC_PAC,0.0,2.4587327165145854,0.003,0.9954433134395919
bimodal_blc,45018,LDC_cert_pk,0.0,2.395951117131859,0.003,0.9939864145592124
bimodal_blc,45019,CP_PAC,0.0,2.36994404811191,0.001,0.9932708996468647
bimodal_blc,45019,FH_PAC,0.05102103023748694,2.027812171022352,0.001,0.9725207335267301
bimodal_blc,45019,FH_normal,0.05102103023748694,1.6643223452784954,0.001,0.9151563920149489
bimodal_blc,45019,HetLDC,0.0,2.1044466841228857,0.001,0.9804851007788632
bimodal_blc,45019,HetLDC_cert,0.0,2.1065511308070084,0.001,0.980637723233138
bimodal_blc,45019,LDC_PAC,0.0,2.175401675143573,0.001,0.9851008564500688
bimodal_blc,45019,LDC_cert_pk,0.0,2.1147930654038487,0.001,0.9812257374736881
bimodal_blc,45020,CP_PAC,0.0,2.559572092653417,0.001,0.9971337090913107
bimodal_blc,45020,FH_PAC,0.020784323150280407,1.7145646319294785,0.001,0.9278171627181746
bimodal_blc,45020,FH_normal,0.020784323150280407,1.4190424998121192,0.001,0.8436078722372404
bimodal_blc,45020,HetLDC,0.0,2.3120071600702587,0.001,0.9914010715172975
bimodal_blc,45020,HetLDC_cert,0.0,2.3143191672303285,0.001,0.9914836207526597
bimodal_blc,45020,LDC_PAC,0.0,2.395812615555231,0.001,0.9939827898398662
bimodal_blc,45020,LDC_cert_pk,0.0,2.323969411158685,0.001,0.9918207225747689
bimodal_blc,45021,CP_PAC,0.0,2.707230179793378,0.003,0.9986036149200339
bimodal_blc,45021,FH_PAC,-0.08757072217128906,2.107995261800493,0.003,0.9818053693377669
bimodal_blc,45021,FH_normal,-0.08757072217128906,1.788466320648555,0.003,0.9441122339952314
bimodal_blc,45021,HetLDC,0.0,2.480420614595689,0.003,0.9958679754847678
bimodal_blc,45021,HetLDC_cert,0.0,2.4878618764394758,0.003,0.996005311164007
bimodal_blc,45021,LDC_PAC,0.0,2.5641428680841734,0.003,0.9971947891990718
bimodal_blc,45021,LDC_cert_pk,0.0,2.4942537733897723,0.003,0.9961200039586663
bimodal_blc,45022,CP_PAC,0.0,2.623035542785538,0.003,0.9978833542251402
bimodal_blc,45022,FH_PAC,-0.05909620968293297,2.132247572075015,0.003,0.9832911540425131
bimodal_blc,45022,FH_normal,-0.05909620968293297,1.7141747269320606,0.003,0.9297189798803014
bimodal_blc,45022,HetLDC,0.0,2.3791316603736083,0.003,0.9935318290055867
bimodal_blc,45022,HetLDC_cert,0.0,2.3862690553547288,0.003,0.9937283182727207
bimodal_blc,45022,LDC_PAC,0.0,2.4700560857079075,0.003,0.9956696562086176
bimodal_blc,45022,LDC_cert_pk,0.0,2.3933506862038354,0.003,0.9939180351121573
bimodal_blc,45023,CP_PAC,0.0,2.280519014224914,0.001,0.9902049929901668
bimodal_blc,45023,FH_PAC,-0.22773799283768856,1.882903059488584,0.001,0.954991887126175
bimodal_blc,45023,FH_normal,-0.22773799283768856,1.5766324023721692,0.001,0.8875044197449907
bimodal_blc,45023,HetLDC,0.0,2.0053450171299003,0.001,0.9720497403895462
bimodal_blc,45023,HetLDC_cert,0.0,2.00735036214703,0.001,0.972246556837627
bimodal_blc,45023,LDC_PAC,0.0,2.078688237897897,0.001,0.9785327557744775
bimodal_blc,45023,LDC_cert_pk,0.0,2.01710021886856,0.001,0.9731870847799753
bimodal_blc,45024,CP_PAC,0.0,2.6162203424180355,0.001,0.9978123755418994
bimodal_blc,45024,FH_PAC,0.05059352730437043,2.495261968024744,0.001,0.9956521079247456
bimodal_blc,45024,FH_normal,0.05059352730437043,2.07708230396479,0.001,0.9769002366344162
bimodal_blc,45024,HetLDC,0.0,2.3760778197964334,0.001,0.9934461093014199
bimodal_blc,45024,HetLDC_cert,0.0,2.3784538976162293,0.001,0.9935128905906577
bimodal_blc,45024,LDC_PAC,0.0,2.4636383582816173,0.001,0.995542636784454
bimodal_blc,45024,LDC_cert_pk,0.0,2.3883468212760577,0.001,0.9937845170366281
bimodal_blc,45025,CP_PAC,0.0,2.423089843301076,0.001,0.9946604158446217
bimodal_blc,45025,FH_PAC,0.12408950459087513,1.9749034889586639,0.001,0.9631011294217912
bimodal_blc,45025,FH_normal,0.12408950459087513,1.653830366155621,0.001,0.9071250872948801
bimodal_blc,45025,HetLDC,0.0,2.2078597854217676,0.001,0.9868778521401097
bimodal_blc,45025,HetLDC_cert,0.0,2.210067645207189,0.001,0.9869917819835501
bimodal_blc,45025,LDC_PAC,0.0,2.2817715261711173,0.001,0.9902552082907456
bimodal_blc,45025,LDC_cert_pk,0.0,2.219761689173911,0.001,0.987481957039403
bimodal_blc,45026,CP_PAC,0.0,2.386484219821321,0.001,0.9937341587655381
bimodal_blc,45026,FH_PAC,-0.024532144582943775,2.0862356895400063,0.001,0.9796162516141954
bimodal_blc,45026,FH_normal,-0.024532144582943775,1.699887978743694,0.001,0.9261904265620302
bimodal_blc,45026,HetLDC,0.0,2.1274562421649374,0.001,0.9820995605399809
bimodal_blc,45026,HetLDC_cert,0.0,2.1295836984071017,0.001,0.982242910957466
bimodal_blc,45026,LDC_PAC,0.0,2.205440357845673,0.001,0.9867520164326988
bimodal_blc,45026,LDC_cert_pk,0.0,2.139240123540828,0.001,0.9828813295240593
bimodal_blc,45027,CP_PAC,0.0,2.343852803902301,0.001,0.9924785588697601
bimodal_blc,45027,FH_PAC,0.007448828492502381,1.9593820723845643,0.001,0.9669889358792952
bimodal_blc,45027,FH_normal,0.007448828492502381,1.683083616518566,0.001,0.9215376759786269
bimodal_blc,45027,HetLDC,0.0,2.113824050471662,0.001,0.9811574012668675
bimodal_blc,45027,HetLDC_cert,0.0,2.1159378745221336,0.001,0.9813061992081313
bimodal_blc,45027,LDC_PAC,0.0,2.193894882942061,0.001,0.9861370836519482
bimodal_blc,45027,LDC_cert_pk,0.0,2.1236299190796726,0.001,0.9818392556033334
bimodal_blc,45028,CP_PAC,0.0,2.48932969090088,0.001,0.9960319138491089
bimodal_blc,45028,FH_PAC,-0.03755863219756313,2.102180363857366,0.001,0.9809982514660981
bimodal_blc,45028,FH_normal,-0.03755863219756313,1.7762487689930804,0.001,0.9416113492647282
bimodal_blc,45028,HetLDC,0.0,2.2622507386358035,0.001,0.9894465070292046
bimodal_blc,45028,HetLDC_cert,0.0,2.264512989374439,0.001,0.9895431267013064
bimodal_blc,45028,LDC_PAC,0.0,2.3441481642347055,0.001,0.9924879692053593
bimodal_blc,45028,LDC_cert_pk,0.0,2.274051942064891,0.001,0.9899421079262753
bimodal_blc,45029,CP_PAC,0.0,2.423678052562285,0.001,0.9946742496513198
bimodal_blc,45029,FH_PAC,0.056707221080196026,1.639695932644412,0.001,0.908920580059807
bimodal_blc,45029,FH_normal,0.056707221080196026,1.3365968901761343,0.001,0.8104164055111364
bimodal_blc,45029,HetLDC,0.0,2.1393112048225325,0.001,0.982885955288764
bimodal_blc,45029,HetLDC_cert,0.0,2.1414505160273545,0.001,0.9830246767566441
bimodal_blc,45029,LDC_PAC,0.0,2.2247247987787677,0.001,0.9877266707923287
bimodal_blc,45029,LDC_cert_pk,0.0,2.148358973304345,0.001,0.9834661066629008
bimodal_blc,45030,CP_PAC,0.0,2.3175820311974,0.001,0.9915989374994295
bimodal_blc,45030,FH_PAC,-0.02708909606612715,2.086085149981386,0.001,0.9796480563414983
bimodal_blc,45030,FH_normal,-0.02708909606612715,1.7448829186279795,0.001,0.9355056978024534
bimodal_blc,45030,HetLDC,0.0,2.0723710766989125,0.001,0.9780295112497371
bimodal_blc,45030,HetLDC_cert,0.0,2.074443447775611,0.001,0.9781956889019636
bimodal_blc,45030,LDC_PAC,0.0,2.1417652384910317,0.001,0.9830450033312205
bimodal_blc,45030,LDC_cert_pk,0.0,2.0839835765788144,0.001,0.9789470623004957
bimodal_blc,45031,CP_PAC,0.0,2.081574004145596,0.001,0.978759383790958
bimodal_blc,45031,FH_PAC,-0.10483167588964763,1.7805096100535378,0.001,0.942535867304463
bimodal_blc,45031,FH_normal,-0.10483167588964763,1.4183022662288538,0.001,0.8425152526440388
bimodal_blc,45031,HetLDC,0.0,1.7126726070386407,0.001,0.9282282552890776
bimodal_blc,45031,HetLDC_cert,0.0,1.714385279645679,0.001,0.928587372638038
bimodal_blc,45031,LDC_PAC,0.0,1.7926797935218162,0.001,0.943574695965669
bimodal_blc,45031,LDC_cert_pk,0.0,1.72202699040812,0.001,0.9301728910326231
bimodal_blc,45032,CP_PAC,0.0,2.655910001564032,0.003,0.9981972924704037
bimodal_blc,45032,FH_PAC,-0.06123298462393765,2.153319924619826,0.003,0.9846285546064989
bimodal_blc,45032,FH_normal,-0.06123298462393765,1.7834522242778599,0.003,0.9431914336707761
bimodal_blc,45032,HetLDC,0.0,2.412470850550393,0.003,0.9944051230384945
bimodal_blc,45032,HetLDC_cert,0.0,2.419708263102044,0.003,0.9945802650742639
bimodal_blc,45032,LDC_PAC,0.0,2.5010132556149305,0.003,0.9962380771368431
bimodal_blc,45032,LDC_cert_pk,0.0,2.423044518713,0.003,0.9946593485542191
bimodal_blc,45033,CP_PAC,0.0,2.5735992936519603,0.003,0.9973174472196128
bimodal_blc,45033,FH_PAC,0.032034862273152095,2.1505517221107207,0.003,0.9828493892307463
bimodal_blc,45033,FH_normal,0.032034862273152095,1.863833337808408,0.003,0.9537191501865961
bimodal_blc,45033,HetLDC,0.0,2.3448794566732163,0.003,0.9925112239925279
bimodal_blc,45033,HetLDC_cert,0.0,2.351914095043236,0.003,0.9927317059037613
bimodal_blc,45033,LDC_PAC,0.0,2.4235030344681627,0.003,0.9946701368176524
bimodal_blc,45033,LDC_cert_pk,0.0,2.3591263311457453,0.003,0.9929517973713913
bimodal_blc,45034,CP_PAC,0.0,2.7712264132653965,0.003,0.998992767679271
bimodal_blc,45034,FH_PAC,-0.18808784489386382,2.414796858303682,0.003,0.9947046904521915
bimodal_blc,45034,FH_normal,-0.18808784489386382,2.0310707200876528,0.003,0.9743987029505558
bimodal_blc,45034,HetLDC,0.0,2.5605551323153777,0.003,0.9971469458633166
bimodal_blc,45034,HetLDC_cert,0.0,2.5682367977123235,0.003,0.9972484984710283
bimodal_blc,45034,LDC_PAC,0.0,2.6393791731620224,0.003,0.9980451437548683
bimodal_blc,45034,LDC_cert_pk,0.0,2.5724683960742754,0.003,0.9973030376657332
bimodal_blc,45035,CP_PAC,0.0,2.3298421960156412,0.001,0.992020087283933
bimodal_blc,45035,FH_PAC,-0.035562756895741454,1.7584571202440156,0.001,0.9382817365517884
bimodal_blc,45035,FH_normal,-0.035562756895741454,1.3693272653889923,0.001,0.8251676363364135
bimodal_blc,45035,HetLDC,0.0,1.9604010700870833,0.001,0.9673247498825032
bimodal_blc,45035,HetLDC_cert,0.0,1.9623614711571702,0.001,0.9675437793472523
bimodal_blc,45035,LDC_PAC,0.0,2.0422266113768566,0.001,0.9754889595131002
bimodal_blc,45035,LDC_cert_pk,0.0,1.9673312953734006,0.001,0.9680936197347505
bimodal_blc,45036,CP_PAC,0.0,2.4602031562535407,0.003,0.9954732902460327
bimodal_blc,45036,FH_PAC,-0.0655042373940027,1.9990734648155173,0.003,0.972560575115328
bimodal_blc,45036,FH_normal,-0.0655042373940027,1.6864142800641426,0.003,0.9237023132339535
bimodal_blc,45036,HetLDC,0.0,2.188308268059077,0.003,0.985830802841599
bimodal_blc,45036,HetLDC_cert,0.0,2.1948731928632537,0.003,0.9861901273606231
bimodal_blc,45036,LDC_PAC,0.0,2.258251654325443,0.003,0.9892738058857761
bimodal_blc,45036,LDC_cert_pk,0.0,2.1924919568649344,0.003,0.9860607110003226
bimodal_blc,45037,CP_PAC,0.0,2.496883277572302,0.001,0.9961663242336121
bimodal_blc,45037,FH_PAC,-0.10281421467533779,1.8227669184337258,0.001,0.9498334245548726
bimodal_blc,45037,FH_normal,-0.10281421467533779,1.5386411878046649,0.001,0.8839996337534964
bimodal_blc,45037,HetLDC,0.0,2.2572319063308592,0.001,0.9892293763992424
bimodal_blc,45037,HetLDC_cert,0.0,2.2594891382371896,0.001,0.9893275076932219
bimodal_blc,45037,LDC_PAC,0.0,2.33713458321669,0.001,0.992261692881476
bimodal_blc,45037,LDC_cert_pk,0.0,2.2683819514345873,0.001,0.9897065836740584
bimodal_blc,45038,CP_PAC,0.0,2.281554607958689,0.001,0.9902465277990721
bimodal_blc,45038,FH_PAC,-0.0005723210091717194,1.8455354847594643,0.001,0.9522228261675594
bimodal_blc,45038,FH_normal,-0.0005723210091717194,1.5490243685226575,0.001,0.887148198985434
bimodal_blc,45038,HetLDC,0.0,2.0172522748352186,0.001,0.9732015396207727
bimodal_blc,45038,HetLDC_cert,0.0,2.0192695271100534,0.001,0.9733926901244707
bimodal_blc,45038,LDC_PAC,0.0,2.0942678879018417,0.001,0.9797324029008231
bimodal_blc,45038,LDC_cert_pk,0.0,2.0284523474174914,0.001,0.974248503212967
bimodal_blc,45039,CP_PAC,0.0,2.2053353988919424,0.001,0.9867465339658682
bimodal_blc,45039,FH_PAC,0.09509708611443114,2.10664775467369,0.001,0.9774932050719194
bimodal_blc,45039,FH_normal,0.09509708611443114,1.7584577818101612,0.001,0.9321631791657123
bimodal_blc,45039,HetLDC,0.0,1.9609825346974001,0.001,0.9673898418711276
bimodal_blc,45039,HetLDC_cert,0.0,1.9629435172320973,0.001,0.9676085758655864
bimodal_blc,45039,LDC_PAC,0.0,2.038033878835423,0.001,0.9751167993978903
bimodal_blc,45039,LDC_cert_pk,0.0,1.972861423809204,0.001,0.9686963841220514
bimodal_blc,45040,CP_PAC,0.0,2.300095869613025,0.001,0.9909645760521818
bimodal_blc,45040,FH_PAC,0.034532944290198875,2.0609432943161194,0.001,0.9761041148487274
bimodal_blc,45040,FH_normal,0.034532944290198875,1.7126119809238531,0.001,0.926762315647626
bimodal_blc,45040,HetLDC,0.0,2.0292229358377396,0.001,0.9743192604114064
bimodal_blc,45040,HetLDC_cert,0.0,2.0312521587735772,0.001,0.9745048103898779
bimodal_blc,45040,LDC_PAC,0.0,2.1112871469405734,0.001,0.9809774930549482
bimodal_blc,45040,LDC_cert_pk,0.0,2.042025804270945,0.001,0.9754712423263187
bimodal_blc,45041,CP_PAC,0.0,2.3502913076038037,0.001,0.9926813577847955
bimodal_blc,45041,FH_PAC,-0.10319089949361451,1.9611533814807713,0.001,0.9686481900227968
bimodal_blc,45041,FH_normal,-0.10319089949361451,1.6150911083427957,0.001,0.9058757059667111
bimodal_blc,45041,HetLDC,0.0,2.099373370124963,0.001,0.9801129610350633
bimodal_blc,45041,HetLDC_cert,0.0,2.101472743495088,0.001,0.9802676788013617
bimodal_blc,45041,LDC_PAC,0.0,2.1719931183418413,0.001,0.9849027718568435
bimodal_blc,45041,LDC_cert_pk,0.0,2.1103387621476353,0.001,0.9809098630670307
bimodal_blc,45042,CP_PAC,0.0,2.705542305456858,0.003,0.998591705153152
bimodal_blc,45042,FH_PAC,-0.10744187173257541,2.194833288403611,0.003,0.9871044606596797
bimodal_blc,45042,FH_normal,-0.10744187173257541,1.8443953055100994,0.003,0.9532160398978133
bimodal_blc,45042,HetLDC,0.0,2.4831366771951324,0.003,0.995918584687295
bimodal_blc,45042,HetLDC_cert,0.0,2.4905860872267174,0.003,0.9960545587592315
bimodal_blc,45042,LDC_PAC,0.0,2.5625442042636704,0.003,0.9971735606662678
bimodal_blc,45042,LDC_cert_pk,0.0,2.4987823446284922,0.003,0.9961994688331983
bimodal_blc,45043,CP_PAC,0.0,2.4254304213575537,0.003,0.9947152742056953
bimodal_blc,45043,FH_PAC,0.0637013751120945,2.0440893524816666,0.003,0.9735231500293375
bimodal_blc,45043,FH_normal,0.0637013751120945,1.7264016071451103,0.003,0.9279717190895245
bimodal_blc,45043,HetLDC,0.0,2.1957985508320954,0.003,0.9862401389557125
bimodal_blc,45043,HetLDC_cert,0.0,2.202385946484591,0.003,0.9865916682645614
bimodal_blc,45043,LDC_PAC,0.0,2.2702532264351807,0.003,0.9897848399027769
bimodal_blc,45043,LDC_cert_pk,0.0,2.210089191347324,0.003,0.9869928895824623
bimodal_blc,45044,CP_PAC,0.0,2.4910917705507742,0.001,0.996063640356382
bimodal_blc,45044,FH_PAC,0.16407843525703447,1.8318231753984937,0.001,0.9394737300575784
bimodal_blc,45044,FH_normal,0.16407843525703447,1.4773595114627454,0.001,0.8533142083988678
bimodal_blc,45044,HetLDC,0.0,2.2190925185742594,0.001,0.9874486417363944
bimodal_blc,45044,HetLDC_cert,0.0,2.2213116110928333,0.001,0.9875588277109763
bimodal_blc,45044,LDC_PAC,0.0,2.302112153199676,0.001,0.9910397998551872
bimodal_blc,45044,LDC_cert_pk,0.0,2.2296221898339237,0.001,0.9879640732354081
bimodal_blc,45045,CP_PAC,0.0,2.3303302066455616,0.001,0.9920364601504728
bimodal_blc,45045,FH_PAC,0.14112713134015517,1.9932699990602256,0.001,0.9640764025378673
bimodal_blc,45045,FH_normal,0.14112713134015517,1.681513847191685,0.001,0.9119638564253177
bimodal_blc,45045,HetLDC,0.0,2.0703741902355994,0.001,0.9778683766466185
bimodal_blc,45045,HetLDC_cert,0.0,2.072444564425835,0.001,0.9780354222514843
bimodal_blc,45045,LDC_PAC,0.0,2.153546309737494,0.001,0.9837910736968998
bimodal_blc,45045,LDC_cert_pk,0.0,2.081490123793035,0.001,0.9787528250645169
bimodal_blc,45046,CP_PAC,0.0,2.7990301659746493,0.003,0.9991285234151969
bimodal_blc,45046,FH_PAC,0.16024529229009787,2.2292859663091567,0.003,0.9830567269162773
bimodal_blc,45046,FH_normal,0.16024529229009787,1.8589780269160479,0.003,0.9443019951902899
bimodal_blc,45046,HetLDC,0.0,2.550452818773745,0.003,0.9970082541507534
bimodal_blc,45046,HetLDC_cert,0.0,2.558104177230066,0.003,0.9971138403876757
bimodal_blc,45046,LDC_PAC,0.0,2.6357864324642786,0.003,0.9980105726353996
bimodal_blc,45046,LDC_cert_pk,0.0,2.565888937830866,0.003,0.997217810835778
bimodal_blc,45047,CP_PAC,0.0,2.768092871378687,0.003,0.9989763094038262
bimodal_blc,45047,FH_PAC,-0.25512922246392256,2.1748427048555152,0.003,0.983618387761645
bimodal_blc,45047,FH_normal,-0.25512922246392256,1.796404849718517,0.003,0.9385188271214732
bimodal_blc,45047,HetLDC,0.0,2.510459916432385,0.003,0.99639769662435
bimodal_blc,45047,HetLDC_cert,0.0,2.517991296181682,0.003,0.996520573873947
bimodal_blc,45047,LDC_PAC,0.0,2.5909923933428183,0.003,0.9975304860680202
bimodal_blc,45047,LDC_cert_pk,0.0,2.5219600875593535,0.003,0.996583801197352
bimodal_blc,45048,CP_PAC,0.0,2.5059752398527007,0.003,0.996322692486691
bimodal_blc,45048,FH_PAC,0.00591156976387541,2.0709109147252756,0.003,0.9777666471242986
bimodal_blc,45048,FH_normal,0.00591156976387541,1.768616519308599,0.003,0.9390517141010638
bimodal_blc,45048,HetLDC,0.0,2.2547890273511744,0.003,0.9891222907346353
bimodal_blc,45048,HetLDC_cert,0.0,2.2615533944332276,0.003,0.9894165674992517
bimodal_blc,45048,LDC_PAC,0.0,2.330992536841359,0.003,0.9920586342645584
bimodal_blc,45048,LDC_cert_pk,0.0,2.2674232772589673,0.003,0.9896662901998187
bimodal_blc,45049,CP_PAC,0.0,2.364307427521277,0.001,0.9931062579549903
bimodal_blc,45049,FH_PAC,0.10383359882382388,1.9722389224265335,0.001,0.9640619895681453
bimodal_blc,45049,FH_normal,0.10383359882382388,1.6367894136207406,0.001,0.904770544255693
bimodal_blc,45049,HetLDC,0.0,2.061751340046204,0.001,0.9771610809000638
bimodal_blc,45049,HetLDC_cert,0.0,2.0638130913862502,0.001,0.9773319065805696
bimodal_blc,45049,LDC_PAC,0.0,2.139444717478213,0.001,0.9828946410213009
bimodal_blc,45049,LDC_cert_pk,0.0,2.072581301231319,0.001,0.9780464171352081
bimodal_blc,45050,CP_PAC,0.0,2.320349559819161,0.001,0.9916956722095004
bimodal_blc,45050,FH_PAC,-0.015114087704669628,1.8809142159199508,0.001,0.957796777798315
bimodal_blc,45050,FH_normal,-0.015114087704669628,1.4954140204366597,0.001,0.8708754722342845
bimodal_blc,45050,HetLDC,0.0,2.0254394992002736,0.001,0.9739702891001941
bimodal_blc,45050,HetLDC_cert,0.0,2.027464938699474,0.001,0.9741575987321316
bimodal_blc,45050,LDC_PAC,0.0,2.0996675604333297,0.001,0.9801347038077474
bimodal_blc,45050,LDC_cert_pk,0.0,2.0324259679082664,0.001,0.9746116289422415
bimodal_blc,45051,CP_PAC,0.0,2.2743006949769393,0.001,0.9899523323229454
bimodal_blc,45051,FH_PAC,0.06835049869862941,1.9504595439991759,0.001,0.9634695280838077
bimodal_blc,45051,FH_normal,0.06835049869862941,1.6743280531095175,0.001,0.9163835281022572
bimodal_blc,45051,HetLDC,0.0,1.9800124719638748,0.001,0.9694618327915528
bimodal_blc,45051,HetLDC_cert,0.0,1.9819924844358385,0.001,0.9696710119668958
bimodal_blc,45051,LDC_PAC,0.0,2.0579982751763586,0.001,0.9768473386596707
bimodal_blc,45051,LDC_cert_pk,0.0,1.9905578970730589,0.001,0.9705622785250018
bimodal_blc,45052,CP_PAC,0.0,2.2094718825510853,0.001,0.9869611239725791
bimodal_blc,45052,FH_PAC,0.018746283767422794,1.8672304572323601,0.001,0.9547641389112869
bimodal_blc,45052,FH_normal,0.018746283767422794,1.5603275190193038,0.001,0.8897672973176134
bimodal_blc,45052,HetLDC,0.0,1.9721956332502706,0.001,0.9686243176046722
bimodal_blc,45052,HetLDC_cert,0.0,1.9741678288835205,0.001,0.9688373943005942
bimodal_blc,45052,LDC_PAC,0.0,2.041856559884672,0.001,0.9754563015719999
bimodal_blc,45052,LDC_cert_pk,0.0,1.9824468327451086,0.001,0.9697188439365284
bimodal_blc,45053,CP_PAC,0.0,2.3818459667301513,0.001,0.9936071847817305
bimodal_blc,45053,FH_PAC,0.08338712790865793,2.0777495285573604,0.001,0.9756446588819674
bimodal_blc,45053,FH_normal,0.08338712790865793,1.7480455788057798,0.001,0.9309933137628059
bimodal_blc,45053,HetLDC,0.0,2.103279584179891,0.001,0.9804000188758497
bimodal_blc,45053,HetLDC_cert,0.0,2.1053828637640706,0.001,0.9805531217234559
bimodal_blc,45053,LDC_PAC,0.0,2.1863265970716546,0.001,0.985720768530939
bimodal_blc,45053,LDC_cert_pk,0.0,2.114594041912981,0.001,0.9812117193009141
bimodal_blc,45054,CP_PAC,0.0,2.469032683556987,0.001,0.9956496202024707
bimodal_blc,45054,FH_PAC,0.06306352394907873,2.0562930975059848,0.001,0.9746485548629723
bimodal_blc,45054,FH_normal,0.06306352394907873,1.6915802310964034,0.001,0.9206058386893787
bimodal_blc,45054,HetLDC,0.0,2.2378010212970763,0.001,0.9883516776282212
bimodal_blc,45054,HetLDC_cert,0.0,2.240038822318373,0.001,0.9884558243586286
bimodal_blc,45054,LDC_PAC,0.0,2.3110658490387723,0.001,0.9913672620322359
bimodal_blc,45054,LDC_cert_pk,0.0,2.2496116205154855,0.001,0.9888922701773913
bimodal_blc,45055,CP_PAC,0.0,2.685526859643147,0.003,0.9984432365438544
bimodal_blc,45055,FH_PAC,0.03871881535261834,1.8687964271588058,0.003,0.9541432975074223
bimodal_blc,45055,FH_normal,0.03871881535261834,1.551146386309843,0.003,0.8862088216903558
bimodal_blc,45055,HetLDC,0.0,2.4462370426083826,0.003,0.9951813429188361
bimodal_blc,45055,HetLDC_cert,0.0,2.4535757537362075,0.003,0.9953367779528692
bimodal_blc,45055,LDC_PAC,0.0,2.5289028130931257,0.003,0.9966919305305149
bimodal_blc,45055,LDC_cert_pk,0.0,2.463450740928345,0.003,0.9955388739621471
bimodal_blc,45056,CP_PAC,0.0,2.61463250222337,0.003,0.9977955320139171
bimodal_blc,45056,FH_PAC,-0.06491126486967569,1.8193390063799124,0.003,0.9493420696133037
bimodal_blc,45056,FH_normal,-0.06491126486967569,1.5166795044597143,0.003,0.8778885493125832
bimodal_blc,45056,HetLDC,0.0,2.3819328110055316,0.003,0.9936095829228498
bimodal_blc,45056,HetLDC_cert,0.0,2.3890786094385477,0.003,0.9938042038464315
bimodal_blc,45056,LDC_PAC,0.0,2.4621431233631452,0.003,0.9955125697885885
bimodal_blc,45056,LDC_cert_pk,0.0,2.394745150675851,0.003,0.9939547882725672
bimodal_blc,45057,CP_PAC,0.0,2.771017601309932,0.003,0.9989916785278212
bimodal_blc,45057,FH_PAC,-0.21957648242624891,2.197376160342459,0.003,0.9859256206076337
bimodal_blc,45057,FH_normal,-0.21957648242624891,1.882780055203588,0.003,0.955415343591731
bimodal_blc,45057,HetLDC,0.0,2.552591315668216,0.003,0.9970381093844526
bimodal_blc,45057,HetLDC_cert,0.0,2.5602490896152204,0.003,0.9971428308703384
bimodal_blc,45057,LDC_PAC,0.0,2.6391802958982513,0.003,0.9980432444054672
bimodal_blc,45057,LDC_cert_pk,0.0,2.5660675519700504,0.003,0.9972201562044337
bimodal_blc,45058,CP_PAC,0.0,2.5765238409343487,0.003,0.997354389419684
bimodal_blc,45058,FH_PAC,-0.0028002466317425378,2.1873240365786235,0.003,0.9858277577415394
bimodal_blc,45058,FH_normal,-0.0028002466317425378,1.8317254746164036,0.003,0.9501487084543955
bimodal_blc,45058,HetLDC,0.0,2.320100199810962,0.003,0.9916869964549766
bimodal_blc,45058,HetLDC_cert,0.0,2.327060500410395,0.003,0.991926194894247
bimodal_blc,45058,LDC_PAC,0.0,2.396614997905893,0.003,0.99400376212063
bimodal_blc,45058,LDC_cert_pk,0.0,2.3332373403004043,0.003,0.9921333849122571
bimodal_blc,45059,CP_PAC,0.0,2.2918991127278634,0.001,0.9906530513019536
bimodal_blc,45059,FH_PAC,0.05614362360575258,1.904785054195851,0.001,0.958317842180504
bimodal_blc,45059,FH_normal,0.05614362360575258,1.5239664873594176,0.001,0.8771586953271517
bimodal_blc,45059,HetLDC,0.0,2.0415344439187244,0.001,0.9754278443473081
bimodal_blc,45059,HetLDC_cert,0.0,2.043575978362643,0.001,0.9756077357262392
bimodal_blc,45059,LDC_PAC,0.0,2.118030681845098,0.001,0.9814525318600318
bimodal_blc,45059,LDC_cert_pk,0.0,2.053316148789353,0.001,0.976450852594641
bimodal_blc,45060,CP_PAC,0.0,1.85686545506433,0.003,0.9539089769262081
bimodal_blc,45060,FH_PAC,0.02693270676481707,1.7805799473446766,0.003,0.9403745236599068
bimodal_blc,45060,FH_normal,0.02693270676481707,1.4395937930034814,0.003,0.8507969804852809
bimodal_blc,45060,HetLDC,0.0,1.4095605150994857,0.003,0.8405986803203752
bimodal_blc,45060,HetLDC_cert,0.0,1.413789196644784,0.003,0.8421737078745387
bimodal_blc,45060,LDC_PAC,0.0,1.470317078275859,0.003,0.8622348377515769
bimodal_blc,45060,LDC_cert_pk,0.0,1.4061381354432214,0.003,0.8393163703688529
bimodal_blc,45061,CP_PAC,0.0,2.376821196017643,0.001,0.9934670673948797
bimodal_blc,45061,FH_PAC,0.03465609654316389,1.9788315570611987,0.001,0.9681911878152982
bimodal_blc,45061,FH_normal,0.03465609654316389,1.658195444101451,0.001,0.9146108544392154
bimodal_blc,45061,HetLDC,0.0,2.1169004522041064,0.001,0.9813736258025595
bimodal_blc,45061,HetLDC_cert,0.0,2.1190173526563103,0.001,0.9815211827547669
bimodal_blc,45061,LDC_PAC,0.0,2.196510391957589,0.001,0.9862785045752835
bimodal_blc,45061,LDC_cert_pk,0.0,2.1295316547048464,0.001,0.9822394159085597
bimodal_blc,45062,CP_PAC,0.0,2.641539926436939,0.003,0.9980656721678919
bimodal_blc,45062,FH_PAC,0.08841814510650185,1.9089169100760608,0.003,0.9570787867870336
bimodal_blc,45062,FH_normal,0.08841814510650185,1.5446754888871361,0.003,0.8811713376627348
bimodal_blc,45062,HetLDC,0.0,2.400176030115158,0.003,0.9940960594093367
bimodal_blc,45062,HetLDC_cert,0.0,2.4073765582055033,0.003,0.994278849884723
bimodal_blc,45062,LDC_PAC,0.0,2.4874812653156066,0.003,0.995998386964692
bimodal_blc,45062,LDC_cert_pk,0.0,2.416737190888813,0.003,0.994508964354812
bimodal_blc,45063,CP_PAC,0.0,2.492852993792736,0.001,0.9960951244093328
bimodal_blc,45063,FH_PAC,0.001963837359230446,1.9517954657436536,0.001,0.9662915328598762
bimodal_blc,45063,FH_normal,0.001963837359230446,1.6054451584090568,0.001,0.902808054362965
bimodal_blc,45063,HetLDC,0.0,2.241785584022465,0.001,0.9885365557823933
bimodal_blc,45063,HetLDC_cert,0.0,2.244027369606487,0.001,0.9886394477347705
bimodal_blc,45063,LDC_PAC,0.0,2.3187865672268426,0.001,0.9916411610182692
bimodal_blc,45063,LDC_cert_pk,0.0,2.2527489917356713,0.001,0.9890321557996269
bimodal_blc,45064,CP_PAC,0.0,2.8386699652068224,0.003,0.9992931631766941
bimodal_blc,45064,FH_PAC,0.07462392154880938,2.0281095108563254,0.003,0.9715363357706185
bimodal_blc,45064,FH_normal,0.07462392154880938,1.6885098387659914,0.003,0.9191568302482866
bimodal_blc,45064,HetLDC,0.0,2.6167916643709828,0.003,0.9978184074558405
bimodal_blc,45064,HetLDC_cert,0.0,2.6246420393640952,0.003,0.9978997786194961
bimodal_blc,45064,LDC_PAC,0.0,2.703613948605187,0.003,0.9985779851600137
bimodal_blc,45064,LDC_cert_pk,0.0,2.633606548372165,0.003,0.9979893273267227
bimodal_blc,45065,CP_PAC,0.0,2.421790261112867,0.001,0.9946297383682279
bimodal_blc,45065,FH_PAC,0.029102932134454258,2.1191375860235375,0.001,0.9808049296590692
bimodal_blc,45065,FH_normal,0.029102932134454258,1.7848442604755301,0.001,0.9410392554677762
bimodal_blc,45065,HetLDC,0.0,2.164732172055544,0.001,0.9844732586619158
bimodal_blc,45065,HetLDC_cert,0.0,2.1668969042275994,0.001,0.9846023942528501
bimodal_blc,45065,LDC_PAC,0.0,2.2380680063729157,0.001,0.9883641457197019
bimodal_blc,45065,LDC_cert_pk,0.0,2.177270677353295,0.001,0.9852085205300662
bimodal_blc,45066,CP_PAC,0.0,2.1192588981055644,0.001,0.9815379560897164
bimodal_blc,45066,FH_PAC,0.0708555218486853,1.9500091824596106,0.001,0.9632874382366389
bimodal_blc,45066,FH_normal,0.0708555218486853,1.6247045978818313,0.001,0.904267980332037
bimodal_blc,45066,HetLDC,0.0,1.8418671599513843,0.001,0.9516417831567163
bimodal_blc,45066,HetLDC_cert,0.0,1.8437090271113354,0.001,0.9519249231389636
bimodal_blc,45066,LDC_PAC,0.0,1.917702072811276,0.001,0.9622438812397534
bimodal_blc,45066,LDC_cert_pk,0.0,1.853615889797056,0.001,0.9534251526076233
bimodal_blc,45067,CP_PAC,0.0,2.340711675571045,0.001,0.9923778372287699
bimodal_blc,45067,FH_PAC,0.10113142828376698,1.9803941005740684,0.001,0.9651544075030476
bimodal_blc,45067,FH_normal,0.10113142828376698,1.6358485980644528,0.001,0.9047634441621926
bimodal_blc,45067,HetLDC,0.0,2.082974803112715,0.001,0.9788686615916071
bimodal_blc,45067,HetLDC_cert,0.0,2.0850577779158272,0.001,0.9790302773874984
bimodal_blc,45067,LDC_PAC,0.0,2.1631402179443104,0.001,0.9843776999810507
bimodal_blc,45067,LDC_cert_pk,0.0,2.0934930299555896,0.001,0.979674109773922
bimodal_blc,45068,CP_PAC,0.0,2.750233822446586,0.003,0.9988777099114076
bimodal_blc,45068,FH_PAC,-0.05887933148901406,2.245612972089221,0.003,0.9893909112587224
bimodal_blc,45068,FH_normal,-0.05887933148901406,1.9065673810958317,0.003,0.9620009687252595
bimodal_blc,45068,HetLDC,0.0,2.536647230466952,0.003,0.9968089100651008
bimodal_blc,45068,HetLDC_cert,0.0,2.544257172158353,0.003,0.9969202222936796
bimodal_blc,45068,LDC_PAC,0.0,2.6193853513895915,0.003,0.9978456021730223
bimodal_blc,45068,LDC_cert_pk,0.0,2.551608889024594,0.003,0.9970244273433501
bimodal_blc,45069,CP_PAC,0.0,2.443347853731019,0.001,0.9951188943921982
bimodal_blc,45069,FH_PAC,-0.047307438380806026,1.959993223250008,0.001,0.968272443887626
bimodal_blc,45069,FH_normal,-0.047307438380806026,1.613658830685891,0.001,0.9059517718645879
bimodal_blc,45069,HetLDC,0.0,2.1673927134201265,0.001,0.9846318413581815
bimodal_blc,45069,HetLDC_cert,0.0,2.1695601061335466,0.001,0.9847600004903562
bimodal_blc,45069,LDC_PAC,0.0,2.2427799585393093,0.001,0.9885822943075205
bimodal_blc,45069,LDC_cert_pk,0.0,2.178650895475535,0.001,0.9852875983005164
bimodal_blc,45070,CP_PAC,0.0,2.274688907026493,0.001,0.9899682707461727
bimodal_blc,45070,FH_PAC,0.02774852872204445,1.989495695987298,0.001,0.969579731788883
bimodal_blc,45070,FH_normal,0.02774852872204445,1.6618383084042234,0.001,0.9158061996764623
bimodal_blc,45070,HetLDC,0.0,2.0385083513089173,0.001,0.9751591513569015
bimodal_blc,45070,HetLDC_cert,0.0,2.040546859660226,0.001,0.9753404239825962
bimodal_blc,45070,LDC_PAC,0.0,2.1158560474149963,0.001,0.9813004578238421
bimodal_blc,45070,LDC_cert_pk,0.0,2.0496357432475216,0.001,0.9761351994059886
bimodal_blc,45071,CP_PAC,0.0,2.237271877395123,0.001,0.9883269325790902
bimodal_blc,45071,FH_PAC,0.0051973961817375096,2.0461182012909025,0.001,0.9756971674326583
bimodal_blc,45071,FH_normal,0.0051973961817375096,1.6996934420862129,0.001,0.9252787667677617
bimodal_blc,45071,HetLDC,0.0,1.9744748187435357,0.001,0.9688704536935793
bimodal_blc,45071,HetLDC_cert,0.0,1.976449293562279,0.001,0.9690823900144492
bimodal_blc,45071,LDC_PAC,0.0,2.0536202083396766,0.001,0.9764767728018438
bimodal_blc,45071,LDC_cert_pk,0.0,1.9849440208013445,0.001,0.9699806232744468
bimodal_blc,45072,CP_PAC,0.0,2.3784924765077577,0.001,0.9935139698969224
bimodal_blc,45072,FH_PAC,0.035137589712542945,2.0698897012946094,0.001,0.9768365010225128
bimodal_blc,45072,FH_normal,0.035137589712542945,1.7202376397259924,0.001,0.9283225515882249
bimodal_blc,45072,HetLDC,0.0,2.1104704698458767,0.001,0.980919267436274
bimodal_blc,45072,HetLDC_cert,0.0,2.112580940315722,0.001,0.9810694258958815
bimodal_blc,45072,LDC_PAC,0.0,2.183248385899039,0.001,0.9855483893397794
bimodal_blc,45072,LDC_cert_pk,0.0,2.123053268697383,0.001,0.9817997478245726
bimodal_blc,45073,CP_PAC,0.0,2.5920197702541414,0.001,0.9975425781032925
bimodal_blc,45073,FH_PAC,-0.2579497457037331,2.051914573547189,0.001,0.9738352605513813
bimodal_blc,45073,FH_normal,-0.2579497457037331,1.7127178407537185,0.001,0.9206755603999631
bimodal_blc,45073,HetLDC,0.0,2.3578285820980804,0.001,0.9929126337437261
bimodal_blc,45073,HetLDC_cert,0.0,2.3601864106801784,0.001,0.9929836468536752
bimodal_blc,45073,LDC_PAC,0.0,2.4408492006144815,0.001,0.9950643071152693
bimodal_blc,45073,LDC_cert_pk,0.0,2.369649424704754,0.001,0.9932623806759999
bimodal_blc,45074,CP_PAC,0.0,2.22800111825598,0.001,0.9878859356636727
bimodal_blc,45074,FH_PAC,-0.031449969641819876,1.6059606479410762,0.001,0.9037489007016687
bimodal_blc,45074,FH_normal,-0.031449969641819876,1.2801746418163273,0.001,0.787094913424823
bimodal_blc,45074,HetLDC,0.0,1.8958088899631529,0.001,0.9593986469668824
bimodal_blc,45074,HetLDC_cert,0.0,1.8977046988531159,0.001,0.9596517175688404
bimodal_blc,45074,LDC_PAC,0.0,1.9693902233699554,0.001,0.9683191461387689
bimodal_blc,45074,LDC_cert_pk,0.0,1.9074194131811681,0.001,0.9609284966301852
bimodal_blc,45075,CP_PAC,0.0,2.379378663144524,0.001,0.9935387187314476
bimodal_blc,45075,FH_PAC,0.04044706358842477,2.1695024622126557,0.001,0.9838102629613497
bimodal_blc,45075,FH_normal,0.04044706358842477,1.8161519605756908,0.001,0.9458795203734663
bimodal_blc,45075,HetLDC,0.0,2.0863104654533124,0.001,0.9791269676646707
bimodal_blc,45075,HetLDC_cert,0.0,2.088396775918765,0.001,0.9792871648509399
bimodal_blc,45075,LDC_PAC,0.0,2.16879859792125,0.001,0.9847150770188167
bimodal_blc,45075,LDC_cert_pk,0.0,2.099475852716491,0.001,0.9801205375229763
bimodal_blc,45076,CP_PAC,0.0,2.3224159000041507,0.001,0.9917672593344877
bimodal_blc,45076,FH_PAC,0.0406053468839633,2.1618450632080637,0.001,0.9833320595262172
bimodal_blc,45076,FH_normal,0.0406053468839633,1.8297153685333234,0.001,0.9480830952093581
bimodal_blc,45076,HetLDC,0.0,2.0761814828366236,0.001,0.9783342377540705
bimodal_blc,45076,HetLDC_cert,0.0,2.0782576643194597,0.001,0.978498766989479
bimodal_blc,45076,LDC_PAC,0.0,2.146232399540074,0.001,0.9833312830103701
bimodal_blc,45076,LDC_cert_pk,0.0,2.0881904319271123,0.001,0.9792713672561613
bimodal_blc,45077,CP_PAC,0.0,2.3548010618616777,0.001,0.9928205221748403
bimodal_blc,45077,FH_PAC,0.057672273136349046,1.9879601056490375,0.001,0.9682179612392318
bimodal_blc,45077,FH_normal,0.057672273136349046,1.6617999949424702,0.001,0.9141660994786499
bimodal_blc,45077,HetLDC,0.0,2.1026544881724094,0.001,0.980354319880973
bimodal_blc,45077,HetLDC_cert,0.0,2.1047571426605813,0.001,0.980507680425988
bimodal_blc,45077,LDC_PAC,0.0,2.1761607528737077,0.001,0.9851446641380962
bimodal_blc,45077,LDC_cert_pk,0.0,2.110839626653431,0.001,0.9809456054845017
bimodal_blc,45078,CP_PAC,0.0,2.370082644967818,0.001,0.993274903854274
bimodal_blc,45078,FH_PAC,-0.0896899914747101,2.1331543396786885,0.001,0.9835045470538604
bimodal_blc,45078,FH_normal,-0.0896899914747101,1.7818216043682351,0.001,0.9429139043364486
bimodal_blc,45078,HetLDC,0.0,2.1293622452155145,0.001,0.9822280349757402
bimodal_blc,45078,HetLDC_cert,0.0,2.1314916074607297,0.001,0.9823706343596615
bimodal_blc,45078,LDC_PAC,0.0,2.2045888040944677,0.001,0.986707479496702
bimodal_blc,45078,LDC_cert_pk,0.0,2.1403326636985396,0.001,0.982952311072635
bimodal_blc,45079,CP_PAC,0.0,2.604041920095887,0.003,0.9976801529418484
bimodal_blc,45079,FH_PAC,-0.0735034703675714,1.9219272479545633,0.003,0.9640470031476364
bimodal_blc,45079,FH_normal,-0.0735034703675714,1.6052784244243143,0.003,0.903724475694826
bimodal_blc,45079,HetLDC,0.0,2.3981297617064428,0.003,0.9940431778699519
bimodal_blc,45079,HetLDC_cert,0.0,2.4053241509915617,0.003,0.9942272664535139
bimodal_blc,45079,LDC_PAC,0.0,2.4801488528839686,0.003,0.995862880922334
bimodal_blc,45079,LDC_cert_pk,0.0,2.4095509849513546,0.003,0.9943330537222567
bimodal_blc,45080,CP_PAC,0.0,2.37909480891611,0.003,0.9935308005398393
bimodal_blc,45080,FH_PAC,0.21352059591740497,1.9650331786693958,0.003,0.9547395290282413
bimodal_blc,45080,FH_normal,0.21352059591740497,1.6332544475325992,0.003,0.8919093733915942
bimodal_blc,45080,HetLDC,0.0,2.114367332582964,0.003,0.9811957402384728
bimodal_blc,45080,HetLDC_cert,0.0,2.1207104345807126,0.003,0.9816384806091302
bimodal_blc,45080,LDC_PAC,0.0,2.1838012744497903,0.003,0.9855794822385144
bimodal_blc,45080,LDC_cert_pk,0.0,2.123642143216884,0.003,0.9818400923186322
bimodal_blc,45081,CP_PAC,0.0,2.3356002704508962,0.001,0.9922114003670216
bimodal_blc,45081,FH_PAC,-0.035127584287606865,2.22314697016601,0.001,0.9881468190367967
bimodal_blc,45081,FH_normal,-0.035127584287606865,1.8574272983825661,0.001,0.9548797602270456
bimodal_blc,45081,HetLDC,0.0,2.063550759925925,0.001,0.9773102311490871
bimodal_blc,45081,HetLDC_cert,0.0,2.065614310685851,0.001,0.9774802637025559
bimodal_blc,45081,LDC_PAC,0.0,2.1438770864031556,0.001,0.9831808612732036
bimodal_blc,45081,LDC_cert_pk,0.0,2.076961126156715,0.001,0.9783961456683058
bimodal_blc,45082,CP_PAC,0.0,2.477380588682781,0.001,0.9958106650607328
bimodal_blc,45082,FH_PAC,0.16678348126929327,2.060267086810598,0.001,0.9694300745263258
bimodal_blc,45082,FH_normal,0.16678348126929327,1.7249827273907106,0.001,0.918862947492695
bimodal_blc,45082,HetLDC,0.0,2.232795529580791,0.001,0.9881157685885057
bimodal_blc,45082,HetLDC_cert,0.0,2.2350283251103717,0.001,0.9882215072116415
bimodal_blc,45082,LDC_PAC,0.0,2.318879661539401,0.001,0.9916444165606623
bimodal_blc,45082,LDC_cert_pk,0.0,2.24474920687047,0.001,0.9886724070190588
bimodal_blc,45083,CP_PAC,0.0,2.5774836254016638,0.001,0.9973664127635493
bimodal_blc,45083,FH_PAC,-0.007903321176365307,2.122384053047917,0.001,0.9819169867207581
bimodal_blc,45083,FH_normal,-0.007903321176365307,1.756743551711369,0.001,0.9372901349494307
bimodal_blc,45083,HetLDC,0.0,2.327730198727277,0.001,0.9919488878908773
bimodal_blc,45083,HetLDC_cert,0.0,2.3300579289260046,0.001,0.9920273288150383
bimodal_blc,45083,LDC_PAC,0.0,2.4125781820518144,0.001,0.9944077566714764
bimodal_blc,45083,LDC_cert_pk,0.0,2.3389290202767943,0.001,0.9923201494220222
bimodal_blc,45084,CP_PAC,0.0,2.4461037006971313,0.001,0.9951784765316831
bimodal_blc,45084,FH_PAC,0.1823684933913347,2.023902440765156,0.001,0.964516594484562
bimodal_blc,45084,FH_normal,0.1823684933913347,1.6219604989966159,0.001,0.8929856334230444
bimodal_blc,45084,HetLDC,0.0,2.176078941721006,0.001,0.9851399480030031
bimodal_blc,45084,HetLDC_cert,0.0,2.1782550206627267,0.001,0.9852649544338534
bimodal_blc,45084,LDC_PAC,0.0,2.260536975768068,0.001,0.9893727965315511
bimodal_blc,45084,LDC_cert_pk,0.0,2.187747926932222,0.001,0.9857997636017812
bimodal_blc,45085,CP_PAC,0.0,2.280488138564434,0.001,0.99020375228634
bimodal_blc,45085,FH_PAC,0.02779103383020261,1.9769450533994006,0.001,0.9682433720253483
bimodal_blc,45085,FH_normal,0.02779103383020261,1.6314553633273583,0.001,0.9084493797210085
bimodal_blc,45085,HetLDC,0.0,1.997651481803229,0.001,0.9712838376547203
bimodal_blc,45085,HetLDC_cert,0.0,1.999649133285032,0.001,0.9714843647322859
bimodal_blc,45085,LDC_PAC,0.0,2.078660094798946,0.001,0.9785305355910087
bimodal_blc,45085,LDC_cert_pk,0.0,2.009081767692656,0.001,0.9724155572393867
bimodal_blc,45086,CP_PAC,0.0,2.2509547352618395,0.001,0.9889523441547958
bimodal_blc,45086,FH_PAC,0.12694544290840107,1.8897115764052883,0.001,0.9517598310385874
bimodal_blc,45086,FH_normal,0.12694544290840107,1.629318304628715,0.001,0.9008348409669138
bimodal_blc,45086,HetLDC,0.0,1.9434371778862387,0.001,0.965378074950696
bimodal_blc,45086,HetLDC_cert,0.0,1.9453806150641246,0.001,0.9656058141667287
bimodal_blc,45086,LDC_PAC,0.0,2.0215747005889195,0.001,0.9736097280670695
bimodal_blc,45086,LDC_cert_pk,0.0,1.952457724642127,0.001,0.9664247558718752
bimodal_blc,45087,CP_PAC,0.0,2.610405441864506,0.001,0.9977501181976235
bimodal_blc,45087,FH_PAC,0.19809898701169307,2.070575044020385,0.001,0.9682511821152581
bimodal_blc,45087,FH_normal,0.19809898701169307,1.6484019116334359,0.001,0.8976868916871439
bimodal_blc,45087,HetLDC,0.0,2.363522991625557,0.001,0.9930830656491306
bimodal_blc,45087,HetLDC_cert,0.0,2.365886514617182,0.001,0.9931527366100787
bimodal_blc,45087,LDC_PAC,0.0,2.443393685719424,0.001,0.9951198906286194
bimodal_blc,45087,LDC_cert_pk,0.0,2.3770125337923282,0.001,0.9934724522110021
bimodal_blc,45088,CP_PAC,0.0,2.5329347604768584,0.003,0.996753305327443
bimodal_blc,45088,FH_PAC,-0.004372886424232369,2.088699358313941,0.003,0.97940869711825
bimodal_blc,45088,FH_normal,-0.004372886424232369,1.6969789811095095,0.003,0.9250162641688505
bimodal_blc,45088,HetLDC,0.0,2.286695632555757,0.003,0.9904504519963423
bimodal_blc,45088,HetLDC_cert,0.0,2.293555719453424,0.003,0.9907167584995715
bimodal_blc,45088,LDC_PAC,0.0,2.3708795196457597,0.003,0.9932978855980812
bimodal_blc,45088,LDC_cert_pk,0.0,2.2995518998285465,0.003,0.9909441871250589
bimodal_blc,45089,CP_PAC,0.0,2.5128786970367782,0.001,0.996437577578326
bimodal_blc,45089,FH_PAC,-0.12891361665237616,2.0386082473420974,0.001,0.9761729602512654
bimodal_blc,45089,FH_normal,-0.12891361665237616,1.6936169555138652,0.001,0.9243969600545666
bimodal_blc,45089,HetLDC,0.0,2.247019446705321,0.001,0.9887755261193509
bimodal_blc,45089,HetLDC_cert,0.0,2.2492664661520263,0.001,0.9888767865629398
bimodal_blc,45089,LDC_PAC,0.0,2.3374139519130557,0.001,0.9922708193818968
bimodal_blc,45089,LDC_cert_pk,0.0,2.2610281672458963,0.001,0.989393968793274
bimodal_blc,45090,CP_PAC,0.0,2.1046212651794978,0.001,0.9804978007886127
bimodal_blc,45090,FH_PAC,-0.08175075697635853,2.065312417882659,0.001,0.978575491218856
bimodal_blc,45090,FH_normal,-0.08175075697635853,1.70871241583769,0.001,0.928558972310877
bimodal_blc,45090,HetLDC,0.0,1.7842255818804147,0.001,0.9420868746420991
bimodal_blc,45090,HetLDC_cert,0.0,1.786009807462295,0.001,0.9424034160019682
bimodal_blc,45090,LDC_PAC,0.0,1.8603314466850287,0.001,0.9544205647448581
bimodal_blc,45090,LDC_cert_pk,0.0,1.7900896312532057,0.001,0.943122103256409
bimodal_blc,45091,CP_PAC,0.0,2.4500069888190312,0.001,0.9952617581006504
bimodal_blc,45091,FH_PAC,-0.2028707215540623,2.272741275158562,0.001,0.9899338291962332
bimodal_blc,45091,FH_normal,-0.2028707215540623,1.9155794337582592,0.001,0.960826247811306
bimodal_blc,45091,HetLDC,0.0,2.2147544164121453,0.001,0.9872307991617333
bimodal_blc,45091,HetLDC_cert,0.0,2.2169691708285573,0.001,0.9873424204982095
bimodal_blc,45091,LDC_PAC,0.0,2.293257403789768,0.001,0.9907053144460475
bimodal_blc,45091,LDC_cert_pk,0.0,2.224300408975886,0.001,0.9877059087762224
bimodal_blc,45092,CP_PAC,0.0,1.9980629143724038,0.001,0.9713252334199356
bimodal_blc,45092,FH_PAC,0.193333635790778,1.68563859063043,0.001,0.9071357913997785
bimodal_blc,45092,FH_normal,0.193333635790778,1.3813366150302833,0.001,0.816875388860982
bimodal_blc,45092,HetLDC,0.0,1.7027439099706814,0.001,0.9261189810073591
bimodal_blc,45092,HetLDC_cert,0.0,1.7044466538806518,0.001,0.9264840494570273
bimodal_blc,45092,LDC_PAC,0.0,1.7804904146068912,0.001,0.9414197832722285
bimodal_blc,45092,LDC_cert_pk,0.0,1.7135738861875576,0.001,0.9284174102956496
bimodal_blc,45093,CP_PAC,0.0,2.6688543695747318,0.003,0.9983088306786161
bimodal_blc,45093,FH_PAC,0.12478472194224341,2.111912639248828,0.003,0.9765097444462193
bimodal_blc,45093,FH_normal,0.12478472194224341,1.754884675653437,0.003,0.9290530504702217
bimodal_blc,45093,HetLDC,0.0,2.4285435932315482,0.003,0.9947874642540041
bimodal_blc,45093,HetLDC_cert,0.0,2.4358292240112425,0.003,0.9949529920753152
bimodal_blc,45093,LDC_PAC,0.0,2.513202688224188,0.003,0.9964428893754615
bimodal_blc,45093,LDC_cert_pk,0.0,2.4431670153466345,0.003,0.9951149617944859
bimodal_blc,45094,CP_PAC,0.0,2.3705597565422827,0.001,0.9932886720226627
bimodal_blc,45094,FH_PAC,-0.038272112026313934,1.8933550400030896,0.001,0.9599887565210252
bimodal_blc,45094,FH_normal,-0.038272112026313934,1.587516866970671,0.001,0.8988540014945415
bimodal_blc,45094,HetLDC,0.0,2.1000244712216847,0.001,0.980161055001771
bimodal_blc,45094,HetLDC_cert,0.0,2.102124495692906,0.001,0.9803155028320828
bimodal_blc,45094,LDC_PAC,0.0,2.1759668417144464,0.001,0.9851334837291473
bimodal_blc,45094,LDC_cert_pk,0.0,2.1080830724621795,0.001,0.9807481868734802
bimodal_blc,45095,CP_PAC,0.0,2.672279996897151,0.003,0.9983372787532314
bimodal_blc,45095,FH_PAC,-0.16962547955840843,2.1694739290569296,0.003,0.9852304737158261
bimodal_blc,45095,FH_normal,-0.16962547955840843,1.8334235750075216,0.003,0.9499981944571413
bimodal_blc,45095,HetLDC,0.0,2.4294332322294814,0.003,0.9948079320357636
bimodal_blc,45095,HetLDC_cert,0.0,2.4367215319261697,0.003,0.9949729402208415
bimodal_blc,45095,LDC_PAC,0.0,2.516428527705617,0.003,0.9964953904286401
bimodal_blc,45095,LDC_cert_pk,0.0,2.4446624716661782,0.003,0.9951473980712137
bimodal_blc,45096,CP_PAC,0.0,2.0720856138997963,0.001,0.9780065372485891
bimodal_blc,45096,FH_PAC,-0.13844776633312017,1.8707342327288394,0.001,0.956658951798536
bimodal_blc,45096,FH_normal,-0.13844776633312017,1.507156427002166,0.001,0.8724442585027598
bimodal_blc,45096,HetLDC,0.0,1.7229189691274962,0.001,0.9303561777797767
bimodal_blc,45096,HetLDC_cert,0.0,1.7246418880966237,0.001,0.9307091581273049
bimodal_blc,45096,LDC_PAC,0.0,1.8006025012406068,0.001,0.944941452855995
bimodal_blc,45096,LDC_cert_pk,0.0,1.7296927197509882,0.001,0.9317359855139925
bimodal_blc,45097,CP_PAC,0.0,2.513548169955725,0.001,0.9964485456803379
bimodal_blc,45097,FH_PAC,0.08560658368381148,2.2457457836610737,0.001,0.986742521228345
bimodal_blc,45097,FH_normal,0.08560658368381148,1.8557738313167982,0.001,0.9496112345831472
bimodal_blc,45097,HetLDC,0.0,2.2328935978376703,0.001,0.9881204300312149
bimodal_blc,45097,HetLDC_cert,0.0,2.235126491435508,0.001,0.988226137298454
bimodal_blc,45097,LDC_PAC,0.0,2.307217718423345,0.001,0.9912278324944382
bimodal_blc,45097,LDC_cert_pk,0.0,2.243327903112943,0.001,0.9886074305017557
bimodal_blc,45098,CP_PAC,0.0,2.7275002034890212,0.003,0.9987396361490343
bimodal_blc,45098,FH_PAC,-0.19349977817332367,2.0816672689738906,0.003,0.978676664537518
bimodal_blc,45098,FH_normal,-0.19349977817332367,1.6944055811790462,0.003,0.9215390434452685
bimodal_blc,45098,HetLDC,0.0,2.4657582329746006,0.003,0.9955849562684023
bimodal_blc,45098,HetLDC_cert,0.0,2.4731555076735243,0.003,0.9957298344878981
bimodal_blc,45098,LDC_PAC,0.0,2.5529968134924816,0.003,0.9970437401302319
bimodal_blc,45098,LDC_cert_pk,0.0,2.4779449329363663,0.003,0.9958213574434573
bimodal_blc,45099,CP_PAC,0.0,2.421026237126369,0.001,0.994611630103671
bimodal_blc,45099,FH_PAC,0.23868424768231736,2.1423984261496916,0.001,0.9720663177840945
bimodal_blc,45099,FH_normal,0.23868424768231736,1.715646817143852,0.001,0.908048295946155
bimodal_blc,45099,HetLDC,0.0,2.124848899916497,0.001,0.981922530694056
bimodal_blc,45099,HetLDC_cert,0.0,2.1269737488164133,0.001,0.9820669127196422
bimodal_blc,45099,LDC_PAC,0.0,2.2067602731508984,0.001,0.9868207944565576
bimodal_blc,45099,LDC_cert_pk,0.0,2.137516929932048,0.001,0.9827688618787681
bimodal_blc,45100,CP_PAC,0.0,1.978778618818421,0.001,0.9693308786717951
bimodal_blc,45100,FH_PAC,0.1049100806353024,1.6990629910482262,0.001,0.9191836971286579
bimodal_blc,45100,FH_normal,0.1049100806353024,1.392916046142995,0.001,0.8295715533912252
bimodal_blc,45100,HetLDC,0.0,1.6442833356474014,0.001,0.9127256498373043
bimodal_blc,45100,HetLDC_cert,0.0,1.6459276189830485,0.001,0.9131256715643781
bimodal_blc,45100,LDC_PAC,0.0,1.7195205191064005,0.001,0.9296558620713186
bimodal_blc,45100,LDC_cert_pk,0.0,1.6512195625408164,0.001,0.9144037714706867
bimodal_blc,45101,CP_PAC,0.0,2.2728655988965913,0.001,0.9898932212076024
bimodal_blc,45101,FH_PAC,0.004626736928381045,2.0439945066243137,0.001,0.9755259561360974
bimodal_blc,45101,FH_normal,0.004626736928381045,1.730941741302525,0.001,0.931825869396728
bimodal_blc,45101,HetLDC,0.0,1.9995109024202697,0.001,0.9714705265288487
bimodal_blc,45101,HetLDC_cert,0.0,2.00151041332269,0.001,0.9716701532502872
bimodal_blc,45101,LDC_PAC,0.0,2.0717121660811317,0.001,0.9779764516221658
bimodal_blc,45101,LDC_cert_pk,0.0,2.0086288491013278,0.001,0.9723714314438955
bimodal_blc,45102,CP_PAC,0.0,2.422886704037671,0.001,0.9946556309005654
bimodal_blc,45102,FH_PAC,0.0335591232079832,2.089313997203406,0.001,0.9784510956029018
bimodal_blc,45102,FH_normal,0.0335591232079832,1.7138546775961865,0.001,0.9270719229269478
bimodal_blc,45102,HetLDC,0.0,2.1651994975977162,0.001,0.9845012149930905
bimodal_blc,45102,HetLDC_cert,0.0,2.1673646970953135,0.001,0.9846301787013988
bimodal_blc,45102,LDC_PAC,0.0,2.2390812707625782,0.001,0.9884113594533265
bimodal_blc,45102,LDC_cert_pk,0.0,2.1764312740094773,0.001,0.9851602496058423
bimodal_blc,45103,CP_PAC,0.0,2.4618229195545425,0.001,0.9955061074802981
bimodal_blc,45103,FH_PAC,0.11232362942791645,1.9028949127417165,0.001,0.9546954906347794
bimodal_blc,45103,FH_normal,0.11232362942791645,1.5693475956405718,0.001,0.8862625471662128
bimodal_blc,45103,HetLDC,0.0,2.2227096624672456,0.001,0.9876278153856036
bimodal_blc,45103,HetLDC_cert,0.0,2.2249323721297127,0.001,0.9877368146447646
bimodal_blc,45103,LDC_PAC,0.0,2.3043173602574596,0.001,0.9911214438683581
bimodal_blc,45103,LDC_cert_pk,0.0,2.2351910630939558,0.001,0.9882291820075622
bimodal_blc,45104,CP_PAC,0.0,2.1998496364992572,0.001,0.9864572490348225
bimodal_blc,45104,FH_PAC,0.0024285465913122138,2.0506813977845058,0.001,0.9761644621153784
bimodal_blc,45104,FH_normal,0.0024285465913122138,1.7087786438313664,0.001,0.9273227183846426
bimodal_blc,45104,HetLDC,0.0,1.8885583366089542,0.001,0.9584188610399156
bimodal_blc,45104,HetLDC_cert,0.0,1.8904468949455628,0.001,0.9586758938184092
bimodal_blc,45104,LDC_PAC,0.0,1.9603042342606418,0.001,0.9673138992077597
bimodal_blc,45104,LDC_cert_pk,0.0,1.893345165034033,0.001,0.9590678415942373
bimodal_blc,45105,CP_PAC,0.0,2.5479247162504954,0.003,0.9969726104594885
bimodal_blc,45105,FH_PAC,0.028379020342485774,2.1506865776786603,0.003,0.9829548592709879
bimodal_blc,45105,FH_normal,0.028379020342485774,1.8593467173050955,0.003,0.9532152939620854
bimodal_blc,45105,HetLDC,0.0,2.3370464790107013,0.003,0.9922588127020733
bimodal_blc,45105,HetLDC_cert,0.0,2.3440576184477333,0.003,0.9924850854709178
bimodal_blc,45105,LDC_PAC,0.0,2.413257298309127,0.003,0.9944243949144856
bimodal_blc,45105,LDC_cert_pk,0.0,2.348343973347978,0.003,0.9926205350930905
bimodal_blc,45106,CP_PAC,0.0,2.179978848144445,0.001,0.9853633382685845
bimodal_blc,45106,FH_PAC,-0.044871527868566935,1.7974705998531106,0.001,0.9454744398650959
bimodal_blc,45106,FH_normal,-0.044871527868566935,1.5020976502607952,0.001,0.8733061444242696
bimodal_blc,45106,HetLDC,0.0,1.842951777133883,0.001,0.9518086764190313
bimodal_blc,45106,HetLDC_cert,0.0,1.8447947289110167,0.001,0.9520911992049944
bimodal_blc,45106,LDC_PAC,0.0,1.9108636728842923,0.001,0.961373189953284
bimodal_blc,45106,LDC_cert_pk,0.0,1.8493703045059249,0.001,0.9527868971000936
bimodal_blc,45107,CP_PAC,0.0,2.293060846553228,0.001,0.9906977673334434
bimodal_blc,45107,FH_PAC,0.16129712544943656,2.1086384868442014,0.001,0.974232976393366
bimodal_blc,45107,FH_normal,0.16129712544943656,1.767489485997794,0.001,0.9280560567319509
bimodal_blc,45107,HetLDC,0.0,2.024271802993301,0.001,0.9738617873355804
bimodal_blc,45107,HetLDC_cert,0.0,2.026296074796294,0.001,0.9740496420104605
bimodal_blc,45107,LDC_PAC,0.0,2.1048296101218678,0.001,0.9805129477899318
bimodal_blc,45107,LDC_cert_pk,0.0,2.0356079296400567,0.001,0.9748993093226594
bimodal_blc,45108,CP_PAC,0.0,2.6288392371694496,0.001,0.9979421460073651
bimodal_blc,45108,FH_PAC,0.07248761802086778,2.1356464545256393,0.001,0.9805671118936288
bimodal_blc,45108,FH_normal,0.07248761802086778,1.816002090609253,0.001,0.9440660495741802
bimodal_blc,45108,HetLDC,0.0,2.395695535553426,0.001,0.9939797242346953
bimodal_blc,45108,HetLDC_cert,0.0,2.398091231088979,0.001,0.9940421781145258
bimodal_blc,45108,LDC_PAC,0.0,2.475521299731407,0.001,0.9957752647474809
bimodal_blc,45108,LDC_cert_pk,0.0,2.4057118578435372,0.001,0.9942370422166025
bimodal_blc,45109,CP_PAC,0.0,2.171645158424142,0.001,0.9848824239028823
bimodal_blc,45109,FH_PAC,0.1082082886797467,1.969837679966938,0.001,0.963517414797972
bimodal_blc,45109,FH_normal,0.1082082886797467,1.6373313475766247,0.001,0.9045317816943848
bimodal_blc,45109,HetLDC,0.0,1.8432171253690586,0.001,0.9518494360572414
bimodal_blc,45109,HetLDC_cert,0.0,1.8450603424944274,0.001,0.9521318079199567
bimodal_blc,45109,LDC_PAC,0.0,1.9195756719264943,0.001,0.9624796186830238
bimodal_blc,45109,LDC_cert_pk,0.0,1.8454467572154398,0.001,0.9521908362531115
bimodal_blc,45110,CP_PAC,0.0,2.3564525408007744,0.001,0.9928708979662151
bimodal_blc,45110,FH_PAC,0.1914606538124677,1.9725328299916225,0.001,0.9576965297042092
bimodal_blc,45110,FH_normal,0.1914606538124677,1.660322843274762,0.001,0.9014098424755962
bimodal_blc,45110,HetLDC,0.0,2.0459914384371887,0.001,0.9758191471524712
bimodal_blc,45110,HetLDC_cert,0.0,2.0480374298756256,0.001,0.9759970156156026
bimodal_blc,45110,LDC_PAC,0.0,2.132336887208362,0.001,0.9824269699428386
bimodal_blc,45110,LDC_cert_pk,0.0,2.0560208441270467,0.001,0.9766805789077085
bimodal_blc,45111,CP_PAC,0.0,2.328485061611725,0.001,0.9919743995492324
bimodal_blc,45111,FH_PAC,0.0961202838464573,1.8787855040581287,0.001,0.9523649571099961
bimodal_blc,45111,FH_normal,0.0961202838464573,1.5796752659044637,0.001,0.890500393080267
bimodal_blc,45111,HetLDC,0.0,2.082162294571483,0.001,0.9788053349943435
bimodal_blc,45111,HetLDC_cert,0.0,2.0842444568660543,0.001,0.9789672975318592
bimodal_blc,45111,LDC_PAC,0.0,2.1518411414024583,0.001,0.9836848599402049
bimodal_blc,45111,LDC_cert_pk,0.0,2.0827738107244658,0.001,0.9788530112361089
bimodal_blc,45112,CP_PAC,0.0,2.689864148054412,0.003,0.9984765691029086
bimodal_blc,45112,FH_PAC,0.024771992715420115,2.361549438871297,0.003,0.9926974223743401
bimodal_blc,45112,FH_normal,0.024771992715420115,1.9803946211184447,0.003,0.9687227116280703
bimodal_blc,45112,HetLDC,0.0,2.4703378796769595,0.003,0.9956751586391178
bimodal_blc,45112,HetLDC_cert,0.0,2.47774889331599,0.003,0.9958176459345974
bimodal_blc,45112,LDC_PAC,0.0,2.5476946965312868,0.003,0.9969693485214827
bimodal_blc,45112,LDC_cert_pk,0.0,2.4846443164469147,0.003,0.9959464371106924
bimodal_blc,45113,CP_PAC,0.0,2.6618256553336836,0.003,0.9982490701988034
bimodal_blc,45113,FH_PAC,-0.08424211177204084,2.1812994921067275,0.003,0.9863605529879056
bimodal_blc,45113,FH_normal,-0.08424211177204084,1.898914263926811,0.003,0.9611276590363018
bimodal_blc,45113,HetLDC,0.0,2.4497427340988223,0.003,0.9952561606112584
bimodal_blc,45113,HetLDC_cert,0.0,2.4570919623011185,0.003,0.9954096556655271
bimodal_blc,45113,LDC_PAC,0.0,2.535183398817889,0.003,0.9967870880958689
bimodal_blc,45113,LDC_cert_pk,0.0,2.4632140966348874,0.003,0.9955341238215649
bimodal_blc,45114,CP_PAC,0.0,2.464052029207715,0.001,0.9955509232947419
bimodal_blc,45114,FH_PAC,0.08654062506293579,2.126640671291738,0.001,0.9793791155893666
bimodal_blc,45114,FH_normal,0.08654062506293579,1.7547270310750085,0.001,0.9320709355611431
bimodal_blc,45114,HetLDC,0.0,2.1854687721615798,0.001,0.9856729093033751
bimodal_blc,45114,HetLDC_cert,0.0,2.187654240933741,0.001,0.9857945683015549
bimodal_blc,45114,LDC_PAC,0.0,2.261784583585354,0.001,0.9894265014749086
bimodal_blc,45114,LDC_cert_pk,0.0,2.199424413764014,0.001,0.9864345997047268
bimodal_blc,45115,CP_PAC,0.0,2.429352523721875,0.001,0.9948060781395289
bimodal_blc,45115,FH_PAC,-0.12946741047957125,1.645260045627832,0.001,0.9128807112770281
bimodal_blc,45115,FH_normal,-0.12946741047957125,1.3356387559854832,0.001,0.8074542626002016
bimodal_blc,45115,HetLDC,0.0,2.1376970333805954,0.001,0.982780646135668
bimodal_blc,45115,HetLDC_cert,0.0,2.1398347304139755,0.001,0.9829199919473621
bimodal_blc,45115,LDC_PAC,0.0,2.2143496656985975,0.001,0.9872103084365176
bimodal_blc,45115,LDC_cert_pk,0.0,2.1498778086523718,0.001,0.9835618280182031
bimodal_blc,45116,CP_PAC,0.0,2.530929344213257,0.003,0.9967229077169091
bimodal_blc,45116,FH_PAC,-0.26952870334397677,2.046218571185942,0.003,0.972738419101742
bimodal_blc,45116,FH_normal,-0.26952870334397677,1.7723505086923859,0.003,0.9325610879675253
bimodal_blc,45116,HetLDC,0.0,2.29896813783737,0.003,0.9909222619444571
bimodal_blc,45116,HetLDC_cert,0.0,2.3058650422508817,0.003,0.9911783544514469
bimodal_blc,45116,LDC_PAC,0.0,2.383321661944331,0.003,0.9936478270935252
bimodal_blc,45116,LDC_cert_pk,0.0,2.3123995331657317,0.003,0.9914151302495713
bimodal_blc,45117,CP_PAC,0.0,2.2454202312274134,0.001,0.9887029716679756
bimodal_blc,45117,FH_PAC,-0.041693261040792,2.0417987801221047,0.001,0.9762655649659694
bimodal_blc,45117,FH_normal,-0.041693261040792,1.7816777115342637,0.001,0.9426563212698346
bimodal_blc,45117,HetLDC,0.0,2.006711986067966,0.001,0.9721840284739494
bimodal_blc,45117,HetLDC_cert,0.0,2.0087186980540337,0.001,0.9723801896917407
bimodal_blc,45117,LDC_PAC,0.0,2.075077788967267,0.001,0.9782463423502156
bimodal_blc,45117,LDC_cert_pk,0.0,2.0189981260178467,0.001,0.9733670392172726
bimodal_blc,45118,CP_PAC,0.0,2.416546049058093,0.001,0.9945043488925572
bimodal_blc,45118,FH_PAC,0.06543821192100246,1.8944303094718697,0.001,0.956428474391868
bimodal_blc,45118,FH_normal,0.06543821192100246,1.577114441508348,0.001,0.8920343886790121
bimodal_blc,45118,HetLDC,0.0,2.136882236217226,0.001,0.9827272786516327
bimodal_blc,45118,HetLDC_cert,0.0,2.139019118453443,0.001,0.9828669403284754
bimodal_blc,45118,LDC_PAC,0.0,2.218178242381156,0.001,0.9874029996431883
bimodal_blc,45118,LDC_cert_pk,0.0,2.147227291178162,0.001,0.9833944751927767
bimodal_blc,45119,CP_PAC,0.0,2.3114439466246584,0.001,0.9913808563042635
bimodal_blc,45119,FH_PAC,0.12876087589966542,1.9663755624674593,0.001,0.9617766727048123
bimodal_blc,45119,FH_normal,0.12876087589966542,1.6287077530052803,0.001,0.9005077095747744
bimodal_blc,45119,HetLDC,0.0,2.059473286811709,0.001,0.9769710741186618
bimodal_blc,45119,HetLDC_cert,0.0,2.0615327600985203,0.001,0.9771429071367546
bimodal_blc,45119,LDC_PAC,0.0,2.1360928023089025,0.001,0.9826754377867299
bimodal_blc,45119,LDC_cert_pk,0.0,2.0703162178236165,0.001,0.977863683831394
bimodal_blc,45120,CP_PAC,0.0,2.3023047177840694,0.001,0.9910469553238013
bimodal_blc,45120,FH_PAC,0.22693721912488088,1.8211353782339557,0.001,0.9308255298670158
bimodal_blc,45120,FH_normal,0.22693721912488088,1.4867224299767938,0.001,0.8483988237282882
bimodal_blc,45120,HetLDC,0.0,2.0544110239825746,0.001,0.9765440752583626
bimodal_blc,45120,HetLDC_cert,0.0,2.056465435006557,0.001,0.9767181597186965
bimodal_blc,45120,LDC_PAC,0.0,2.1276468951634824,0.001,0.9821124470674147
bimodal_blc,45120,LDC_cert_pk,0.0,2.0671596300853725,0.001,0.9776068906616605
bimodal_blc,45121,CP_PAC,0.0,2.549243505547181,0.001,0.9969912514587792
bimodal_blc,45121,FH_PAC,-0.23518905345457247,2.1034758682749,0.001,0.9791945697630042
bimodal_blc,45121,FH_normal,-0.23518905345457247,1.7772693937182966,0.001,0.9363506965005153
bimodal_blc,45121,HetLDC,0.0,2.301373778728027,0.001,0.9910123163296783
bimodal_blc,45121,HetLDC_cert,0.0,2.3036751525067545,0.001,0.9910977347188138
bimodal_blc,45121,LDC_PAC,0.0,2.386144843601862,0.001,0.99372494443722
bimodal_blc,45121,LDC_cert_pk,0.0,2.3130628891178167,0.001,0.9914388524814955
bimodal_blc,45122,CP_PAC,0.0,2.4416661132172663,0.001,0.9950822134379547
bimodal_blc,45122,FH_PAC,-0.0011896528180936011,1.9171777746438485,0.001,0.9622133015412844
bimodal_blc,45122,FH_normal,-0.0011896528180936011,1.6087610972590278,0.001,0.9037814830772068
bimodal_blc,45122,HetLDC,0.0,2.1644657755924777,0.001,0.9844573029556052
bimodal_blc,45122,HetLDC_cert,0.0,2.16663024136807,0.001,0.9845865365973477
bimodal_blc,45122,LDC_PAC,0.0,2.2412362676096906,0.001,0.9885112205899146
bimodal_blc,45122,LDC_cert_pk,0.0,2.177568892619077,0.001,0.9852256372478416
bimodal_blc,45123,CP_PAC,0.0,2.379391321515556,0.003,0.9935390716405671
bimodal_blc,45123,FH_PAC,0.01760964116319628,2.003085824964799,0.003,0.9713103408892526
bimodal_blc,45123,FH_normal,0.01760964116319628,1.6988555587519716,0.003,0.924608828801107
bimodal_blc,45123,HetLDC,0.0,2.1306608201911788,0.003,0.9823151146284911
bimodal_blc,45123,HetLDC_cert,0.0,2.137052802651752,0.003,0.9827384620620372
bimodal_blc,45123,LDC_PAC,0.0,2.213247491225759,0.003,0.9871543661046883
bimodal_blc,45123,LDC_cert_pk,0.0,2.142012368636379,0.003,0.9830609498276656
bimodal_blc,45124,CP_PAC,0.0,2.2569229169048763,0.001,0.9892158824470785
bimodal_blc,45124,FH_PAC,0.03545121509000042,1.995989665820237,0.001,0.9699720157632962
bimodal_blc,45124,FH_normal,0.03545121509000042,1.684848306699883,0.001,0.9206957775970372
bimodal_blc,45124,HetLDC,0.0,1.9676916445305423,0.001,0.9681331863244882
bimodal_blc,45124,HetLDC_cert,0.0,1.9696593361750725,0.001,0.9683485260730642
bimodal_blc,45124,LDC_PAC,0.0,2.042273249291395,0.001,0.97549307283394
bimodal_blc,45124,LDC_cert_pk,0.0,1.9753491769611347,0.001,0.9689644534037611
bimodal_blc,45125,CP_PAC,0.0,2.8030265116990334,0.003,0.9991465914619113
bimodal_blc,45125,FH_PAC,0.10938170807211336,2.0309293888471376,0.003,0.9700494562875567
bimodal_blc,45125,FH_normal,0.10938170807211336,1.7018210419448048,0.003,0.9194122660978569
bimodal_blc,45125,HetLDC,0.0,2.582458332241741,0.003,0.9974279449746125
bimodal_blc,45125,HetLDC_cert,0.0,2.5902057072384665,0.003,0.9975211906028368
bimodal_blc,45125,LDC_PAC,0.0,2.6696663114154946,0.003,0.9983156131843557
bimodal_blc,45125,LDC_cert_pk,0.0,2.595521151397224,0.003,0.9975833878740128
bimodal_blc,45126,CP_PAC,0.0,2.5568096848650566,0.001,0.9970962161665187
bimodal_blc,45126,FH_PAC,-0.020886287316956326,2.063804535086625,0.001,0.9777798404238355
bimodal_blc,45126,FH_normal,-0.020886287316956326,1.6972103565065157,0.001,0.9255254812008874
bimodal_blc,45126,HetLDC,0.0,2.30267180214467,0.001,0.9910605818827646
bimodal_blc,45126,HetLDC_cert,0.0,2.3049744739468143,0.001,0.991145646073064
bimodal_blc,45126,LDC_PAC,0.0,2.378277406242239,0.001,0.9935079509374669
bimodal_blc,45126,LDC_cert_pk,0.0,2.313056097472315,0.001,0.9914386098973085
bimodal_blc,45127,CP_PAC,0.0,2.0850446314174436,0.001,0.979029260652758
bimodal_blc,45127,FH_PAC,0.05229939589274876,1.7662191599155594,0.001,0.9364512019311252
bimodal_blc,45127,FH_normal,0.05229939589274876,1.4381718049272596,0.001,0.8492026853694188
bimodal_blc,45127,HetLDC,0.0,1.75111762686007,0.001,0.9359613443221948
bimodal_blc,45127,HetLDC_cert,0.0,1.75286874448693,0.001,0.9362974864485942
bimodal_blc,45127,LDC_PAC,0.0,1.8276489452681224,0.001,0.9494109325671206
bimodal_blc,45127,LDC_cert_pk,0.0,1.7588271216237075,0.001,0.937430960127897
bimodal_blc,45128,CP_PAC,0.0,2.3205687450527215,0.001,0.9917032915590536
bimodal_blc,45128,FH_PAC,0.050733449047039116,1.982991678523232,0.001,0.9679876641942802
bimodal_blc,45128,FH_normal,0.050733449047039116,1.6837919666760688,0.001,0.9196260536369724
bimodal_blc,45128,HetLDC,0.0,2.0544134293878518,0.001,0.9765442797233577
bimodal_blc,45128,HetLDC_cert,0.0,2.056467842817239,0.001,0.9767183631096539
bimodal_blc,45128,LDC_PAC,0.0,2.13007945875148,0.001,0.9822761748675879
bimodal_blc,45128,LDC_cert_pk,0.0,2.066537025398411,0.001,0.9775559454178792
bimodal_blc,45129,CP_PAC,0.0,2.5648389996653096,0.001,0.9972039880798196
bimodal_blc,45129,FH_PAC,0.010820852601542506,2.1450295035544276,0.001,0.9830204578962745
bimodal_blc,45129,FH_normal,0.010820852601542506,1.8020457529128135,0.001,0.9448029595524524
bimodal_blc,45129,HetLDC,0.0,2.312671303346017,0.001,0.9914248559645161
bimodal_blc,45129,HetLDC_cert,0.0,2.314983974649363,0.001,0.9915072284401303
bimodal_blc,45129,LDC_PAC,0.0,2.4007425498595887,0.001,0.9941106262147452
bimodal_blc,45129,LDC_cert_pk,0.0,2.3237374791017467,0.001,0.9918127601639276
bimodal_blc,45130,CP_PAC,0.0,2.5821805927355155,0.003,0.9974245441247163
bimodal_blc,45130,FH_PAC,-0.12988610595500644,1.8561410135304979,0.003,0.9546728977044867
bimodal_blc,45130,FH_normal,-0.12988610595500644,1.5426536239249486,0.003,0.884214799219804
bimodal_blc,45130,HetLDC,0.0,2.3614782417869598,0.003,0.9930222875595546
bimodal_blc,45130,HetLDC_cert,0.0,2.36856267651232,0.003,0.9932308751993207
bimodal_blc,45130,LDC_PAC,0.0,2.445702622698108,0.003,0.9951698455941567
bimodal_blc,45130,LDC_cert_pk,0.0,2.3744758204920373,0.003,0.9934007418821861
bimodal_blc,45131,CP_PAC,0.0,2.30764670276845,0.001,0.9912434729878763
bimodal_blc,45131,FH_PAC,0.05100391067320148,1.9267323517255308,0.001,0.9614119105731284
bimodal_blc,45131,FH_normal,0.05100391067320148,1.623848402079826,0.001,0.9053118487789167
bimodal_blc,45131,HetLDC,0.0,2.0040045424314084,0.001,0.9719175312293042
bimodal_blc,45131,HetLDC_cert,0.0,2.006008546973839,0.001,0.9721149914030643
bimodal_blc,45131,LDC_PAC,0.0,2.0881728368209624,0.001,0.9792700197117185
bimodal_blc,45131,LDC_cert_pk,0.0,2.013212451510215,0.001,0.9728152870964795
bimodal_blc,45132,CP_PAC,0.0,2.3890497369141226,0.001,0.9938034281549657
bimodal_blc,45132,FH_PAC,0.11465644785953572,1.8465498137735175,0.001,0.9461334700871641
bimodal_blc,45132,FH_normal,0.11465644785953572,1.5632135045454556,0.001,0.8843283056297337
bimodal_blc,45132,HetLDC,0.0,2.154519611359953,0.001,0.9838514341759937
bimodal_blc,45132,HetLDC_cert,0.0,2.156674130971313,0.001,0.9839843650476372
bimodal_blc,45132,LDC_PAC,0.0,2.2362001505314857,0.001,0.9882766742787614
bimodal_blc,45132,LDC_cert_pk,0.0,2.1650508580915067,0.001,0.9844923277724028
bimodal_blc,45133,CP_PAC,0.0,2.33757193688855,0.001,0.992275976291647
bimodal_blc,45133,FH_PAC,-0.15267121997614516,2.082523241084301,0.001,0.9795405050873943
bimodal_blc,45133,FH_normal,-0.15267121997614516,1.7616724192073978,0.001,0.9378399701749054
bimodal_blc,45133,HetLDC,0.0,2.091630825634843,0.001,0.9795334336376186
bimodal_blc,45133,HetLDC_cert,0.0,2.093722456460478,0.001,0.9796913844810627
bimodal_blc,45133,LDC_PAC,0.0,2.160238666638858,0.001,0.9842022338174248
bimodal_blc,45133,LDC_cert_pk,0.0,2.101578029617074,0.001,0.9802754111170675
bimodal_blc,45134,CP_PAC,0.0,2.2795633141260625,0.001,0.990166525614613
bimodal_blc,45134,FH_PAC,0.12592378797735573,1.8031250640495948,0.001,0.937940840660561
bimodal_blc,45134,FH_normal,0.12592378797735573,1.509058945514669,0.001,0.8672535608343832
bimodal_blc,45134,HetLDC,0.0,2.0080995013984775,0.001,0.9723197849814964
bimodal_blc,45134,HetLDC_cert,0.0,2.010107600899876,0.001,0.9725152823811871
bimodal_blc,45134,LDC_PAC,0.0,2.0778171192875945,0.001,0.9784639440296018
bimodal_blc,45134,LDC_cert_pk,0.0,2.019115198463484,0.001,0.9733781066063867
bimodal_blc,45135,CP_PAC,0.0,2.786296012755231,0.003,0.9990685810585209
bimodal_blc,45135,FH_PAC,-0.18785620114458468,2.077198771394809,0.003,0.9784507748511438
bimodal_blc,45135,FH_normal,-0.18785620114458468,1.7681041517739553,0.003,0.9375325850241244
bimodal_blc,45135,HetLDC,0.0,2.5604676521186183,0.003,0.9971457701663167
bimodal_blc,45135,HetLDC_cert,0.0,2.568149055074974,0.003,0.9972473571456912
bimodal_blc,45135,LDC_PAC,0.0,2.653731803048548,0.003,0.9981778796431715
bimodal_blc,45135,LDC_cert_pk,0.0,2.574805051063426,0.003,0.9973327340807066
bimodal_blc,45136,CP_PAC,0.0,2.760510162736341,0.003,0.9989354578315888
bimodal_blc,45136,FH_PAC,0.1512473201753666,1.9676273588436692,0.003,0.9603230323431241
bimodal_blc,45136,FH_normal,0.1512473201753666,1.6462369846588583,0.003,0.9025860893310386
bimodal_blc,45136,HetLDC,0.0,2.544557010928061,0.003,0.9969245356826314
bimodal_blc,45136,HetLDC_cert,0.0,2.552190681960845,0.003,0.9970325367006543
bimodal_blc,45136,LDC_PAC,0.0,2.629172772008589,0.003,0.9979454793168893
bimodal_blc,45136,LDC_cert_pk,0.0,2.561118170862635,0.003,0.9971545024278231
bimodal_blc,45137,CP_PAC,0.0,3.0311701808752503,0.003,0.9997568326028405
bimodal_blc,45137,FH_PAC,-0.036667705815938305,2.112002537965644,0.003,0.9816823360220616
bimodal_blc,45137,FH_normal,-0.036667705815938305,1.7868890014682752,0.003,0.9434990752485458
bimodal_blc,45137,HetLDC,0.0,2.827005545977509,0.003,0.9992479673137651
bimodal_blc,45137,HetLDC_cert,0.0,2.8354865626154413,0.003,0.9992810833956826
bimodal_blc,45137,LDC_PAC,0.0,2.917178180041986,0.003,0.9995379376805938
bimodal_blc,45137,LDC_cert_pk,0.0,2.8455394483595855,0.003,0.9993185958162338
bimodal_blc,45138,CP_PAC,0.0,2.308325093456451,0.001,0.9912681568188925
bimodal_blc,45138,FH_PAC,-0.09447525211171379,1.9758403579019912,0.001,0.9702713930473243
bimodal_blc,45138,FH_normal,-0.09447525211171379,1.6565087772848168,0.001,0.9165305086121204
bimodal_blc,45138,HetLDC,0.0,2.0130358981753,0.001,0.97279830125954
bimodal_blc,45138,HetLDC_cert,0.0,2.0150489340734747,0.001,0.9729914473110713
bimodal_blc,45138,LDC_PAC,0.0,2.088786707655582,0.001,0.9793169900099034
bimodal_blc,45138,LDC_cert_pk,0.0,2.025145543165099,0.001,0.9739430103804549
bimodal_blc,45139,CP_PAC,0.0,2.501386828514317,0.001,0.9962445077614938
bimodal_blc,45139,FH_PAC,-0.13411809631671673,2.1634387289964594,0.001,0.9852495180797197
bimodal_blc,45139,FH_normal,-0.13411809631671673,1.777710997406389,0.001,0.9414531130790039
bimodal_blc,45139,HetLDC,0.0,2.266986262360454,0.001,0.9896478767315858
bimodal_blc,45139,HetLDC_cert,0.0,2.2692532486228143,0.001,0.9897430858424776
bimodal_blc,45139,LDC_PAC,0.0,2.3413500003923358,0.001,0.992398400925849
bimodal_blc,45139,LDC_cert_pk,0.0,2.2791043739387966,0.001,0.9901480062495525
bimodal_blc,45140,CP_PAC,0.0,2.3722503411013856,0.001,0.9933372576580685
bimodal_blc,45140,FH_PAC,0.05475076983621201,1.9011715898526724,0.001,0.9579029187128737
bimodal_blc,45140,FH_normal,0.05475076983621201,1.6078089178400308,0.001,0.9009625981134883
bimodal_blc,45140,HetLDC,0.0,2.096544411280718,0.001,0.9799028485530539
bimodal_blc,45140,HetLDC_cert,0.0,2.0986409556919985,0.001,0.9800587426680771
bimodal_blc,45140,LDC_PAC,0.0,2.177518650705369,0.001,0.9852227546963243
bimodal_blc,45140,LDC_cert_pk,0.0,2.1091603345870875,0.001,0.9808255439836959
bimodal_blc,45141,CP_PAC,0.0,2.6128126273224,0.003,0.9977760827484892
bimodal_blc,45141,FH_PAC,-0.0025925210039227224,2.0613170883200396,0.003,0.977186948289313
bimodal_blc,45141,FH_normal,-0.0025925210039227224,1.7371469813052745,0.003,0.9333164365881952
bimodal_blc,45141,HetLDC,0.0,2.3902365562203487,0.003,0.9938352425907555
bimodal_blc,45141,HetLDC_cert,0.0,2.3974072658890093,0.003,0.9940244064882294
bimodal_blc,45141,LDC_PAC,0.0,2.4747156388823703,0.003,0.9957598423803327
bimodal_blc,45141,LDC_cert_pk,0.0,2.4042391921543906,0.003,0.994199831776084
bimodal_blc,45142,CP_PAC,0.0,2.3140781635588525,0.001,0.9914750483778665
bimodal_blc,45142,FH_PAC,0.06721708944516973,1.8174223714396862,0.001,0.9446254303031307
bimodal_blc,45142,FH_normal,0.06721708944516973,1.5169161789046295,0.001,0.8743199727438994
bimodal_blc,45142,HetLDC,0.0,2.0226308218948024,0.001,0.973708669373596
bimodal_blc,45142,HetLDC_cert,0.0,2.0246534527166973,0.001,0.9738972915597935
bimodal_blc,45142,LDC_PAC,0.0,2.093992619245839,0.001,0.9797117104836263
bimodal_blc,45142,LDC_cert_pk,0.0,2.029999072014611,0.001,0.9743903624919829
bimodal_blc,45143,CP_PAC,0.0,2.796638949698167,0.003,0.9991175450365313
bimodal_blc,45143,FH_PAC,0.07648783515294702,2.2975709134053255,0.003,0.9893830120741535
bimodal_blc,45143,FH_normal,0.07648783515294702,1.9600703581167618,0.003,0.9641841630235618
bimodal_blc,45143,HetLDC,0.0,2.5966379793171575,0.003,0.9975962754214195
bimodal_blc,45143,HetLDC_cert,0.0,2.6044278932551084,0.003,0.9976844520409056
bimodal_blc,45143,LDC_PAC,0.0,2.677798917687499,0.003,0.9983821959136604
bimodal_blc,45143,LDC_cert_pk,0.0,2.609893742740904,0.003,0.9977445636361326
bimodal_blc,45144,CP_PAC,0.0,2.095969920506893,0.001,0.9798599508719879
bimodal_blc,45144,FH_PAC,-0.17695849383054685,1.7933003025315057,0.001,0.9427905697749944
bimodal_blc,45144,FH_normal,-0.17695849383054685,1.4250596426625137,0.001,0.840351211957849
bimodal_blc,45144,HetLDC,0.0,1.7150019983613638,0.001,0.9287163488358265
bimodal_blc,45144,HetLDC_cert,0.0,1.716717000359725,0.001,0.9290740704859896
bimodal_blc,45144,LDC_PAC,0.0,1.7883836392398207,0.001,0.9428224464603294
bimodal_blc,45144,LDC_cert_pk,0.0,1.7213988072293336,0.001,0.9300435868467234
bimodal_blc,45145,CP_PAC,0.0,2.295582143592886,0.001,0.9907941710757632
bimodal_blc,45145,FH_PAC,0.15159195387365346,1.9099811542119962,0.001,0.9527084844692959
bimodal_blc,45145,FH_normal,0.15159195387365346,1.5748650487115277,0.001,0.8839443878661543
bimodal_blc,45145,HetLDC,0.0,1.9736346905717712,0.001,0.9687799122320995
bimodal_blc,45145,HetLDC_cert,0.0,1.9756083252623426,0.001,0.9689922685275744
bimodal_blc,45145,LDC_PAC,0.0,2.0456122643634034,0.001,0.9757860623635682
bimodal_blc,45145,LDC_cert_pk,0.0,1.9806373101870614,0.001,0.9695279727124086
bimodal_blc,45146,CP_PAC,0.0,2.2881491656171313,0.001,0.9905074283498193
bimodal_blc,45146,FH_PAC,0.053919928382649904,1.8533705634285838,0.001,0.951099570843046
bimodal_blc,45146,FH_normal,0.053919928382649904,1.4874810617412058,0.001,0.8657992024552272
bimodal_blc,45146,HetLDC,0.0,1.9787982905684338,0.001,0.96933297016031
bimodal_blc,45146,HetLDC_cert,0.0,1.9807770888590022,0.001,0.9695427522114342
bimodal_blc,45146,LDC_PAC,0.0,2.0549788904782944,0.001,0.9765923036441568
bimodal_blc,45146,LDC_cert_pk,0.0,1.9892379921644352,0.001,0.9704263708581371
bimodal_blc,45147,CP_PAC,0.0,2.4578166904276895,0.003,0.9954245496874449
bimodal_blc,45147,FH_PAC,0.0037903380159090504,1.9040498351263375,0.003,0.9603709515518932
bimodal_blc,45147,FH_normal,0.0037903380159090504,1.5930804746465292,0.003,0.8994457959249247
bimodal_blc,45147,HetLDC,0.0,2.198793021288379,0.003,0.9864009085526214
bimodal_blc,45147,HetLDC_cert,0.0,2.2053894003522436,0.003,0.9867493549437292
bimodal_blc,45147,LDC_PAC,0.0,2.2713613927276484,0.003,0.9898309382565897
bimodal_blc,45147,LDC_cert_pk,0.0,2.210117479923181,0.003,0.9869943436587053
bimodal_blc,45148,CP_PAC,0.0,2.325630513717524,0.003,0.9918775511164278
bimodal_blc,45148,FH_PAC,-0.1727960797847881,2.0096700590720067,0.003,0.9727194368575373
bimodal_blc,45148,FH_normal,-0.1727960797847881,1.6951910450806182,0.003,0.9229260909251951
bimodal_blc,45148,HetLDC,0.0,2.101228814098773,0.003,0.9802497545060572
bimodal_blc,45148,HetLDC_cert,0.0,2.1075325005410694,0.003,0.9807085485936
bimodal_blc,45148,LDC_PAC,0.0,2.1768384410335466,0.003,0.9851836811278468
bimodal_blc,45148,LDC_cert_pk,0.0,2.113239617543452,0.003,0.9811160841260019
bimodal_blc,45149,CP_PAC,0.0,2.541438537784962,0.001,0.9968794074496709
bimodal_blc,45149,FH_PAC,-0.1936995023215959,2.1322655221727285,0.001,0.9824391926690799
bimodal_blc,45149,FH_normal,-0.1936995023215959,1.7860119579646085,0.001,0.9406359616288397
bimodal_blc,45149,HetLDC,0.0,2.2995421271351515,0.001,0.9909438204597995
bimodal_blc,45149,HetLDC_cert,0.0,2.3018416692622865,0.001,0.9910297405433199
bimodal_blc,45149,LDC_PAC,0.0,2.378839231744944,0.001,0.9935236638080653
bimodal_blc,45149,LDC_cert_pk,0.0,2.312053616424127,0.001,0.9914027371014154
t3_not_LC,46000,CP_PAC,0.0,2.5716837558873475,0.001,0.9789400614423429
t3_not_LC,46000,FH_PAC,0.09455206707549421,2.164895890674205,0.001,0.9666083466780991
t3_not_LC,46000,FH_normal,0.09455206707549421,1.8279165518855056,0.001,0.9488550536876942
t3_not_LC,46000,HetLDC,0.0,2.3315799317310706,0.001,0.9726843220594288
t3_not_LC,46000,HetLDC_cert,0.0,2.3339115116628015,0.001,0.9727558637724021
t3_not_LC,46000,LDC_PAC,0.0,2.407149383780863,0.001,0.9748852123940668
t3_not_LC,46000,LDC_cert_pk,0.0,2.3449890491031558,0.001,0.9730924869495654
t3_not_LC,46001,CP_PAC,0.0,1.813547868237236,0.003,0.9483827475554893
t3_not_LC,46001,FH_PAC,-0.10234432424536018,1.3375799885064,0.003,0.8949589615334105
t3_not_LC,46001,FH_normal,-0.10234432424536018,0.9633953346841214,0.003,0.8026282130283565
t3_not_LC,46001,HetLDC,0.0,1.3634520687904135,0.003,0.9007412321711437
t3_not_LC,46001,HetLDC_cert,0.0,1.3675424249967847,0.003,0.9013759047542578
t3_not_LC,46001,LDC_PAC,0.0,1.4007719612214031,0.003,0.9063529596808335
t3_not_LC,46001,LDC_cert_pk,0.0,1.332780442373792,0.003,0.8958206793373202
t3_not_LC,46002,CP_PAC,0.0,1.9681824588408725,0.001,0.9578181269056993
t3_not_LC,46002,FH_PAC,0.1732400575257117,1.8080049643986345,0.001,0.9462014553276713
t3_not_LC,46002,FH_normal,0.1732400575257117,1.4493613323164602,0.001,0.9093310690235562
t3_not_LC,46002,HetLDC,0.0,1.5941165036053366,0.001,0.9299116592289842
t3_not_LC,46002,HetLDC_cert,0.0,1.5957106201089417,0.001,0.9300732826796607
t3_not_LC,46002,LDC_PAC,0.0,1.66328110050655,0.001,0.9365169777801765
t3_not_LC,46002,LDC_cert_pk,0.0,1.6014314364954152,0.001,0.9306494998992743
t3_not_LC,46003,CP_PAC,0.0,2.3692590367087982,0.001,0.9738114786481662
t3_not_LC,46003,FH_PAC,-0.1008860228355722,2.1214752447535066,0.001,0.9647780820975473
t3_not_LC,46003,FH_normal,-0.1008860228355722,1.7898488880008199,0.001,0.9460821036530056
t3_not_LC,46003,HetLDC,0.0,2.1059585311368783,0.001,0.9644486932440863
t3_not_LC,46003,HetLDC_cert,0.0,2.1080644896680147,0.001,0.96453931711318
t3_not_LC,46003,LDC_PAC,0.0,2.1895219144333447,0.001,0.9678287410254347
t3_not_LC,46003,LDC_cert_pk,0.0,2.1176434973764415,0.001,0.9649478150248434
t3_not_LC,46004,CP_PAC,0.0,2.4613003767859936,0.001,0.9763231734981517
t3_not_LC,46004,FH_PAC,-0.03308683348730528,2.321294233883659,0.001,0.9723409864303078
t3_not_LC,46004,FH_normal,-0.03308683348730528,1.9657583097386209,0.001,0.9576402985601101
t3_not_LC,46004,HetLDC,0.0,2.167895183425117,0.001,0.9669949129238284
t3_not_LC,46004,HetLDC_cert,0.0,2.1700630786085418,0.001,0.9670797367702053
t3_not_LC,46004,LDC_PAC,0.0,2.243470065912864,0.001,0.9697940656385218
t3_not_LC,46004,LDC_cert_pk,0.0,2.177883304216857,0.001,0.9673834093534346
t3_not_LC,46005,CP_PAC,0.0,2.5700232335654216,0.001,0.9789035468094445
t3_not_LC,46005,FH_PAC,0.11062824768480542,2.466552216857603,0.001,0.9762399449838589
t3_not_LC,46005,FH_normal,0.11062824768480542,2.0795518806821183,0.001,0.9628557624119632
t3_not_LC,46005,HetLDC,0.0,2.3099885247536265,0.001,0.9720101832563259
t3_not_LC,46005,HetLDC_cert,0.0,2.31229851327838,0.001,0.9720833227640484
t3_not_LC,46005,LDC_PAC,0.0,2.3905683031816483,0.001,0.9744224632792042
t3_not_LC,46005,LDC_cert_pk,0.0,2.324206605173168,0.001,0.9724564822826098
t3_not_LC,46006,CP_PAC,0.0,2.5353745238168357,0.001,0.9781225651459255
t3_not_LC,46006,FH_PAC,-0.07986993848474279,1.9362450242110811,0.001,0.9557668087854518
t3_not_LC,46006,FH_normal,-0.07986993848474279,1.5205896296304457,0.001,0.9212443931366311
t3_not_LC,46006,HetLDC,0.0,2.2904738716971043,0.001,0.9713823554659671
t3_not_LC,46006,HetLDC_cert,0.0,2.292764345568801,0.001,0.9714569770931174
t3_not_LC,46006,LDC_PAC,0.0,2.3731631887815747,0.001,0.9739248164929348
t3_not_LC,46006,LDC_cert_pk,0.0,2.300249474849427,0.001,0.9716990971480637
t3_not_LC,46007,CP_PAC,0.0,2.91492091115666,0.003,0.9850122217106645
t3_not_LC,46007,FH_PAC,0.01959051482126463,1.9581822100501434,0.003,0.9572607920655948
t3_not_LC,46007,FH_normal,0.01959051482126463,1.6505219446501844,0.003,0.9353275964722213
t3_not_LC,46007,HetLDC,0.0,2.7227502131544443,0.003,0.9819456757346754
t3_not_LC,46007,HetLDC_cert,0.0,2.7309184637939072,0.003,0.9820918285031892
t3_not_LC,46007,LDC_PAC,0.0,2.805300649968446,0.003,0.9833545241022024
t3_not_LC,46007,LDC_cert_pk,0.0,2.7393949691861987,0.003,0.9822418754083024
t3_not_LC,46008,CP_PAC,0.0,2.2349122291613286,0.001,0.9694927968651759
t3_not_LC,46008,FH_PAC,0.1460603886249769,1.5889408306402217,0.001,0.9273961496186193
t3_not_LC,46008,FH_normal,0.1460603886249769,1.2181675009461304,0.001,0.8702733186121652
t3_not_LC,46008,HetLDC,0.0,1.9282581682288735,0.001,0.9556072812378369
t3_not_LC,46008,HetLDC_cert,0.0,1.930186426397102,0.001,0.9557173951478923
t3_not_LC,46008,LDC_PAC,0.0,2.0071669810738206,0.001,0.9598436016344873
t3_not_LC,46008,LDC_cert_pk,0.0,1.9401894802002937,0.001,0.9562830932248634
t3_not_LC,46009,CP_PAC,0.0,2.965067199434861,0.003,0.985698904738213
t3_not_LC,46009,FH_PAC,0.2979754020900338,2.40612724352352,0.003,0.973074617167635
t3_not_LC,46009,FH_normal,0.2979754020900338,2.0707098878683836,0.003,0.959626188460307
t3_not_LC,46009,HetLDC,0.0,2.7723605011843864,0.003,0.9828101153450499
t3_not_LC,46009,HetLDC_cert,0.0,2.780677582687939,0.003,0.9829497332734454
t3_not_LC,46009,LDC_PAC,0.0,2.8674593302459366,0.003,0.9843221865966156
t3_not_LC,46009,LDC_cert_pk,0.0,2.7898907873814105,0.003,0.9831026774787301
t3_not_LC,46010,CP_PAC,0.0,1.853449833475932,0.003,0.9510538158541124
t3_not_LC,46010,FH_PAC,-0.07981193248644262,1.5661815590670283,0.003,0.9263839753629024
t3_not_LC,46010,FH_normal,-0.07981193248644262,1.231441115155601,0.003,0.8760717853747158
t3_not_LC,46010,HetLDC,0.0,1.4570587076795907,0.003,0.914102634011235
t3_not_LC,46010,HetLDC_cert,0.0,1.4614298838026292,0.003,0.914670949273102
t3_not_LC,46010,LDC_PAC,0.0,1.5186861377864085,0.003,0.9217045680165312
t3_not_LC,46010,LDC_cert_pk,0.0,1.461221284929523,0.003,0.9146439335810257
t3_not_LC,46011,CP_PAC,0.0,2.222470583883203,0.001,0.9690478851508528
t3_not_LC,46011,FH_PAC,-0.01565621711639718,2.0118908718905097,0.001,0.9600707880229873
t3_not_LC,46011,FH_normal,-0.01565621711639718,1.7026090444721709,0.001,0.9399093383832507
t3_not_LC,46011,HetLDC,0.0,1.9399058402894582,0.001,0.9562671794513793
t3_not_LC,46011,HetLDC_cert,0.0,1.9418457461297476,0.001,0.9563758722796576
t3_not_LC,46011,LDC_PAC,0.0,2.0110975819352697,0.001,0.9600408860716065
t3_not_LC,46011,LDC_cert_pk,0.0,1.9501925904724429,0.001,0.9568396514401549
t3_not_LC,46012,CP_PAC,0.0,2.4514797280767926,0.001,0.976070437009392
t3_not_LC,46012,FH_PAC,0.16169480445419895,1.7384875274557892,0.001,0.9410444507696641
t3_not_LC,46012,FH_normal,0.16169480445419895,1.4518001234537399,0.001,0.910159423460603
t3_not_LC,46012,HetLDC,0.0,2.219129553348758,0.001,0.9689269936659539
t3_not_LC,46012,HetLDC_cert,0.0,2.2213486829021067,0.001,0.9690073578376988
t3_not_LC,46012,LDC_PAC,0.0,2.294635918309166,0.001,0.9715177655642895
t3_not_LC,46012,LDC_cert_pk,0.0,2.230482191907258,0.001,0.9693353263299735
t3_not_LC,46013,CP_PAC,0.0,1.9701280518975337,0.001,0.9579222518747927
t3_not_LC,46013,FH_PAC,0.04373752643371625,1.820671878262628,0.001,0.9487624058917308
t3_not_LC,46013,FH_normal,0.04373752643371625,1.4035191728756884,0.001,0.9064893659521016
t3_not_LC,46013,HetLDC,0.0,1.6219503850699248,0.001,0.9326682397340675
t3_not_LC,46013,HetLDC_cert,0.0,1.6235723354549947,0.001,0.9328246741585993
t3_not_LC,46013,LDC_PAC,0.0,1.6967010263643625,0.001,0.9394298585543821
t3_not_LC,46013,LDC_cert_pk,0.0,1.6298573757270083,0.001,0.9334265952335699
t3_not_LC,46014,CP_PAC,0.0,2.512712773467846,0.001,0.9775914412306004
t3_not_LC,46014,FH_PAC,0.13107049057292142,1.7282266002498297,0.001,0.9408249355540487
t3_not_LC,46014,FH_normal,0.13107049057292142,1.4732077625447297,0.001,0.9141432763096778
t3_not_LC,46014,HetLDC,0.0,2.2555819722507118,0.001,0.9702139519864412
t3_not_LC,46014,HetLDC_cert,0.0,2.2578375542229625,0.001,0.9702913168624712
t3_not_LC,46014,LDC_PAC,0.0,2.3372596141547586,0.001,0.972858174759367
t3_not_LC,46014,LDC_cert_pk,0.0,2.2685010519856244,0.001,0.970653591337094
t3_not_LC,46015,CP_PAC,0.0,2.5468713808244883,0.001,0.9783857923187054
t3_not_LC,46015,FH_PAC,-0.025701918806257648,2.8472299892122,0.001,0.9840091564170157
t3_not_LC,46015,FH_normal,-0.025701918806257648,2.4610324980571665,0.001,0.9763045421923017
t3_not_LC,46015,HetLDC,0.0,2.3105315242762474,0.001,0.9720273980117788
t3_not_LC,46015,HetLDC_cert,0.0,2.3128420558005236,0.001,0.9721004968003764
t3_not_LC,46015,LDC_PAC,0.0,2.3839244856160056,0.001,0.9742339608699366
t3_not_LC,46015,LDC_cert_pk,0.0,2.3207339394013333,0.001,0.9723483273565217
t3_not_LC,46016,CP_PAC,0.0,2.39048663155416,0.001,0.9744201568599968
t3_not_LC,46016,FH_PAC,0.026725589132967697,2.0180268640844528,0.001,0.9603575531272492
t3_not_LC,46016,FH_normal,0.026725589132967697,1.6978535821595935,0.001,0.9394745267310229
t3_not_LC,46016,HetLDC,0.0,2.1367842441098728,0.001,0.9657462087390494
t3_not_LC,46016,HetLDC_cert,0.0,2.138921028353982,0.001,0.9658338878410591
t3_not_LC,46016,LDC_PAC,0.0,2.2091391379553436,0.001,0.9685618677967922
t3_not_LC,46016,LDC_cert_pk,0.0,2.1480119681995533,0.001,0.9662037232776515
t3_not_LC,46017,CP_PAC,0.0,2.2742291473057357,0.001,0.9708458506911739
t3_not_LC,46017,FH_PAC,-0.04268355623863431,1.798480933090479,0.001,0.9472164901003641
t3_not_LC,46017,FH_normal,-0.04268355623863431,1.4578944676853443,0.001,0.9139899583207219
t3_not_LC,46017,HetLDC,0.0,2.0044177615901204,0.001,0.9597048754374404
t3_not_LC,46017,HetLDC_cert,0.0,2.0064221793517105,0.001,0.959806078918719
t3_not_LC,46017,LDC_PAC,0.0,2.072955037560042,0.001,0.9629890278666728
t3_not_LC,46017,LDC_cert_pk,0.0,2.0129814710240552,0.001,0.960135004530374
t3_not_LC,46018,CP_PAC,0.0,2.2513636600873648,0.001,0.9700685707613956
t3_not_LC,46018,FH_PAC,0.1898173239622687,1.5854487813409703,0.001,0.9256242106104456
t3_not_LC,46018,FH_normal,0.1898173239622687,1.2502766629743562,0.001,0.8741447395755282
t3_not_LC,46018,HetLDC,0.0,1.9338559750637327,0.001,0.9559259904391744
t3_not_LC,46018,HetLDC_cert,0.0,1.9357898310387964,0.001,0.9560354186718758
t3_not_LC,46018,LDC_PAC,0.0,2.0062088074133184,0.001,0.9597953211273951
t3_not_LC,46018,LDC_cert_pk,0.0,1.9394849597941857,0.001,0.9562435521640975
t3_not_LC,46019,CP_PAC,0.0,2.2888258934005057,0.001,0.9713285104999934
t3_not_LC,46019,FH_PAC,0.03603677802547542,1.653402703761908,0.001,0.9355175087160037
t3_not_LC,46019,FH_normal,0.03603677802547542,1.3670273800823534,0.001,0.901104684395049
t3_not_LC,46019,HetLDC,0.0,2.0420286190441113,0.001,0.9615510771384586
t3_not_LC,46019,HetLDC_cert,0.0,2.044070647663155,0.001,0.9616481975740745
t3_not_LC,46019,LDC_PAC,0.0,2.1151906035924233,0.001,0.9648437867215003
t3_not_LC,46019,LDC_cert_pk,0.0,2.0534245688147204,0.001,0.9620890992806541
t3_not_LC,46020,CP_PAC,0.0,2.1172829754230493,0.001,0.9649325498319254
t3_not_LC,46020,FH_PAC,0.11734875784443732,1.6241520949199795,0.001,0.9316912039341764
t3_not_LC,46020,FH_normal,0.11734875784443732,1.3394183436978149,0.001,0.8947455286271805
t3_not_LC,46020,HetLDC,0.0,1.8285238055400461,0.001,0.9494063240869575
t3_not_LC,46020,HetLDC_cert,0.0,1.830352329345586,0.001,0.9495295388940503
t3_not_LC,46020,LDC_PAC,0.0,1.9015245531381033,0.001,0.954044245374855
t3_not_LC,46020,LDC_cert_pk,0.0,1.837836575271397,0.001,0.9500299321714811
t3_not_LC,46021,CP_PAC,0.0,2.2682302627449986,0.001,0.9706444622044408
t3_not_LC,46021,FH_PAC,0.004388221252829394,1.8473628919539313,0.001,0.9506567749995128
t3_not_LC,46021,FH_normal,0.004388221252829394,1.5120882966651634,0.001,0.9209293791473914
t3_not_LC,46021,HetLDC,0.0,1.971453176339503,0.001,0.9579929833618146
t3_not_LC,46021,HetLDC_cert,0.0,1.9734246295158422,0.001,0.9580979346012155
t3_not_LC,46021,LDC_PAC,0.0,2.0525051848868903,0.001,0.9620460511517614
t3_not_LC,46021,LDC_cert_pk,0.0,1.9785356223736015,0.001,0.9583684723183978
t3_not_LC,46022,CP_PAC,0.0,2.761260534622048,0.003,0.9826214561606159
t3_not_LC,46022,FH_PAC,0.2944765249884132,1.9213785447163088,0.003,0.9509761608725436
t3_not_LC,46022,FH_normal,0.2944765249884132,1.5855337925883777,0.003,0.9206897578520598
t3_not_LC,46022,HetLDC,0.0,2.5388909679488663,0.003,0.9782035145787715
t3_not_LC,46022,HetLDC_cert,0.0,2.5465076408527123,0.003,0.9783775272830209
t3_not_LC,46022,LDC_PAC,0.0,2.6298874432883452,0.003,0.9801698019542902
t3_not_LC,46022,LDC_cert_pk,0.0,2.5534840800082095,0.003,0.9785353379436332
t3_not_LC,46023,CP_PAC,0.0,2.277551099054899,0.001,0.9709566080444156
t3_not_LC,46023,FH_PAC,0.019197077158350354,1.4630252439315603,0.001,0.9148328822139586
t3_not_LC,46023,FH_normal,0.019197077158350354,1.1525640834983684,0.001,0.860087646590162
t3_not_LC,46023,HetLDC,0.0,1.9952292170772332,0.001,0.9592367695170645
t3_not_LC,46023,HetLDC_cert,0.0,1.9972244462943103,0.001,0.9593390014272201
t3_not_LC,46023,LDC_PAC,0.0,2.075982989523949,0.001,0.9631260993975619
t3_not_LC,46023,LDC_cert_pk,0.0,2.008017539585811,0.001,0.9598863977849712
t3_not_LC,46024,CP_PAC,0.0,2.547792794366538,0.003,0.9784067107249208
t3_not_LC,46024,FH_PAC,0.030915265935815506,2.100688104055873,0.003,0.9641883470359155
t3_not_LC,46024,FH_normal,0.030915265935815506,1.7619313340481229,0.003,0.9445865766446411
t3_not_LC,46024,HetLDC,0.0,2.334452690444383,0.003,0.9727724346738658
t3_not_LC,46024,HetLDC_cert,0.0,2.341456048515716,0.003,0.9729857112551019
t3_not_LC,46024,LDC_PAC,0.0,2.4131323489936167,0.003,0.9750495321147941
t3_not_LC,46024,LDC_cert_pk,0.0,2.3453464299557125,0.003,0.9731032575484135
t3_not_LC,46025,CP_PAC,0.0,2.435378706753008,0.001,0.9756484821707578
t3_not_LC,46025,FH_PAC,0.11250665201800747,1.5383930788432125,0.001,0.922652866246224
t3_not_LC,46025,FH_normal,0.11250665201800747,1.2403804702403405,0.001,0.8766547036795977
t3_not_LC,46025,HetLDC,0.0,2.1871336043481384,0.001,0.9677379950721727
t3_not_LC,46025,HetLDC_cert,0.0,2.189320737952486,0.001,0.9678211097795277
t3_not_LC,46025,LDC_PAC,0.0,2.2653254906689755,0.001,0.9705463034780255
t3_not_LC,46025,LDC_cert_pk,0.0,2.197780427417319,0.001,0.9681400189863105
t3_not_LC,46026,CP_PAC,0.0,2.3015672093133417,0.001,0.9717414477802215
t3_not_LC,46026,FH_PAC,-0.2902698979686311,2.156970646826505,0.001,0.9639311611247258
t3_not_LC,46026,FH_normal,-0.2902698979686311,1.7977074666899375,0.001,0.9420217973983404
t3_not_LC,46026,HetLDC,0.0,2.0321745296245988,0.001,0.9610779759678363
t3_not_LC,46026,HetLDC_cert,0.0,2.034206704154223,0.001,0.9611761468315172
t3_not_LC,46026,LDC_PAC,0.0,2.1126377082972114,0.001,0.9647350976468656
t3_not_LC,46026,LDC_cert_pk,0.0,2.0430508614828273,0.001,0.961599734922236
t3_not_LC,46027,CP_PAC,0.0,2.606883142515125,0.003,0.9796951849157747
t3_not_LC,46027,FH_PAC,-0.06784851687527747,1.9987365955509833,0.003,0.9592279581240546
t3_not_LC,46027,FH_normal,-0.06784851687527747,1.6376446511836122,0.003,0.9337777914809737
t3_not_LC,46027,HetLDC,0.0,2.381384102104476,0.003,0.9741614101808269
t3_not_LC,46027,HetLDC_cert,0.0,2.3885282544107893,0.003,0.9743647715637076
t3_not_LC,46027,LDC_PAC,0.0,2.469099549680399,0.003,0.9765214343552853
t3_not_LC,46027,LDC_cert_pk,0.0,2.3959379924452473,0.003,0.9745735173368715
t3_not_LC,46028,CP_PAC,0.0,2.0786528237395263,0.001,0.9632464220641144
t3_not_LC,46028,FH_PAC,0.009552215313135189,1.9115261470250386,0.001,0.9546326494187837
t3_not_LC,46028,FH_normal,0.009552215313135189,1.5485142051398875,0.001,0.9250761004204794
t3_not_LC,46028,HetLDC,0.0,1.798277860573468,0.001,0.9473120297030868
t3_not_LC,46028,HetLDC_cert,0.0,1.8000761384340411,0.001,0.9474395685310477
t3_not_LC,46028,LDC_PAC,0.0,1.8668309468651907,0.001,0.9519103002598568
t3_not_LC,46028,LDC_cert_pk,0.0,1.8085127982753872,0.001,0.9480327508492445
t3_not_LC,46029,CP_PAC,0.0,2.553446021472167,0.001,0.9785344810926668
t3_not_LC,46029,FH_PAC,-0.016732211191483153,1.935731441880185,0.001,0.956019217619084
t3_not_LC,46029,FH_normal,-0.016732211191483153,1.5971991930968723,0.001,0.9301983549975574
t3_not_LC,46029,HetLDC,0.0,2.291911684126478,0.001,0.9714292274094287
t3_not_LC,46029,HetLDC_cert,0.0,2.294203595810604,0.001,0.9715037385813494
t3_not_LC,46029,LDC_PAC,0.0,2.3751486146482197,0.001,0.9739822110301981
t3_not_LC,46029,LDC_cert_pk,0.0,2.305510073439444,0.001,0.9718676813134854
t3_not_LC,46030,CP_PAC,0.0,2.680234193856599,0.003,0.9811593961553726
t3_not_LC,46030,FH_PAC,-0.017085331938932084,1.8234898979271015,0.003,0.9490483929107677
t3_not_LC,46030,FH_normal,-0.017085331938932084,1.4949165807057052,0.003,0.9188419346876523
t3_not_LC,46030,HetLDC,0.0,2.432731547875557,0.003,0.9755781914510235
t3_not_LC,46030,HetLDC_cert,0.0,2.440029742519183,0.003,0.9757713508610553
t3_not_LC,46030,LDC_PAC,0.0,2.5239188236951784,0.003,0.9778561383536306
t3_not_LC,46030,LDC_cert_pk,0.0,2.447153572816982,0.003,0.9759579966655378
t3_not_LC,46031,CP_PAC,0.0,2.370785153672688,0.001,0.9738558574070502
t3_not_LC,46031,FH_PAC,-0.061036471253546276,1.9823058121594026,0.001,0.9584094252810438
t3_not_LC,46031,FH_normal,-0.061036471253546276,1.6844762291271766,0.001,0.9381009526466141
t3_not_LC,46031,HetLDC,0.0,2.1443509844202473,0.001,0.9660554073787153
t3_not_LC,46031,HetLDC_cert,0.0,2.1464953354046674,0.001,0.9661423814298915
t3_not_LC,46031,LDC_PAC,0.0,2.219104121443934,0.001,0.9689260711187422
t3_not_LC,46031,LDC_cert_pk,0.0,2.1557035611609523,0.001,0.9665126366705432
t3_not_LC,46032,CP_PAC,0.0,2.470463541704848,0.001,0.9765558873711149
t3_not_LC,46032,FH_PAC,0.09958261327372957,1.960776712155913,0.001,0.9569818184747271
t3_not_LC,46032,FH_normal,0.09958261327372957,1.6325942586801634,0.001,0.9328462013166152
t3_not_LC,46032,HetLDC,0.0,2.193223505024744,0.001,0.9679687405662265
t3_not_LC,46032,HetLDC_cert,0.0,2.1954167285297688,0.001,0.968051323007878
t3_not_LC,46032,LDC_PAC,0.0,2.267669792157083,0.001,0.970625555428617
t3_not_LC,46032,LDC_cert_pk,0.0,2.204764142968713,0.001,0.9684002391347724
t3_not_LC,46033,CP_PAC,0.0,2.5388674291412157,0.001,0.9782029739996161
t3_not_LC,46033,FH_PAC,0.12387714168215609,1.8847539912703977,0.001,0.9522430409449589
t3_not_LC,46033,FH_normal,0.12387714168215609,1.5373769427056319,0.001,0.9222562847880791
t3_not_LC,46033,HetLDC,0.0,2.307281017499508,0.001,0.9719241431645425
t3_not_LC,46033,HetLDC_cert,0.0,2.3095882985170078,0.001,0.9719974861239873
t3_not_LC,46033,LDC_PAC,0.0,2.390796785580798,0.001,0.974428914232248
t3_not_LC,46033,LDC_cert_pk,0.0,2.3197227141895365,0.001,0.9723167303571538
t3_not_LC,46034,CP_PAC,0.0,2.5339865875258543,0.001,0.9780905074015758
t3_not_LC,46034,FH_PAC,-0.07478315703100107,1.8077695326391017,0.001,0.9476490158098605
t3_not_LC,46034,FH_normal,-0.07478315703100107,1.4758400792201916,0.001,0.915855852350139
t3_not_LC,46034,HetLDC,0.0,2.2712977910471843,0.001,0.9707476648117737
t3_not_LC,46034,HetLDC_cert,0.0,2.2735690888382316,0.001,0.9708237790140057
t3_not_LC,46034,LDC_PAC,0.0,2.3570479588322115,0.001,0.9734528657139916
t3_not_LC,46034,LDC_cert_pk,0.0,2.284989662614668,0.001,0.9712026623587984
t3_not_LC,46035,CP_PAC,0.0,2.4227983712639776,0.001,0.9753120854820858
t3_not_LC,46035,FH_PAC,0.24263010577437896,1.5453157860421627,0.001,0.9186371520103843
t3_not_LC,46035,FH_normal,0.24263010577437896,1.2255815027016894,0.001,0.8641665637992016
t3_not_LC,46035,HetLDC,0.0,2.16180688133784,0.001,0.9667551920415125
t3_not_LC,46035,HetLDC_cert,0.0,2.1639686882191778,0.001,0.9668405656598398
t3_not_LC,46035,LDC_PAC,0.0,2.238999639104424,0.001,0.9696371684841312
t3_not_LC,46035,LDC_cert_pk,0.0,2.1733961646836475,0.001,0.9672096072758476
t3_not_LC,46036,CP_PAC,0.0,2.041494586860685,0.001,0.961525626439474
t3_not_LC,46036,FH_PAC,0.08544268221108896,1.5079318414172718,0.001,0.919638418072654
t3_not_LC,46036,FH_normal,0.08544268221108896,1.188492675480691,0.001,0.8667409846959093
t3_not_LC,46036,HetLDC,0.0,1.698216526691422,0.001,0.9395579431908241
t3_not_LC,46036,HetLDC_cert,0.0,1.6999147432181132,0.001,0.9397010675676538
t3_not_LC,46036,LDC_PAC,0.0,1.7740194877624744,0.001,0.9455528418955907
t3_not_LC,46036,LDC_cert_pk,0.0,1.7090421839769534,0.001,0.9404630895714761
t3_not_LC,46037,CP_PAC,0.0,2.1422126220299287,0.001,0.9659683911991939
t3_not_LC,46037,FH_PAC,0.07999123305545973,2.0353464515944526,0.001,0.9609867041699196
t3_not_LC,46037,FH_normal,0.07999123305545973,1.6988469207805,0.001,0.9391383027053377
t3_not_LC,46037,HetLDC,0.0,1.839402323985441,0.001,0.9501338238351196
t3_not_LC,46037,HetLDC_cert,0.0,1.841241726309426,0.001,0.95025552488415
t3_not_LC,46037,LDC_PAC,0.0,1.9089434132119052,0.001,0.9544849059153775
t3_not_LC,46037,LDC_cert_pk,0.0,1.8483009042988263,0.001,0.9507191149419996
t3_not_LC,46038,CP_PAC,0.0,2.0803447761216267,0.001,0.9633224145900305
t3_not_LC,46038,FH_PAC,-0.052187721185075565,1.4779624161186475,0.001,0.9164612746770753
t3_not_LC,46038,FH_normal,-0.052187721185075565,1.165397798365894,0.001,0.8625324738085584
t3_not_LC,46038,HetLDC,0.0,1.7731298647106672,0.001,0.9454869323540531
t3_not_LC,46038,HetLDC_cert,0.0,1.7749029945753776,0.001,0.9456181990821768
t3_not_LC,46038,LDC_PAC,0.0,1.8538124632204191,0.001,0.9510772797742804
t3_not_LC,46038,LDC_cert_pk,0.0,1.7842111647607346,0.001,0.9463008042990353
t3_not_LC,46039,CP_PAC,0.0,2.502728277822711,0.001,0.9773521401081782
t3_not_LC,46039,FH_PAC,-0.038249207599498236,2.1600809042981903,0.001,0.9666425651714037
t3_not_LC,46039,FH_normal,-0.038249207599498236,1.7745113007384454,0.001,0.9454966161797247
t3_not_LC,46039,HetLDC,0.0,2.242581206497268,0.001,0.9697629527052796
t3_not_LC,46039,HetLDC_cert,0.0,2.2448237877037656,0.001,0.969841371291567
t3_not_LC,46039,LDC_PAC,0.0,2.3279722977987105,0.001,0.9725731486821061
t3_not_LC,46039,LDC_cert_pk,0.0,2.2551116530108777,0.001,0.9701977877614847
t3_not_LC,46040,CP_PAC,0.0,2.360064343089407,0.001,0.9735420360822755
t3_not_LC,46040,FH_PAC,-0.011074641057793325,2.27154902354494,0.001,0.9707530611398035
t3_not_LC,46040,FH_normal,-0.011074641057793325,1.881077353130495,0.001,0.9527951557770338
t3_not_LC,46040,HetLDC,0.0,2.0806967709170547,0.001,0.9633381988983749
t3_not_LC,46040,HetLDC_cert,0.0,2.0827774676879716,0.001,0.9634313254371527
t3_not_LC,46040,LDC_PAC,0.0,2.166332968701748,0.001,0.9669336140437073
t3_not_LC,46040,LDC_cert_pk,0.0,2.0921384275803834,0.001,0.9638465794797035
t3_not_LC,46041,CP_PAC,0.0,2.280656183487624,0.001,0.9710596460956913
t3_not_LC,46041,FH_PAC,-0.16561862726937246,1.75012848350489,0.001,0.9419060518382606
t3_not_LC,46041,FH_normal,-0.16561862726937246,1.4467006638099262,0.001,0.9092854060998293
t3_not_LC,46041,HetLDC,0.0,1.9584943931345762,0.001,0.957294733719068
t3_not_LC,46041,HetLDC_cert,0.0,1.9604528875277105,0.001,0.9574012031780705
t3_not_LC,46041,LDC_PAC,0.0,2.032311617669517,0.001,0.9610846084021207
t3_not_LC,46041,LDC_cert_pk,0.0,1.967826364981637,0.001,0.9577990338950737
t3_not_LC,46042,CP_PAC,0.0,2.3030577817712734,0.001,0.9717892550114882
t3_not_LC,46042,FH_PAC,-0.014760842569631104,1.946737085654298,0.001,0.9566385849821741
t3_not_LC,46042,FH_normal,-0.014760842569631104,1.5734719791706968,0.001,0.9277552441322762
t3_not_LC,46042,HetLDC,0.0,2.0254099070229596,0.001,0.960748900536194
t3_not_LC,46042,HetLDC_cert,0.0,2.0274353169299824,0.001,0.9608478003666026
t3_not_LC,46042,LDC_PAC,0.0,2.0992322766465743,0.001,0.9641572581934221
t3_not_LC,46042,LDC_cert_pk,0.0,2.036716631076435,0.001,0.9612969618400369
t3_not_LC,46043,CP_PAC,0.0,1.944047615808447,0.001,0.9564988276913826
t3_not_LC,46043,FH_PAC,0.052355666637755004,1.3782208130670068,0.001,0.9026146016835678
t3_not_LC,46043,FH_normal,0.052355666637755004,1.0808469364579933,0.001,0.8413316605642978
t3_not_LC,46043,HetLDC,0.0,1.5977318227756068,0.001,0.9302775417401044
t3_not_LC,46043,HetLDC_cert,0.0,1.599329554598382,0.001,0.9304384808450974
t3_not_LC,46043,LDC_PAC,0.0,1.674240200715104,0.001,0.9374911050151649
t3_not_LC,46043,LDC_cert_pk,0.0,1.6049104075436182,0.001,0.9309970257512075
t3_not_LC,46044,CP_PAC,0.0,2.6264291657655385,0.003,0.9800993775451698
t3_not_LC,46044,FH_PAC,-0.1086923994245297,2.288257927186983,0.003,0.9710250646750055
t3_not_LC,46044,FH_normal,-0.1086923994245297,1.9848482035381696,0.003,0.9582021150090628
t3_not_LC,46044,HetLDC,0.0,2.412380543044531,0.003,0.9750289604388769
t3_not_LC,46044,HetLDC_cert,0.0,2.419617684673664,0.003,0.9752260854569146
t3_not_LC,46044,LDC_PAC,0.0,2.4876124919824756,0.003,0.976983528104812
t3_not_LC,46044,LDC_cert_pk,0.0,2.424321366797911,0.003,0.9753531280925505
t3_not_LC,46045,CP_PAC,0.0,1.8574675726552203,0.001,0.9513129911269258
t3_not_LC,46045,FH_PAC,-0.017429868644316532,1.2221059645838495,0.001,0.8753729645219013
t3_not_LC,46045,FH_normal,-0.017429868644316532,0.8165623094436721,0.001,0.7476782039746476
t3_not_LC,46045,HetLDC,0.0,1.4658617608334032,0.001,0.9152424479579087
t3_not_LC,46045,HetLDC_cert,0.0,1.4673276225942364,0.001,0.915430437655665
t3_not_LC,46045,LDC_PAC,0.0,1.538268982276413,0.001,0.923944820719967
t3_not_LC,46045,LDC_cert_pk,0.0,1.4748406174951443,0.001,0.9163859360884774
t3_not_LC,46046,CP_PAC,0.0,2.314097288535849,0.001,0.9721401058172026
t3_not_LC,46046,FH_PAC,-0.025423800481767043,2.4027794378145892,0.001,0.9747515809563995
t3_not_LC,46046,FH_normal,-0.025423800481767043,2.0460863893510237,0.001,0.9617196163752326
t3_not_LC,46046,HetLDC,0.0,2.050906732686837,0.001,0.96197105857652
t3_not_LC,46046,HetLDC_cert,0.0,2.0529576394195237,0.001,0.9620672441282181
t3_not_LC,46046,LDC_PAC,0.0,2.1241392268043846,0.001,0.9652214063243105
t3_not_LC,46046,LDC_cert_pk,0.0,2.062222001360701,0.001,0.9624978863046436
t3_not_LC,46047,CP_PAC,0.0,2.2032544049093827,0.001,0.9683442164423905
t3_not_LC,46047,FH_PAC,0.11676531197286631,1.7116076277971848,0.001,0.9396907230433178
t3_not_LC,46047,FH_normal,0.11676531197286631,1.3655078263900624,0.001,0.8990334215132371
t3_not_LC,46047,HetLDC,0.0,1.935308111189617,0.001,0.9560081925875095
t3_not_LC,46047,HetLDC_cert,0.0,1.9372434193008066,0.001,0.9561174437694342
t3_not_LC,46047,LDC_PAC,0.0,2.0082617106082057,0.001,0.9598986726053229
t3_not_LC,46047,LDC_cert_pk,0.0,1.9466926002031488,0.001,0.9566459460569043
t3_not_LC,46048,CP_PAC,0.0,2.4099599328567387,0.001,0.9749625763693652
t3_not_LC,46048,FH_PAC,0.09152588859623882,1.9334879300417573,0.001,0.9555163018162686
t3_not_LC,46048,FH_normal,0.09152588859623882,1.6058243840661275,0.001,0.9303381325397796
t3_not_LC,46048,HetLDC,0.0,2.1179498809000994,0.001,0.9649607812129808
t3_not_LC,46048,HetLDC_cert,0.0,2.1200678307809993,0.001,0.9650502455462968
t3_not_LC,46048,LDC_PAC,0.0,2.1966733603127264,0.001,0.9680985165158187
t3_not_LC,46048,LDC_cert_pk,0.0,2.1312549867307666,0.001,0.9655179851535101
t3_not_LC,46049,CP_PAC,0.0,2.4386070844918746,0.001,0.9757338529709396
t3_not_LC,46049,FH_PAC,0.21799033550935745,1.8634739072642037,0.001,0.9491334110641744
t3_not_LC,46049,FH_normal,0.21799033550935745,1.5074495429882409,0.001,0.9150797801491364
t3_not_LC,46049,HetLDC,0.0,2.1918722771923154,0.001,0.9679177258688676
t3_not_LC,46049,HetLDC_cert,0.0,2.1940641494695075,0.001,0.9680004260501289
t3_not_LC,46049,LDC_PAC,0.0,2.2683284430907418,0.001,0.9706477725856462
t3_not_LC,46049,LDC_cert_pk,0.0,2.2037794700534703,0.001,0.9683637147669313
t3_not_LC,46050,CP_PAC,0.0,2.0741551496922312,0.001,0.963043433115645
t3_not_LC,46050,FH_PAC,-0.06063659909430129,1.6293254049225794,0.001,0.9330629584932062
t3_not_LC,46050,FH_normal,-0.06063659909430129,1.3352647625138427,0.001,0.8956492101882243
t3_not_LC,46050,HetLDC,0.0,1.7359804991868748,0.001,0.9426427678758782
t3_not_LC,46050,HetLDC_cert,0.0,1.7377164796860614,0.001,0.9427797704588023
t3_not_LC,46050,LDC_PAC,0.0,1.8181037540095204,0.001,0.9486968767828314
t3_not_LC,46050,LDC_cert_pk,0.0,1.746334507375185,0.001,0.9434538487560193
t3_not_LC,46051,CP_PAC,0.0,2.1021833751806946,0.001,0.9642854978957367
t3_not_LC,46051,FH_PAC,-0.025003833918550707,1.6842841298481743,0.001,0.9383200379729201
t3_not_LC,46051,FH_normal,-0.025003833918550707,1.3084867533724565,0.001,0.8916079916182845
t3_not_LC,46051,HetLDC,0.0,1.8086771175559766,0.001,0.9480442201331964
t3_not_LC,46051,HetLDC_cert,0.0,1.8104857946735324,0.001,0.9481702528905009
t3_not_LC,46051,LDC_PAC,0.0,1.8879636541289992,0.001,0.9532246990838984
t3_not_LC,46051,LDC_cert_pk,0.0,1.8186135649367259,0.001,0.9487318781372203
t3_not_LC,46052,CP_PAC,0.0,2.135074264143383,0.001,0.9656758352537553
t3_not_LC,46052,FH_PAC,0.192361184062145,1.4880371512494597,0.001,0.9137487850392401
t3_not_LC,46052,FH_normal,0.192361184062145,1.1473772280387056,0.001,0.8501448484983145
t3_not_LC,46052,HetLDC,0.0,1.763169946484264,0.001,0.9447421333687096
t3_not_LC,46052,HetLDC_cert,0.0,1.7649331164307482,0.001,0.9448749107462939
t3_not_LC,46052,LDC_PAC,0.0,1.8387549437952089,0.001,0.9500909015203987
t3_not_LC,46052,LDC_cert_pk,0.0,1.7699269341343253,0.001,0.9452488037106936
t3_not_LC,46053,CP_PAC,0.0,2.5188185374116485,0.001,0.9777361694166586
t3_not_LC,46053,FH_PAC,0.16189842497687754,1.9523461173567593,0.001,0.955777841721641
t3_not_LC,46053,FH_normal,0.16189842497687754,1.5974301157324509,0.001,0.9278432642238001
t3_not_LC,46053,HetLDC,0.0,2.2427263669536224,0.001,0.9697680365985053
t3_not_LC,46053,HetLDC_cert,0.0,2.244969093320576,0.001,0.9698464433227814
t3_not_LC,46053,LDC_PAC,0.0,2.3277355074710604,0.001,0.9725658313570706
t3_not_LC,46053,LDC_cert_pk,0.0,2.2584134293423204,0.001,0.9703110275859075
t3_not_LC,46054,CP_PAC,0.0,2.1666480913243378,0.001,0.966945990702273
t3_not_LC,46054,FH_PAC,-0.04241166285500692,1.848908334148578,0.001,0.9506605090580269
t3_not_LC,46054,FH_normal,-0.04241166285500692,1.5372881401659555,0.001,0.923649293053973
t3_not_LC,46054,HetLDC,0.0,1.8926759698217959,0.001,0.9535115687990225
t3_not_LC,46054,HetLDC_cert,0.0,1.8945686457916173,0.001,0.9536261610747601
t3_not_LC,46054,LDC_PAC,0.0,1.960584211537098,0.001,0.9574083302607557
t3_not_LC,46054,LDC_cert_pk,0.0,1.904009231887625,0.001,0.9541924284714867
t3_not_LC,46055,CP_PAC,0.0,1.8687637109624333,0.001,0.9520324392824651
t3_not_LC,46055,FH_PAC,-0.009759783234794513,1.3981914055802114,0.001,0.9059644389473246
t3_not_LC,46055,FH_normal,-0.009759783234794513,1.070113575245697,0.001,0.8391078478555242
t3_not_LC,46055,HetLDC,0.0,1.5110488123914407,0.001,0.9208088090058557
t3_not_LC,46055,HetLDC_cert,0.0,1.512559861203832,0.001,0.9209870353869054
t3_not_LC,46055,LDC_PAC,0.0,1.5792638267830457,0.001,0.928383247243348
t3_not_LC,46055,LDC_cert_pk,0.0,1.5188272839483887,0.001,0.9217210045453506
t3_not_LC,46056,CP_PAC,0.0,2.3266855137394358,0.001,0.9725333540122052
t3_not_LC,46056,FH_PAC,0.06312659039674738,2.396699383064227,0.001,0.9745154678808399
t3_not_LC,46056,FH_normal,0.06312659039674738,1.9757702789646496,0.001,0.9580521046556159
t3_not_LC,46056,HetLDC,0.0,2.0328323953530996,0.001,0.9611097909343465
t3_not_LC,46056,HetLDC_cert,0.0,2.0348652277484525,0.001,0.961207891248641
t3_not_LC,46056,LDC_PAC,0.0,2.1054009193811245,0.001,0.9644246484626706
t3_not_LC,46056,LDC_cert_pk,0.0,2.0376414263899445,0.001,0.9613413558864683
t3_not_LC,46057,CP_PAC,0.0,2.165693564438074,0.001,0.9669084827486045
t3_not_LC,46057,FH_PAC,-0.017319599406912595,1.6999623866762665,0.001,0.9396830120759672
t3_not_LC,46057,FH_normal,-0.017319599406912595,1.3408190721961637,0.001,0.8970915949259342
t3_not_LC,46057,HetLDC,0.0,1.8305400969249872,0.001,0.9495421701264628
t3_not_LC,46057,HetLDC_cert,0.0,1.8323706370219122,0.001,0.9496651027308329
t3_not_LC,46057,LDC_PAC,0.0,1.9143148976326265,0.001,0.954800618941468
t3_not_LC,46057,LDC_cert_pk,0.0,1.8422957902322736,0.001,0.9503250962116769
t3_not_LC,46058,CP_PAC,0.0,2.561203119099731,0.003,0.9787082130052294
t3_not_LC,46058,FH_PAC,0.043854048383188474,1.6199232347655315,0.003,0.9323053010006712
t3_not_LC,46058,FH_normal,0.043854048383188474,1.1931026946893655,0.003,0.8689116762225184
t3_not_LC,46058,HetLDC,0.0,2.299436264849346,0.003,0.9716729206597912
t3_not_LC,46058,HetLDC_cert,0.0,2.306334573643894,0.003,0.9718939864749885
t3_not_LC,46058,LDC_PAC,0.0,2.3823640637036796,0.003,0.9741894280290269
t3_not_LC,46058,LDC_cert_pk,0.0,2.3125871639517395,0.003,0.9720924448061703
t3_not_LC,46059,CP_PAC,0.0,2.6205457683609015,0.003,0.9799788209032734
t3_not_LC,46059,FH_PAC,0.041738526365457905,1.8897460961055559,0.003,0.9532456470121337
t3_not_LC,46059,FH_normal,0.041738526365457905,1.558192681621451,0.003,0.9259715253447459
t3_not_LC,46059,HetLDC,0.0,2.38316901603515,0.003,0.9742124129270355
t3_not_LC,46059,HetLDC_cert,0.0,2.3903185230832555,0.003,0.9744154086067185
t3_not_LC,46059,LDC_PAC,0.0,2.4677115187474907,0.003,0.9764863069350787
t3_not_LC,46059,LDC_cert_pk,0.0,2.3974378265774137,0.003,0.9746155032673225
t3_not_LC,46060,CP_PAC,0.0,3.033002154387174,0.01,0.9865651754242206
t3_not_LC,46060,FH_PAC,0.02660889229475319,1.903407382833121,0.01,0.9541218470684623
t3_not_LC,46060,FH_normal,0.02660889229475319,1.6201481551931782,0.01,0.93243253906744
t3_not_LC,46060,HetLDC,0.0,2.851827612485967,0.01,0.9840858828211494
t3_not_LC,46060,HetLDC_cert,0.0,2.8803458886108264,0.01,0.9845135658614843
t3_not_LC,46060,LDC_PAC,0.0,2.946752384349305,0.01,0.9854529601189259
t3_not_LC,46060,LDC_cert_pk,0.0,2.8689758111723256,0.01,0.9843448673241879
t3_not_LC,46061,CP_PAC,0.0,2.17436507783599,0.001,0.9672472368408651
t3_not_LC,46061,FH_PAC,-0.12164982832086603,1.5753961394623173,0.001,0.9265639594261406
t3_not_LC,46061,FH_normal,-0.12164982832086603,1.2663075241926847,0.001,0.8813863044714062
t3_not_LC,46061,HetLDC,0.0,1.8912794869862335,0.001,0.9534267885697805
t3_not_LC,46061,HetLDC_cert,0.0,1.8931707664732196,0.001,0.9535415609117424
t3_not_LC,46061,LDC_PAC,0.0,1.9675672569037972,0.001,0.9577851341545753
t3_not_LC,46061,LDC_cert_pk,0.0,1.8980431113458336,0.001,0.9538355932145586
t3_not_LC,46062,CP_PAC,0.0,1.9800287840474238,0.001,0.9584470896117603
t3_not_LC,46062,FH_PAC,-0.17218164242188527,1.6497997587619728,0.001,0.9328490778517117
t3_not_LC,46062,FH_normal,-0.17218164242188527,1.3691638509834911,0.001,0.8972248949008752
t3_not_LC,46062,HetLDC,0.0,1.6799323409005054,0.001,0.937989692236811
t3_not_LC,46062,HetLDC_cert,0.0,1.6816122732414056,0.001,0.9381358898305834
t3_not_LC,46062,LDC_PAC,0.0,1.7502007953867107,0.001,0.9437530167947548
t3_not_LC,46062,LDC_cert_pk,0.0,1.6906644064101655,0.001,0.9389162794159269
t3_not_LC,46063,CP_PAC,0.0,1.6541088886658075,0.003,0.9356870634197805
t3_not_LC,46063,FH_PAC,-0.03575698841850032,1.370300579661908,0.003,0.9016137810215287
t3_not_LC,46063,FH_normal,-0.03575698841850032,1.0291274319139705,0.003,0.8269326402662999
t3_not_LC,46063,HetLDC,0.0,1.2418478973632265,0.003,0.879399451300902
t3_not_LC,46063,HetLDC_cert,0.0,1.245573441055316,0.003,0.8801307681939452
t3_not_LC,46063,LDC_PAC,0.0,1.2938749402315033,0.003,0.8891471598019209
t3_not_LC,46063,LDC_cert_pk,0.0,1.237922292291123,0.003,0.8786230806796014
t3_not_LC,46064,CP_PAC,0.0,2.8154830480055724,0.003,0.9835182621170475
t3_not_LC,46064,FH_PAC,0.23105510815442992,3.476590146380804,0.003,0.9906079704174066
t3_not_LC,46064,FH_normal,0.23105510815442992,3.0083025135543044,0.003,0.9858509091028211
t3_not_LC,46064,HetLDC,0.0,2.6208978622451995,0.003,0.9799860622562746
t3_not_LC,46064,HetLDC_cert,0.0,2.628760555831935,0.003,0.9801468895562293
t3_not_LC,46064,LDC_PAC,0.0,2.709602306640658,0.003,0.9817071515137021
t3_not_LC,46064,LDC_cert_pk,0.0,2.636942349863022,0.003,0.9803124688595886
t3_not_LC,46065,CP_PAC,0.0,2.363477362078589,0.001,0.973642466827364
t3_not_LC,46065,FH_PAC,-0.06603840340393714,1.665856268627061,0.001,0.936403131942685
t3_not_LC,46065,FH_normal,-0.06603840340393714,1.3840945904007647,0.001,0.9032731598378555
t3_not_LC,46065,HetLDC,0.0,2.0937599935993316,0.001,0.963917899241981
t3_not_LC,46065,HetLDC_cert,0.0,2.095853753592931,0.001,0.9640097213537429
t3_not_LC,46065,LDC_PAC,0.0,2.169465822083784,0.001,0.9670563956491769
t3_not_LC,46065,LDC_cert_pk,0.0,2.1024522435558795,0.001,0.9642971523760373
t3_not_LC,46066,CP_PAC,0.0,2.3212332247780982,0.001,0.9723639110333331
t3_not_LC,46066,FH_PAC,0.18781378829616865,1.5565045820867767,0.001,0.9224251255471403
t3_not_LC,46066,FH_normal,0.18781378829616865,1.2216269013608667,0.001,0.868158857963012
t3_not_LC,46066,HetLDC,0.0,2.0304719288464734,0.001,0.9609954825188773
t3_not_LC,46066,HetLDC_cert,0.0,2.0325024007753196,0.001,0.9610938362510069
t3_not_LC,46066,LDC_PAC,0.0,2.1157991543446806,0.001,0.9648696324128567
t3_not_LC,46066,LDC_cert_pk,0.0,2.0416071075813464,0.001,0.961530990694325
t3_not_LC,46067,CP_PAC,0.0,1.839454852093395,0.001,0.9501373044850367
t3_not_LC,46067,FH_PAC,0.008260358268883551,1.5857019413423175,0.001,0.9290444454296866
t3_not_LC,46067,FH_normal,0.008260358268883551,1.2864455463917166,0.001,0.8878028238106741
t3_not_LC,46067,HetLDC,0.0,1.5099395327921383,0.001,0.9206776548999076
t3_not_LC,46067,HetLDC_cert,0.0,1.5114494723249303,0.001,0.9208561146632293
t3_not_LC,46067,LDC_PAC,0.0,1.5695124869962622,0.001,0.9273572471119382
t3_not_LC,46067,LDC_cert_pk,0.0,1.5073790862488297,0.001,0.9203738991723465
t3_not_LC,46068,CP_PAC,0.0,2.331764417301086,0.001,0.9726899915840237
t3_not_LC,46068,FH_PAC,-0.04351491818835006,1.8323144487794967,0.001,0.9495544688836354
t3_not_LC,46068,FH_normal,-0.04351491818835006,1.4447002011859214,0.001,0.9122335838972659
t3_not_LC,46068,HetLDC,0.0,2.044293058377884,0.001,0.9616587566950974
t3_not_LC,46068,HetLDC_cert,0.0,2.0463373514362617,0.001,0.9617556376500827
t3_not_LC,46068,LDC_PAC,0.0,2.125398313962305,0.001,0.9652741209703279
t3_not_LC,46068,LDC_cert_pk,0.0,2.055988149297971,0.001,0.9622088047316537
t3_not_LC,46069,CP_PAC,0.0,2.5980252191008906,0.001,0.9795085066553877
t3_not_LC,46069,FH_PAC,0.0652702151845518,2.0709364505149046,0.001,0.9627452043078513
t3_not_LC,46069,FH_normal,0.0652702151845518,1.7482305071991564,0.001,0.9433161874074707
t3_not_LC,46069,HetLDC,0.0,2.357795159654072,0.001,0.9734749905117468
t3_not_LC,46069,HetLDC_cert,0.0,2.3601529548137257,0.001,0.9735446497817486
t3_not_LC,46069,LDC_PAC,0.0,2.431805540198699,0.001,0.9755535410759872
t3_not_LC,46069,LDC_cert_pk,0.0,2.3683451704163736,0.001,0.973784857354957
t3_not_LC,46070,CP_PAC,0.0,2.395003919132222,0.001,0.9745473238767153
t3_not_LC,46070,FH_PAC,-0.07808770753232781,1.8396313174323036,0.001,0.9498092830118463
t3_not_LC,46070,FH_normal,-0.07808770753232781,1.5287538065827357,0.001,0.9222260526475875
t3_not_LC,46070,HetLDC,0.0,2.126639522766024,0.001,0.9653259870883164
t3_not_LC,46070,HetLDC_cert,0.0,2.1287661622887897,0.001,0.96541462235186
t3_not_LC,46070,LDC_PAC,0.0,2.1984044483271425,0.001,0.9681633821838882
t3_not_LC,46070,LDC_cert_pk,0.0,2.137151029633994,0.001,0.9657612795802835
t3_not_LC,46071,CP_PAC,0.0,2.242370907403239,0.001,0.9697555855412454
t3_not_LC,46071,FH_PAC,-0.006644149333203513,1.514560838010804,0.001,0.9212175227178908
t3_not_LC,46071,FH_normal,-0.006644149333203513,1.1842243000394348,0.001,0.8673712295109886
t3_not_LC,46071,HetLDC,0.0,1.9384343377448843,0.001,0.9561845018440656
t3_not_LC,46071,HetLDC_cert,0.0,1.940372772082629,0.001,0.9562933730066892
t3_not_LC,46071,LDC_PAC,0.0,2.0138655943322186,0.001,0.9601790776838395
t3_not_LC,46071,LDC_cert_pk,0.0,1.9446244642173374,0.001,0.9565309669322293
t3_not_LC,46072,CP_PAC,0.0,2.3920096425096613,0.001,0.9744631228182998
t3_not_LC,46072,FH_PAC,-0.03239122800088343,2.448130616071653,0.001,0.9759643210239538
t3_not_LC,46072,FH_normal,-0.03239122800088343,2.0955405097044095,0.001,0.9639602624404713
t3_not_LC,46072,HetLDC,0.0,2.1469745156770634,0.001,0.9661617777850575
t3_not_LC,46072,HetLDC_cert,0.0,2.1491214901927402,0.001,0.9662485089883543
t3_not_LC,46072,LDC_PAC,0.0,2.2249847229417665,0.001,0.9691384586536718
t3_not_LC,46072,LDC_cert_pk,0.0,2.15814095554733,0.001,0.966609773454806
t3_not_LC,46073,CP_PAC,0.0,1.973067810311743,0.001,0.9580789638928711
t3_not_LC,46073,FH_PAC,-0.0024048728626998874,1.332222341295547,0.001,0.895727520479148
t3_not_LC,46073,FH_normal,-0.0024048728626998874,0.9630212869577905,0.001,0.8060910725719056
t3_not_LC,46073,HetLDC,0.0,1.564875965049812,0.001,0.9268630139577922
t3_not_LC,46073,HetLDC_cert,0.0,1.5664408410148616,0.001,0.9270302878828829
t3_not_LC,46073,LDC_PAC,0.0,1.6340037679322474,0.001,0.9338200193677335
t3_not_LC,46073,LDC_cert_pk,0.0,1.5684585424752586,0.001,0.9272452658935888
t3_not_LC,46074,CP_PAC,0.0,1.759681089879627,0.003,0.9444782138910599
t3_not_LC,46074,FH_PAC,0.1148336723463295,1.6384352728082099,0.003,0.9331317426984932
t3_not_LC,46074,FH_normal,0.1148336723463295,1.332198186971832,0.003,0.8936199192538422
t3_not_LC,46074,HetLDC,0.0,1.3846208369675237,0.003,0.9039730830655328
t3_not_LC,46074,HetLDC_cert,0.0,1.388774699478426,0.003,0.9045921341061971
t3_not_LC,46074,LDC_PAC,0.0,1.4572867268906158,0.003,0.9141323944689455
t3_not_LC,46074,LDC_cert_pk,0.0,1.3904143207852588,0.003,0.9048351475283987
t3_not_LC,46075,CP_PAC,0.0,1.826000512615145,0.003,0.9492356681137617
t3_not_LC,46075,FH_PAC,-0.007200271189491952,1.3857558329335742,0.003,0.9041353707459795
t3_not_LC,46075,FH_normal,-0.007200271189491952,1.0821158421373014,0.003,0.8424016791033805
t3_not_LC,46075,HetLDC,0.0,1.4072683729143098,0.003,0.9072898779720873
t3_not_LC,46075,HetLDC_cert,0.0,1.4114901780330527,0.003,0.90789261545253
t3_not_LC,46075,LDC_PAC,0.0,1.4798038419620039,0.003,0.9170098779865856
t3_not_LC,46075,LDC_cert_pk,0.0,1.4120023108022286,0.003,0.9079654053823523
t3_not_LC,46076,CP_PAC,0.0,2.1590132256331076,0.001,0.9666444480903476
t3_not_LC,46076,FH_PAC,-0.3049796984932554,1.9493568779240382,0.001,0.9524813921621913
t3_not_LC,46076,FH_normal,-0.3049796984932554,1.5924126577689415,0.001,0.9208947085765697
t3_not_LC,46076,HetLDC,0.0,1.815549779653679,0.001,0.9485210777279662
t3_not_LC,46076,HetLDC_cert,0.0,1.8173653294333325,0.001,0.9486461263548471
t3_not_LC,46076,LDC_PAC,0.0,1.8924862255662045,0.001,0.9535000609403808
t3_not_LC,46076,LDC_cert_pk,0.0,1.8177124373116587,0.001,0.9486699902625109
t3_not_LC,46077,CP_PAC,0.0,2.6436877195565125,0.001,0.9804476335647376
t3_not_LC,46077,FH_PAC,0.09972515609237008,2.036453839892224,0.001,0.9609048704682925
t3_not_LC,46077,FH_normal,0.09972515609237008,1.6984341396755829,0.001,0.9388398164364661
t3_not_LC,46077,HetLDC,0.0,2.4077019500346335,0.001,0.9749004468274236
t3_not_LC,46077,HetLDC_cert,0.0,2.410109651984668,0.001,0.9749666889474862
t3_not_LC,46077,LDC_PAC,0.0,2.489503795845334,0.001,0.9770300718065092
t3_not_LC,46077,LDC_cert_pk,0.0,2.421728207022187,0.001,0.9752831932532842
t3_not_LC,46078,CP_PAC,0.0,2.943949721022412,0.003,0.9854148385271804
t3_not_LC,46078,FH_PAC,0.009240263023795412,1.9619774129994068,0.003,0.9574801066505958
t3_not_LC,46078,FH_normal,0.009240263023795412,1.6434791190910703,0.003,0.9347011991361655
t3_not_LC,46078,HetLDC,0.0,2.7263379514402435,0.003,0.9820100605215942
t3_not_LC,46078,HetLDC_cert,0.0,2.7345169652945636,0.003,0.9821557278804978
t3_not_LC,46078,LDC_PAC,0.0,2.8188498831896234,0.003,0.9835719411346633
t3_not_LC,46078,LDC_cert_pk,0.0,2.741049212267301,0.003,0.9822709672468002
t3_not_LC,46079,CP_PAC,0.0,2.649100088880754,0.001,0.9805552180254351
t3_not_LC,46079,FH_PAC,0.05363387527479287,2.426629538425509,0.001,0.9753607383792491
t3_not_LC,46079,FH_normal,0.05363387527479287,1.9891033790971726,0.001,0.958801066255906
t3_not_LC,46079,HetLDC,0.0,2.3625292953191197,0.001,0.9736146185821699
t3_not_LC,46079,HetLDC_cert,0.0,2.364891824614439,0.001,0.9736839444664385
t3_not_LC,46079,LDC_PAC,0.0,2.4481336182594178,0.001,0.9759835285483112
t3_not_LC,46079,LDC_cert_pk,0.0,2.374191944128463,0.001,0.9739545760280433
t3_not_LC,46080,CP_PAC,0.0,1.9779716316473779,0.001,0.9583387281108002
t3_not_LC,46080,FH_PAC,0.0693434711458791,1.621430323141924,0.001,0.9322018059213544
t3_not_LC,46080,FH_normal,0.0693434711458791,1.2979797973473866,0.001,0.889052354364384
t3_not_LC,46080,HetLDC,0.0,1.667545646885144,0.001,0.9368982823683296
t3_not_LC,46080,HetLDC_cert,0.0,1.6692131925320288,0.001,0.9370466034472851
t3_not_LC,46080,LDC_PAC,0.0,1.7337939494815717,0.001,0.9424696200445324
t3_not_LC,46080,LDC_cert_pk,0.0,1.6765678630515215,0.001,0.9376955938327258
t3_not_LC,46081,CP_PAC,0.0,1.9336096799389053,0.001,0.9559120288972258
t3_not_LC,46081,FH_PAC,0.11529208551412744,1.2443711967124742,0.001,0.8773382030711907
t3_not_LC,46081,FH_normal,0.11529208551412744,0.947314302788815,0.001,0.7959174788120963
t3_not_LC,46081,HetLDC,0.0,1.548662750712524,0.001,0.9251016512234009
t3_not_LC,46081,HetLDC_cert,0.0,1.5502114134632363,0.001,0.9252721480800514
t3_not_LC,46081,LDC_PAC,0.0,1.6178906714268197,0.001,0.9322746932061987
t3_not_LC,46081,LDC_cert_pk,0.0,1.5506225690085724,0.001,0.9253173326382069
t3_not_LC,46082,CP_PAC,0.0,2.5480824917973743,0.003,0.9784132821691192
t3_not_LC,46082,FH_PAC,-0.2333907643305875,2.137964341862386,0.003,0.964049203700202
t3_not_LC,46082,FH_normal,-0.2333907643305875,1.7800051531371643,0.003,0.9425155363147756
t3_not_LC,46082,HetLDC,0.0,2.3078250997049006,0.003,0.9719414604935073
t3_not_LC,46082,HetLDC_cert,0.0,2.314748575004015,0.003,0.9721606287195641
t3_not_LC,46082,LDC_PAC,0.0,2.385058110629345,0.003,0.9742662512380624
t3_not_LC,46082,LDC_cert_pk,0.0,2.319476540340305,0.003,0.97230903131255
t3_not_LC,46083,CP_PAC,0.0,2.2112044671252304,0.001,0.968637800248813
t3_not_LC,46083,FH_PAC,0.2913219130495577,1.6209981260684183,0.001,0.9249950318414456
t3_not_LC,46083,FH_normal,0.2913219130495577,1.274347739982269,0.001,0.8698809976231033
t3_not_LC,46083,HetLDC,0.0,1.9213604772214061,0.001,0.9552105307577863
t3_not_LC,46083,HetLDC_cert,0.0,1.9232818376986272,0.001,0.955321496531143
t3_not_LC,46083,LDC_PAC,0.0,2.000902954238479,0.001,0.9595266275275105
t3_not_LC,46083,LDC_cert_pk,0.0,1.928718910263792,0.001,0.9556336236467837
t3_not_LC,46084,CP_PAC,0.0,2.353225914894124,0.001,0.9733393213570625
t3_not_LC,46084,FH_PAC,-0.3017805434764289,1.609728322265835,0.001,0.9231275671523187
t3_not_LC,46084,FH_normal,-0.3017805434764289,1.3330359940523147,0.001,0.8809255239533483
t3_not_LC,46084,HetLDC,0.0,2.079493800542859,0.001,0.9632842188919317
t3_not_LC,46084,HetLDC_cert,0.0,2.0815732943434018,0.001,0.9633774666718895
t3_not_LC,46084,LDC_PAC,0.0,2.16005588880055,0.001,0.9666858357309458
t3_not_LC,46084,LDC_cert_pk,0.0,2.090861394387121,0.001,0.9637902861468637
t3_not_LC,46085,CP_PAC,0.0,2.020557116662867,0.001,0.9605106426497658
t3_not_LC,46085,FH_PAC,0.021597671612500674,1.7686793865102295,0.001,0.9451258313350868
t3_not_LC,46085,FH_normal,0.021597671612500674,1.4590126189573764,0.001,0.9143006461980703
t3_not_LC,46085,HetLDC,0.0,1.6924877175144941,0.001,0.939071974490397
t3_not_LC,46085,HetLDC_cert,0.0,1.6941802052320085,0.001,0.9392160539784471
t3_not_LC,46085,LDC_PAC,0.0,1.7711223191478744,0.001,0.9453378299312738
t3_not_LC,46085,LDC_cert_pk,0.0,1.7009536550151299,0.001,0.939788416992402
t3_not_LC,46086,CP_PAC,0.0,2.4786871060677176,0.001,0.976762227361359
t3_not_LC,46086,FH_PAC,-0.09031018047511356,1.9630369173319222,0.001,0.9571835640012739
t3_not_LC,46086,FH_normal,-0.09031018047511356,1.660115306492167,0.001,0.9355793219337504
t3_not_LC,46086,HetLDC,0.0,2.2095481227566314,0.001,0.9685769229613039
t3_not_LC,46086,HetLDC_cert,0.0,2.211757670879388,0.001,0.968658098986527
t3_not_LC,46086,LDC_PAC,0.0,2.2906485334324707,0.001,0.9713880546237028
t3_not_LC,46086,LDC_cert_pk,0.0,2.2237235360899863,0.001,0.9690930661612098
t3_not_LC,46087,CP_PAC,0.0,2.417936984283178,0.001,0.975180486169474
t3_not_LC,46087,FH_PAC,0.12458928804081236,2.030699752312953,0.001,0.9604066759586922
t3_not_LC,46087,FH_normal,0.12458928804081236,1.7243356633834794,0.001,0.9406201126537193
t3_not_LC,46087,HetLDC,0.0,2.175723034796935,0.001,0.9672998825753159
t3_not_LC,46087,HetLDC_cert,0.0,2.177898757831732,0.001,0.9673840058815395
t3_not_LC,46087,LDC_PAC,0.0,2.2491016572247067,0.001,0.9699902368135103
t3_not_LC,46087,LDC_cert_pk,0.0,2.1873514327003707,0.001,0.9677462852429741
t3_not_LC,46088,CP_PAC,0.0,2.2551846822787365,0.001,0.9702002984159652
t3_not_LC,46088,FH_PAC,0.11779405048363695,1.6509811595164987,0.001,0.9342670081923428
t3_not_LC,46088,FH_normal,0.11779405048363695,1.28221414503515,0.001,0.8845836914756756
t3_not_LC,46088,HetLDC,0.0,1.92761233199793,0.001,0.9555703228611305
t3_not_LC,46088,HetLDC_cert,0.0,1.9295399443299277,0.001,0.9556805162047373
t3_not_LC,46088,LDC_PAC,0.0,2.0096137519407407,0.001,0.9599665551206344
t3_not_LC,46088,LDC_cert_pk,0.0,1.939016911568586,0.001,0.9562172579518489
t3_not_LC,46089,CP_PAC,0.0,2.1170206270348544,0.001,0.964921436151664
t3_not_LC,46089,FH_PAC,-0.015280215983303171,1.5258542252838787,0.001,0.9225093232077687
t3_not_LC,46089,FH_normal,-0.015280215983303171,1.2007370244363773,0.001,0.870916032172286
t3_not_LC,46089,HetLDC,0.0,1.8222459588876168,0.001,0.9489803920595274
t3_not_LC,46089,HetLDC_cert,0.0,1.824068204846504,0.001,0.9491044903165875
t3_not_LC,46089,LDC_PAC,0.0,1.9012889389535945,0.001,0.9540301621302754
t3_not_LC,46089,LDC_cert_pk,0.0,1.8311168723840605,0.001,0.9495809451904327
t3_not_LC,46090,CP_PAC,0.0,2.3084395715081785,0.001,0.9719610016937843
t3_not_LC,46090,FH_PAC,0.04004355170865683,1.7921290281987354,0.001,0.9467749749594517
t3_not_LC,46090,FH_normal,0.04004355170865683,1.4260939014081344,0.001,0.9097322589828573
t3_not_LC,46090,HetLDC,0.0,2.042960292437381,0.001,0.9615954270919538
t3_not_LC,46090,HetLDC_cert,0.0,2.0450032527298183,0.001,0.9616924489107064
t3_not_LC,46090,LDC_PAC,0.0,2.1189459366466328,0.001,0.965002892048161
t3_not_LC,46090,LDC_cert_pk,0.0,2.05421840576239,0.001,0.9621262188474573
t3_not_LC,46091,CP_PAC,0.0,2.368788974362244,0.001,0.9737977898975185
t3_not_LC,46091,FH_PAC,0.05865326633160778,1.9338180809118328,0.001,0.9557645401824626
t3_not_LC,46091,FH_normal,0.05865326633160778,1.5684205196945142,0.001,0.9269090519710007
t3_not_LC,46091,HetLDC,0.0,2.053656233461193,0.001,0.9620999366411276
t3_not_LC,46091,HetLDC_cert,0.0,2.055709889694654,0.001,0.9621958348548649
t3_not_LC,46091,LDC_PAC,0.0,2.1435000368514174,0.001,0.9660208140076152
t3_not_LC,46091,LDC_cert_pk,0.0,2.0667914124266553,0.001,0.96270799244553
t3_not_LC,46092,CP_PAC,0.0,2.0525329942853987,0.001,0.9620473541799819
t3_not_LC,46092,FH_PAC,0.06058883945162653,1.4960130570919907,0.001,0.9185955471395582
t3_not_LC,46092,FH_normal,0.06058883945162653,1.162624211718071,0.001,0.8616759260204863
t3_not_LC,46092,HetLDC,0.0,1.669873111307137,0.001,0.9371051800482999
t3_not_LC,46092,HetLDC_cert,0.0,1.671542984418444,0.001,0.9372530995386139
t3_not_LC,46092,LDC_PAC,0.0,1.7345644567788718,0.001,0.9425307095204862
t3_not_LC,46092,LDC_cert_pk,0.0,1.6732931103570468,0.001,0.9374076614623661
t3_not_LC,46093,CP_PAC,0.0,2.8849636701728762,0.003,0.9845814038537788
t3_not_LC,46093,FH_PAC,-0.0711929081487762,2.151631635691684,0.003,0.9661936429293484
t3_not_LC,46093,FH_normal,-0.0711929081487762,1.812524035937582,0.003,0.9480139856329071
t3_not_LC,46093,HetLDC,0.0,2.64754442931127,0.003,0.9805243741965157
t3_not_LC,46093,HetLDC_cert,0.0,2.6554870625992035,0.003,0.9806811893432357
t3_not_LC,46093,LDC_PAC,0.0,2.7324824740688705,0.003,0.9821196374490988
t3_not_LC,46093,LDC_cert_pk,0.0,2.6647955444261715,0.003,0.9808628922304274
t3_not_LC,46094,CP_PAC,0.0,2.071603015406184,0.001,0.9629276134533609
t3_not_LC,46094,FH_PAC,-0.3463678470060125,2.6973304278931893,0.001,0.9799835282445912
t3_not_LC,46094,FH_normal,-0.3463678470060125,2.315437371611739,0.001,0.9693352025871809
t3_not_LC,46094,HetLDC,0.0,1.748385164919661,0.001,0.9436127741243283
t3_not_LC,46094,HetLDC_cert,0.0,1.7501335500845803,0.001,0.9437478304638347
t3_not_LC,46094,LDC_PAC,0.0,1.815866676938942,0.001,0.948542932138575
t3_not_LC,46094,LDC_cert_pk,0.0,1.757184183336118,0.001,0.9442883582822752
t3_not_LC,46095,CP_PAC,0.0,2.1723575733365443,0.001,0.9671692100839646
t3_not_LC,46095,FH_PAC,-0.07204736427698712,1.5511167299219681,0.001,0.9248516247273091
t3_not_LC,46095,FH_normal,-0.07204736427698712,1.2202827282175348,0.001,0.8740120236583288
t3_not_LC,46095,HetLDC,0.0,1.8032074873003137,0.001,0.9476607251521585
t3_not_LC,46095,HetLDC_cert,0.0,1.8050106947876137,0.001,0.9477875474903064
t3_not_LC,46095,LDC_PAC,0.0,1.8877369032918323,0.001,0.953210838810155
t3_not_LC,46095,LDC_cert_pk,0.0,1.8152662085439426,0.001,0.9485015116865683
t3_not_LC,46096,CP_PAC,0.0,2.7447984947132564,0.003,0.9823366739205233
t3_not_LC,46096,FH_PAC,0.1455461422314893,2.402186850526519,0.003,0.9743278259797538
t3_not_LC,46096,FH_normal,0.1455461422314893,2.073539648228799,0.003,0.9622587733172011
t3_not_LC,46096,HetLDC,0.0,2.5391015759531546,0.003,0.9782083505127623
t3_not_LC,46096,HetLDC_cert,0.0,2.5467188806810137,0.003,0.9783823276514547
t3_not_LC,46096,LDC_PAC,0.0,2.6142086214226756,0.003,0.9798479048959121
t3_not_LC,46096,LDC_cert_pk,0.0,2.5503728059074517,0.003,0.9784651441919816
t3_not_LC,46097,CP_PAC,0.0,2.272208074933391,0.001,0.970778200248593
t3_not_LC,46097,FH_PAC,-0.08263785974220328,1.891521319926729,0.001,0.9530977857691103
t3_not_LC,46097,FH_normal,-0.08263785974220328,1.5670938399448386,0.001,0.9264378760436027
t3_not_LC,46097,HetLDC,0.0,1.9627774838734253,0.001,0.9575271376284344
t3_not_LC,46097,HetLDC_cert,0.0,1.9647402613572984,0.001,0.9576331024323896
t3_not_LC,46097,LDC_PAC,0.0,2.040662251799954,0.001,0.9614859164882248
t3_not_LC,46097,LDC_cert_pk,0.0,1.969263377645301,0.001,0.9578760163036506
t3_not_LC,46098,CP_PAC,0.0,2.040140585305111,0.001,0.9614610016083678
t3_not_LC,46098,FH_PAC,-0.045921026952910685,1.6311782846202567,0.001,0.9333735496739678
t3_not_LC,46098,FH_normal,-0.045921026952910685,1.279846886898135,0.001,0.8862405095095144
t3_not_LC,46098,HetLDC,0.0,1.7290610678531042,0.001,0.9420925811981349
t3_not_LC,46098,HetLDC_cert,0.0,1.7307901289209573,0.001,0.9422306831361451
t3_not_LC,46098,LDC_PAC,0.0,1.8033352362700774,0.001,0.9476697227049438
t3_not_LC,46098,LDC_cert_pk,0.0,1.7366385756254674,0.001,0.9426947513106856
t3_not_LC,46099,CP_PAC,0.0,1.9513378917126667,0.001,0.9569027988391838
t3_not_LC,46099,FH_PAC,0.08827837274123959,1.8179585982701052,0.001,0.9482334275317077
t3_not_LC,46099,FH_normal,0.08827837274123959,1.4529929957727774,0.001,0.9126094538464733
t3_not_LC,46099,HetLDC,0.0,1.6122231394684645,0.001,0.9317204826697683
t3_not_LC,46099,HetLDC_cert,0.0,1.613835362607933,0.001,0.9318787098085703
t3_not_LC,46099,LDC_PAC,0.0,1.680518685302568,0.001,0.9380407684254526
t3_not_LC,46099,LDC_cert_pk,0.0,1.6144011532792308,0.001,0.9319341295345422
t3_not_LC,46100,CP_PAC,0.0,1.9731776638176464,0.001,0.9580848055456537
t3_not_LC,46100,FH_PAC,-0.03537384711514115,1.674958478774828,0.001,0.9374574048783688
t3_not_LC,46100,FH_normal,-0.03537384711514115,1.3465337811874536,0.001,0.8978700259212291
t3_not_LC,46100,HetLDC,0.0,1.6486649166744012,0.001,0.9351880745886583
t3_not_LC,46100,HetLDC_cert,0.0,1.6503135815910752,0.001,0.9353396981140221
t3_not_LC,46100,LDC_PAC,0.0,1.714653397055034,0.001,0.9409255667850618
t3_not_LC,46100,LDC_cert_pk,0.0,1.6582544925508118,0.001,0.9360638312654248
t3_not_LC,46101,CP_PAC,0.0,2.789186782405987,0.003,0.9830910537405488
t3_not_LC,46101,FH_PAC,0.032667423380894726,2.385113233815269,0.003,0.9742461543401438
t3_not_LC,46101,FH_normal,0.032667423380894726,2.0343090010255924,0.003,0.9611403183119911
t3_not_LC,46101,HetLDC,0.0,2.571488372948066,0.003,0.9789357692533438
t3_not_LC,46101,HetLDC_cert,0.0,2.57920283806691,0.003,0.9791043839801745
t3_not_LC,46101,LDC_PAC,0.0,2.6564850379246634,0.003,0.9807007768187062
t3_not_LC,46101,LDC_cert_pk,0.0,2.5861229185999717,0.003,0.9792541508445007
t3_not_LC,46102,CP_PAC,0.0,2.087904898421344,0.001,0.9636595294568844
t3_not_LC,46102,FH_PAC,-0.08310919313410711,1.953539704663775,0.001,0.956715581912665
t3_not_LC,46102,FH_normal,-0.08310919313410711,1.579841202287419,0.001,0.9277912946738269
t3_not_LC,46102,HetLDC,0.0,1.763374420640095,0.001,0.9447575521141287
t3_not_LC,46102,HetLDC_cert,0.0,1.7651377950607348,0.001,0.9448902982806402
t3_not_LC,46102,LDC_PAC,0.0,1.8301561165267588,0.001,0.9495163352798652
t3_not_LC,46102,LDC_cert_pk,0.0,1.7726232710999124,0.001,0.9454493554643721
t3_not_LC,46103,CP_PAC,0.0,2.637201631938603,0.001,0.980317686753033
t3_not_LC,46103,FH_PAC,-0.020746162262168934,1.8395487994310273,0.001,0.9501195957081698
t3_not_LC,46103,FH_normal,-0.020746162262168934,1.5200610860003345,0.001,0.9218185764831829
t3_not_LC,46103,HetLDC,0.0,2.3746346754936103,0.001,0.9739673697540587
t3_not_LC,46103,HetLDC_cert,0.0,2.377009310169104,0.001,0.9740358520991625
t3_not_LC,46103,LDC_PAC,0.0,2.453055889952077,0.001,0.9761112338846405
t3_not_LC,46103,LDC_cert_pk,0.0,2.385968463116639,0.001,0.9742921440994166
t3_not_LC,46104,CP_PAC,0.0,2.907945514668332,0.003,0.9849133231666123
t3_not_LC,46104,FH_PAC,0.01779705112603613,1.9514086803247994,0.003,0.9568925354926419
t3_not_LC,46104,FH_normal,0.01779705112603613,1.6195426878411148,0.003,0.9324077106134184
t3_not_LC,46104,HetLDC,0.0,2.7108381617137867,0.003,0.9817297455835459
t3_not_LC,46104,HetLDC_cert,0.0,2.7189706761989276,0.003,0.9818775247579252
t3_not_LC,46104,LDC_PAC,0.0,2.798587574417203,0.003,0.9832454154275228
t3_not_LC,46104,LDC_cert_pk,0.0,2.7249709611819823,0.003,0.9819855640410871
t3_not_LC,46105,CP_PAC,0.0,2.3403449860361016,0.001,0.9729520195173318
t3_not_LC,46105,FH_PAC,-0.21652980540512937,1.7474278071590685,0.001,0.9403509494230423
t3_not_LC,46105,FH_normal,-0.21652980540512937,1.438258865500355,0.001,0.9055528881214323
t3_not_LC,46105,HetLDC,0.0,2.0815671909116977,0.001,0.9633771934272315
t3_not_LC,46105,HetLDC_cert,0.0,2.0836487581026093,0.001,0.9634702323591733
t3_not_LC,46105,LDC_PAC,0.0,2.1628013462717273,0.001,0.9667945001679696
t3_not_LC,46105,LDC_cert_pk,0.0,2.0936683465053547,0.001,0.9639138732124855
t3_not_LC,46106,CP_PAC,0.0,2.42085160793945,0.001,0.9752594943570281
t3_not_LC,46106,FH_PAC,0.15460781373282248,1.6754721041380807,0.001,0.9357344736884348
t3_not_LC,46106,FH_normal,0.15460781373282248,1.3122737607798132,0.001,0.8883693900719614
t3_not_LC,46106,HetLDC,0.0,2.119482647685271,0.001,0.9650255560619023
t3_not_LC,46106,HetLDC_cert,0.0,2.1216021303329557,0.001,0.9651148734762618
t3_not_LC,46106,LDC_PAC,0.0,2.2066010990179143,0.001,0.9684682326839529
t3_not_LC,46106,LDC_cert_pk,0.0,2.13279825358679,0.001,0.9655818797269782
t3_not_LC,46107,CP_PAC,0.0,2.348743946657107,0.001,0.9732053736580077
t3_not_LC,46107,FH_PAC,0.1704855213427442,1.7813446248897848,0.001,0.9442580797667124
t3_not_LC,46107,FH_normal,0.1704855213427442,1.4303329547616832,0.001,0.9067360348150406
t3_not_LC,46107,HetLDC,0.0,2.071462594156944,0.001,0.9629212274860528
t3_not_LC,46107,HetLDC_cert,0.0,2.0735340567511007,0.001,0.9630152895743389
t3_not_LC,46107,LDC_PAC,0.0,2.155941833357547,0.001,0.9665221484114932
t3_not_LC,46107,LDC_cert_pk,0.0,2.082165997245416,0.001,0.9634039890009087
t3_not_LC,46108,CP_PAC,0.0,2.40791393954642,0.001,0.9749062882828439
t3_not_LC,46108,FH_PAC,0.21021304089653106,3.299162489018699,0.001,0.9891440508703138
t3_not_LC,46108,FH_normal,0.21021304089653106,2.864371771272821,0.001,0.9838584460844454
t3_not_LC,46108,HetLDC,0.0,2.1446627605880204,0.001,0.9660680706557399
t3_not_LC,46108,HetLDC_cert,0.0,2.1468074233486085,0.001,0.9661550158041199
t3_not_LC,46108,LDC_PAC,0.0,2.2252443726162348,0.001,0.9691477933100643
t3_not_LC,46108,LDC_cert_pk,0.0,2.155597722467517,0.001,0.9665084105175981
t3_not_LC,46109,CP_PAC,0.0,2.474495361680389,0.003,0.9766573456376226
t3_not_LC,46109,FH_PAC,0.08675252554554423,2.04071388904839,0.003,0.9612037451422363
t3_not_LC,46109,FH_normal,0.08675252554554423,1.7515715062937425,0.003,0.9433585601945469
t3_not_LC,46109,HetLDC,0.0,2.251579459134322,0.003,0.9700760302249323
t3_not_LC,46109,HetLDC_cert,0.0,2.258334197511725,0.003,0.9703083166814166
t3_not_LC,46109,LDC_PAC,0.0,2.330178995852962,0.003,0.9726412196559158
t3_not_LC,46109,LDC_cert_pk,0.0,2.264937048435937,0.003,0.9705331451871113
t3_not_LC,46110,CP_PAC,0.0,1.9058729636144323,0.001,0.9543031817970751
t3_not_LC,46110,FH_PAC,0.027645952564689175,1.433908803117622,0.001,0.9109163642047353
t3_not_LC,46110,FH_normal,0.027645952564689175,1.1449625408984139,0.001,0.8581939914585521
t3_not_LC,46110,HetLDC,0.0,1.567742516874383,0.001,0.9271690662693379
t3_not_LC,46110,HetLDC_cert,0.0,1.5693102593912571,0.001,0.9273357770884436
t3_not_LC,46110,LDC_PAC,0.0,1.626183655237409,0.001,0.9330755814839649
t3_not_LC,46110,LDC_cert_pk,0.0,1.570074523313712,0.001,0.9274168758550405
t3_not_LC,46111,CP_PAC,0.0,2.759447851959314,0.003,0.9825903918084804
t3_not_LC,46111,FH_PAC,-0.0483196261840238,2.398860529083879,0.003,0.9746089354391123
t3_not_LC,46111,FH_normal,-0.0483196261840238,1.9808015767400389,0.003,0.958388954881678
t3_not_LC,46111,HetLDC,0.0,2.547043314089877,0.003,0.9783896976270059
t3_not_LC,46111,HetLDC_cert,0.0,2.5546844440321466,0.003,0.9785623402604366
t3_not_LC,46111,LDC_PAC,0.0,2.628161003021801,0.003,0.9801346851761965
t3_not_LC,46111,LDC_cert_pk,0.0,2.5565690336370057,0.003,0.9786046456266577
t3_not_LC,46112,CP_PAC,0.0,2.5670896525309557,0.003,0.9788388371416197
t3_not_LC,46112,FH_PAC,-0.05708089877990611,1.849917383678758,0.003,0.9506468098764597
t3_not_LC,46112,FH_normal,-0.05708089877990611,1.557611590155401,0.003,0.9257585054775055
t3_not_LC,46112,HetLDC,0.0,2.3368047349467633,0.003,0.9728443036873495
t3_not_LC,46112,HetLDC_cert,0.0,2.3438151491516033,0.003,0.9730570693065141
t3_not_LC,46112,LDC_PAC,0.0,2.4173730456043305,0.003,0.9751651616087953
t3_not_LC,46112,LDC_cert_pk,0.0,2.348464704025758,0.003,0.9731969995725755
t3_not_LC,46113,CP_PAC,0.0,2.629708021465271,0.001,0.980166156163053
t3_not_LC,46113,FH_PAC,-0.03574012886919637,1.8481266357349286,0.001,0.9506378770936665
t3_not_LC,46113,FH_normal,-0.03574012886919637,1.5151396872664447,0.001,0.9211524275362385
t3_not_LC,46113,HetLDC,0.0,2.395063596904855,0.001,0.9745489984127316
t3_not_LC,46113,HetLDC_cert,0.0,2.3974586605017594,0.001,0.9746160858562061
t3_not_LC,46113,LDC_PAC,0.0,2.4763394151942197,0.001,0.9767035609639934
t3_not_LC,46113,LDC_cert_pk,0.0,2.4072028881618994,0.001,0.9748866880491123
t3_not_LC,46114,CP_PAC,0.0,1.7162865466202724,0.003,0.9410593244111671
t3_not_LC,46114,FH_PAC,-0.037831681211529945,1.4393961394027062,0.003,0.911577313919378
t3_not_LC,46114,FH_normal,-0.037831681211529945,1.1494505405707276,0.003,0.8591047489742609
t3_not_LC,46114,HetLDC,0.0,1.3013418149830733,0.003,0.8904671080072903
t3_not_LC,46114,HetLDC_cert,0.0,1.3052458404280225,0.003,0.8911496902278908
t3_not_LC,46114,LDC_PAC,0.0,1.3590028366505735,0.003,0.900045228854947
t3_not_LC,46114,LDC_cert_pk,0.0,1.2914974215254347,0.003,0.8887228583751556
t3_not_LC,46115,CP_PAC,0.0,2.4280709306000707,0.001,0.9754537988846284
t3_not_LC,46115,FH_PAC,-0.035407057940378316,1.7328075025792247,0.001,0.9423049848987943
t3_not_LC,46115,FH_normal,-0.035407057940378316,1.4220685116280551,0.001,0.9092174192756685
t3_not_LC,46115,HetLDC,0.0,2.1650669005302134,0.001,0.9668838284549195
t3_not_LC,46115,HetLDC_cert,0.0,2.167231967430743,0.001,0.9669689071574534
t3_not_LC,46115,LDC_PAC,0.0,2.2438722106690605,0.001,0.9698081284858664
t3_not_LC,46115,LDC_cert_pk,0.0,2.17662534188836,0.001,0.9673348035623444
t3_not_LC,46116,CP_PAC,0.0,2.572616992864773,0.001,0.9789605472486751
t3_not_LC,46116,FH_PAC,0.10411755336333435,1.8031921224254241,0.001,0.94700931956134
t3_not_LC,46116,FH_normal,0.10411755336333435,1.4641568109480507,0.001,0.9137167810041888
t3_not_LC,46116,HetLDC,0.0,2.3019574179758586,0.001,0.9717539730354314
t3_not_LC,46116,HetLDC_cert,0.0,2.304259375393834,0.001,0.9718277180669856
t3_not_LC,46116,LDC_PAC,0.0,2.392980950151579,0.001,0.974490475958887
t3_not_LC,46116,LDC_cert_pk,0.0,2.3146175621050853,0.001,0.972156501892883
t3_not_LC,46117,CP_PAC,0.0,2.6321126302883098,0.003,0.9802149448563742
t3_not_LC,46117,FH_PAC,-0.10931906665134146,1.6909696141262585,0.003,0.9380431204631945
t3_not_LC,46117,FH_normal,-0.10931906665134146,1.368940510227064,0.003,0.8998286945971556
t3_not_LC,46117,HetLDC,0.0,2.3860384006514055,0.003,0.9742941319199958
t3_not_LC,46117,HetLDC_cert,0.0,2.3931965158533597,0.003,0.9744965414118292
t3_not_LC,46117,LDC_PAC,0.0,2.4637120647263107,0.003,0.9763847107159158
t3_not_LC,46117,LDC_cert_pk,0.0,2.39819703006566,0.003,0.9746367220995156
t3_not_LC,46118,CP_PAC,0.0,2.3706451286443984,0.001,0.9738517895870826
t3_not_LC,46118,FH_PAC,-0.05523038561392544,1.5461009860089994,0.001,0.92451003812124
t3_not_LC,46118,FH_normal,-0.05523038561392544,1.1928680412019659,0.001,0.8686194503379808
t3_not_LC,46118,HetLDC,0.0,2.0689372016009635,0.001,0.9628061395522074
t3_not_LC,46118,HetLDC_cert,0.0,2.0710061388025642,0.001,0.9629004594631616
t3_not_LC,46118,LDC_PAC,0.0,2.1451796574572466,0.001,0.9660890519092031
t3_not_LC,46118,LDC_cert_pk,0.0,2.0768040410342308,0.001,0.9631631555990996
t3_not_LC,46119,CP_PAC,0.0,2.5434380577359192,0.003,0.9783076158365756
t3_not_LC,46119,FH_PAC,-0.08454357652388812,2.0678660716837514,0.003,0.9625003158145853
t3_not_LC,46119,FH_normal,-0.08454357652388812,1.7304516470358389,0.003,0.9417081734904633
t3_not_LC,46119,HetLDC,0.0,2.325744569609516,0.003,0.9725042076073585
t3_not_LC,46119,HetLDC_cert,0.0,2.332721803318344,0.003,0.972719389199812
t3_not_LC,46119,LDC_PAC,0.0,2.4090077765959204,0.003,0.9749364015340629
t3_not_LC,46119,LDC_cert_pk,0.0,2.3390255268962306,0.003,0.9729119380417603
t3_not_LC,46120,CP_PAC,0.0,2.0142909443895296,0.001,0.9602002590839607
t3_not_LC,46120,FH_PAC,-0.042916059230393065,1.741394906509726,0.001,0.9429440718039671
t3_not_LC,46120,FH_normal,-0.042916059230393065,1.439704450108796,0.001,0.9115670739568402
t3_not_LC,46120,HetLDC,0.0,1.671285179249689,0.001,0.9372302912374701
t3_not_LC,46120,HetLDC_cert,0.0,1.6729564644289385,0.001,0.9373779676695813
t3_not_LC,46120,LDC_PAC,0.0,1.7503800462510646,0.001,0.943766838680919
t3_not_LC,46120,LDC_cert_pk,0.0,1.6815301980424482,0.001,0.9381287571889496
t3_not_LC,46121,CP_PAC,0.0,2.444988713610085,0.001,0.975901473945832
t3_not_LC,46121,FH_PAC,0.003741456412485817,2.206981736105125,0.001,0.9684819093886639
t3_not_LC,46121,FH_normal,0.003741456412485817,1.856286248924034,0.001,0.951236214006778
t3_not_LC,46121,HetLDC,0.0,2.1866312062946736,0.001,0.9677188642511956
t3_not_LC,46121,HetLDC_cert,0.0,2.1888178375009684,0.001,0.9678020230552755
t3_not_LC,46121,LDC_PAC,0.0,2.259506574016477,0.001,0.9703483969123454
t3_not_LC,46121,LDC_cert_pk,0.0,2.197642801961773,0.001,0.9681348633619882
t3_not_LC,46122,CP_PAC,0.0,2.195949287783008,0.001,0.9680713344923806
t3_not_LC,46122,FH_PAC,-0.0898634667147026,1.6316795156747717,0.001,0.9329146725698595
t3_not_LC,46122,FH_normal,-0.0898634667147026,1.2731828511671905,0.001,0.8839295119627959
t3_not_LC,46122,HetLDC,0.0,1.8824148346941805,0.001,0.9528840257087197
t3_not_LC,46122,HetLDC_cert,0.0,1.8842972495288746,0.001,0.9529999488196421
t3_not_LC,46122,LDC_PAC,0.0,1.9568286012097738,0.001,0.9572039101949803
t3_not_LC,46122,LDC_cert_pk,0.0,1.8878396584943147,0.001,0.9532171204245867
t3_not_LC,46123,CP_PAC,0.0,2.6845580649894103,0.003,0.9812413669714555
t3_not_LC,46123,FH_PAC,-0.10846676934010752,2.3511720598723937,0.003,0.9730239774829746
t3_not_LC,46123,FH_normal,-0.10846676934010752,1.9949881949477137,0.003,0.958738513600872
t3_not_LC,46123,HetLDC,0.0,2.453516887250125,0.003,0.9761231492064983
t3_not_LC,46123,HetLDC_cert,0.0,2.460877437911875,0.003,0.9763123603391124
t3_not_LC,46123,LDC_PAC,0.0,2.5426690599414847,0.003,0.9782900556626821
t3_not_LC,46123,LDC_cert_pk,0.0,2.4667885328689723,0.003,0.976462910978996
t3_not_LC,46124,CP_PAC,0.0,1.7568551671414778,0.003,0.9442632802753543
t3_not_LC,46124,FH_PAC,-0.13383145325057774,1.4565014658008313,0.003,0.9118302129502991
t3_not_LC,46124,FH_normal,-0.13383145325057774,1.175008084819638,0.003,0.8613325914192127
t3_not_LC,46124,HetLDC,0.0,1.3083751072717877,0.003,0.891693109651523
t3_not_LC,46124,HetLDC_cert,0.0,1.3123002325936028,0.003,0.8923701123058343
t3_not_LC,46124,LDC_PAC,0.0,1.3742450028269266,0.003,0.9024052628588217
t3_not_LC,46124,LDC_cert_pk,0.0,1.3070987136632026,0.003,0.8914718511707727
t3_not_LC,46125,CP_PAC,0.0,2.6536549937433023,0.003,0.9806451637361153
t3_not_LC,46125,FH_PAC,0.0774738536129963,2.115486965884056,0.003,0.9646590056372198
t3_not_LC,46125,FH_normal,0.0774738536129963,1.7936267351371442,0.003,0.9466139917693662
t3_not_LC,46125,HetLDC,0.0,2.372778028981264,0.003,0.973913663423748
t3_not_LC,46125,HetLDC_cert,0.0,2.3798963630682075,0.003,0.9741187995747114
t3_not_LC,46125,LDC_PAC,0.0,2.4683603761907196,0.003,0.9765027362624137
t3_not_LC,46125,LDC_cert_pk,0.0,2.38764136191583,0.003,0.974339638276353
t3_not_LC,46126,CP_PAC,0.0,2.290133446590368,0.001,0.9713712433042443
t3_not_LC,46126,FH_PAC,0.19228450431557628,1.7353301167453212,0.001,0.9400248208783069
t3_not_LC,46126,FH_normal,0.19228450431557628,1.4127348717025405,0.001,0.9030511258394587
t3_not_LC,46126,HetLDC,0.0,2.0226609887226266,0.001,0.960614162287853
t3_not_LC,46126,HetLDC_cert,0.0,2.024683649711349,0.001,0.960713360193364
t3_not_LC,46126,LDC_PAC,0.0,2.1021425125981543,0.001,0.9642837262235986
t3_not_LC,46126,LDC_cert_pk,0.0,2.0329617115855787,0.001,0.9611160408823587
t3_not_LC,46127,CP_PAC,0.0,2.634007225331052,0.001,0.9802532759529592
t3_not_LC,46127,FH_PAC,-0.10499899868586716,1.6041575377452189,0.001,0.9299307375239749
t3_not_LC,46127,FH_normal,-0.10499899868586716,1.2964891343869283,0.001,0.8877145656377408
t3_not_LC,46127,HetLDC,0.0,2.3805877209492725,0.001,0.974138612143749
t3_not_LC,46127,HetLDC_cert,0.0,2.3829683086702214,0.001,0.9742066843279484
t3_not_LC,46127,LDC_PAC,0.0,2.4654854450181958,0.001,0.9764298289079709
t3_not_LC,46127,LDC_cert_pk,0.0,2.3950645849218852,0.001,0.9745490261349246
t3_not_LC,46128,CP_PAC,0.0,2.932649160303585,0.003,0.9852598010234752
t3_not_LC,46128,FH_PAC,0.15906282447567022,2.8979723505332236,0.003,0.984544256558792
t3_not_LC,46128,FH_normal,0.15906282447567022,2.5058279073914207,0.003,0.9770053482061565
t3_not_LC,46128,HetLDC,0.0,2.7455056787535415,0.003,0.9823490319157477
t3_not_LC,46128,HetLDC_cert,0.0,2.7537421957898016,0.003,0.9824921402223712
t3_not_LC,46128,LDC_PAC,0.0,2.83610846953257,0.003,0.9838435589788168
t3_not_LC,46128,LDC_cert_pk,0.0,2.761015503656819,0.003,0.9826172612243806
t3_not_LC,46129,CP_PAC,0.0,2.0504036111162027,0.001,0.9619474151477689
t3_not_LC,46129,FH_PAC,-0.3161074176154235,3.5763102007096577,0.001,0.9911718429627907
t3_not_LC,46129,FH_normal,-0.3161074176154235,3.1569067185324498,0.001,0.9873552430128281
t3_not_LC,46129,HetLDC,0.0,1.717630448017914,0.001,0.9411691074191557
t3_not_LC,46129,HetLDC_cert,0.0,1.7193480784659316,0.001,0.9413090472319061
t3_not_LC,46129,LDC_PAC,0.0,1.7817612583005686,0.001,0.9461221938052207
t3_not_LC,46129,LDC_cert_pk,0.0,1.724969622967804,0.001,0.941764139391021
t3_not_LC,46130,CP_PAC,0.0,2.469039186802325,0.001,0.9765199081403861
t3_not_LC,46130,FH_PAC,0.18929548898484053,3.076683532453601,0.001,0.9868395695426421
t3_not_LC,46130,FH_normal,0.18929548898484053,2.647104227784608,0.001,0.9800409023342161
t3_not_LC,46130,HetLDC,0.0,2.2165172658203582,0.001,0.9688320485118063
t3_not_LC,46130,HetLDC_cert,0.0,2.2187337830861784,0.001,0.968912633040057
t3_not_LC,46130,LDC_PAC,0.0,2.2966355876458584,0.001,0.9715825306935004
t3_not_LC,46130,LDC_cert_pk,0.0,2.228025932418133,0.001,0.969247566045256
t3_not_LC,46131,CP_PAC,0.0,2.129441964559986,0.001,0.9654427281060969
t3_not_LC,46131,FH_PAC,-0.022470243512735032,1.8539956555661181,0.001,0.951061838846997
t3_not_LC,46131,FH_normal,-0.022470243512735032,1.515086597014106,0.001,0.9212295157334633
t3_not_LC,46131,HetLDC,0.0,1.8115854306724326,0.001,0.9482466896112387
t3_not_LC,46131,HetLDC_cert,0.0,1.8133970161031048,0.001,0.9483723048308115
t3_not_LC,46131,LDC_PAC,0.0,1.8822711316773781,0.001,0.9528751613074777
t3_not_LC,46131,LDC_cert_pk,0.0,1.8230015255543326,0.001,0.9490318938109401
t3_not_LC,46132,CP_PAC,0.0,2.421342533744462,0.001,0.9752727701704906
t3_not_LC,46132,FH_PAC,-0.13293130101838255,2.1868927010592647,0.001,0.9672170518683033
t3_not_LC,46132,FH_normal,-0.13293130101838255,1.883053415966402,0.001,0.9520157055461793
t3_not_LC,46132,HetLDC,0.0,2.1537999409208197,0.001,0.9664365204133865
t3_not_LC,46132,HetLDC_cert,0.0,2.15595374086174,0.001,0.9665226236640225
t3_not_LC,46132,LDC_PAC,0.0,2.237654244572443,0.001,0.9695897447896447
t3_not_LC,46132,LDC_cert_pk,0.0,2.1655608681342833,0.001,0.9669032641561437
t3_not_LC,46133,CP_PAC,0.0,2.2720455643343,0.001,0.9707727518427534
t3_not_LC,46133,FH_PAC,0.09238948307896583,1.7572350955980849,0.001,0.9437313165515174
t3_not_LC,46133,FH_normal,0.09238948307896583,1.436916329463904,0.001,0.910334374625957
t3_not_LC,46133,HetLDC,0.0,1.976366020723809,0.001,0.9582539019653888
t3_not_LC,46133,HetLDC_cert,0.0,1.9783423867445327,0.001,0.9583582843408853
t3_not_LC,46133,LDC_PAC,0.0,2.055957623743107,0.001,0.9622073821912429
t3_not_LC,46133,LDC_cert_pk,0.0,1.9868013387500552,0.001,0.9588013138581459
t3_not_LC,46134,CP_PAC,0.0,2.120450132111913,0.001,0.9650663631994014
t3_not_LC,46134,FH_PAC,0.11686434388274029,1.7083197367707335,0.001,0.939410557743377
t3_not_LC,46134,FH_normal,0.11686434388274029,1.39610854688659,0.001,0.903770250218259
t3_not_LC,46134,HetLDC,0.0,1.8318162255381145,0.001,0.9496279103747607
t3_not_LC,46134,HetLDC_cert,0.0,1.8336480417636527,0.001,0.9497506647558587
t3_not_LC,46134,LDC_PAC,0.0,1.9043689656599139,0.001,0.9542138323301614
t3_not_LC,46134,LDC_cert_pk,0.0,1.8390257202612912,0.001,0.9501088600968295
t3_not_LC,46135,CP_PAC,0.0,2.2037922788265263,0.001,0.9683641902289373
t3_not_LC,46135,FH_PAC,0.024760040779445627,1.6617373146286982,0.001,0.9363294737418107
t3_not_LC,46135,FH_normal,0.024760040779445627,1.321104751367219,0.001,0.8937705030012806
t3_not_LC,46135,HetLDC,0.0,1.9094407291135886,0.001,0.9545142532292024
t3_not_LC,46135,HetLDC_cert,0.0,1.911350169842702,0.001,0.9546267094056833
t3_not_LC,46135,LDC_PAC,0.0,1.9792182607842044,0.001,0.9584044377481475
t3_not_LC,46135,LDC_cert_pk,0.0,1.9195295593501702,0.001,0.9551044629089336
t3_not_LC,46136,CP_PAC,0.0,2.3031802241857955,0.001,0.971793177488333
t3_not_LC,46136,FH_PAC,0.13222749710873188,1.7326716772004511,0.001,0.9411691569119973
t3_not_LC,46136,FH_normal,0.13222749710873188,1.4200141344663242,0.001,0.9067758170846333
t3_not_LC,46136,HetLDC,0.0,2.002134612130134,0.001,0.9595892031486142
t3_not_LC,46136,HetLDC_cert,0.0,2.0041367467422635,0.001,0.9596906610173295
t3_not_LC,46136,LDC_PAC,0.0,2.0841311526058903,0.001,0.9634917506411007
t3_not_LC,46136,LDC_cert_pk,0.0,2.0106775660417773,0.001,0.9600198636507464
t3_not_LC,46137,CP_PAC,0.0,2.299871404804453,0.001,0.9716869312909522
t3_not_LC,46137,FH_PAC,-0.00787625891229833,1.6136106505778103,0.001,0.9318512368243195
t3_not_LC,46137,FH_normal,-0.00787625891229833,1.3250499233556068,0.001,0.8945241646915009
t3_not_LC,46137,HetLDC,0.0,1.977089562623131,0.001,0.9582921546198584
t3_not_LC,46137,HetLDC_cert,0.0,1.9790666521857538,0.001,0.9583964535248009
t3_not_LC,46137,LDC_PAC,0.0,2.049434460560533,0.001,0.9619018185264936
t3_not_LC,46137,LDC_cert_pk,0.0,1.9876775202201291,0.001,0.9588468596398778
t3_not_LC,46138,CP_PAC,0.0,2.1966502758043163,0.001,0.9680976503706125
t3_not_LC,46138,FH_PAC,0.2166633466622852,2.059610850591526,0.001,0.960641074331673
t3_not_LC,46138,FH_normal,0.2166633466622852,1.7395646776581983,0.001,0.9396823510989026
t3_not_LC,46138,HetLDC,0.0,1.8955495823686173,0.001,0.9536854112175344
t3_not_LC,46138,HetLDC_cert,0.0,1.8974451319509857,0.001,0.9537996339997441
t3_not_LC,46138,LDC_PAC,0.0,1.9728040524507124,0.001,0.95806493387923
t3_not_LC,46138,LDC_cert_pk,0.0,1.9065548803616132,0.001,0.9543436202716455
t3_not_LC,46139,CP_PAC,0.0,2.238841187378376,0.001,0.9696315881694666
t3_not_LC,46139,FH_PAC,-0.06511954457924697,1.857290097703948,0.001,0.9510735640804131
t3_not_LC,46139,FH_normal,-0.06511954457924697,1.5115714409816707,0.001,0.9204092289109449
t3_not_LC,46139,HetLDC,0.0,1.9029581173558752,0.001,0.9541298153367164
t3_not_LC,46139,HetLDC_cert,0.0,1.904861075473231,0.001,0.9542430919275557
t3_not_LC,46139,LDC_PAC,0.0,1.9789720525599748,0.001,0.9583914705999015
t3_not_LC,46139,LDC_cert_pk,0.0,1.9134060278655756,0.001,0.9547473950380279
t3_not_LC,46140,CP_PAC,0.0,2.7107499164150703,0.003,0.9817281334732635
t3_not_LC,46140,FH_PAC,0.1815547996073935,1.6302425509284364,0.003,0.9306313321890594
t3_not_LC,46140,FH_normal,0.1815547996073935,1.3300893560068534,0.003,0.8900511514610046
t3_not_LC,46140,HetLDC,0.0,2.5022193219179587,0.003,0.97733985347389
t3_not_LC,46140,HetLDC_cert,0.0,2.5097259798837124,0.003,0.9775202002515357
t3_not_LC,46140,LDC_PAC,0.0,2.5817799797188328,0.003,0.9791603226071748
t3_not_LC,46140,LDC_cert_pk,0.0,2.5165167496581953,0.003,0.9776817513362221
t3_not_LC,46141,CP_PAC,0.0,2.1419964181045046,0.001,0.9659595773459919
t3_not_LC,46141,FH_PAC,0.12833652685482208,2.0041864761423973,0.001,0.9590236990327459
t3_not_LC,46141,FH_normal,0.12833652685482208,1.6764618674442202,0.001,0.9364075048970707
t3_not_LC,46141,HetLDC,0.0,1.8638330283984375,0.001,0.9517200704919953
t3_not_LC,46141,HetLDC_cert,0.0,1.8656968614268357,0.001,0.9518384497374255
t3_not_LC,46141,LDC_PAC,0.0,1.9382770904608577,0.001,0.9561756550427023
t3_not_LC,46141,LDC_cert_pk,0.0,1.8749257814982239,0.001,0.9524192337894648
t3_not_LC,46142,CP_PAC,0.0,2.3275807302504377,0.001,0.9725610470529598
t3_not_LC,46142,FH_PAC,0.07217043858453949,1.6184715589029106,0.001,0.9318775433496307
t3_not_LC,46142,FH_normal,0.07217043858453949,1.3231137275796307,0.001,0.8933640141327204
t3_not_LC,46142,HetLDC,0.0,2.0452824636104334,0.001,0.9617056845681771
t3_not_LC,46142,HetLDC_cert,0.0,2.047327746074044,0.001,0.9618024611085758
t3_not_LC,46142,LDC_PAC,0.0,2.1215848921013243,0.001,0.9651141482150831
t3_not_LC,46142,LDC_cert_pk,0.0,2.053737192971671,0.001,0.9621037230259009
t3_not_LC,46143,CP_PAC,0.0,2.31136980262354,0.001,0.9720539472674048
t3_not_LC,46143,FH_PAC,-0.12375728219278623,2.3599373705096167,0.001,0.9732121986267567
t3_not_LC,46143,FH_normal,-0.12375728219278623,2.077254769122799,0.001,0.9626411621440624
t3_not_LC,46143,HetLDC,0.0,2.0361263060496255,0.001,0.9612685897777729
t3_not_LC,46143,HetLDC_cert,0.0,2.0381624323556746,0.001,0.9613663377643897
t3_not_LC,46143,LDC_PAC,0.0,2.1216356329211052,0.001,0.9651162829697724
t3_not_LC,46143,LDC_cert_pk,0.0,2.0490630484437755,0.001,0.9618843258479002
t3_not_LC,46144,CP_PAC,0.0,2.045377180746372,0.001,0.9617101731957289
t3_not_LC,46144,FH_PAC,0.012031972084259721,1.879283796116878,0.001,0.9526829621528012
t3_not_LC,46144,FH_normal,0.012031972084259721,1.5235117741210709,0.001,0.9222487716245187
t3_not_LC,46144,HetLDC,0.0,1.7044729882137126,0.001,0.940083139295774
t3_not_LC,46144,HetLDC_cert,0.0,1.7061774612019263,0.001,0.9402252286396175
t3_not_LC,46144,LDC_PAC,0.0,1.777393387091234,0.001,0.9458018945597761
t3_not_LC,46144,LDC_cert_pk,0.0,1.7120212107456847,0.001,0.940709184402329
t3_not_LC,46145,CP_PAC,0.0,2.074847812432766,0.001,0.9630747874502228
t3_not_LC,46145,FH_PAC,0.037085737194108924,1.6865822539378286,0.001,0.9384618854306429
t3_not_LC,46145,FH_normal,0.037085737194108924,1.3766140312195525,0.001,0.9025671574666914
t3_not_LC,46145,HetLDC,0.0,1.777063046662256,0.001,0.9457775730763982
t3_not_LC,46145,HetLDC_cert,0.0,1.778840109708918,0.001,0.9459082486388568
t3_not_LC,46145,LDC_PAC,0.0,1.8489140733413734,0.001,0.9507591247814255
t3_not_LC,46145,LDC_cert_pk,0.0,1.7842608772531527,0.001,0.9463044208658093
t3_not_LC,46146,CP_PAC,0.0,1.9647091070649298,0.001,0.9576314231261587
t3_not_LC,46146,FH_PAC,-0.18355385522014847,2.8554657247770248,0.001,0.9838194384977508
t3_not_LC,46146,FH_normal,-0.18355385522014847,2.4603107354217895,0.001,0.9756906693721012
t3_not_LC,46146,HetLDC,0.0,1.6428886761059456,0.001,0.9346533354233639
t3_not_LC,46146,HetLDC_cert,0.0,1.6445315647820513,0.001,0.9348059853251549
t3_not_LC,46146,LDC_PAC,0.0,1.707294384295836,0.001,0.9403181093279032
t3_not_LC,46146,LDC_cert_pk,0.0,1.650853122625545,0.001,0.9353892221531379
t3_not_LC,46147,CP_PAC,0.0,2.2818076577040447,0.001,0.9710977367251752
t3_not_LC,46147,FH_PAC,-0.058164902691891576,1.8388879251551744,0.001,0.9499111496278815
t3_not_LC,46147,FH_normal,-0.058164902691891576,1.502238351073521,0.001,0.9193845140393031
t3_not_LC,46147,HetLDC,0.0,2.0232265202224764,0.001,0.9606419299124449
t3_not_LC,46147,HetLDC_cert,0.0,2.0252497467426984,0.001,0.9607410664077654
t3_not_LC,46147,LDC_PAC,0.0,2.094500165469905,0.001,0.9639503937442968
t3_not_LC,46147,LDC_cert_pk,0.0,2.0330933082204528,0.001,0.9611223997295317
t3_not_LC,46148,CP_PAC,0.0,2.868632807441631,0.003,0.9843397410483323
t3_not_LC,46148,FH_PAC,0.039661390895711975,2.5135803951296234,0.003,0.9775863794716014
t3_not_LC,46148,FH_normal,0.039661390895711975,2.161825638317791,0.003,0.9667084921172372
t3_not_LC,46148,HetLDC,0.0,2.6593047366698874,0.003,0.980755980551872
t3_not_LC,46148,HetLDC_cert,0.0,2.6672826508798964,0.003,0.9809110650959079
t3_not_LC,46148,LDC_PAC,0.0,2.746733477283189,0.003,0.982370460933875
t3_not_LC,46148,LDC_cert_pk,0.0,2.675675143623167,0.003,0.9810724624960849
t3_not_LC,46149,CP_PAC,0.0,2.4426270890895343,0.001,0.9758396179360351
t3_not_LC,46149,FH_PAC,-0.058599305371353154,1.9844102357365376,0.001,0.9585323998344698
t3_not_LC,46149,FH_normal,-0.058599305371353154,1.6255838221890988,0.001,0.932723539324772
t3_not_LC,46149,HetLDC,0.0,2.1320205337170344,0.001,0.9655496994023383
t3_not_LC,46149,HetLDC_cert,0.0,2.1341525542507513,0.001,0.9656378259300553
t3_not_LC,46149,LDC_PAC,0.0,2.2103156136512028,0.001,0.968605150157597
t3_not_LC,46149,LDC_cert_pk,0.0,2.143347973416834,0.001,0.9660146274563279
trunc_exp,44000,CP_PAC,0.0,2.2395358248380832,0.001,0.956316414032176
trunc_exp,44000,FH_PAC,0.32708504957046386,1.7755383884822813,0.001,0.8980487848396992
trunc_exp,44000,FH_normal,0.32708504957046386,1.4407019393422809,0.001,0.8591842088698359
trunc_exp,44000,HetLDC,0.0,1.9783759724894323,0.001,0.9411415740634206
trunc_exp,44000,HetLDC_cert,0.0,1.9803543484619215,0.001,0.9412693997201376
trunc_exp,44000,LDC_PAC,0.0,2.0556983143876977,0.001,0.9459837558598418
trunc_exp,44000,LDC_cert_pk,0.0,1.989563100617468,0.001,0.9418616216561139
trunc_exp,44001,CP_PAC,0.0,2.4531204245570817,0.001,0.9664907192374536
trunc_exp,44001,FH_PAC,0.25218418589000374,1.7705184958399094,0.001,0.9048787304354196
trunc_exp,44001,FH_normal,0.25218418589000374,1.4387872513292512,0.001,0.868604219588808
trunc_exp,44001,HetLDC,0.0,2.186858415047803,0.001,0.9535158049804807
trunc_exp,44001,HetLDC_cert,0.0,2.1890452734628507,0.001,0.95363453487504
trunc_exp,44001,LDC_PAC,0.0,2.2670213957579692,0.001,0.9577295570154502
trunc_exp,44001,LDC_cert_pk,0.0,2.199482837670487,0.001,0.9541982413308393
trunc_exp,44002,CP_PAC,0.0,2.3842726159073795,0.001,0.9634068805662394
trunc_exp,44002,FH_PAC,0.15797896075390763,1.7534248741513945,0.001,0.9119673902224522
trunc_exp,44002,FH_normal,0.15797896075390763,1.4399482397233836,0.001,0.8800793122957853
trunc_exp,44002,HetLDC,0.0,2.1320509607450586,0.001,0.9504683228014766
trunc_exp,44002,HetLDC_cert,0.0,2.1341830117058036,0.001,0.9505894951035937
trunc_exp,44002,LDC_PAC,0.0,2.203396530994917,0.001,0.9544083479673567
trunc_exp,44002,LDC_cert_pk,0.0,2.143860802112287,0.001,0.9511368182216031
trunc_exp,44003,CP_PAC,0.0,2.021249583008016,0.003,0.9438649920533906
trunc_exp,44003,FH_PAC,0.14355199449714282,1.5479216364877533,0.003,0.8935308112994096
trunc_exp,44003,FH_normal,0.14355199449714282,1.1881853850901807,0.003,0.8497378102867332
trunc_exp,44003,HetLDC,0.0,1.6545359522247145,0.003,0.9170990188163939
trunc_exp,44003,HetLDC_cert,0.0,1.6594995600813884,0.003,0.9175186730463921
trunc_exp,44003,LDC_PAC,0.0,1.7246286073598058,0.003,0.9228670853848069
trunc_exp,44003,LDC_cert_pk,0.0,1.6670361554228514,0.003,0.9181525505912579
trunc_exp,44004,CP_PAC,0.0,2.6636834849285984,0.003,0.9748943644171522
trunc_exp,44004,FH_PAC,-0.08506865063144872,1.9727962292591381,0.003,0.946114985969504
trunc_exp,44004,FH_normal,-0.08506865063144872,1.6199122731238647,0.003,0.9212841100950873
trunc_exp,44004,HetLDC,0.0,2.4261409422543934,0.003,0.9653033103745275
trunc_exp,44004,HetLDC_cert,0.0,2.433419365081156,0.003,0.9656262819105278
trunc_exp,44004,LDC_PAC,0.0,2.508333377503712,0.003,0.9688389887510632
trunc_exp,44004,LDC_cert_pk,0.0,2.4382361876007335,0.003,0.9658389470067541
trunc_exp,44005,CP_PAC,0.0,2.139575286099036,0.001,0.9508949978085727
trunc_exp,44005,FH_PAC,0.1563131991258978,1.8649896987757777,0.001,0.921583839875919
trunc_exp,44005,FH_normal,0.1563131991258978,1.520589371213883,0.001,0.8892749883722052
trunc_exp,44005,HetLDC,0.0,1.8110801833116144,0.001,0.9295321652910075
trunc_exp,44005,HetLDC_cert,0.0,1.8128912634949257,0.001,0.9296667164726745
trunc_exp,44005,LDC_PAC,0.0,1.8912282476347033,0.001,0.935296287731599
trunc_exp,44005,LDC_cert_pk,0.0,1.8198629938886215,0.001,0.930182776249965
trunc_exp,44006,CP_PAC,0.0,2.8190686236922153,0.003,0.9802148383791921
trunc_exp,44006,FH_PAC,-0.049908765130669275,2.236421046778883,0.003,0.958703080819284
trunc_exp,44006,FH_normal,-0.049908765130669275,1.9248348576242573,0.003,0.9409063328855898
trunc_exp,44006,HetLDC,0.0,2.621130523507533,0.003,0.9733129512020092
trunc_exp,44006,HetLDC_cert,0.0,2.628993915078055,0.003,0.97360942572034
trunc_exp,44006,LDC_PAC,0.0,2.6992754678699344,0.003,0.9761746450286328
trunc_exp,44006,LDC_cert_pk,0.0,2.6355815578409123,0.003,0.9738563077690385
trunc_exp,44007,CP_PAC,0.0,2.83462495242343,0.003,0.9807104955801869
trunc_exp,44007,FH_PAC,-0.22959804911204268,2.097562287773813,0.003,0.9607108194949157
trunc_exp,44007,FH_normal,-0.22959804911204268,1.8167878347030146,0.003,0.9454169881007872
trunc_exp,44007,HetLDC,0.0,2.620081604339726,0.003,0.9732732564432562
trunc_exp,44007,HetLDC_cert,0.0,2.6279418491527453,0.003,0.9735698721395073
trunc_exp,44007,LDC_PAC,0.0,2.7141707478788657,0.003,0.9766992626445735
trunc_exp,44007,LDC_cert_pk,0.0,2.637296390482234,0.003,0.9739203515161996
trunc_exp,44008,CP_PAC,0.0,2.2003421170233484,0.001,0.9542444305340475
trunc_exp,44008,FH_PAC,0.012457186254000925,1.6920948641152345,0.001,0.919203559765352
trunc_exp,44008,FH_normal,0.012457186254000925,1.446893062036962,0.001,0.8966301628593736
trunc_exp,44008,HetLDC,0.0,1.8939839182712797,0.001,0.935487699612715
trunc_exp,44008,HetLDC_cert,0.0,1.8958779021895509,0.001,0.9356190028843571
trunc_exp,44008,LDC_PAC,0.0,1.9761196823432516,0.001,0.940995534252042
trunc_exp,44008,LDC_cert_pk,0.0,1.9049784791200695,0.001,0.9362470287765077
trunc_exp,44009,CP_PAC,0.0,2.9937747922871183,0.003,0.9854283968110956
trunc_exp,44009,FH_PAC,-0.19671718857654769,2.041780850852304,0.003,0.9562624199290664
trunc_exp,44009,FH_normal,-0.19671718857654769,1.7571057662916858,0.003,0.9395374878359033
trunc_exp,44009,HetLDC,0.0,2.7923142090570567,0.003,0.9793471971081894
trunc_exp,44009,HetLDC_cert,0.0,2.800691151684228,0.003,0.9796209452546604
trunc_exp,44009,LDC_PAC,0.0,2.8811891048287985,0.003,0.9821562592714197
trunc_exp,44009,LDC_cert_pk,0.0,2.8087501190836943,0.003,0.9798825030450723
trunc_exp,44010,CP_PAC,0.0,2.203877289176551,0.001,0.954434110195988
trunc_exp,44010,FH_PAC,0.04363753998711826,1.7546386606377342,0.001,0.921771905440244
trunc_exp,44010,FH_normal,0.04363753998711826,1.4452914676419224,0.001,0.8932470174597237
trunc_exp,44010,HetLDC,0.0,1.9492667477859862,0.001,0.9392361927735852
trunc_exp,44010,HetLDC_cert,0.0,1.9512160145337718,0.001,0.9393652350038286
trunc_exp,44010,LDC_PAC,0.0,2.022966892617186,0.001,0.943972063140404
trunc_exp,44010,LDC_cert_pk,0.0,1.9593498371179956,0.001,0.939901438378556
trunc_exp,44011,CP_PAC,0.0,3.1157475614791292,0.003,0.9886431627568264
trunc_exp,44011,FH_PAC,-0.17229862719448003,2.3155399143779185,0.003,0.9679799174296445
trunc_exp,44011,FH_normal,-0.17229862719448003,1.9585118149813,0.003,0.9503977203239447
trunc_exp,44011,HetLDC,0.0,2.920977953070699,0.003,0.9833479320131079
trunc_exp,44011,HetLDC_cert,0.0,2.929740886929911,0.003,0.9836051084536416
trunc_exp,44011,LDC_PAC,0.0,3.0131794036766584,0.003,0.9859619635761303
trunc_exp,44011,LDC_cert_pk,0.0,2.9330187992097057,0.003,0.9837008271945104
trunc_exp,44012,CP_PAC,0.0,3.184569237429721,0.01,0.9903178053970128
trunc_exp,44012,FH_PAC,-0.2470719985996512,2.243483767613955,0.01,0.9680946602413856
trunc_exp,44012,FH_normal,-0.2470719985996512,1.8717354403107838,0.01,0.9497107983359999
trunc_exp,44012,HetLDC,0.0,2.9676644029155606,0.01,0.9846966751213577
trunc_exp,44012,HetLDC_cert,0.0,2.997341046944716,0.01,0.9855271067004976
trunc_exp,44012,LDC_PAC,0.0,3.0648084198230183,0.01,0.9873402483233031
trunc_exp,44012,LDC_cert_pk,0.0,2.984157971169356,0.01,0.9851607457722501
trunc_exp,44013,CP_PAC,0.0,2.4253016675672225,0.001,0.9652659422817631
trunc_exp,44013,FH_PAC,0.1738277561592064,1.7782004013010055,0.001,0.9127589384914373
trunc_exp,44013,FH_normal,0.1738277561592064,1.4511760698109657,0.001,0.8795440805459351
trunc_exp,44013,HetLDC,0.0,2.147363219914099,0.001,0.9513338094773145
trunc_exp,44013,HetLDC_cert,0.0,2.1495105831340124,0.001,0.9514543022418112
trunc_exp,44013,LDC_PAC,0.0,2.2262151355672435,0.001,0.9556197992214539
trunc_exp,44013,LDC_cert_pk,0.0,2.1596441888753173,0.001,0.9520200150786448
trunc_exp,44014,CP_PAC,0.0,2.326003176936915,0.001,0.9606548556019054
trunc_exp,44014,FH_PAC,0.2642084748168878,1.5968492776542456,0.001,0.8858150476821911
trunc_exp,44014,FH_normal,0.2642084748168878,1.3197092067301763,0.001,0.8512622613834329
trunc_exp,44014,HetLDC,0.0,2.0433957827945783,0.001,0.9452340704814605
trunc_exp,44014,HetLDC_cert,0.0,2.0454391785773725,0.001,0.9453591233346432
trunc_exp,44014,LDC_PAC,0.0,2.1201469556065957,0.001,0.9497877991815731
trunc_exp,44014,LDC_cert_pk,0.0,2.0535193451386426,0.001,0.9458515350078073
trunc_exp,44015,CP_PAC,0.0,2.1248992681630967,0.001,0.9500602882619344
trunc_exp,44015,FH_PAC,0.08497319394098725,1.8433847503371545,0.001,0.9255289811026831
trunc_exp,44015,FH_normal,0.08497319394098725,1.5536648034087885,0.001,0.9000679321836123
trunc_exp,44015,HetLDC,0.0,1.830906513982517,0.001,0.9309941191936439
trunc_exp,44015,HetLDC_cert,0.0,1.8327374204964995,0.001,0.9311279109784095
trunc_exp,44015,LDC_PAC,0.0,1.8935153401603244,0.001,0.9354551827088785
trunc_exp,44015,LDC_cert_pk,0.0,1.8366620693453775,0.001,0.9314140134643084
trunc_exp,44016,CP_PAC,0.0,2.024430105512984,0.001,0.9440631708185315
trunc_exp,44016,FH_PAC,-0.001434759270429454,1.9165904497337731,0.001,0.9371390998810764
trunc_exp,44016,FH_normal,-0.001434759270429454,1.6048126471712838,0.001,0.9129244290720381
trunc_exp,44016,HetLDC,0.0,1.7124150600784251,0.001,0.9218861171562682
trunc_exp,44016,HetLDC_cert,0.0,1.7141274751385034,0.001,0.9220242581487188
trunc_exp,44016,LDC_PAC,0.0,1.7894483198526898,0.001,0.9279092485273439
trunc_exp,44016,LDC_cert_pk,0.0,1.722155603914239,0.001,0.9226692647591005
trunc_exp,44017,CP_PAC,0.0,2.493241872197512,0.001,0.9682078336216149
trunc_exp,44017,FH_PAC,0.02052459272527906,1.8902465211647173,0.001,0.9337872211868525
trunc_exp,44017,FH_normal,0.02052459272527906,1.5509484159503282,0.001,0.9060204481779892
trunc_exp,44017,HetLDC,0.0,2.233696313828306,0.001,0.9560119854059695
trunc_exp,44017,HetLDC_cert,0.0,2.235930010142134,0.001,0.9561286088736312
trunc_exp,44017,LDC_PAC,0.0,2.319148291734274,0.001,0.9603222215969531
trunc_exp,44017,LDC_cert_pk,0.0,2.246667556101723,0.001,0.9566862034531376
trunc_exp,44018,CP_PAC,0.0,2.5177329036799048,0.001,0.9692280977537827
trunc_exp,44018,FH_PAC,0.09617449021284745,1.6163110145198525,0.001,0.9050496603575672
trunc_exp,44018,FH_normal,0.09617449021284745,1.2820280374635453,0.001,0.8685103682609315
trunc_exp,44018,HetLDC,0.0,2.243246609233014,0.001,0.9565090975037055
trunc_exp,44018,HetLDC_cert,0.0,2.245489855842247,0.001,0.956625289735719
trunc_exp,44018,LDC_PAC,0.0,2.32673223226566,0.001,0.9606901213054542
trunc_exp,44018,LDC_cert_pk,0.0,2.2519878671289706,0.001,0.9569606391480008
trunc_exp,44019,CP_PAC,0.0,2.6606335901560585,0.003,0.9747828780219503
trunc_exp,44019,FH_PAC,-0.19199379792520718,2.1943107749745576,0.003,0.9635004555820317
trunc_exp,44019,FH_normal,-0.19199379792520718,1.8928088126954334,0.003,0.947726965755749
trunc_exp,44019,HetLDC,0.0,2.4225519255342833,0.003,0.9651433285849227
trunc_exp,44019,HetLDC_cert,0.0,2.429819581310886,0.003,0.9654667907923633
trunc_exp,44019,LDC_PAC,0.0,2.5054613572734103,0.003,0.9687194868649058
trunc_exp,44019,LDC_cert_pk,0.0,2.436669243085749,0.003,0.9657698593881454
trunc_exp,44020,CP_PAC,0.0,2.29660090865244,0.001,0.9592145920002159
trunc_exp,44020,FH_PAC,0.0706779505790551,1.8619825721453704,0.001,0.9280496679935352
trunc_exp,44020,FH_normal,0.0706779505790551,1.5098517894669825,0.001,0.8971115203125581
trunc_exp,44020,HetLDC,0.0,2.0098956256594427,0.001,0.943153221068394
trunc_exp,44020,HetLDC_cert,0.0,2.0119055212851022,0.001,0.9432797114798035
trunc_exp,44020,LDC_PAC,0.0,2.0933468505124364,0.001,0.9482307404386148
trunc_exp,44020,LDC_cert_pk,0.0,2.021462739290645,0.001,0.9438782902939866
trunc_exp,44021,CP_PAC,0.0,2.42277985621857,0.001,0.965153502932108
trunc_exp,44021,FH_PAC,-0.04097127842171706,2.008511039363075,0.001,0.9456059302937487
trunc_exp,44021,FH_normal,-0.04097127842171706,1.6657202889449703,0.001,0.9214229667632146
trunc_exp,44021,HetLDC,0.0,2.107490813353361,0.001,0.9490568272841322
trunc_exp,44021,HetLDC_cert,0.0,2.109598304166714,0.001,0.9491790843365889
trunc_exp,44021,LDC_PAC,0.0,2.192355995951714,0.001,0.9538138704300065
trunc_exp,44021,LDC_cert_pk,0.0,2.1151700690122732,0.001,0.9495012730101293
trunc_exp,44022,CP_PAC,0.0,3.3708485666819112,0.01,0.9943965636935487
trunc_exp,44022,FH_PAC,-0.13829836496373848,2.602778308993151,0.01,0.9776305341016198
trunc_exp,44022,FH_normal,-0.13829836496373848,2.210640387814959,0.01,0.9617540782813516
trunc_exp,44022,HetLDC,0.0,3.163051033023643,0.01,0.9898044948076034
trunc_exp,44022,HetLDC_cert,0.0,3.1946815433538798,0.01,0.9905558673939603
trunc_exp,44022,LDC_PAC,0.0,3.259882668163634,0.01,0.9920435297968202
trunc_exp,44022,LDC_cert_pk,0.0,3.183033589903007,0.01,0.9902814775087042
trunc_exp,44023,CP_PAC,0.0,2.9567088862351825,0.01,0.9843848775291993
trunc_exp,44023,FH_PAC,0.09758182416371478,1.9499475637439119,0.01,0.9325494667961702
trunc_exp,44023,FH_normal,0.09758182416371478,1.59031937059601,0.01,0.9024230708397548
trunc_exp,44023,HetLDC,0.0,2.726110432221795,0.01,0.9771151014023978
trunc_exp,44023,HetLDC_cert,0.0,2.7533715365440132,0.01,0.9780491769724423
trunc_exp,44023,LDC_PAC,0.0,2.8160369062868242,0.01,0.9801174903269533
trunc_exp,44023,LDC_cert_pk,0.0,2.744723605376571,0.01,0.9777551611845327
trunc_exp,44024,CP_PAC,0.0,2.524582557967358,0.001,0.9695097349124364
trunc_exp,44024,FH_PAC,0.13890539245145772,1.9059351600619778,0.001,0.9261961200935999
trunc_exp,44024,FH_normal,0.13890539245145772,1.5930850327431394,0.001,0.8986235532276461
trunc_exp,44024,HetLDC,0.0,2.2854068732249577,0.001,0.9586569025542754
trunc_exp,44024,HetLDC_cert,0.0,2.2876922800981823,0.001,0.9587711855297023
trunc_exp,44024,LDC_PAC,0.0,2.363061684704768,0.001,0.9624205530907015
trunc_exp,44024,LDC_cert_pk,0.0,2.2971177198986945,0.001,0.9592402141014249
trunc_exp,44025,CP_PAC,0.0,2.9114595461981265,0.003,0.9830664454291097
trunc_exp,44025,FH_PAC,0.13604347589066065,1.7595117672857563,0.003,0.9144325193213271
trunc_exp,44025,FH_normal,0.13604347589066065,1.4454105106437396,0.003,0.8832106739588206
trunc_exp,44025,HetLDC,0.0,2.6677314874049967,0.003,0.9750418984153277
trunc_exp,44025,HetLDC_cert,0.0,2.6757346818672114,0.003,0.9753321217122233
trunc_exp,44025,LDC_PAC,0.0,2.7575779432502063,0.003,0.9781914230966129
trunc_exp,44025,LDC_cert_pk,0.0,2.684307703831308,0.003,0.9756408669172335
trunc_exp,44026,CP_PAC,0.0,2.102364169017962,0.001,0.9487585280499731
trunc_exp,44026,FH_PAC,0.1251229927145133,1.594581687555356,0.001,0.9001437948501075
trunc_exp,44026,FH_normal,0.1251229927145133,1.2468271435792924,0.001,0.8602564741773042
trunc_exp,44026,HetLDC,0.0,1.671070954875992,0.001,0.9184902695849574
trunc_exp,44026,HetLDC_cert,0.0,1.6727420258308678,0.001,0.9186298082781917
trunc_exp,44026,LDC_PAC,0.0,1.741081049413263,0.001,0.9241728120081109
trunc_exp,44026,LDC_cert_pk,0.0,1.6768481266609268,0.001,0.9189718531070973
trunc_exp,44027,CP_PAC,0.0,2.9057665429615813,0.003,0.9828970156915231
trunc_exp,44027,FH_PAC,-0.04893106765697483,2.113021060443459,0.003,0.9521481895163616
trunc_exp,44027,FH_normal,-0.04893106765697483,1.7774573134479397,0.003,0.9306630851931499
trunc_exp,44027,HetLDC,0.0,2.703722643213957,0.003,0.9763319594551009
trunc_exp,44027,HetLDC_cert,0.0,2.711833811143599,0.003,0.9766173853434141
trunc_exp,44027,LDC_PAC,0.0,2.7964905464251864,0.003,0.9794839137821423
trunc_exp,44027,LDC_cert_pk,0.0,2.718143531219961,0.003,0.9768380879335973
trunc_exp,44028,CP_PAC,0.0,2.2410081614061816,0.001,0.9563929368901921
trunc_exp,44028,FH_PAC,0.1896134956603621,1.9650308240911107,0.001,0.9268408150530717
trunc_exp,44028,FH_normal,0.1896134956603621,1.628229542160935,0.001,0.8970549496710205
trunc_exp,44028,HetLDC,0.0,1.947669248811072,0.001,0.9391302811452102
trunc_exp,44028,HetLDC_cert,0.0,1.9496169180598828,0.001,0.9392593896488686
trunc_exp,44028,LDC_PAC,0.0,2.027872101967954,0.001,0.9442770504536911
trunc_exp,44028,LDC_cert_pk,0.0,1.9577723145337367,0.001,0.9397977280582005
trunc_exp,44029,CP_PAC,0.0,2.4576135947054274,0.001,0.9666858876112108
trunc_exp,44029,FH_PAC,0.013900755998257493,1.9856867962966749,0.001,0.9407142643427824
trunc_exp,44029,FH_normal,0.013900755998257493,1.632103728137648,0.001,0.9139737150284516
trunc_exp,44029,HetLDC,0.0,2.2101527106008128,0.001,0.9547694431788691
trunc_exp,44029,HetLDC_cert,0.0,2.212362863311413,0.001,0.9548871273589064
trunc_exp,44029,LDC_PAC,0.0,2.2860078011125693,0.001,0.9586869733864137
trunc_exp,44029,LDC_cert_pk,0.0,2.2224871069929697,0.001,0.9554234489495759
trunc_exp,44030,CP_PAC,0.0,2.0279013088673943,0.001,0.9442788626929036
trunc_exp,44030,FH_PAC,0.22268691282988085,1.4457115140867869,0.001,0.8730947719508222
trunc_exp,44030,FH_normal,0.22268691282988085,1.0995789099212936,0.001,0.8243668036768137
trunc_exp,44030,HetLDC,0.0,1.6748453936835905,0.001,0.9188051685799848
trunc_exp,44030,HetLDC_cert,0.0,1.676520239077274,0.001,0.9189445825652772
trunc_exp,44030,LDC_PAC,0.0,1.7464561396438076,0.001,0.9245955298772295
trunc_exp,44030,LDC_cert_pk,0.0,1.6775506724807783,0.001,0.919030259017012
trunc_exp,44031,CP_PAC,0.0,2.1801517001520407,0.001,0.9531503273394992
trunc_exp,44031,FH_PAC,-0.012374716829933163,1.7949179684587417,0.001,0.9292501214901174
trunc_exp,44031,FH_normal,-0.012374716829933163,1.4414634708800922,0.001,0.898589357392769
trunc_exp,44031,HetLDC,0.0,1.883874716834356,0.001,0.9347833444596687
trunc_exp,44031,HetLDC_cert,0.0,1.88575859155119,0.001,0.9349150535093647
trunc_exp,44031,LDC_PAC,0.0,1.9579867384408363,0.001,0.9398118328437118
trunc_exp,44031,LDC_cert_pk,0.0,1.893541490233781,0.001,0.9354569977239867
trunc_exp,44032,CP_PAC,0.0,2.284589977655138,0.001,0.9586160003732269
trunc_exp,44032,FH_PAC,-0.16296421693636126,1.894829207756109,0.001,0.9461106616685335
trunc_exp,44032,FH_normal,-0.16296421693636126,1.5799421247635084,0.001,0.9243165726424329
trunc_exp,44032,HetLDC,0.0,1.9840793167413262,0.001,0.9415095033706207
trunc_exp,44032,HetLDC_cert,0.0,1.9860633960580671,0.001,0.9416370887504009
trunc_exp,44032,LDC_PAC,0.0,2.0673089727685032,0.001,0.9466842578641526
trunc_exp,44032,LDC_cert_pk,0.0,1.995985052058208,0.001,0.9422719379046107
trunc_exp,44033,CP_PAC,0.0,2.8411312431068,0.003,0.9809158994747895
trunc_exp,44033,FH_PAC,-0.0801383382408749,2.1522254177979945,0.003,0.9559423076987006
trunc_exp,44033,FH_normal,-0.0801383382408749,1.7726479645476105,0.003,0.9325796715594077
trunc_exp,44033,HetLDC,0.0,2.619176538039738,0.003,0.9732389776523501
trunc_exp,44033,HetLDC_cert,0.0,2.6270340676538573,0.003,0.9735357151806383
trunc_exp,44033,LDC_PAC,0.0,2.7059581257527014,0.003,0.976410817289987
trunc_exp,44033,LDC_cert_pk,0.0,2.635717141008529,0.003,0.9738613747212541
trunc_exp,44034,CP_PAC,0.0,2.3608074585207373,0.001,0.9623146999050953
trunc_exp,44034,FH_PAC,0.19021565291851483,1.887065365202112,0.001,0.9206213656795661
trunc_exp,44034,FH_normal,0.19021565291851483,1.559781200124067,0.001,0.889844626497508
trunc_exp,44034,HetLDC,0.0,2.088944769325788,0.001,0.9479716389327717
trunc_exp,44034,HetLDC_cert,0.0,2.0910337140951136,0.001,0.9480947104843673
trunc_exp,44034,LDC_PAC,0.0,2.1670150837733795,0.001,0.9524285044377289
trunc_exp,44034,LDC_cert_pk,0.0,2.0990524691174284,0.001,0.9485651539460676
trunc_exp,44035,CP_PAC,0.0,2.8481052724609226,0.003,0.9811348354546413
trunc_exp,44035,FH_PAC,-0.2229635672254309,1.9632954948649026,0.003,0.9534832268073188
trunc_exp,44035,FH_normal,-0.2229635672254309,1.5667713101764311,0.003,0.9279309392948182
trunc_exp,44035,HetLDC,0.0,2.6206623705596868,0.003,0.9732952389536907
trunc_exp,44035,HetLDC_cert,0.0,2.6285243576713655,0.003,0.973591776480028
trunc_exp,44035,LDC_PAC,0.0,2.7126003501996756,0.003,0.9766442595259648
trunc_exp,44035,LDC_cert_pk,0.0,2.633557559273578,0.003,0.9737805996446609
trunc_exp,44036,CP_PAC,0.0,2.2078233340906377,0.001,0.9546451756034156
trunc_exp,44036,FH_PAC,0.06284906863792264,1.8456053084606434,0.001,0.9274012190472867
trunc_exp,44036,FH_normal,0.06284906863792264,1.5454582453356582,0.001,0.9014368204106983
trunc_exp,44036,HetLDC,0.0,1.9165657669413114,0.001,0.9370397920404833
trunc_exp,44036,HetLDC_cert,0.0,1.9184823327082523,0.001,0.9371701800389961
trunc_exp,44036,LDC_PAC,0.0,1.9978433913720988,0.001,0.9423902628424753
trunc_exp,44036,LDC_cert_pk,0.0,1.9259981950591272,0.001,0.937679492986474
trunc_exp,44037,CP_PAC,0.0,2.579167461266809,0.003,0.9716975069971261
trunc_exp,44037,FH_PAC,-0.04996584777883189,1.8626240031564563,0.003,0.9367686363938268
trunc_exp,44037,FH_normal,-0.04996584777883189,1.5745283038546156,0.003,0.9145216754074759
trunc_exp,44037,HetLDC,0.0,2.370375704763621,0.003,0.962762634866386
trunc_exp,44037,HetLDC_cert,0.0,2.377486831877911,0.003,0.9630932320279135
trunc_exp,44037,LDC_PAC,0.0,2.442848746576399,0.003,0.9660417943732639
trunc_exp,44037,LDC_cert_pk,0.0,2.3803740964313307,0.003,0.9632269025194039
trunc_exp,44038,CP_PAC,0.0,2.5553026693946235,0.001,0.9707532461742895
trunc_exp,44038,FH_PAC,0.05040778365588032,1.8828889220883855,0.001,0.9311091957035318
trunc_exp,44038,FH_normal,0.05040778365588032,1.5542885454417836,0.001,0.9034985578399953
trunc_exp,44038,HetLDC,0.0,2.3099085812861597,0.001,0.9598708431738575
trunc_exp,44038,HetLDC_cert,0.0,2.3122184898674454,0.001,0.959984013230206
trunc_exp,44038,LDC_PAC,0.0,2.3918163467515816,0.001,0.9637534847528395
trunc_exp,44038,LDC_cert_pk,0.0,2.323723658730848,0.001,0.9605444527778809
trunc_exp,44039,CP_PAC,0.0,2.5108711654695135,0.001,0.9689443455590855
trunc_exp,44039,FH_PAC,-0.047967665692924974,2.0247901566749853,0.001,0.9470106695882858
trunc_exp,44039,FH_normal,-0.047967665692924974,1.7177477983461276,0.001,0.9260946890527597
trunc_exp,44039,HetLDC,0.0,2.2497232942984717,0.001,0.9568439753695842
trunc_exp,44039,HetLDC_cert,0.0,2.25197301759277,0.001,0.9569598748635235
trunc_exp,44039,LDC_PAC,0.0,2.33554659862626,0.001,0.9611147950080798
trunc_exp,44039,LDC_cert_pk,0.0,2.2624368636072782,0.001,0.9574960936948067
trunc_exp,44040,CP_PAC,0.0,2.5806245905935796,0.003,0.9717545547153152
trunc_exp,44040,FH_PAC,-0.15180281467943557,1.9493592217867508,0.003,0.9486883958545527
trunc_exp,44040,FH_normal,-0.15180281467943557,1.5826277832638191,0.003,0.9236471645568498
trunc_exp,44040,HetLDC,0.0,2.3725865643012525,0.003,0.9628656281547832
trunc_exp,44040,HetLDC_cert,0.0,2.3797043239941558,0.003,0.9631959230164736
trunc_exp,44040,LDC_PAC,0.0,2.4442288611300125,0.003,0.9661023363751478
trunc_exp,44040,LDC_cert_pk,0.0,2.383028879559987,0.003,0.9633495261222133
trunc_exp,44041,CP_PAC,0.0,2.298760346835408,0.001,0.959321577781106
trunc_exp,44041,FH_PAC,0.07600584801441625,1.7562178955577006,0.001,0.9192512013529812
trunc_exp,44041,FH_normal,0.07600584801441625,1.4827542129920561,0.001,0.8937788616720225
trunc_exp,44041,HetLDC,0.0,2.036522165456571,0.001,0.944811847082431
trunc_exp,44041,HetLDC_cert,0.0,2.038558687622027,0.001,0.9449371963416533
trunc_exp,44041,LDC_PAC,0.0,2.110061253658437,0.001,0.9492059115868756
trunc_exp,44041,LDC_cert_pk,0.0,2.046960189380464,0.001,0.9454520686927583
trunc_exp,44042,CP_PAC,0.0,2.516593498975349,0.001,0.9691810925509143
trunc_exp,44042,FH_PAC,-0.03696675980803342,2.129763845025938,0.001,0.9524127853882249
trunc_exp,44042,FH_normal,-0.03696675980803342,1.7067106377743613,0.001,0.924377235527475
trunc_exp,44042,HetLDC,0.0,2.2458003174577383,0.001,0.956641353426226
trunc_exp,44042,HetLDC_cert,0.0,2.248046117775196,0.001,0.9567574302608628
trunc_exp,44042,LDC_PAC,0.0,2.3256792652699114,0.001,0.9606391805354161
trunc_exp,44042,LDC_cert_pk,0.0,2.2571991159856983,0.001,0.9572282708840903
trunc_exp,44043,CP_PAC,0.0,2.8989835872114496,0.003,0.9826940945260639
trunc_exp,44043,FH_PAC,-0.19117365046618082,2.348147916823732,0.003,0.970110328946006
trunc_exp,44043,FH_normal,-0.19117365046618082,1.994596296115142,0.003,0.9534566285808175
trunc_exp,44043,HetLDC,0.0,2.6571683138262827,0.003,0.9746558629879061
trunc_exp,44043,HetLDC_cert,0.0,2.665139818767761,0.003,0.974947499526325
trunc_exp,44043,LDC_PAC,0.0,2.7457613856863277,0.003,0.9777905561492073
trunc_exp,44043,LDC_cert_pk,0.0,2.6705159387753055,0.003,0.9751430920490554
trunc_exp,44044,CP_PAC,0.0,2.3316546459046448,0.001,0.9609276667573503
trunc_exp,44044,FH_PAC,0.06305727471408212,1.8549420743555294,0.001,0.9280935108320865
trunc_exp,44044,FH_normal,0.06305727471408212,1.5844369235267473,0.001,0.9051674140681779
trunc_exp,44044,HetLDC,0.0,2.061902130639224,0.001,0.9463588926713933
trunc_exp,44044,HetLDC_cert,0.0,2.063964032769863,0.001,0.9464831440056407
trunc_exp,44044,LDC_PAC,0.0,2.140255347630782,0.001,0.9509334296273925
trunc_exp,44044,LDC_cert_pk,0.0,2.0713700320706065,0.001,0.946927675190799
trunc_exp,44045,CP_PAC,0.0,2.0061676055194875,0.001,0.9429180402584616
trunc_exp,44045,FH_PAC,0.016163072055506166,1.6451406235349717,0.001,0.9149104273062555
trunc_exp,44045,FH_normal,0.016163072055506166,1.362148255297901,0.001,0.8872856564859122
trunc_exp,44045,HetLDC,0.0,1.6598146714709494,0.001,0.9175452559066462
trunc_exp,44045,HetLDC_cert,0.0,1.6614744861424204,0.001,0.9176851629206029
trunc_exp,44045,LDC_PAC,0.0,1.7277387792460532,0.001,0.9231152957474864
trunc_exp,44045,LDC_cert_pk,0.0,1.6681645359214379,0.001,0.9182471123205596
trunc_exp,44046,CP_PAC,0.0,2.454717497454463,0.001,0.9665601745893594
trunc_exp,44046,FH_PAC,0.07424386377809047,2.0168047560544125,0.001,0.9387906564186724
trunc_exp,44046,FH_normal,0.07424386377809047,1.7351899797389752,0.001,0.9176406472213643
trunc_exp,44046,HetLDC,0.0,2.2017836040942425,0.001,0.9543218410718716
trunc_exp,44046,HetLDC_cert,0.0,2.2039853876983364,0.001,0.95443990141286
trunc_exp,44046,LDC_PAC,0.0,2.283313927298253,0.001,0.9585520523855335
trunc_exp,44046,LDC_cert_pk,0.0,2.213172558687043,0.001,0.9549301869966654
trunc_exp,44047,CP_PAC,0.0,2.431428381099418,0.001,0.9655381290699447
trunc_exp,44047,FH_PAC,-0.20305584527113144,1.989738831907566,0.001,0.9538375958190174
trunc_exp,44047,FH_normal,-0.20305584527113144,1.6699441065420957,0.001,0.9340189876887198
trunc_exp,44047,HetLDC,0.0,2.1712825239276397,0.001,0.9526638571793009
trunc_exp,44047,HetLDC_cert,0.0,2.173453806451567,0.001,0.9527832839344091
trunc_exp,44047,LDC_PAC,0.0,2.246974957701381,0.001,0.9567020932160892
trunc_exp,44047,LDC_cert_pk,0.0,2.182776740329164,0.001,0.9532936206207071
trunc_exp,44048,CP_PAC,0.0,2.5426244983989,0.003,0.9702439089307904
trunc_exp,44048,FH_PAC,0.07367860249135562,1.5536694000945626,0.003,0.9011804971519002
trunc_exp,44048,FH_normal,0.07367860249135562,1.253324040827958,0.003,0.8677307564570648
trunc_exp,44048,HetLDC,0.0,2.3040314734128176,0.003,0.9595819190365764
trunc_exp,44048,HetLDC_cert,0.0,2.310943567833056,0.003,0.959921577551759
trunc_exp,44048,LDC_PAC,0.0,2.379949315500185,0.003,0.9632072568060263
trunc_exp,44048,LDC_cert_pk,0.0,2.316284775224941,0.003,0.9601827049201725
trunc_exp,44049,CP_PAC,0.0,2.6423934783739256,0.003,0.9741101721611916
trunc_exp,44049,FH_PAC,0.1023257204894873,2.09679011679616,0.003,0.9421749775354026
trunc_exp,44049,FH_normal,0.1023257204894873,1.7460523812491233,0.003,0.9161790994808775
trunc_exp,44049,HetLDC,0.0,2.39476464254564,0.003,0.9638883554069376
trunc_exp,44049,HetLDC_cert,0.0,2.401948936473277,0.003,0.9642156173864297
trunc_exp,44049,LDC_PAC,0.0,2.4733351519653155,0.003,0.9673630505121484
trunc_exp,44049,LDC_cert_pk,0.0,2.4087966599779604,0.003,0.9645257273761039
trunc_exp,44050,CP_PAC,0.0,2.3684169557223083,0.001,0.9626712273582275
trunc_exp,44050,FH_PAC,-0.052465475017322176,2.1780025366843923,0.001,0.9558430481290792
trunc_exp,44050,FH_normal,-0.052465475017322176,1.773626825126424,0.001,0.9306413483780772
trunc_exp,44050,HetLDC,0.0,2.118926467118881,0.001,0.9497176440432925
trunc_exp,44050,HetLDC_cert,0.0,2.121045393586,0.001,0.9498393968472134
trunc_exp,44050,LDC_PAC,0.0,2.2030394235825486,0.001,0.9543892050825139
trunc_exp,44050,LDC_cert_pk,0.0,2.1310281718426487,0.001,0.9504101174077294
trunc_exp,44051,CP_PAC,0.0,2.4615769179751057,0.001,0.966857435014643
trunc_exp,44051,FH_PAC,-0.1626982240703915,1.867039725113609,0.001,0.9443927345046966
trunc_exp,44051,FH_normal,-0.1626982240703915,1.5803317588837136,0.001,0.9243263027553023
trunc_exp,44051,HetLDC,0.0,2.2355799499344715,0.001,0.956110346244812
trunc_exp,44051,HetLDC_cert,0.0,2.237815529884406,0.001,0.9562268847000135
trunc_exp,44051,LDC_PAC,0.0,2.318013975603856,0.001,0.9602669951360915
trunc_exp,44051,LDC_cert_pk,0.0,2.2456308643306255,0.001,0.9566325862152268
trunc_exp,44052,CP_PAC,0.0,2.2986447809096573,0.001,0.9593158571388868
trunc_exp,44052,FH_PAC,0.05885532941694939,1.8902420998046014,0.001,0.9310292332555395
trunc_exp,44052,FH_normal,0.05885532941694939,1.588075367994728,0.001,0.9059072798258845
trunc_exp,44052,HetLDC,0.0,1.9902011301296663,0.001,0.941902485544819
trunc_exp,44052,HetLDC_cert,0.0,1.9921913312597959,0.001,0.9420298123498956
trunc_exp,44052,LDC_PAC,0.0,2.0644049664495716,0.001,0.9465096871796044
trunc_exp,44052,LDC_cert_pk,0.0,2.0019981741664603,0.001,0.9426541452929478
trunc_exp,44053,CP_PAC,0.0,2.150970740144184,0.001,0.9515361113187917
trunc_exp,44053,FH_PAC,0.16707468010512116,1.791732413404475,0.001,0.9145358850105836
trunc_exp,44053,FH_normal,0.16707468010512116,1.5067432250196324,0.001,0.8865915757945648
trunc_exp,44053,HetLDC,0.0,1.8551441935510309,0.001,0.9327488186757923
trunc_exp,44053,HetLDC_cert,0.0,1.8569993377445817,0.001,0.9328816667864782
trunc_exp,44053,LDC_PAC,0.0,1.9317794186903936,0.001,0.9380690909226352
trunc_exp,44053,LDC_cert_pk,0.0,1.8655642387001365,0.001,0.9334923463329108
trunc_exp,44054,CP_PAC,0.0,2.313160958039327,0.001,0.9600301252576261
trunc_exp,44054,FH_PAC,0.15118342973982754,1.9714851748964661,0.001,0.9302151531163786
trunc_exp,44054,FH_normal,0.15118342973982754,1.6712225349706622,0.001,0.9050404272733517
trunc_exp,44054,HetLDC,0.0,2.0479964185266666,0.001,0.9455153226874023
trunc_exp,44054,HetLDC_cert,0.0,2.0500444149451926,0.001,0.9456401767525163
trunc_exp,44054,LDC_PAC,0.0,2.123279757175874,0.001,0.9499675497215901
trunc_exp,44054,LDC_cert_pk,0.0,2.060166498988752,0.001,0.9462541367763345
trunc_exp,44055,CP_PAC,0.0,3.1100168667269315,0.01,0.9884993326172856
trunc_exp,44055,FH_PAC,0.11846074564284931,2.3784552780867143,0.01,0.9573713550866461
trunc_exp,44055,FH_normal,0.11846074564284931,1.972124428894504,0.01,0.9326426507401662
trunc_exp,44055,HetLDC,0.0,2.934178473549416,0.01,0.9837346283636712
trunc_exp,44055,HetLDC_cert,0.0,2.96352025828491,0.01,0.9845790663697208
trunc_exp,44055,LDC_PAC,0.0,3.0215770220070417,0.01,0.9861902078034414
trunc_exp,44055,LDC_cert_pk,0.0,2.946593804387773,0.01,0.9840944579101695
trunc_exp,44056,CP_PAC,0.0,2.113370839170562,0.001,0.9493973957703306
trunc_exp,44056,FH_PAC,0.1751977693181583,1.5992986303390408,0.001,0.8955735433675376
trunc_exp,44056,FH_normal,0.1751977693181583,1.2818092255618738,0.001,0.858249514554687
trunc_exp,44056,HetLDC,0.0,1.7993041287384868,0.001,0.928652307216227
trunc_exp,44056,HetLDC_cert,0.0,1.8011034328672249,0.001,0.9287873038521269
trunc_exp,44056,LDC_PAC,0.0,1.8680654308987092,0.001,0.9336698603522303
trunc_exp,44056,LDC_cert_pk,0.0,1.8072289691574035,0.001,0.9292453691118805
trunc_exp,44057,CP_PAC,0.0,2.3337185652181582,0.001,0.9610269773384343
trunc_exp,44057,FH_PAC,0.014504461826171086,1.9080694649167598,0.001,0.935458629662283
trunc_exp,44057,FH_normal,0.014504461826171086,1.5984289013386404,0.001,0.91093700940913
trunc_exp,44057,HetLDC,0.0,2.0605283603588225,0.001,0.9462759898209439
trunc_exp,44057,HetLDC_cert,0.0,2.0625888887191812,0.001,0.9464003008232451
trunc_exp,44057,LDC_PAC,0.0,2.142149845323905,0.001,0.9510403770874811
trunc_exp,44057,LDC_cert_pk,0.0,2.073563040606626,0.001,0.9470587802421655
trunc_exp,44058,CP_PAC,0.0,2.7957534666143253,0.003,0.9794598193219344
trunc_exp,44058,FH_PAC,0.004602939914690561,2.167342060883162,0.003,0.9521918398081911
trunc_exp,44058,FH_normal,0.004602939914690561,1.8310037688831826,0.003,0.9306639989367717
trunc_exp,44058,HetLDC,0.0,2.5881393636623113,0.003,0.9720476652977579
trunc_exp,44058,HetLDC_cert,0.0,2.5959037817532984,0.003,0.9723485892838407
trunc_exp,44058,LDC_PAC,0.0,2.676951062213056,0.003,0.9753760624563826
trunc_exp,44058,LDC_cert_pk,0.0,2.6033068933900614,0.003,0.9726337006733005
trunc_exp,44059,CP_PAC,0.0,2.021723515147438,0.001,0.9438945561745166
trunc_exp,44059,FH_PAC,0.13708387118020873,1.6630953431730813,0.001,0.9056050852640412
trunc_exp,44059,FH_normal,0.13708387118020873,1.3366756728934743,0.001,0.8702213260599015
trunc_exp,44059,HetLDC,0.0,1.7129713245551061,0.001,0.9219310128059064
trunc_exp,44059,HetLDC_cert,0.0,1.714684295879661,0.001,0.922069134530947
trunc_exp,44059,LDC_PAC,0.0,1.787055891697741,0.001,0.9277279528993111
trunc_exp,44059,LDC_cert_pk,0.0,1.724681796680884,0.001,0.9228713356263007
trunc_exp,44060,CP_PAC,0.0,2.18241757509231,0.001,0.9532740333635199
trunc_exp,44060,FH_PAC,0.10098758138568811,1.8052697551676458,0.001,0.9212273340118491
trunc_exp,44060,FH_normal,0.10098758138568811,1.489472196626197,0.001,0.8918616607919506
trunc_exp,44060,HetLDC,0.0,1.9015167696873152,0.001,0.9360086997834592
trunc_exp,44060,HetLDC_cert,0.0,1.9034182864570024,0.001,0.9361396990746118
trunc_exp,44060,LDC_PAC,0.0,1.974853903520478,0.001,0.940913485475197
trunc_exp,44060,LDC_cert_pk,0.0,1.9134434011649273,0.001,0.9368269239642625
trunc_exp,44061,CP_PAC,0.0,2.47817057369426,0.003,0.9675695434936099
trunc_exp,44061,FH_PAC,0.2028223984964005,1.9530639465115396,0.003,0.9248920935855197
trunc_exp,44061,FH_normal,0.2028223984964005,1.6233286312712134,0.003,0.8952038993913911
trunc_exp,44061,HetLDC,0.0,2.2449679271163765,0.003,0.9565982750821409
trunc_exp,44061,HetLDC_cert,0.0,2.251702830897725,0.003,0.9569459670857345
trunc_exp,44061,LDC_PAC,0.0,2.3196191039102696,0.003,0.9603451286917315
trunc_exp,44061,LDC_cert_pk,0.0,2.2551071366141526,0.003,0.957120973814185
trunc_exp,44062,CP_PAC,0.0,2.438815849305984,0.001,0.9658644817994462
trunc_exp,44062,FH_PAC,-0.13261975330078415,1.83803195617704,0.001,0.9406404738760804
trunc_exp,44062,FH_normal,-0.13261975330078415,1.5353738116488465,0.001,0.9182327901524677
trunc_exp,44062,HetLDC,0.0,2.1560892629117374,0.001,0.9518221041636109
trunc_exp,44062,HetLDC_cert,0.0,2.158245352174649,0.001,0.9519422086465872
trunc_exp,44062,LDC_PAC,0.0,2.238619974245236,0.001,0.9562687664013855
trunc_exp,44062,LDC_cert_pk,0.0,2.1703971097336905,0.001,0.9526150947382802
trunc_exp,44063,CP_PAC,0.0,2.803717240203591,0.003,0.9797193646921022
trunc_exp,44063,FH_PAC,-0.050414851571145135,2.37007658796191,0.003,0.9650512649707018
trunc_exp,44063,FH_normal,-0.050414851571145135,2.043262987977726,0.003,0.9482501836443907
trunc_exp,44063,HetLDC,0.0,2.587742202667332,0.003,0.9720322201462316
trunc_exp,44063,HetLDC_cert,0.0,2.5955054292753337,0.003,0.9723331978061703
trunc_exp,44063,LDC_PAC,0.0,2.670324176980182,0.003,0.9751361305000522
trunc_exp,44063,LDC_cert_pk,0.0,2.5993148015913885,0.003,0.9724801745084294
trunc_exp,44064,CP_PAC,0.0,2.512742922972963,0.001,0.9690219091736662
trunc_exp,44064,FH_PAC,-0.15456551277688035,1.9573956707080813,0.001,0.9493159013138098
trunc_exp,44064,FH_normal,-0.15456551277688035,1.6598926433164027,0.001,0.9297829622392842
trunc_exp,44064,HetLDC,0.0,2.248676399895098,0.001,0.956789968073339
trunc_exp,44064,HetLDC_cert,0.0,2.2509250762949926,0.001,0.9569059149008329
trunc_exp,44064,LDC_PAC,0.0,2.3372876584348057,0.001,0.9611983100945082
trunc_exp,44064,LDC_cert_pk,0.0,2.262721966900067,0.001,0.9575106383836521
trunc_exp,44065,CP_PAC,0.0,2.112741940112761,0.001,0.9493610499468834
trunc_exp,44065,FH_PAC,-0.004844176848623738,1.7512374768009868,0.001,0.9253477973139073
trunc_exp,44065,FH_normal,-0.004844176848623738,1.4453460500758828,0.001,0.8982234124000112
trunc_exp,44065,HetLDC,0.0,1.6938153058487533,0.001,0.920372888518996
trunc_exp,44065,HetLDC_cert,0.0,1.695509121154602,0.001,0.9205116668123631
trunc_exp,44065,LDC_PAC,0.0,1.7677742884223866,0.001,0.926253528973194
trunc_exp,44065,LDC_cert_pk,0.0,1.704091893981135,0.001,0.9212118673228709
trunc_exp,44066,CP_PAC,0.0,2.935125249526578,0.01,0.9837621999225515
trunc_exp,44066,FH_PAC,-0.10060763046264574,2.217799837437742,0.01,0.9602861590196432
trunc_exp,44066,FH_normal,-0.10060763046264574,1.896857465432174,0.01,0.9423661907262278
trunc_exp,44066,HetLDC,0.0,2.7446646470586633,0.01,0.9777531494077165
trunc_exp,44066,HetLDC_cert,0.0,2.77211129352925,0.01,0.9786790668930003
trunc_exp,44066,LDC_PAC,0.0,2.8385030476879467,0.01,0.9808330614160242
trunc_exp,44066,LDC_cert_pk,0.0,2.7612221856980503,0.01,0.9783142558718511
trunc_exp,44067,CP_PAC,0.0,2.114035084155501,0.001,0.9494357636327252
trunc_exp,44067,FH_PAC,0.00824207314786418,1.644673870167791,0.001,0.9155535690815624
trunc_exp,44067,FH_normal,0.00824207314786418,1.304525856952819,0.001,0.8817242811973832
trunc_exp,44067,HetLDC,0.0,1.8033493244280492,0.001,0.9289555226013791
trunc_exp,44067,HetLDC_cert,0.0,1.805152673752477,0.001,0.9290903667006043
trunc_exp,44067,LDC_PAC,0.0,1.8838341757941237,0.001,0.9347805078012373
trunc_exp,44067,LDC_cert_pk,0.0,1.812956409613313,0.001,0.9296715526082506
trunc_exp,44068,CP_PAC,0.0,2.7039386895182767,0.003,0.9763395870243922
trunc_exp,44068,FH_PAC,-0.14777749014889857,2.03428851785494,0.003,0.9532548547905153
trunc_exp,44068,FH_normal,-0.14777749014889857,1.7486107089817757,0.003,0.9356543445207696
trunc_exp,44068,HetLDC,0.0,2.404515808361634,0.003,0.9643320698527861
trunc_exp,44068,HetLDC_cert,0.0,2.411729355786719,0.003,0.9646579982980966
trunc_exp,44068,LDC_PAC,0.0,2.498812043873658,0.003,0.9684417143414215
trunc_exp,44068,LDC_cert_pk,0.0,2.4207278129337304,0.003,0.9650618342977275
trunc_exp,44069,CP_PAC,0.0,2.862524245699001,0.003,0.9815834717714774
trunc_exp,44069,FH_PAC,-0.06303922586024231,2.386495871414499,0.003,0.96633445892462
trunc_exp,44069,FH_normal,-0.06303922586024231,2.067881469198427,0.003,0.9504039981799652
trunc_exp,44069,HetLDC,0.0,2.647708170607486,0.003,0.9743072389346289
trunc_exp,44069,HetLDC_cert,0.0,2.6556512951193083,0.003,0.9746001430530664
trunc_exp,44069,LDC_PAC,0.0,2.740884492012921,0.003,0.9776239561194328
trunc_exp,44069,LDC_cert_pk,0.0,2.6616788368504776,0.003,0.9748211181073484
trunc_exp,44070,CP_PAC,0.0,2.9189770404250197,0.003,0.9832889446882698
trunc_exp,44070,FH_PAC,-0.23123067613518108,2.2662475450688704,0.003,0.9683858086318052
trunc_exp,44070,FH_normal,-0.23123067613518108,1.8943874067653699,0.003,0.9501014098352252
trunc_exp,44070,HetLDC,0.0,2.689921927160683,0.003,0.9758418620129963
trunc_exp,44070,HetLDC_cert,0.0,2.6979916929421646,0.003,0.9761291241008396
trunc_exp,44070,LDC_PAC,0.0,2.7801002366882703,0.003,0.9789446158419277
trunc_exp,44070,LDC_cert_pk,0.0,2.7027347409694915,0.003,0.9762970637967956
trunc_exp,44071,CP_PAC,0.0,2.207490838819686,0.001,0.9546274179436837
trunc_exp,44071,FH_PAC,-0.026606659677629034,1.8114978324761324,0.001,0.9315189292915756
trunc_exp,44071,FH_normal,-0.026606659677629034,1.4605512337340294,0.001,0.901880782878009
trunc_exp,44071,HetLDC,0.0,1.9137880595834595,0.001,0.9368504483721407
trunc_exp,44071,HetLDC_cert,0.0,1.9157018476430427,0.001,0.9369809495957783
trunc_exp,44071,LDC_PAC,0.0,1.9825399247846633,0.001,0.9414103678386749
trunc_exp,44071,LDC_cert_pk,0.0,1.9238642411448785,0.001,0.9375352099202001
trunc_exp,44072,CP_PAC,0.0,2.5817622481754094,0.001,0.97179904669145
trunc_exp,44072,FH_PAC,-0.1528502619376333,2.142089417746972,0.001,0.9591321579080403
trunc_exp,44072,FH_normal,-0.1528502619376333,1.7989582794095726,0.001,0.9394044189446542
trunc_exp,44072,HetLDC,0.0,2.3310881746885714,0.001,0.9609003796755118
trunc_exp,44072,HetLDC_cert,0.0,2.3334192628632593,0.001,0.9610125862635234
trunc_exp,44072,LDC_PAC,0.0,2.4165830617924415,0.001,0.9648762012053438
trunc_exp,44072,LDC_cert_pk,0.0,2.34382025917734,0.001,0.9615105864550635
trunc_exp,44073,CP_PAC,0.0,2.530957767584733,0.001,0.9697704223146068
trunc_exp,44073,FH_PAC,0.004215622134019305,2.0394297521094207,0.001,0.9447312242629822
trunc_exp,44073,FH_normal,0.004215622134019305,1.6685836976513382,0.001,0.9179286029678864
trunc_exp,44073,HetLDC,0.0,2.2471925966733446,0.001,0.9567133406344813
trunc_exp,44073,HetLDC_cert,0.0,2.2494397892700175,0.001,0.9568293545396565
trunc_exp,44073,LDC_PAC,0.0,2.323198208712089,0.001,0.9605189741181137
trunc_exp,44073,LDC_cert_pk,0.0,2.25923440435194,0.001,0.9573324807335857
trunc_exp,44074,CP_PAC,0.0,2.240488711095904,0.001,0.9563659498375234
trunc_exp,44074,FH_PAC,-0.07396162391787633,2.0243916048905084,0.001,0.9485242561190211
trunc_exp,44074,FH_normal,-0.07396162391787633,1.7049382145937122,0.001,0.9271071695361879
trunc_exp,44074,HetLDC,0.0,1.9298570539856459,0.001,0.937939750800562
trunc_exp,44074,HetLDC_cert,0.0,1.9317869110396315,0.001,0.9380695946155715
trunc_exp,44074,LDC_PAC,0.0,2.0121752003065887,0.001,0.9432966672794125
trunc_exp,44074,LDC_cert_pk,0.0,1.9415903357222166,0.001,0.9387259660227785
trunc_exp,44075,CP_PAC,0.0,2.6317782773223604,0.003,0.9737139395384133
trunc_exp,44075,FH_PAC,0.01803226896779514,1.8805052206960844,0.003,0.9332724398567611
trunc_exp,44075,FH_normal,0.01803226896779514,1.5538595471899777,0.003,0.9065270318607422
trunc_exp,44075,HetLDC,0.0,2.434879256375267,0.003,0.9656908271066086
trunc_exp,44075,HetLDC_cert,0.0,2.4421838941443927,0.003,0.9660126041561641
trunc_exp,44075,LDC_PAC,0.0,2.5199438144734017,0.003,0.9693191796970347
trunc_exp,44075,LDC_cert_pk,0.0,2.4490953968385885,0.003,0.9663152631455376
trunc_exp,44076,CP_PAC,0.0,2.4502934638117786,0.003,0.9663675500080466
trunc_exp,44076,FH_PAC,0.04349199367754571,1.8445071598192655,0.003,0.9287806861777365
trunc_exp,44076,FH_normal,0.04349199367754571,1.5492291230813677,0.003,0.9036767556108213
trunc_exp,44076,HetLDC,0.0,2.207681153952854,0.003,0.9546375827553142
trunc_exp,44076,HetLDC_cert,0.0,2.2143041974147124,0.003,0.9549903188868119
trunc_exp,44076,LDC_PAC,0.0,2.293525550330213,0.003,0.9590618954102799
trunc_exp,44076,LDC_cert_pk,0.0,2.220378730688054,0.003,0.9553121329653002
trunc_exp,44077,CP_PAC,0.0,2.2946441454657034,0.001,0.9591174808312601
trunc_exp,44077,FH_PAC,0.21270131792465732,1.5681757123400533,0.001,0.8883214936982374
trunc_exp,44077,FH_normal,0.21270131792465732,1.230271944160055,0.001,0.8458808868771065
trunc_exp,44077,HetLDC,0.0,1.9943194685092085,0.001,0.9421657301974268
trunc_exp,44077,HetLDC_cert,0.0,1.9963137879777175,0.001,0.9422928826686393
trunc_exp,44077,LDC_PAC,0.0,2.0764069166147925,0.001,0.9472284394300897
trunc_exp,44077,LDC_cert_pk,0.0,2.007052074140032,0.001,0.9429739028394875
trunc_exp,44078,CP_PAC,0.0,2.9842505957729974,0.003,0.9851633339129086
trunc_exp,44078,FH_PAC,0.13925016880261307,2.3046510099591226,0.003,0.9523392590285553
trunc_exp,44078,FH_normal,0.13925016880261307,1.967179875104862,0.003,0.9307761550636285
trunc_exp,44078,HetLDC,0.0,2.7928921050954587,0.003,0.9793661435325226
trunc_exp,44078,HetLDC_cert,0.0,2.8012707814107447,0.003,0.9796398161696792
trunc_exp,44078,LDC_PAC,0.0,2.872023080951709,0.003,0.9818760865925245
trunc_exp,44078,LDC_cert_pk,0.0,2.805738301331959,0.003,0.9797849587288227
trunc_exp,44079,CP_PAC,0.0,2.861548358569629,0.003,0.981553277684822
trunc_exp,44079,FH_PAC,-0.11093033774047738,2.134025579319593,0.003,0.956597653311854
trunc_exp,44079,FH_normal,-0.11093033774047738,1.8279170227695916,0.003,0.9385428553644246
trunc_exp,44079,HetLDC,0.0,2.6417080061356173,0.003,0.9740846914397769
trunc_exp,44079,HetLDC_cert,0.0,2.649633130154024,0.003,0.974378400442348
trunc_exp,44079,LDC_PAC,0.0,2.725403851684975,0.003,0.9770906075466693
trunc_exp,44079,LDC_cert_pk,0.0,2.659782638003572,0.003,0.9747517215209738
trunc_exp,44080,CP_PAC,0.0,2.6884099175940124,0.003,0.9757878230703817
trunc_exp,44080,FH_PAC,-0.041351697804561376,2.2236956635985026,0.003,0.9576291404779539
trunc_exp,44080,FH_normal,-0.041351697804561376,1.8374518605274623,0.003,0.9344277696815246
trunc_exp,44080,HetLDC,0.0,2.4606943101137797,0.003,0.9668192815315049
trunc_exp,44080,HetLDC_cert,0.0,2.4680763930441207,0.003,0.9671375316946874
trunc_exp,44080,LDC_PAC,0.0,2.546317327628038,0.003,0.9703928223619962
trunc_exp,44080,LDC_cert_pk,0.0,2.477135725800207,0.003,0.9675254211357207
trunc_exp,44081,CP_PAC,0.0,2.613459815241706,0.003,0.9730218614897295
trunc_exp,44081,FH_PAC,0.20599404061064827,1.6981984182424446,0.003,0.9023713610283451
trunc_exp,44081,FH_normal,0.20599404061064827,1.4387068064495925,0.003,0.8742664676896991
trunc_exp,44081,HetLDC,0.0,2.372826519020461,0.003,0.9628767950656537
trunc_exp,44081,HetLDC_cert,0.0,2.379944998577522,0.003,0.9632070571167297
trunc_exp,44081,LDC_PAC,0.0,2.4610388292853713,0.003,0.9668341777920547
trunc_exp,44081,LDC_cert_pk,0.0,2.387858451434805,0.003,0.9635719073335425
trunc_exp,44082,CP_PAC,0.0,2.9683108300354495,0.003,0.9847149837701904
trunc_exp,44082,FH_PAC,-0.1188051212315376,2.309393939212593,0.003,0.9653948359163069
trunc_exp,44082,FH_normal,-0.1188051212315376,1.9052240426183944,0.003,0.9440382170470433
trunc_exp,44082,HetLDC,0.0,2.7483963818748296,0.003,0.977880288864329
trunc_exp,44082,HetLDC_cert,0.0,2.756641571020454,0.003,0.9781598014022673
trunc_exp,44082,LDC_PAC,0.0,2.8421757942285937,0.003,0.9809487722657321
trunc_exp,44082,LDC_cert_pk,0.0,2.7655501907056315,0.003,0.9784596512745036
trunc_exp,44083,CP_PAC,0.0,2.2690714570335717,0.001,0.9578336660521022
trunc_exp,44083,FH_PAC,0.12146394033946266,1.8447789364248304,0.001,0.9227620577365468
trunc_exp,44083,FH_normal,0.12146394033946266,1.4883474063864848,0.001,0.8895560944683099
trunc_exp,44083,HetLDC,0.0,1.9799872364326387,0.001,0.9412456960335837
trunc_exp,44083,HetLDC_cert,0.0,1.981967223669071,0.001,0.9413734538706716
trunc_exp,44083,LDC_PAC,0.0,2.0532663755239926,0.001,0.9458361691188867
trunc_exp,44083,LDC_cert_pk,0.0,1.9905535022470366,0.001,0.9419250446074096
trunc_exp,44084,CP_PAC,0.0,2.0231764345594376,0.001,0.9439851171971558
trunc_exp,44084,FH_PAC,0.0939753952872002,1.715266065572186,0.001,0.9142430122307096
trunc_exp,44084,FH_normal,0.0939753952872002,1.4328290447006224,0.001,0.8865017673374569
trunc_exp,44084,HetLDC,0.0,1.6838349686843317,0.001,0.9195511821346757
trunc_exp,44084,HetLDC_cert,0.0,1.685518803653016,0.001,0.919690296712509
trunc_exp,44084,LDC_PAC,0.0,1.7423870137410364,0.001,0.9242756924759676
trunc_exp,44084,LDC_cert_pk,0.0,1.685240589307315,0.001,0.9196673247563534
trunc_exp,44085,CP_PAC,0.0,2.827075575798617,0.003,0.9804707599233049
trunc_exp,44085,FH_PAC,0.00194350968674183,2.1256274724950566,0.003,0.9499907076035797
trunc_exp,44085,FH_normal,0.00194350968674183,1.7916165436207296,0.003,0.9279262585367785
trunc_exp,44085,HetLDC,0.0,2.5989666268913276,0.003,0.9724667602978387
trunc_exp,44085,HetLDC_cert,0.0,2.606763526772001,0.003,0.9727662220184436
trunc_exp,44085,LDC_PAC,0.0,2.6925711879765135,0.003,0.9759363819180267
trunc_exp,44085,LDC_cert_pk,0.0,2.612663540565719,0.003,0.9729915374307616
trunc_exp,44086,CP_PAC,0.0,2.686182821933042,0.003,0.9757081028413847
trunc_exp,44086,FH_PAC,-0.02780481457056314,2.0647428988017644,0.003,0.9481837747921191
trunc_exp,44086,FH_normal,-0.02780481457056314,1.7561034735082641,0.003,0.9274888790487074
trunc_exp,44086,HetLDC,0.0,2.4481722950712888,0.003,0.9662749408447179
trunc_exp,44086,HetLDC_cert,0.0,2.4555168119565023,0.003,0.966594901371769
trunc_exp,44086,LDC_PAC,0.0,2.529520518655906,0.003,0.9697117730480768
trunc_exp,44086,LDC_cert_pk,0.0,2.4618931121670644,0.003,0.9668710966635701
trunc_exp,44087,CP_PAC,0.0,2.4727504824858504,0.001,0.9673380261564118
trunc_exp,44087,FH_PAC,0.05189542791813838,1.9475013704004682,0.001,0.9356001616237859
trunc_exp,44087,FH_normal,0.05189542791813838,1.6047888915056197,0.001,0.908112104259526
trunc_exp,44087,HetLDC,0.0,2.2136954267111824,0.001,0.9549579776912589
trunc_exp,44087,HetLDC_cert,0.0,2.215909122137893,0.001,0.9550755024919443
trunc_exp,44087,LDC_PAC,0.0,2.3000877376921682,0.001,0.9593872455771394
trunc_exp,44087,LDC_cert_pk,0.0,2.226511193601695,0.001,0.9556353660449057
trunc_exp,44088,CP_PAC,0.0,2.7862556988903435,0.003,0.9791480169797576
trunc_exp,44088,FH_PAC,-0.1359944160616005,2.1815161103311342,0.003,0.9602424669499635
trunc_exp,44088,FH_normal,-0.1359944160616005,1.8267949413832483,0.003,0.9401270884965464
trunc_exp,44088,HetLDC,0.0,2.542162762055038,0.003,0.970225257114695
trunc_exp,44088,HetLDC_cert,0.0,2.549789250341203,0.003,0.9705324099490704
trunc_exp,44088,LDC_PAC,0.0,2.638991590849446,0.003,0.9739835720722956
trunc_exp,44088,LDC_cert_pk,0.0,2.5583055493037516,0.003,0.970873097903236
trunc_exp,44089,CP_PAC,0.0,2.906737220943422,0.003,0.9829259610162322
trunc_exp,44089,FH_PAC,-0.10566900671175435,2.3167039046065625,0.003,0.9651353364097103
trunc_exp,44089,FH_normal,-0.10566900671175435,1.9738348512396418,0.003,0.9474127386774774
trunc_exp,44089,HetLDC,0.0,2.716099786939641,0.003,0.976766728618418
trunc_exp,44089,HetLDC_cert,0.0,2.7242480863004594,0.003,0.9770505114092704
trunc_exp,44089,LDC_PAC,0.0,2.7974247205096168,0.003,0.9795144297930628
trunc_exp,44089,LDC_cert_pk,0.0,2.73194461645359,0.003,0.9773167945786175
trunc_exp,44090,CP_PAC,0.0,2.612504382393073,0.003,0.972985473888079
trunc_exp,44090,FH_PAC,0.03392250521682218,2.368717651664096,0.003,0.9610787118888473
trunc_exp,44090,FH_normal,0.03392250521682218,1.966212722400128,0.003,0.9381034234903768
trunc_exp,44090,HetLDC,0.0,2.3842499602946163,0.003,0.9634058363430202
trunc_exp,44090,HetLDC_cert,0.0,2.3914027101755,0.003,0.9637345362787226
trunc_exp,44090,LDC_PAC,0.0,2.4601391187462816,0.003,0.966795267252455
trunc_exp,44090,LDC_cert_pk,0.0,2.3959361925755362,0.003,0.9639418562788059
trunc_exp,44091,CP_PAC,0.0,2.393423536114774,0.001,0.9638270472258953
trunc_exp,44091,FH_PAC,0.2292960754495585,1.7627553503856102,0.001,0.9063053083236676
trunc_exp,44091,FH_normal,0.2292960754495585,1.434492885236663,0.001,0.8709137594859118
trunc_exp,44091,HetLDC,0.0,2.1318070893556786,0.001,0.9504544489524035
trunc_exp,44091,HetLDC_cert,0.0,2.1339388964450343,0.001,0.9505756320578228
trunc_exp,44091,LDC_PAC,0.0,2.211853242574734,0.001,0.9548600107866908
trunc_exp,44091,LDC_cert_pk,0.0,2.143689220874341,0.001,0.9511271529475099
trunc_exp,44092,CP_PAC,0.0,2.914272045547131,0.003,0.9831498518684483
trunc_exp,44092,FH_PAC,-0.04660895703955956,2.02119707682281,0.003,0.9467140957008071
trunc_exp,44092,FH_normal,-0.04660895703955956,1.6379255708199247,0.003,0.9196090018360152
trunc_exp,44092,HetLDC,0.0,2.7074013077968777,0.003,0.9764616482447538
trunc_exp,44092,HetLDC_cert,0.0,2.715523511720268,0.003,0.9767465854110097
trunc_exp,44092,LDC_PAC,0.0,2.7904333272106094,0.003,0.9792854687823535
trunc_exp,44092,LDC_cert_pk,0.0,2.722509330375697,0.003,0.976990117125804
trunc_exp,44093,CP_PAC,0.0,2.324240415692822,0.001,0.9605694990278628
trunc_exp,44093,FH_PAC,-0.02157293468241321,1.763387275909584,0.001,0.9275688468778369
trunc_exp,44093,FH_normal,-0.02157293468241321,1.430774784100941,0.001,0.8984399756193613
trunc_exp,44093,HetLDC,0.0,2.043847410864282,0.001,0.9452617278166429
trunc_exp,44093,HetLDC_cert,0.0,2.0458912582751463,0.001,0.9453867611695144
trunc_exp,44093,LDC_PAC,0.0,2.118540202476513,0.001,0.9496954262053079
trunc_exp,44093,LDC_cert_pk,0.0,2.0557745728971333,0.001,0.9459883789096705
trunc_exp,44094,CP_PAC,0.0,2.703673440798617,0.003,0.976330222159215
trunc_exp,44094,FH_PAC,-0.05048686358393951,1.921178635298449,0.003,0.9407064262003235
trunc_exp,44094,FH_normal,-0.05048686358393951,1.6329553888056814,0.003,0.9195187087043989
trunc_exp,44094,HetLDC,0.0,2.4991505820356563,0.003,0.9684558939008613
trunc_exp,44094,HetLDC_cert,0.0,2.506648033781763,0.003,0.9687688979987238
trunc_exp,44094,LDC_PAC,0.0,2.57504018311757,0.003,0.97153554403724
trunc_exp,44094,LDC_cert_pk,0.0,2.512498123320449,0.003,0.9690117718224877
trunc_exp,44095,CP_PAC,0.0,2.347982222210495,0.001,0.9617086541292508
trunc_exp,44095,FH_PAC,-0.09682682036674962,1.966948358128119,0.001,0.9464717724342222
trunc_exp,44095,FH_normal,-0.09682682036674962,1.636219667878247,0.001,0.9235373983007321
trunc_exp,44095,HetLDC,0.0,2.078221233208305,0.001,0.9473364673266795
trunc_exp,44095,HetLDC_cert,0.0,2.0802994544415134,0.001,0.9474600078724595
trunc_exp,44095,LDC_PAC,0.0,2.1552426368349633,0.001,0.9517748839436047
trunc_exp,44095,LDC_cert_pk,0.0,2.089438819967403,0.001,0.9480007656168125
trunc_exp,44096,CP_PAC,0.0,2.6211473941251313,0.003,0.9733135893612287
trunc_exp,44096,FH_PAC,0.04531439529461234,1.9552402491151493,0.003,0.936586449180099
trunc_exp,44096,FH_normal,0.04531439529461234,1.6487598389123148,0.003,0.9126769960365162
trunc_exp,44096,HetLDC,0.0,2.39575344353116,0.003,0.9639335141671337
trunc_exp,44096,HetLDC_cert,0.0,2.402940703861753,0.003,0.9642606409199395
trunc_exp,44096,LDC_PAC,0.0,2.48260988186691,0.003,0.9677583887558417
trunc_exp,44096,LDC_cert_pk,0.0,2.407377787105796,0.003,0.9644616168945053
trunc_exp,44097,CP_PAC,0.0,2.2799222138249275,0.001,0.9583817487563799
trunc_exp,44097,FH_PAC,-0.02686209262842451,2.1349466222566322,0.001,0.9521402320637532
trunc_exp,44097,FH_normal,-0.02686209262842451,1.7539211822276382,0.001,0.9272508992103545
trunc_exp,44097,HetLDC,0.0,1.9870086233879438,0.001,0.9416977969672802
trunc_exp,44097,HetLDC_cert,0.0,1.9889956320113316,0.001,0.941825258703754
trunc_exp,44097,LDC_PAC,0.0,2.0630851469864857,0.001,0.9464302080071606
trunc_exp,44097,LDC_cert_pk,0.0,1.996671263935528,0.001,0.9423156520297604
trunc_exp,44098,CP_PAC,0.0,2.3964489197198766,0.001,0.9639652544122767
trunc_exp,44098,FH_PAC,-0.25046774929935156,1.9874543944957659,0.001,0.9562324369444842
trunc_exp,44098,FH_normal,-0.25046774929935156,1.6698823107269272,0.001,0.9372970450456681
trunc_exp,44098,HetLDC,0.0,2.157605573465249,0.001,0.9519065924503236
trunc_exp,44098,HetLDC_cert,0.0,2.1597631790387135,0.001,0.9520266293889951
trunc_exp,44098,LDC_PAC,0.0,2.2291140223384316,0.001,0.9557720582345162
trunc_exp,44098,LDC_cert_pk,0.0,2.168656889340118,0.001,0.9525191505071839
trunc_exp,44099,CP_PAC,0.0,2.501114894677875,0.001,0.968538089508308
trunc_exp,44099,FH_PAC,-0.05700393548795702,2.223647796844718,0.001,0.9584184197917186
trunc_exp,44099,FH_normal,-0.05700393548795702,1.9259723084173688,0.001,0.9414384793480615
trunc_exp,44099,HetLDC,0.0,2.2390493587977676,0.001,0.9562911099016819
trunc_exp,44099,HetLDC_cert,0.0,2.241288408156565,0.001,0.9564074917211792
trunc_exp,44099,LDC_PAC,0.0,2.326471571051746,0.001,0.9606775151219962
trunc_exp,44099,LDC_cert_pk,0.0,2.252086850770102,0.001,0.9569657334531377
trunc_exp,44100,CP_PAC,0.0,2.6392998406094543,0.003,0.9739950582906116
trunc_exp,44100,FH_PAC,-0.07663793462585904,1.9018614122702604,0.003,0.9411495516267449
trunc_exp,44100,FH_normal,-0.07663793462585904,1.5757072716201754,0.003,0.9169132461107011
trunc_exp,44100,HetLDC,0.0,2.4041776086542344,0.003,0.9643167408492147
trunc_exp,44100,HetLDC_cert,0.0,2.4113901414801964,0.003,0.9646427155443965
trunc_exp,44100,LDC_PAC,0.0,2.4853718247302874,0.003,0.9678755275773827
trunc_exp,44100,LDC_cert_pk,0.0,2.417433899867952,0.003,0.9649143604994497
trunc_exp,44101,CP_PAC,0.0,2.64668065577458,0.003,0.9742692071738198
trunc_exp,44101,FH_PAC,-0.07868665701688707,1.8351042972757974,0.003,0.9368506459197578
trunc_exp,44101,FH_normal,-0.07868665701688707,1.4741039622552103,0.003,0.9081026197165917
trunc_exp,44101,HetLDC,0.0,2.383253110374139,0.003,0.9633598708413353
trunc_exp,44101,HetLDC_cert,0.0,2.390402869705261,0.003,0.9636887070996664
trunc_exp,44101,LDC_PAC,0.0,2.4773480390143234,0.003,0.9675344765475172
trunc_exp,44101,LDC_cert_pk,0.0,2.3985600837323515,0.003,0.9640614913112376
trunc_exp,44102,CP_PAC,0.0,1.8794815288254165,0.001,0.9344753941401154
trunc_exp,44102,FH_PAC,0.06919259733544884,1.7026896225861916,0.001,0.9153008383367338
trunc_exp,44102,FH_normal,0.06919259733544884,1.3929621300040993,0.001,0.8848282966134938
trunc_exp,44102,HetLDC,0.0,1.5099447781095492,0.001,0.9040796390876042
trunc_exp,44102,HetLDC_cert,0.0,1.5114547228876587,0.001,0.9042238722503103
trunc_exp,44102,LDC_PAC,0.0,1.57260054299156,0.001,0.9099146021270744
trunc_exp,44102,LDC_cert_pk,0.0,1.5160904988697987,0.001,0.904665558078596
trunc_exp,44103,CP_PAC,0.0,2.6561589056555226,0.003,0.9746187953842191
trunc_exp,44103,FH_PAC,0.0019314803297289427,2.1348781624057107,0.003,0.950519256194115
trunc_exp,44103,FH_normal,0.0019314803297289427,1.7795850450101183,0.003,0.927011939075889
trunc_exp,44103,HetLDC,0.0,2.4538305126603053,0.003,0.966521611794834
trunc_exp,44103,HetLDC_cert,0.0,2.4611920041982858,0.003,0.9668407993677888
trunc_exp,44103,LDC_PAC,0.0,2.529786257318203,0.003,0.9697226222433663
trunc_exp,44103,LDC_cert_pk,0.0,2.4673640783957023,0.003,0.967106908344487
trunc_exp,44104,CP_PAC,0.0,2.5423355141409774,0.001,0.9702322362675694
trunc_exp,44104,FH_PAC,-0.07343643774390553,2.0244509627009313,0.001,0.9484969970667798
trunc_exp,44104,FH_normal,-0.07343643774390553,1.6744319599519861,0.001,0.9247062812349903
trunc_exp,44104,HetLDC,0.0,2.2702983453035968,0.001,0.9578958864745878
trunc_exp,44104,HetLDC_cert,0.0,2.2725686436489,0.001,0.9580108545905197
trunc_exp,44104,LDC_PAC,0.0,2.3494684354085695,0.001,0.9617792164986296
trunc_exp,44104,LDC_cert_pk,0.0,2.284319170609542,0.001,0.9586024348386717
trunc_exp,44105,CP_PAC,0.0,2.039264925770044,0.001,0.9449806160511757
trunc_exp,44105,FH_PAC,0.2703886385243044,1.41686278480868,0.001,0.8634960012874904
trunc_exp,44105,FH_normal,0.2703886385243044,1.1322185368076867,0.001,0.8219101390399464
trunc_exp,44105,HetLDC,0.0,1.6734413415603928,0.001,0.9186881452174788
trunc_exp,44105,HetLDC_cert,0.0,1.6751147829019533,0.001,0.9188276056627124
trunc_exp,44105,LDC_PAC,0.0,1.7400001754036432,0.001,0.9240875787573457
trunc_exp,44105,LDC_cert_pk,0.0,1.6799287002708037,0.001,0.919227701722496
trunc_exp,44106,CP_PAC,0.0,2.1540784135611983,0.001,0.9517098953842186
trunc_exp,44106,FH_PAC,0.1919609963988613,1.7478448548116845,0.001,0.9083875299384424
trunc_exp,44106,FH_normal,0.1919609963988613,1.4544877323427194,0.001,0.8778133555962355
trunc_exp,44106,HetLDC,0.0,1.8777126506563153,0.001,0.9343510816319038
trunc_exp,44106,HetLDC_cert,0.0,1.8795903633069713,0.001,0.9344830367772153
trunc_exp,44106,LDC_PAC,0.0,1.9492100009003088,0.001,0.9392324329631049
trunc_exp,44106,LDC_cert_pk,0.0,1.885456337981556,0.001,0.9348939357183618
trunc_exp,44107,CP_PAC,0.0,2.67886548298149,0.003,0.9754451290921453
trunc_exp,44107,FH_PAC,-0.04311144246162348,2.224429117697785,0.003,0.9577559387751116
trunc_exp,44107,FH_normal,-0.04311144246162348,1.8680941848549906,0.003,0.9366740217178353
trunc_exp,44107,HetLDC,0.0,2.44418971817082,0.003,0.9661006202365489
trunc_exp,44107,HetLDC_cert,0.0,2.4515222873253317,0.003,0.9664211249088791
trunc_exp,44107,LDC_PAC,0.0,2.5226299381381616,0.003,0.9694296129883737
trunc_exp,44107,LDC_cert_pk,0.0,2.4563766297891005,0.003,0.9666322309218482
trunc_exp,44108,CP_PAC,0.0,2.1140480949905958,0.001,0.9494365149472822
trunc_exp,44108,FH_PAC,0.14695827472699088,1.7408138051752935,0.001,0.9118257486286755
trunc_exp,44108,FH_normal,0.14695827472699088,1.3939057915068993,0.001,0.8759709441796679
trunc_exp,44108,HetLDC,0.0,1.8254844636577614,0.001,0.930596707169908
trunc_exp,44108,HetLDC_cert,0.0,1.827309948121419,0.001,0.9307307077810926
trunc_exp,44108,LDC_PAC,0.0,1.8986193181552606,0.001,0.9358086885695364
trunc_exp,44108,LDC_cert_pk,0.0,1.8347126071066167,0.001,0.9312720169420589
trunc_exp,44109,CP_PAC,0.0,2.830345653855154,0.003,0.980574788884213
trunc_exp,44109,FH_PAC,-0.04300053873709067,2.1415473091537596,0.003,0.9533901230870105
trunc_exp,44109,FH_normal,-0.04300053873709067,1.8442486092211208,0.003,0.9350191175605331
trunc_exp,44109,HetLDC,0.0,2.6384068815856727,0.003,0.973961776109688
trunc_exp,44109,HetLDC_cert,0.0,2.646322102230429,0.003,0.9742559282333633
trunc_exp,44109,LDC_PAC,0.0,2.7239059804351937,0.003,0.9770386355595208
trunc_exp,44109,LDC_cert_pk,0.0,2.6534192654155313,0.003,0.9745180325341132
trunc_exp,44110,CP_PAC,0.0,2.674672509068447,0.003,0.975293715105537
trunc_exp,44110,FH_PAC,0.0829476929430929,1.9736594119534074,0.003,0.9352603600962563
trunc_exp,44110,FH_normal,0.0829476929430929,1.672754630545052,0.003,0.9114643264023858
trunc_exp,44110,HetLDC,0.0,2.4288211153397805,0.003,0.9654224680966921
trunc_exp,44110,HetLDC_cert,0.0,2.4361075786858,0.003,0.9657450732385157
trunc_exp,44110,LDC_PAC,0.0,2.5186815048965263,0.003,0.9692671974478129
trunc_exp,44110,LDC_cert_pk,0.0,2.4435796965888352,0.003,0.9660738679132863
trunc_exp,44111,CP_PAC,0.0,2.4770020985171275,0.001,0.9675197209502878
trunc_exp,44111,FH_PAC,0.19514612430937717,2.1609162422736623,0.001,0.9403221186294455
trunc_exp,44111,FH_normal,0.19514612430937717,1.7419367828334653,0.001,0.9075478784369746
trunc_exp,44111,HetLDC,0.0,2.1805406797105995,0.001,0.953171580407076
trunc_exp,44111,HetLDC_cert,0.0,2.18272122039031,0.001,0.9532905931963297
trunc_exp,44111,LDC_PAC,0.0,2.257782151922086,0.001,0.9572581412928804
trunc_exp,44111,LDC_cert_pk,0.0,2.1918023517027674,0.001,0.9537839150492673
trunc_exp,44112,CP_PAC,0.0,2.2498600850745087,0.001,0.9568510286627641
trunc_exp,44112,FH_PAC,-0.22319073439964557,1.874511343242521,0.001,0.9484861495174227
trunc_exp,44112,FH_normal,-0.22319073439964557,1.5111759787559709,0.001,0.9236421009892035
trunc_exp,44112,HetLDC,0.0,1.9304978402187405,0.001,0.9379828870883601
trunc_exp,44112,HetLDC_cert,0.0,1.932428338058959,0.001,0.938112704568929
trunc_exp,44112,LDC_PAC,0.0,2.0048689592640057,0.001,0.942835943707428
trunc_exp,44112,LDC_cert_pk,0.0,1.9380843484947676,0.001,0.9384918450347314
trunc_exp,44113,CP_PAC,0.0,2.6579067379291867,0.003,0.9746829597213011
trunc_exp,44113,FH_PAC,0.11241278882913891,1.9723677831631752,0.003,0.9330928990668552
trunc_exp,44113,FH_normal,0.11241278882913891,1.6165078633694359,0.003,0.9035191443966442
trunc_exp,44113,HetLDC,0.0,2.4073669689851123,0.003,0.9644611277960006
trunc_exp,44113,HetLDC_cert,0.0,2.414589069892067,0.003,0.9647866663410822
trunc_exp,44113,LDC_PAC,0.0,2.487855884965005,0.003,0.9679806506305322
trunc_exp,44113,LDC_cert_pk,0.0,2.421830620000527,0.003,0.9651111182693032
trunc_exp,44114,CP_PAC,0.0,3.1273217841881293,0.001,0.9889315665685047
trunc_exp,44114,FH_PAC,-0.08196204363463945,2.2946164809143035,0.001,0.9630511138817911
trunc_exp,44114,FH_normal,-0.08196204363463945,1.9294568602732654,0.001,0.9432491062441223
trunc_exp,44114,HetLDC,0.0,2.9583535970246664,0.001,0.9844318685179634
trunc_exp,44114,HetLDC_cert,0.0,2.9613119506216905,0.001,0.984516229449654
trunc_exp,44114,LDC_PAC,0.0,3.038389837888492,0.001,0.9866423968086747
trunc_exp,44114,LDC_cert_pk,0.0,2.966600164686693,0.001,0.9846665113616049
trunc_exp,44115,CP_PAC,0.0,2.0858454756940086,0.001,0.9477886464105222
trunc_exp,44115,FH_PAC,0.23136095857467628,1.6454126612333928,0.001,0.8945373765743894
trunc_exp,44115,FH_normal,0.23136095857467628,1.3301079867658194,0.001,0.8571936808455026
trunc_exp,44115,HetLDC,0.0,1.7781992661553703,0.001,0.9270536494827463
trunc_exp,44115,HetLDC_cert,0.0,1.7799774654215255,0.001,0.9271894335436633
trunc_exp,44115,LDC_PAC,0.0,1.858714182176218,0.001,0.9330042852129806
trunc_exp,44115,LDC_cert_pk,0.0,1.788653091609468,0.001,0.9278490271297796
trunc_exp,44116,CP_PAC,0.0,2.8086274365498674,0.003,0.9798785344887856
trunc_exp,44116,FH_PAC,-0.19598939857387607,2.1737001482547815,0.003,0.9627306314314115
trunc_exp,44116,FH_normal,-0.19598939857387607,1.8337271027390036,0.003,0.9443914057419335
trunc_exp,44116,HetLDC,0.0,2.593964511353752,0.003,0.9722736118900186
trunc_exp,44116,HetLDC_cert,0.0,2.6017464048878125,0.003,0.9725737489313047
trunc_exp,44116,LDC_PAC,0.0,2.6750007598499397,0.003,0.9753055878047773
trunc_exp,44116,LDC_cert_pk,0.0,2.605412764298139,0.003,0.9727144816040902
trunc_exp,44117,CP_PAC,0.0,2.322737783793317,0.001,0.9604966392920122
trunc_exp,44117,FH_PAC,0.1054412807293003,1.793778240308411,0.001,0.9199226895172505
trunc_exp,44117,FH_normal,0.1054412807293003,1.4556980999700784,0.001,0.8877529608967587
trunc_exp,44117,HetLDC,0.0,1.9971011589650527,0.001,0.9423430251182285
trunc_exp,44117,HetLDC_cert,0.0,1.9990982601240177,0.001,0.9424700596657973
trunc_exp,44117,LDC_PAC,0.0,2.0698108802986614,0.001,0.9468343181324026
trunc_exp,44117,LDC_cert_pk,0.0,2.0078902059946273,0.001,0.9430268007929082
trunc_exp,44118,CP_PAC,0.0,2.5498517305101807,0.003,0.9705349182436952
trunc_exp,44118,FH_PAC,-0.12198442701099739,1.8631574378292042,0.003,0.9415778563386019
trunc_exp,44118,FH_normal,-0.12198442701099739,1.57910629169157,0.003,0.92096759500084
trunc_exp,44118,HetLDC,0.0,2.32379164657287,0.003,0.9605477486391366
trunc_exp,44118,HetLDC_cert,0.0,2.3307630215125883,0.003,0.9608847111272621
trunc_exp,44118,LDC_PAC,0.0,2.4011404656419724,0.003,0.9641788874470048
trunc_exp,44118,LDC_cert_pk,0.0,2.3352687963355305,0.003,0.961101458174212
trunc_exp,44119,CP_PAC,0.0,2.077058591153464,0.001,0.9472672602026492
trunc_exp,44119,FH_PAC,0.182070164663435,1.6501802107017702,0.001,0.9000103847723658
trunc_exp,44119,FH_normal,0.182070164663435,1.3950533535378222,0.001,0.8718703187478427
trunc_exp,44119,HetLDC,0.0,1.7531693231942036,0.001,0.9251208255410012
trunc_exp,44119,HetLDC_cert,0.0,1.7549224925173976,0.001,0.925257524425838
trunc_exp,44119,LDC_PAC,0.0,1.8206487699023757,0.001,0.9302407527960719
trunc_exp,44119,LDC_cert_pk,0.0,1.7634389350534971,0.001,0.9259187351552841
trunc_exp,44120,CP_PAC,0.0,2.380080574142273,0.001,0.9632133281364128
trunc_exp,44120,FH_PAC,0.11028911457906554,1.8352808011737276,0.001,0.9228960944969837
trunc_exp,44120,FH_normal,0.11028911457906554,1.473793515251791,0.001,0.8891916622857623
trunc_exp,44120,HetLDC,0.0,2.0745120595805133,0.001,0.9471154413132037
trunc_exp,44120,HetLDC_cert,0.0,2.0765865716400937,0.001,0.9472391437305431
trunc_exp,44120,LDC_PAC,0.0,2.153717723950843,0.001,0.9516897483796912
trunc_exp,44120,LDC_cert_pk,0.0,2.084742347060927,0.001,0.9477233998041092
trunc_exp,44121,CP_PAC,0.0,1.9495144624691894,0.001,0.9392526032247265
trunc_exp,44121,FH_PAC,0.04567173768305898,1.7327926031171201,0.001,0.9198224740937728
trunc_exp,44121,FH_normal,0.04567173768305898,1.3663294741409375,0.001,0.8844804379871976
trunc_exp,44121,HetLDC,0.0,1.6168958469902737,0.001,0.9138595034360782
trunc_exp,44121,HetLDC_cert,0.0,1.6185127428372639,0.001,0.9140007633570431
trunc_exp,44121,LDC_PAC,0.0,1.6789483232817182,0.001,0.9191463505086784
trunc_exp,44121,LDC_cert_pk,0.0,1.622404392600628,0.001,0.9143399767270949
trunc_exp,44122,CP_PAC,0.0,2.597067663686856,0.001,0.9723935298708728
trunc_exp,44122,FH_PAC,-0.13431948673497884,2.197510189874914,0.001,0.960936095429557
trunc_exp,44122,FH_normal,-0.13431948673497884,1.8411375234381249,0.001,0.9409525901276484
trunc_exp,44122,HetLDC,0.0,2.322705596144685,0.001,0.9604950775753647
trunc_exp,44122,HetLDC_cert,0.0,2.3250283017408293,0.001,0.9606076656263834
trunc_exp,44122,LDC_PAC,0.0,2.4000484855415487,0.001,0.9641292379504912
trunc_exp,44122,LDC_cert_pk,0.0,2.334818205006133,0.001,0.9610798194477324
trunc_exp,44123,CP_PAC,0.0,2.584577685795884,0.003,0.9719089725916588
trunc_exp,44123,FH_PAC,0.18541701700844307,1.7566538217031584,0.003,0.9097908206054436
trunc_exp,44123,FH_normal,0.18541701700844307,1.4939664735390794,0.003,0.883118263061967
trunc_exp,44123,HetLDC,0.0,2.356491335297553,0.003,0.9621114685800679
trunc_exp,44123,HetLDC_cert,0.0,2.3635608093034453,0.003,0.9624439639089722
trunc_exp,44123,LDC_PAC,0.0,2.433841149939366,0.003,0.9656449380773305
trunc_exp,44123,LDC_cert_pk,0.0,2.3706141839065156,0.003,0.9627737536020569
trunc_exp,44124,CP_PAC,0.0,3.136726293758684,0.003,0.9891638640501265
trunc_exp,44124,FH_PAC,0.0021623947368247017,2.1486952067457024,0.003,0.951287155755132
trunc_exp,44124,FH_normal,0.0021623947368247017,1.8150452938630117,0.003,0.9296660955229916
trunc_exp,44124,HetLDC,0.0,2.934301831100723,0.003,0.9837382219574308
trunc_exp,44124,HetLDC_cert,0.0,2.943104736594025,0.003,0.9839937115935301
trunc_exp,44124,LDC_PAC,0.0,3.033467531252049,0.003,0.9865106648895514
trunc_exp,44124,LDC_cert_pk,0.0,2.9512232644231355,0.003,0.9842276810227237
trunc_exp,44125,CP_PAC,0.0,3.1785114279681035,0.003,0.9901742287431142
trunc_exp,44125,FH_PAC,-0.2796692620528479,2.396141546489111,0.003,0.9753348730341458
trunc_exp,44125,FH_normal,-0.2796692620528479,2.0409593577374023,0.003,0.9603942157871126
trunc_exp,44125,HetLDC,0.0,2.95374491710534,0.003,0.9843000310854266
trunc_exp,44125,HetLDC_cert,0.0,2.9626061518566558,0.003,0.9845530697080764
trunc_exp,44125,LDC_PAC,0.0,3.058978423971324,0.003,0.987187567728758
trunc_exp,44125,LDC_cert_pk,0.0,2.9730070526937897,0.003,0.9848476981165247
trunc_exp,44126,CP_PAC,0.0,2.617473359059853,0.001,0.973174400648442
trunc_exp,44126,FH_PAC,0.11484468674258325,2.0066223451460976,0.001,0.9353344855286057
trunc_exp,44126,FH_normal,0.11484468674258325,1.680609089195926,0.001,0.9092926919862117
trunc_exp,44126,HetLDC,0.0,2.372132329058827,0.001,0.9628444830260704
trunc_exp,44126,HetLDC_cert,0.0,2.3745044613878856,0.001,0.9629548199991366
trunc_exp,44126,LDC_PAC,0.0,2.4500094029445467,0.001,0.9663551575542536
trunc_exp,44126,LDC_cert_pk,0.0,2.3827808751031645,0.001,0.963338082370169
trunc_exp,44127,CP_PAC,0.0,2.6033124768821154,0.003,0.9726339150430081
trunc_exp,44127,FH_PAC,-0.006623800003571714,2.0866005103488763,0.003,0.9482235407309747
trunc_exp,44127,FH_normal,-0.006623800003571714,1.7569362322899609,0.003,0.925928103229818
trunc_exp,44127,HetLDC,0.0,2.3875991983684903,0.003,0.9635599925771824
trunc_exp,44127,HetLDC_cert,0.0,2.3947619959635955,0.003,0.9638882344869575
trunc_exp,44127,LDC_PAC,0.0,2.465717607174907,0.003,0.9670360546852059
trunc_exp,44127,LDC_cert_pk,0.0,2.398237468746563,0.003,0.9640467959543548
trunc_exp,44128,CP_PAC,0.0,2.6340557835169127,0.003,0.9737992476971858
trunc_exp,44128,FH_PAC,0.12789784146700034,2.0185918189725376,0.003,0.9352591257941474
trunc_exp,44128,FH_normal,0.12789784146700034,1.6547930920612826,0.003,0.905688403502513
trunc_exp,44128,HetLDC,0.0,2.4205075489283963,0.003,0.9650519853610268
trunc_exp,44128,HetLDC_cert,0.0,2.427769071575181,0.003,0.965375727080514
trunc_exp,44128,LDC_PAC,0.0,2.5087347402154334,0.003,0.9688556662615138
trunc_exp,44128,LDC_cert_pk,0.0,2.4346113327280556,0.003,0.9656789874664048
trunc_exp,44129,CP_PAC,0.0,2.298206163804088,0.001,0.9592941400834494
trunc_exp,44129,FH_PAC,0.05369321346287406,2.1845178734570285,0.001,0.9503985299262857
trunc_exp,44129,FH_normal,0.05369321346287406,1.8252759655273645,0.001,0.9265466368286789
trunc_exp,44129,HetLDC,0.0,2.037535971645351,0.001,0.9448742741293565
trunc_exp,44129,HetLDC_cert,0.0,2.039573507616996,0.001,0.944999579716329
trunc_exp,44129,LDC_PAC,0.0,2.1095525620310416,0.001,0.9491764330838356
trunc_exp,44129,LDC_cert_pk,0.0,2.0497447569238574,0.001,0.9456219217186312
trunc_exp,44130,CP_PAC,0.0,2.8482718822203905,0.003,0.9811400502790123
trunc_exp,44130,FH_PAC,-0.1469058006280017,2.0290240289663397,0.003,0.9529192085666022
trunc_exp,44130,FH_normal,-0.1469058006280017,1.69036155472731,0.003,0.9314580548208945
trunc_exp,44130,HetLDC,0.0,2.6376891656767327,0.003,0.9739350075758079
trunc_exp,44130,HetLDC_cert,0.0,2.6456022331737628,0.003,0.9742292560684351
trunc_exp,44130,LDC_PAC,0.0,2.7272377667173187,0.003,0.9771541509567997
trunc_exp,44130,LDC_cert_pk,0.0,2.6530035560971044,0.003,0.9745027227820764
trunc_exp,44131,CP_PAC,0.0,2.6019659157487713,0.003,0.9725821869431576
trunc_exp,44131,FH_PAC,0.10349783898057471,2.2316362260301803,0.003,0.9502453954218179
trunc_exp,44131,FH_normal,0.10349783898057471,1.8900772236117098,0.003,0.9276918004769179
trunc_exp,44131,HetLDC,0.0,2.392803192786754,0.003,0.9637986652520725
trunc_exp,44131,HetLDC_cert,0.0,2.399981602365114,0.003,0.9641261954761444
trunc_exp,44131,LDC_PAC,0.0,2.478171619045931,0.003,0.9675695880445577
trunc_exp,44131,LDC_cert_pk,0.0,2.4065173852965276,0.003,0.9644227034444306
trunc_exp,44132,CP_PAC,0.0,2.9488613921294493,0.003,0.9841597771284799
trunc_exp,44132,FH_PAC,-0.11202476935967987,2.271854250745262,0.003,0.9633887364763923
trunc_exp,44132,FH_normal,-0.11202476935967987,1.9155176979856987,0.003,0.9442565941155878
trunc_exp,44132,HetLDC,0.0,2.7360504521836337,0.003,0.9774581497860996
trunc_exp,44132,HetLDC_cert,0.0,2.7442586035401844,0.003,0.9777392916956715
trunc_exp,44132,LDC_PAC,0.0,2.8235528383479505,0.003,0.9803583752884252
trunc_exp,44132,LDC_cert_pk,0.0,2.750278968938407,0.003,0.977944278184618
trunc_exp,44133,CP_PAC,0.0,2.5434723982678586,0.003,0.9702781410986037
trunc_exp,44133,FH_PAC,0.049440551390384065,2.0088554796149816,0.003,0.9399057147011436
trunc_exp,44133,FH_normal,0.049440551390384065,1.6875840157412376,0.003,0.915700685568337
trunc_exp,44133,HetLDC,0.0,2.2917727919856237,0.003,0.9589746926610964
trunc_exp,44133,HetLDC_cert,0.0,2.2986481103615803,0.003,0.9593160219581861
trunc_exp,44133,LDC_PAC,0.0,2.3807429673799696,0.003,0.9632439568027891
trunc_exp,44133,LDC_cert_pk,0.0,2.3063318022325543,0.003,0.9596951741029114
trunc_exp,44134,CP_PAC,0.0,2.54608057165407,0.001,0.970383288928024
trunc_exp,44134,FH_PAC,0.06700880768694047,1.67595589436948,0.001,0.9131622833833115
trunc_exp,44134,FH_normal,0.06700880768694047,1.3764483917964105,0.001,0.8832188711710982
trunc_exp,44134,HetLDC,0.0,2.2564728177503577,0.001,0.9571910404572199
trunc_exp,44134,HetLDC_cert,0.0,2.2587292905681076,0.001,0.9573066346465409
trunc_exp,44134,LDC_PAC,0.0,2.3370796222127637,0.001,0.9611883374012197
trunc_exp,44134,LDC_cert_pk,0.0,2.2705042526626884,0.001,0.9579063226229511
trunc_exp,44135,CP_PAC,0.0,2.379663566350321,0.001,0.9631940372628596
trunc_exp,44135,FH_PAC,0.09206647971207237,1.917627898826674,0.001,0.9306023602450479
trunc_exp,44135,FH_normal,0.09206647971207237,1.6091925085567365,0.001,0.9047639877646809
trunc_exp,44135,HetLDC,0.0,2.104861348814878,0.001,0.9489039884674961
trunc_exp,44135,HetLDC_cert,0.0,2.1069662101636926,0.001,0.9490263612515846
trunc_exp,44135,LDC_PAC,0.0,2.184323344106295,0.001,0.9533778984227607
trunc_exp,44135,LDC_cert_pk,0.0,2.1159047221208014,0.001,0.9495436428708367
trunc_exp,44136,CP_PAC,0.0,2.339548154875433,0.001,0.9613065606734251
trunc_exp,44136,FH_PAC,0.23356290796164522,1.8650471984512487,0.001,0.9151271516776909
trunc_exp,44136,FH_normal,0.23356290796164522,1.5426715281852632,0.001,0.8831814721670243
trunc_exp,44136,HetLDC,0.0,2.1088763101905834,0.001,0.9491372251507907
trunc_exp,44136,HetLDC_cert,0.0,2.110985186500774,0.001,0.9492594211903278
trunc_exp,44136,LDC_PAC,0.0,2.1898656420882054,0.001,0.9536790188569998
trunc_exp,44136,LDC_cert_pk,0.0,2.11981299287361,0.001,0.9497686097020672
trunc_exp,44137,CP_PAC,0.0,2.461210839685432,0.001,0.9668416135458693
trunc_exp,44137,FH_PAC,-0.0258059180360665,2.097846544315071,0.001,0.9499889031495772
trunc_exp,44137,FH_normal,-0.0258059180360665,1.7949035519182357,0.001,0.9302452298187018
trunc_exp,44137,HetLDC,0.0,2.201375662262608,0.001,0.9542999432798343
trunc_exp,44137,HetLDC_cert,0.0,2.2035770379248705,0.001,0.954418021943527
trunc_exp,44137,LDC_PAC,0.0,2.2744980544710636,0.001,0.9581083891233594
trunc_exp,44137,LDC_cert_pk,0.0,2.2121665297478366,0.001,0.9548766819488445
trunc_exp,44138,CP_PAC,0.0,2.80701364344885,0.003,0.9798262933961045
trunc_exp,44138,FH_PAC,-0.04056091452392876,2.1108366734133654,0.003,0.9515600077543225
trunc_exp,44138,FH_normal,-0.04056091452392876,1.8146992956722316,0.003,0.9327571327330052
trunc_exp,44138,HetLDC,0.0,2.613085095363646,0.003,0.9730075937627323
trunc_exp,44138,HetLDC_cert,0.0,2.620924350649737,0.003,0.9733051516445576
trunc_exp,44138,LDC_PAC,0.0,2.701451407583026,0.003,0.9762516896624261
trunc_exp,44138,LDC_cert_pk,0.0,2.6259274160962196,0.003,0.973494040365402
trunc_exp,44139,CP_PAC,0.0,2.9777337645631796,0.003,0.984980750110459
trunc_exp,44139,FH_PAC,-0.04714170676211137,1.986581760541025,0.003,0.9446392376101209
trunc_exp,44139,FH_normal,-0.04714170676211137,1.6799131926031212,0.003,0.9230607732535127
trunc_exp,44139,HetLDC,0.0,2.77892022892187,0.003,0.978905504211971
trunc_exp,44139,HetLDC_cert,0.0,2.787256989608635,0.003,0.9791810049815218
trunc_exp,44139,LDC_PAC,0.0,2.865751325598531,0.003,0.9816831432242533
trunc_exp,44139,LDC_cert_pk,0.0,2.797103515163409,0.003,0.9795039398854213
trunc_exp,44140,CP_PAC,0.0,2.9553388800791622,0.003,0.9843456858692986
trunc_exp,44140,FH_PAC,-0.06952668034904803,2.14401720540465,0.003,0.9549499244617357
trunc_exp,44140,FH_normal,-0.06952668034904803,1.8234823271787752,0.003,0.9354200315449243
trunc_exp,44140,HetLDC,0.0,2.756950634491466,0.003,0.9781702413401442
trunc_exp,44140,HetLDC_cert,0.0,2.7652214863949403,0.003,0.9784486271623541
trunc_exp,44140,LDC_PAC,0.0,2.8441986365500815,0.003,0.981012351207817
trunc_exp,44140,LDC_cert_pk,0.0,2.774039197302129,0.003,0.9787433116650326
trunc_exp,44141,CP_PAC,0.0,2.8811508553806524,0.003,0.982155094567752
trunc_exp,44141,FH_PAC,-0.0555502522890674,2.197104595319175,0.003,0.9569949579221889
trunc_exp,44141,FH_normal,-0.0555502522890674,1.8467862702947786,0.003,0.9360651996818972
trunc_exp,44141,HetLDC,0.0,2.6728247389294726,0.003,0.9752268213060842
trunc_exp,44141,HetLDC_cert,0.0,2.6808432131462605,0.003,0.9755163640043343
trunc_exp,44141,LDC_PAC,0.0,2.758719584830711,0.003,0.9782299434238886
trunc_exp,44141,LDC_cert_pk,0.0,2.6888981973770147,0.003,0.9758052815518583
trunc_exp,44142,CP_PAC,0.0,2.5026465408627683,0.003,0.9686020870289044
trunc_exp,44142,FH_PAC,-0.022308909291643014,2.1006281591291285,0.003,0.949947910167337
trunc_exp,44142,FH_normal,-0.022308909291643014,1.7670421386541018,0.003,0.9279018844214776
trunc_exp,44142,HetLDC,0.0,2.2488908206445957,0.003,0.9568010334742769
trunc_exp,44142,HetLDC_cert,0.0,2.2556374931065295,0.003,0.9571481933795544
trunc_exp,44142,LDC_PAC,0.0,2.3278962682192557,0.003,0.9607463833539212
trunc_exp,44142,LDC_cert_pk,0.0,2.2632757713446856,0.003,0.9575388811137396
trunc_exp,44143,CP_PAC,0.0,2.431628670030543,0.001,0.965547003691131
trunc_exp,44143,FH_PAC,0.18945803588432758,1.8015747518727168,0.001,0.9134408595762838
trunc_exp,44143,FH_normal,0.18945803588432758,1.4640297649422582,0.001,0.8792214838297421
trunc_exp,44143,HetLDC,0.0,2.148158178984891,0.001,0.9513784413553606
trunc_exp,44143,HetLDC_cert,0.0,2.1503063371638755,0.001,0.9514988987768744
trunc_exp,44143,LDC_PAC,0.0,2.232022771307973,0.001,0.9559244656028463
trunc_exp,44143,LDC_cert_pk,0.0,2.157204020130257,0.001,0.9518842284432576
trunc_exp,44144,CP_PAC,0.0,3.0100275743928258,0.003,0.9858758844709274
trunc_exp,44144,FH_PAC,0.22374841983813756,2.169847256408377,0.003,0.9390260276590967
trunc_exp,44144,FH_normal,0.22374841983813756,1.8074241513880684,0.003,0.9109146577442214
trunc_exp,44144,HetLDC,0.0,2.803320535012099,0.003,0.9797064765381408
trunc_exp,44144,HetLDC_cert,0.0,2.8117304966171353,0.003,0.9799787881458157
trunc_exp,44144,LDC_PAC,0.0,2.8968306750787596,0.003,0.9826294468591691
trunc_exp,44144,LDC_cert_pk,0.0,2.8187864159985496,0.003,0.9802057871154866
trunc_exp,44145,CP_PAC,0.0,2.668305408263083,0.003,0.9750627753100088
trunc_exp,44145,FH_PAC,-0.3243413386726396,2.173387770737551,0.003,0.9683963290854046
trunc_exp,44145,FH_normal,-0.3243413386726396,1.865805716230766,0.003,0.9536942712817847
trunc_exp,44145,HetLDC,0.0,2.431359454514755,0.003,0.9655350746524248
trunc_exp,44145,HetLDC_cert,0.0,2.438653532878299,0.003,0.9658573328109633
trunc_exp,44145,LDC_PAC,0.0,2.512685743178443,0.003,0.9690195414975272
trunc_exp,44145,LDC_cert_pk,0.0,2.4460119967777554,0.003,0.9661804547187403
trunc_exp,44146,CP_PAC,0.0,2.231326080434626,0.001,0.9558879953281647
trunc_exp,44146,FH_PAC,0.02915234412981817,1.7971592648483965,0.001,0.9262714595896718
trunc_exp,44146,FH_normal,0.02915234412981817,1.456277715919581,0.001,0.8958837033043521
trunc_exp,44146,HetLDC,0.0,1.9101424257254593,0.001,0.9366012753685473
trunc_exp,44146,HetLDC_cert,0.0,1.9120525681511846,0.001,0.9367319249272257
trunc_exp,44146,LDC_PAC,0.0,1.9883531541968986,0.001,0.9417840684363029
trunc_exp,44146,LDC_cert_pk,0.0,1.9202700215195843,0.001,0.9372916124988949
trunc_exp,44147,CP_PAC,0.0,2.466072510892996,0.001,0.9670513357149524
trunc_exp,44147,FH_PAC,0.094063978293696,1.9797101373150883,0.001,0.9349071987181633
trunc_exp,44147,FH_normal,0.094063978293696,1.6029240064384818,0.001,0.9039759092459926
trunc_exp,44147,HetLDC,0.0,2.1922886002231396,0.001,0.9538102246678117
trunc_exp,44147,HetLDC_cert,0.0,2.194480888823363,0.001,0.953928711157229
trunc_exp,44147,LDC_PAC,0.0,2.2789909087705738,0.001,0.9583349019839408
trunc_exp,44147,LDC_cert_pk,0.0,2.2045627807128314,0.001,0.954470825538439
trunc_exp,44148,CP_PAC,0.0,2.340386339684333,0.001,0.9613466477894039
trunc_exp,44148,FH_PAC,0.02704306060509606,1.874960078162491,0.001,0.9322293107314333
trunc_exp,44148,FH_normal,0.02704306060509606,1.5259324083599435,0.001,0.9030180476463254
trunc_exp,44148,HetLDC,0.0,2.0602562319517936,0.001,0.9462595564237234
trunc_exp,44148,HetLDC_cert,0.0,2.0623164881837455,0.001,0.9463838792424382
trunc_exp,44148,LDC_PAC,0.0,2.1332571779026335,0.001,0.9505369030339469
trunc_exp,44148,LDC_cert_pk,0.0,2.0712568929645356,0.001,0.9469209048654741
trunc_exp,44149,CP_PAC,0.0,2.8851049288302693,0.003,0.9822753004881204
trunc_exp,44149,FH_PAC,0.006736347895323532,2.1985750825173405,0.003,0.9537858840019984
trunc_exp,44149,FH_normal,0.006736347895323532,1.879128697094055,0.003,0.933976076120739
trunc_exp,44149,HetLDC,0.0,2.6520448395942764,0.003,0.9744673949015441
trunc_exp,44149,HetLDC_cert,0.0,2.660000974113059,0.003,0.9747597177217955
trunc_exp,44149,LDC_PAC,0.0,2.747839665893241,0.003,0.977861346772053
trunc_exp,44149,LDC_cert_pk,0.0,2.6680669446732237,0.003,0.9750541021931365
