shape,seed,method,k,p_k,half,cov
bimodal_blc,45000,SF_k106,106,0.9187206599719125,3.1084694218303865,0.9998452682153008
bimodal_blc,45000,SF_k107,107,0.9310223909852352,2.863492027433324,0.9993811326203194
bimodal_blc,45000,SF_k108,108,0.9438729148535301,2.8146304619011966,0.9991971218014976
bimodal_blc,45000,SF_k109,109,0.957600953042881,2.8142362229519695,0.9991954512123579
bimodal_blc,45000,SF_k110,110,0.9731335699937322,2.99601490766046,0.9997026649364159
bimodal_blc,45001,SF_k106,106,0.9187206599719125,2.596967058921013,0.9976000609409259
bimodal_blc,45001,SF_k107,107,0.9310223909852352,2.618612246512162,0.9978375284954499
bimodal_blc,45001,SF_k108,108,0.9438729148535301,2.4810834582097923,0.9958803779243944
bimodal_blc,45001,SF_k109,109,0.957600953042881,2.7191825972559096,0.9986853569904164
bimodal_blc,45001,SF_k110,110,0.9731335699937322,2.4518143857617543,0.9952998851722424
bimodal_blc,45002,SF_k106,106,0.9187206599719125,2.8656264912942104,0.9993882048026949
bimodal_blc,45002,SF_k107,107,0.9310223909852352,2.885355891395094,0.9994501327759779
bimodal_blc,45002,SF_k108,108,0.9438729148535301,3.0706184351494543,0.9998066026546049
bimodal_blc,45002,SF_k109,109,0.957600953042881,2.9019128166083195,0.9994975772389408
bimodal_blc,45002,SF_k110,110,0.9731335699937322,2.757449786336896,0.9989185512603443
bimodal_blc,45003,SF_k106,106,0.9187206599719125,2.710014782216391,0.9986230625715447
bimodal_blc,45003,SF_k107,107,0.9310223909852352,2.71754202205225,0.9986744020749847
bimodal_blc,45003,SF_k108,108,0.9438729148535301,2.535343997468527,0.9967894887425404
bimodal_blc,45003,SF_k109,109,0.957600953042881,2.5580548409265984,0.9971131704552837
bimodal_blc,45003,SF_k110,110,0.9731335699937322,3.2451582371373617,0.9999327111896057
bimodal_blc,45004,SF_k106,106,0.9187206599719125,2.814858528048146,0.9991980867757061
bimodal_blc,45004,SF_k107,107,0.9310223909852352,3.020449714328404,0.999741376261098
bimodal_blc,45004,SF_k108,108,0.9438729148535301,3.340585682509864,0.9999633180544044
bimodal_blc,45004,SF_k109,109,0.957600953042881,3.1501070134306315,0.999879390471637
bimodal_blc,45004,SF_k110,110,0.9731335699937322,2.9273486669464437,0.9995631386916025
bimodal_blc,45005,SF_k106,106,0.9187206599719125,2.855284979016024,0.9993532316501477
bimodal_blc,45005,SF_k107,107,0.9310223909852352,3.011170388063992,0.9997272640281331
bimodal_blc,45005,SF_k108,108,0.9438729148535301,2.979892596832046,0.9996742422997982
bimodal_blc,45005,SF_k109,109,0.957600953042881,2.8679606877123978,0.9993958533517113
bimodal_blc,45005,SF_k110,110,0.9731335699937322,2.7801739474269747,0.9990384365819344
bimodal_blc,45006,SF_k106,106,0.9187206599719125,2.8743490801349285,0.9994163374923933
bimodal_blc,45006,SF_k107,107,0.9310223909852352,2.93291626059472,0.9995763891470925
bimodal_blc,45006,SF_k108,108,0.9438729148535301,2.799368699151329,0.9991300674858254
bimodal_blc,45006,SF_k109,109,0.957600953042881,3.0127088156412607,0.9997296522169004
bimodal_blc,45006,SF_k110,110,0.9731335699937322,3.3050290637165536,0.9999539009108644
bimodal_blc,45007,SF_k106,106,0.9187206599719125,3.107020869638109,0.9998439323761031
bimodal_blc,45007,SF_k107,107,0.9310223909852352,2.940493133844068,0.9995938238495836
bimodal_blc,45007,SF_k108,108,0.9438729148535301,2.732256523324868,0.9987697468312331
bimodal_blc,45007,SF_k109,109,0.957600953042881,2.6548685491859647,0.9981880342696099
bimodal_blc,45007,SF_k110,110,0.9731335699937322,2.3916524423115377,0.9938730083231971
bimodal_blc,45008,SF_k106,106,0.9187206599719125,3.090353983968782,0.9998277661943854
bimodal_blc,45008,SF_k107,107,0.9310223909852352,2.8936288265214514,0.9994743337402345
bimodal_blc,45008,SF_k108,108,0.9438729148535301,2.7616520500904214,0.9989417037377303
bimodal_blc,45008,SF_k109,109,0.957600953042881,2.550643583479729,0.9970109283505191
bimodal_blc,45008,SF_k110,110,0.9731335699937322,2.9783873231022566,0.9996714636029143
bimodal_blc,45009,SF_k106,106,0.9187206599719125,3.1536926968642423,0.9998819723609651
bimodal_blc,45009,SF_k107,107,0.9310223909852352,2.9838716452024334,0.9996814827263256
bimodal_blc,45009,SF_k108,108,0.9438729148535301,3.2270772703915878,0.9999246914451498
bimodal_blc,45009,SF_k109,109,0.957600953042881,3.1378803984445285,0.999870183105192
bimodal_blc,45009,SF_k110,110,0.9731335699937322,2.953874261316932,0.9996229994003117
bimodal_blc,45010,SF_k106,106,0.9187206599719125,3.1488017503293184,0.9998784375381345
bimodal_blc,45010,SF_k107,107,0.9310223909852352,2.958107619176573,0.9996318168248056
bimodal_blc,45010,SF_k108,108,0.9438729148535301,2.8749094337350245,0.9994181033088396
bimodal_blc,45010,SF_k109,109,0.957600953042881,2.8031704702849023,0.9991472358498626
bimodal_blc,45010,SF_k110,110,0.9731335699937322,3.0801291748711064,0.9998170876626608
bimodal_blc,45011,SF_k106,106,0.9187206599719125,2.9947170432961836,0.9997004651713965
bimodal_blc,45011,SF_k107,107,0.9310223909852352,2.7796902414532476,0.9990360171162026
bimodal_blc,45011,SF_k108,108,0.9438729148535301,2.953094497726934,0.9996213540626215
bimodal_blc,45011,SF_k109,109,0.957600953042881,3.5247411079255926,0.9999892802394537
bimodal_blc,45011,SF_k110,110,0.9731335699937322,3.3074692146946885,0.9999546139743769
bimodal_blc,45012,SF_k106,106,0.9187206599719125,3.047907778944486,0.999779253068351
bimodal_blc,45012,SF_k107,107,0.9310223909852352,2.906459236027751,0.9995099261153131
bimodal_blc,45012,SF_k108,108,0.9438729148535301,2.9436515787872115,0.9996008931872128
bimodal_blc,45012,SF_k109,109,0.957600953042881,2.7355232593536414,0.9987900449607953
bimodal_blc,45012,SF_k110,110,0.9731335699937322,2.986673677870594,0.9996864913646337
bimodal_blc,45013,SF_k106,106,0.9187206599719125,3.1208597403880813,0.9998562652435439
bimodal_blc,45013,SF_k107,107,0.9310223909852352,3.048565946473833,0.9997800940073549
bimodal_blc,45013,SF_k108,108,0.9438729148535301,2.9164637055756155,0.9995361176767761
bimodal_blc,45013,SF_k109,109,0.957600953042881,2.809550038627277,0.9991753471851982
bimodal_blc,45013,SF_k110,110,0.9731335699937322,3.863069004596985,0.9999990894165641
bimodal_blc,45014,SF_k106,106,0.9187206599719125,3.077816960788968,0.9998145885940275
bimodal_blc,45014,SF_k107,107,0.9310223909852352,2.912138404112673,0.9995249572687153
bimodal_blc,45014,SF_k108,108,0.9438729148535301,3.014940612422764,0.9997330821801069
bimodal_blc,45014,SF_k109,109,0.957600953042881,3.0086091768995376,0.9997232445143376
bimodal_blc,45014,SF_k110,110,0.9731335699937322,3.8738301712654812,0.9999991618003288
bimodal_blc,45015,SF_k106,106,0.9187206599719125,2.9774787831999894,0.9996697758221732
bimodal_blc,45015,SF_k107,107,0.9310223909852352,2.764338527163793,0.9989562660710822
bimodal_blc,45015,SF_k108,108,0.9438729148535301,2.5736442341505676,0.9973180184003055
bimodal_blc,45015,SF_k109,109,0.957600953042881,2.6222980104701734,0.9978757749821682
bimodal_blc,45015,SF_k110,110,0.9731335699937322,2.3931467565276794,0.9939126436973148
bimodal_blc,45016,SF_k106,106,0.9187206599719125,2.5018324545087602,0.9962521658156442
bimodal_blc,45016,SF_k107,107,0.9310223909852352,2.5397799403940278,0.996855163623966
bimodal_blc,45016,SF_k108,108,0.9438729148535301,2.4094302620147716,0.994330056342043
bimodal_blc,45016,SF_k109,109,0.957600953042881,2.3343457043891482,0.9921700642230789
bimodal_blc,45016,SF_k110,110,0.9731335699937322,2.4345457344441144,0.9949241753006697
bimodal_blc,45017,SF_k106,106,0.9187206599719125,2.9515903725302275,0.9996181614553602
bimodal_blc,45017,SF_k107,107,0.9310223909852352,2.8305527372165535,0.9992619853333471
bimodal_blc,45017,SF_k108,108,0.9438729148535301,2.6421817844211777,0.9980717323912274
bimodal_blc,45017,SF_k109,109,0.957600953042881,2.442310178451887,0.995096290235448
bimodal_blc,45017,SF_k110,110,0.9731335699937322,3.138560909415128,0.9998707124066282
bimodal_blc,45018,SF_k106,106,0.9187206599719125,3.0951452146956218,0.9998325669527411
bimodal_blc,45018,SF_k107,107,0.9310223909852352,3.2153127681917266,0.9999189994947397
bimodal_blc,45018,SF_k108,108,0.9438729148535301,3.2394394943505103,0.9999302659577037
bimodal_blc,45018,SF_k109,109,0.957600953042881,3.1751306302950826,0.9998963593634181
bimodal_blc,45018,SF_k110,110,0.9731335699937322,3.5535019305103948,0.999991216574854
bimodal_blc,45019,SF_k106,106,0.9187206599719125,2.79912271791091,0.9991289458001219
bimodal_blc,45019,SF_k107,107,0.9310223909852352,2.722306550298766,0.9987059888306955
bimodal_blc,45019,SF_k108,108,0.9438729148535301,2.8695022417504488,0.9994008561338245
bimodal_blc,45019,SF_k109,109,0.957600953042881,2.773879482779821,0.999006512349589
bimodal_blc,45019,SF_k110,110,0.9731335699937322,2.487775194294166,0.9960037351579563
bimodal_blc,45020,SF_k106,106,0.9187206599719125,3.0701929722059527,0.9998061207433089
bimodal_blc,45020,SF_k107,107,0.9310223909852352,2.9051064432027,0.9995062813547211
bimodal_blc,45020,SF_k108,108,0.9438729148535301,3.1857336014953304,0.9999028505781266
bimodal_blc,45020,SF_k109,109,0.957600953042881,3.55947355456351,0.9999915745173673
bimodal_blc,45020,SF_k110,110,0.9731335699937322,3.40955948904139,0.9999766473647054
bimodal_blc,45021,SF_k106,106,0.9187206599719125,3.233507946142271,0.9999276415427067
bimodal_blc,45021,SF_k107,107,0.9310223909852352,3.397869312156758,0.9999747703806452
bimodal_blc,45021,SF_k108,108,0.9438729148535301,3.4277978703626983,0.9999793138145207
bimodal_blc,45021,SF_k109,109,0.957600953042881,3.2325642666283243,0.9999272155401349
bimodal_blc,45021,SF_k110,110,0.9731335699937322,3.3870735548554864,0.9999729108768907
bimodal_blc,45022,SF_k106,106,0.9187206599719125,3.153416719450465,0.9998817754973945
bimodal_blc,45022,SF_k107,107,0.9310223909852352,3.219357966455807,0.9999210007924395
bimodal_blc,45022,SF_k108,108,0.9438729148535301,3.409079021663341,0.9999765729002815
bimodal_blc,45022,SF_k109,109,0.957600953042881,3.250953506073861,0.9999351066491041
bimodal_blc,45022,SF_k110,110,0.9731335699937322,3.962849571146055,0.9999995819463835
bimodal_blc,45023,SF_k106,106,0.9187206599719125,2.6494888986583396,0.9981395192617534
bimodal_blc,45023,SF_k107,107,0.9310223909852352,2.445093200547797,0.9951567048864919
bimodal_blc,45023,SF_k108,108,0.9438729148535301,2.3190093490010226,0.9916489499248559
bimodal_blc,45023,SF_k109,109,0.957600953042881,2.8965227911063014,0.9994825643852663
bimodal_blc,45023,SF_k110,110,0.9731335699937322,2.7880587947809192,0.9990770985971412
bimodal_blc,45024,SF_k106,106,0.9187206599719125,3.5464079094333445,0.9999907725349454
bimodal_blc,45024,SF_k107,107,0.9310223909852352,3.7182714032489144,0.9999972969176414
bimodal_blc,45024,SF_k108,108,0.9438729148535301,3.5301967013696283,0.9999896762574119
bimodal_blc,45024,SF_k109,109,0.957600953042881,3.8126271699458916,0.999998662297034
bimodal_blc,45024,SF_k110,110,0.9731335699937322,4.219214266948959,0.9999999492168887
bimodal_blc,45025,SF_k106,106,0.9187206599719125,2.919455777173596,0.9995436954502316
bimodal_blc,45025,SF_k107,107,0.9310223909852352,2.829054696549595,0.9992560948824575
bimodal_blc,45025,SF_k108,108,0.9438729148535301,2.9973438422813707,0.9997049017890269
bimodal_blc,45025,SF_k109,109,0.957600953042881,3.3057835506665536,0.9999541225090788
bimodal_blc,45025,SF_k110,110,0.9731335699937322,3.376756582217813,0.9999710131966212
bimodal_blc,45026,SF_k106,106,0.9187206599719125,3.0233856979554328,0.9997456978029525
bimodal_blc,45026,SF_k107,107,0.9310223909852352,2.9911691774822105,0.9996943743882696
bimodal_blc,45026,SF_k108,108,0.9438729148535301,2.7900835986235633,0.9990867939352785
bimodal_blc,45026,SF_k109,109,0.957600953042881,2.5904266890962546,0.997523804907017
bimodal_blc,45026,SF_k110,110,0.9731335699937322,3.2412444431574032,0.9999310466102663
bimodal_blc,45027,SF_k106,106,0.9187206599719125,2.9082983274834384,0.9995148411734556
bimodal_blc,45027,SF_k107,107,0.9310223909852352,2.773044059789018,0.9990022029651295
bimodal_blc,45027,SF_k108,108,0.9438729148535301,2.6653816067919816,0.998279539928913
bimodal_blc,45027,SF_k109,109,0.957600953042881,2.8617044192339316,0.9993751517340604
bimodal_blc,45027,SF_k110,110,0.9731335699937322,3.33093220171688,0.9999609590304613
bimodal_blc,45028,SF_k106,106,0.9187206599719125,2.97142530957075,0.999658323136996
bimodal_blc,45028,SF_k107,107,0.9310223909852352,2.787362829124912,0.9990737443571744
bimodal_blc,45028,SF_k108,108,0.9438729148535301,2.6906425251359156,0.9984824817375519
bimodal_blc,45028,SF_k109,109,0.957600953042881,2.605817010262891,0.9976998649129941
bimodal_blc,45028,SF_k110,110,0.9731335699937322,2.864981448401505,0.9993860754651874
bimodal_blc,45029,SF_k106,106,0.9187206599719125,2.958529020072604,0.9996326839841061
bimodal_blc,45029,SF_k107,107,0.9310223909852352,2.77655566759834,0.9990202023445358
bimodal_blc,45029,SF_k108,108,0.9438729148535301,2.6769872160403017,0.9983756597029287
bimodal_blc,45029,SF_k109,109,0.957600953042881,3.04901977402912,0.9997806721204406
bimodal_blc,45029,SF_k110,110,0.9731335699937322,4.087599721021994,0.9999998471799133
bimodal_blc,45030,SF_k106,106,0.9187206599719125,2.756115255291946,0.9989111021441784
bimodal_blc,45030,SF_k107,107,0.9310223909852352,2.8322486616009526,0.9992686020466514
bimodal_blc,45030,SF_k108,108,0.9438729148535301,2.9632285533360982,0.9996422271091282
bimodal_blc,45030,SF_k109,109,0.957600953042881,3.036786552992706,0.9997645822311201
bimodal_blc,45030,SF_k110,110,0.9731335699937322,3.300728242706787,0.9999526183170331
bimodal_blc,45031,SF_k106,106,0.9187206599719125,2.3801945715406423,0.9935614310395852
bimodal_blc,45031,SF_k107,107,0.9310223909852352,2.2350814339148313,0.9882240123233956
bimodal_blc,45031,SF_k108,108,0.9438729148535301,2.201319726162887,0.9865353016757035
bimodal_blc,45031,SF_k109,109,0.957600953042881,2.2432418433702264,0.9886034858139808
bimodal_blc,45031,SF_k110,110,0.9731335699937322,3.330377607350041,0.9999608192415166
bimodal_blc,45032,SF_k106,106,0.9187206599719125,3.166112731061287,0.9998905204731385
bimodal_blc,45032,SF_k107,107,0.9310223909852352,2.9859730679244914,0.9996852459326943
bimodal_blc,45032,SF_k108,108,0.9438729148535301,2.9359891537191456,0.999583541947921
bimodal_blc,45032,SF_k109,109,0.957600953042881,3.0282440855331374,0.9997527015471963
bimodal_blc,45032,SF_k110,110,0.9731335699937322,2.779359180632155,0.9990343579538479
bimodal_blc,45033,SF_k106,106,0.9187206599719125,3.181630147299286,0.9999003850542547
bimodal_blc,45033,SF_k107,107,0.9310223909852352,2.9891030164733405,0.9996907744655751
bimodal_blc,45033,SF_k108,108,0.9438729148535301,2.887721868797041,0.9994571570580179
bimodal_blc,45033,SF_k109,109,0.957600953042881,2.729941790554941,0.9987551761410537
bimodal_blc,45033,SF_k110,110,0.9731335699937322,2.530569297963329,0.9967174232270346
bimodal_blc,45034,SF_k106,106,0.9187206599719125,3.327825330045113,0.9999601698079293
bimodal_blc,45034,SF_k107,107,0.9310223909852352,3.094708735489283,0.9998321348396609
bimodal_blc,45034,SF_k108,108,0.9438729148535301,2.9626353546710105,0.9996410353492136
bimodal_blc,45034,SF_k109,109,0.957600953042881,2.926837568539793,0.9995619032721763
bimodal_blc,45034,SF_k110,110,0.9731335699937322,3.89718532925818,0.999999300369047
bimodal_blc,45035,SF_k106,106,0.9187206599719125,2.653013437672638,0.9981714358081504
bimodal_blc,45035,SF_k107,107,0.9310223909852352,2.597687275718996,0.9976083270515608
bimodal_blc,45035,SF_k108,108,0.9438729148535301,2.4064888215794578,0.9942565886552724
bimodal_blc,45035,SF_k109,109,0.957600953042881,2.309933214596168,0.9913264263243654
bimodal_blc,45035,SF_k110,110,0.9731335699937322,1.9288852789331639,0.9636331968122077
bimodal_blc,45036,SF_k106,106,0.9187206599719125,2.8560210493221345,0.9993557805757323
bimodal_blc,45036,SF_k107,107,0.9310223909852352,2.667369336722867,0.9982963612459185
bimodal_blc,45036,SF_k108,108,0.9438729148535301,2.5417034413455646,0.9968832639561932
bimodal_blc,45036,SF_k109,109,0.957600953042881,2.3314458195342835,0.9920737784045973
bimodal_blc,45036,SF_k110,110,0.9731335699937322,2.2881869661127063,0.9905089061027248
bimodal_blc,45037,SF_k106,106,0.9187206599719125,2.954064161135358,0.9996233990922614
bimodal_blc,45037,SF_k107,107,0.9310223909852352,2.908832181966762,0.9995162593604663
bimodal_blc,45037,SF_k108,108,0.9438729148535301,2.8134154874084847,0.9991919630837939
bimodal_blc,45037,SF_k109,109,0.957600953042881,2.8441755110006106,0.9993136142624184
bimodal_blc,45037,SF_k110,110,0.9731335699937322,2.777093214030926,0.9990229312046032
bimodal_blc,45038,SF_k106,106,0.9187206599719125,2.6844392214254666,0.998434774399914
bimodal_blc,45038,SF_k107,107,0.9310223909852352,2.6186892213377035,0.9978383335845183
bimodal_blc,45038,SF_k108,108,0.9438729148535301,2.579023297460173,0.9973855974620093
bimodal_blc,45038,SF_k109,109,0.957600953042881,3.2608439167243097,0.9999390103725829
bimodal_blc,45038,SF_k110,110,0.9731335699937322,4.096657623789927,0.9999998581517453
bimodal_blc,45039,SF_k106,106,0.9187206599719125,2.724028098397167,0.9987172318033658
bimodal_blc,45039,SF_k107,107,0.9310223909852352,2.65110443384166,0.9981542110587608
bimodal_blc,45039,SF_k108,108,0.9438729148535301,2.4754910611666596,0.9957746868120538
bimodal_blc,45039,SF_k109,109,0.957600953042881,2.322095155801457,0.9917561829767834
bimodal_blc,45039,SF_k110,110,0.9731335699937322,2.5669180318281897,0.9972312993602777
bimodal_blc,45040,SF_k106,106,0.9187206599719125,2.8364002453064026,0.9992845697761066
bimodal_blc,45040,SF_k107,107,0.9310223909852352,2.741192176490849,0.9988245438297323
bimodal_blc,45040,SF_k108,108,0.9438729148535301,2.6179855505373824,0.9978309636924813
bimodal_blc,45040,SF_k109,109,0.957600953042881,2.916974151095736,0.9995374186265022
bimodal_blc,45040,SF_k110,110,0.9731335699937322,2.6736422207675523,0.9983484698113679
bimodal_blc,45041,SF_k106,106,0.9187206599719125,3.1097301028172253,0.9998464220895299
bimodal_blc,45041,SF_k107,107,0.9310223909852352,2.8727118072543494,0.9994111496464548
bimodal_blc,45041,SF_k108,108,0.9438729148535301,2.7219486272455957,0.9987036400576824
bimodal_blc,45041,SF_k109,109,0.957600953042881,2.6512444874078636,0.9981554797395472
bimodal_blc,45041,SF_k110,110,0.9731335699937322,2.4481631481610995,0.9952225785110477
bimodal_blc,45042,SF_k106,106,0.9187206599719125,3.2796507851230374,0.999945830860773
bimodal_blc,45042,SF_k107,107,0.9310223909852352,3.0559140554212014,0.999789281975933
bimodal_blc,45042,SF_k108,108,0.9438729148535301,3.0978813276001467,0.9998352520957846
bimodal_blc,45042,SF_k109,109,0.957600953042881,3.014301752050571,0.9997321045012447
bimodal_blc,45042,SF_k110,110,0.9731335699937322,4.296867370354615,0.9999999739961836
bimodal_blc,45043,SF_k106,106,0.9187206599719125,3.187222470468961,0.9999037309002597
bimodal_blc,45043,SF_k107,107,0.9310223909852352,3.5271857314058996,0.9999894594474306
bimodal_blc,45043,SF_k108,108,0.9438729148535301,3.367555234557404,0.9999692152252627
bimodal_blc,45043,SF_k109,109,0.957600953042881,3.302670702127963,0.999953201712613
bimodal_blc,45043,SF_k110,110,0.9731335699937322,3.376825394213989,0.999971026260545
bimodal_blc,45044,SF_k106,106,0.9187206599719125,3.1330284779810107,0.9998663500397804
bimodal_blc,45044,SF_k107,107,0.9310223909852352,3.1359245343713136,0.9998686505111564
bimodal_blc,45044,SF_k108,108,0.9438729148535301,3.101431248691046,0.9998386759053413
bimodal_blc,45044,SF_k109,109,0.957600953042881,2.9144197628753434,0.9995308743670952
bimodal_blc,45044,SF_k110,110,0.9731335699937322,2.829816630416966,0.9992590962717554
bimodal_blc,45045,SF_k106,106,0.9187206599719125,2.778940019044919,0.9990322535030597
bimodal_blc,45045,SF_k107,107,0.9310223909852352,2.6770223696422417,0.9983759432737825
bimodal_blc,45045,SF_k108,108,0.9438729148535301,2.531298091902298,0.9967285162181335
bimodal_blc,45045,SF_k109,109,0.957600953042881,2.3684002798481303,0.99322615607162
bimodal_blc,45045,SF_k110,110,0.9731335699937322,2.427818260039657,0.9947707235841439
bimodal_blc,45046,SF_k106,106,0.9187206599719125,3.525823017885896,0.9999893599055861
bimodal_blc,45046,SF_k107,107,0.9310223909852352,3.4085951257020355,0.9999764976771609
bimodal_blc,45046,SF_k108,108,0.9438729148535301,3.248189355737421,0.9999339742882021
bimodal_blc,45046,SF_k109,109,0.957600953042881,3.899428383347781,0.9999993124528231
bimodal_blc,45046,SF_k110,110,0.9731335699937322,3.76404333700845,0.9999980733911014
bimodal_blc,45047,SF_k106,106,0.9187206599719125,3.269040475151073,0.9999420768160963
bimodal_blc,45047,SF_k107,107,0.9310223909852352,3.0535623983868794,0.9997863812066847
bimodal_blc,45047,SF_k108,108,0.9438729148535301,2.984751718920235,0.999683063813412
bimodal_blc,45047,SF_k109,109,0.957600953042881,3.070341277239764,0.9998062888518744
bimodal_blc,45047,SF_k110,110,0.9731335699937322,3.31199349452237,0.9999559086068736
bimodal_blc,45048,SF_k106,106,0.9187206599719125,2.9746890567112705,0.9996645429204385
bimodal_blc,45048,SF_k107,107,0.9310223909852352,2.78212309198879,0.9990481297302141
bimodal_blc,45048,SF_k108,108,0.9438729148535301,2.6378633146591683,0.9980306244450365
bimodal_blc,45048,SF_k109,109,0.957600953042881,3.062935865866567,0.9997977261891967
bimodal_blc,45048,SF_k110,110,0.9731335699937322,3.89831486688277,0.9999993064793766
bimodal_blc,45049,SF_k106,106,0.9187206599719125,2.792105738618785,0.9990963831211648
bimodal_blc,45049,SF_k107,107,0.9310223909852352,2.738603599689843,0.9988089039240582
bimodal_blc,45049,SF_k108,108,0.9438729148535301,3.3780063203845834,0.9999712495924216
bimodal_blc,45049,SF_k109,109,0.957600953042881,3.3151730501589705,0.9999567975014946
bimodal_blc,45049,SF_k110,110,0.9731335699937322,3.5562598876728746,0.9999913836512009
bimodal_blc,45050,SF_k106,106,0.9187206599719125,2.713793964544211,0.9986490610512423
bimodal_blc,45050,SF_k107,107,0.9310223909852352,2.6605672452653204,0.9982381703379811
bimodal_blc,45050,SF_k108,108,0.9438729148535301,2.509900158614205,0.9963884104632573
bimodal_blc,45050,SF_k109,109,0.957600953042881,2.4321905249478255,0.9948709154696435
bimodal_blc,45050,SF_k110,110,0.9731335699937322,2.2121904762013567,0.9871005173568057
bimodal_blc,45051,SF_k106,106,0.9187206599719125,2.622233732796612,0.9978751132698227
bimodal_blc,45051,SF_k107,107,0.9310223909852352,2.4494512973156675,0.9952499805152218
bimodal_blc,45051,SF_k108,108,0.9438729148535301,2.6225757656023507,0.9978786322116006
bimodal_blc,45051,SF_k109,109,0.957600953042881,2.835925085569328,0.9992827586354365
bimodal_blc,45051,SF_k110,110,0.9731335699937322,4.937200564683923,0.9999999999398776
bimodal_blc,45052,SF_k106,106,0.9187206599719125,2.6838003570768643,0.9984297843388371
bimodal_blc,45052,SF_k107,107,0.9310223909852352,2.654470069993059,0.9981844804969061
bimodal_blc,45052,SF_k108,108,0.9438729148535301,2.5935935647675454,0.9975609976399394
bimodal_blc,45052,SF_k109,109,0.957600953042881,2.432324164543033,0.9948739507933597
bimodal_blc,45052,SF_k110,110,0.9731335699937322,2.207805570638902,0.9868750437464885
bimodal_blc,45053,SF_k106,106,0.9187206599719125,2.8198269482574996,0.9992188458272467
bimodal_blc,45053,SF_k107,107,0.9310223909852352,2.7485198975402687,0.9988678040895735
bimodal_blc,45053,SF_k108,108,0.9438729148535301,2.9392970720672906,0.9995911166156618
bimodal_blc,45053,SF_k109,109,0.957600953042881,2.8329924921135032,0.9992714868627495
bimodal_blc,45053,SF_k110,110,0.9731335699937322,3.694990844484539,0.9999967948907809
bimodal_blc,45054,SF_k106,106,0.9187206599719125,3.013496196714371,0.9997308669693323
bimodal_blc,45054,SF_k107,107,0.9310223909852352,2.860347570940743,0.9993705765171563
bimodal_blc,45054,SF_k108,108,0.9438729148535301,2.714220336066462,0.9986519659233353
bimodal_blc,45054,SF_k109,109,0.957600953042881,2.6271913308035884,0.9979256049548019
bimodal_blc,45054,SF_k110,110,0.9731335699937322,2.373473098315529,0.9933722045810865
bimodal_blc,45055,SF_k106,106,0.9187206599719125,3.1458931482997263,0.9998762886145073
bimodal_blc,45055,SF_k107,107,0.9310223909852352,3.1144433814474866,0.999850665133251
bimodal_blc,45055,SF_k108,108,0.9438729148535301,2.97728070010947,0.9996694067783615
bimodal_blc,45055,SF_k109,109,0.957600953042881,3.2374941106098647,0.9999294152569573
bimodal_blc,45055,SF_k110,110,0.9731335699937322,3.944318068670524,0.999999516058154
bimodal_blc,45056,SF_k106,106,0.9187206599719125,3.270467204385173,0.9999425955021946
bimodal_blc,45056,SF_k107,107,0.9310223909852352,3.0517140210452074,0.9997840751345078
bimodal_blc,45056,SF_k108,108,0.9438729148535301,3.0060981793653307,0.9997192503491348
bimodal_blc,45056,SF_k109,109,0.957600953042881,2.808311836042761,0.999169958629409
bimodal_blc,45056,SF_k110,110,0.9731335699937322,2.889984438178989,0.9994637966931242
bimodal_blc,45057,SF_k106,106,0.9187206599719125,3.3152755518169696,0.9999568258740187
bimodal_blc,45057,SF_k107,107,0.9310223909852352,3.077312647683148,0.9998140393068938
bimodal_blc,45057,SF_k108,108,0.9438729148535301,3.1359769739072845,0.9998686918223784
bimodal_blc,45057,SF_k109,109,0.957600953042881,3.4412619039438077,0.9999810942248449
bimodal_blc,45057,SF_k110,110,0.9731335699937322,3.2856525128714393,0.9999478515371507
bimodal_blc,45058,SF_k106,106,0.9187206599719125,3.1036414649181125,0.9998407738729905
bimodal_blc,45058,SF_k107,107,0.9310223909852352,3.1467890908896923,0.9998769543163819
bimodal_blc,45058,SF_k108,108,0.9438729148535301,3.533127826025698,0.9999898832380829
bimodal_blc,45058,SF_k109,109,0.957600953042881,3.322358253070281,0.9999587443241692
bimodal_blc,45058,SF_k110,110,0.9731335699937322,3.079230390626658,0.9998161200075247
bimodal_blc,45059,SF_k106,106,0.9187206599719125,2.9143482189966066,0.9995306898464371
bimodal_blc,45059,SF_k107,107,0.9310223909852352,2.94270658351429,0.9995987901185366
bimodal_blc,45059,SF_k108,108,0.9438729148535301,2.907418829871903,0.9995124963927321
bimodal_blc,45059,SF_k109,109,0.957600953042881,3.0785456053177853,0.9998153795423197
bimodal_blc,45059,SF_k110,110,0.9731335699937322,2.9247820641108397,0.9995569019899156
bimodal_blc,45060,SF_k106,106,0.9187206599719125,2.5233899773270605,0.9966063269768008
bimodal_blc,45060,SF_k107,107,0.9310223909852352,2.350914836553538,0.9927007394328026
bimodal_blc,45060,SF_k108,108,0.9438729148535301,2.2557665445261716,0.9891652516404738
bimodal_blc,45060,SF_k109,109,0.957600953042881,2.1486248046229024,0.9834828944555385
bimodal_blc,45060,SF_k110,110,0.9731335699937322,2.168511005591107,0.9846980816105558
bimodal_blc,45061,SF_k106,106,0.9187206599719125,2.8738797855682665,0.9994148548210219
bimodal_blc,45061,SF_k107,107,0.9310223909852352,2.7571009089182956,0.9989166084072192
bimodal_blc,45061,SF_k108,108,0.9438729148535301,2.787050777244876,0.999072236778058
bimodal_blc,45061,SF_k109,109,0.957600953042881,2.9861773165016943,0.9996856094870789
bimodal_blc,45061,SF_k110,110,0.9731335699937322,2.8670344565019987,0.9993928289573718
bimodal_blc,45062,SF_k106,106,0.9187206599719125,3.2431083463344494,0.9999318441242462
bimodal_blc,45062,SF_k107,107,0.9310223909852352,3.1715193481564947,0.9998940571207144
bimodal_blc,45062,SF_k108,108,0.9438729148535301,3.0192400166690185,0.9997395758660338
bimodal_blc,45062,SF_k109,109,0.957600953042881,2.834581166593666,0.9992776132083387
bimodal_blc,45062,SF_k110,110,0.9731335699937322,2.9972031429157133,0.999704665707807
bimodal_blc,45063,SF_k106,106,0.9187206599719125,3.0295231191375183,0.9997545152625995
bimodal_blc,45063,SF_k107,107,0.9310223909852352,2.8256615376076177,0.9992425922634824
bimodal_blc,45063,SF_k108,108,0.9438729148535301,2.8439056381865875,0.9993126246290611
bimodal_blc,45063,SF_k109,109,0.957600953042881,2.8391544654757714,0.9992949851889453
bimodal_blc,45063,SF_k110,110,0.9731335699937322,2.740779902119804,0.9988220655554505
bimodal_blc,45064,SF_k106,106,0.9187206599719125,3.3852274979698804,0.9999725801923215
bimodal_blc,45064,SF_k107,107,0.9310223909852352,3.3066107946256587,0.9999543643211299
bimodal_blc,45064,SF_k108,108,0.9438729148535301,3.1869310537244067,0.9999035591862526
bimodal_blc,45064,SF_k109,109,0.957600953042881,3.0530104710306856,0.9997856950283086
bimodal_blc,45064,SF_k110,110,0.9731335699937322,3.9097433026228696,0.9999993654865238
bimodal_blc,45065,SF_k106,106,0.9187206599719125,2.8871537924672213,0.9994554781172944
bimodal_blc,45065,SF_k107,107,0.9310223909852352,2.671219048188507,0.9983285150101732
bimodal_blc,45065,SF_k108,108,0.9438729148535301,2.8305484457708996,0.9992619685204372
bimodal_blc,45065,SF_k109,109,0.957600953042881,2.987543867788815,0.9996880318712676
bimodal_blc,45065,SF_k110,110,0.9731335699937322,2.849416056684979,0.9993325731422521
bimodal_blc,45066,SF_k106,106,0.9187206599719125,2.57394336866511,0.9973218175183616
bimodal_blc,45066,SF_k107,107,0.9310223909852352,2.4282681878833374,0.9947811135247567
bimodal_blc,45066,SF_k108,108,0.9438729148535301,2.5090664725081253,0.9963745401489434
bimodal_blc,45066,SF_k109,109,0.957600953042881,2.6231755811428665,0.9978847905567649
bimodal_blc,45066,SF_k110,110,0.9731335699937322,2.5382726905051185,0.996832985300398
bimodal_blc,45067,SF_k106,106,0.9187206599719125,2.7941771454038187,0.9991061100046627
bimodal_blc,45067,SF_k107,107,0.9310223909852352,2.6956515287650444,0.9985200330815877
bimodal_blc,45067,SF_k108,108,0.9438729148535301,2.503839512651619,0.996286483859728
bimodal_blc,45067,SF_k109,109,0.957600953042881,2.4980485825427117,0.9961866929585623
bimodal_blc,45067,SF_k110,110,0.9731335699937322,2.4636291796940615,0.9955424527661433
bimodal_blc,45068,SF_k106,106,0.9187206599719125,3.2812615289186224,0.9999463802982123
bimodal_blc,45068,SF_k107,107,0.9310223909852352,3.39991368474082,0.9999751086160635
bimodal_blc,45068,SF_k108,108,0.9438729148535301,3.619206358254493,0.999994468153681
bimodal_blc,45068,SF_k109,109,0.957600953042881,3.433984132547468,0.9999801507370728
bimodal_blc,45068,SF_k110,110,0.9731335699937322,3.191958395596377,0.9999064815625123
bimodal_blc,45069,SF_k106,106,0.9187206599719125,3.2204076325099824,0.999921512448777
bimodal_blc,45069,SF_k107,107,0.9310223909852352,2.9944780176465615,0.9997000583976517
bimodal_blc,45069,SF_k108,108,0.9438729148535301,2.9242729106542256,0.9995556550158692
bimodal_blc,45069,SF_k109,109,0.957600953042881,2.9817997851043456,0.9996777315637742
bimodal_blc,45069,SF_k110,110,0.9731335699937322,2.7557808431146014,0.9989092281666887
bimodal_blc,45070,SF_k106,106,0.9187206599719125,2.7720182030426606,0.9989968878188428
bimodal_blc,45070,SF_k107,107,0.9310223909852352,2.616005424672597,0.9978101025727187
bimodal_blc,45070,SF_k108,108,0.9438729148535301,2.5115024360227993,0.996414934561344
bimodal_blc,45070,SF_k109,109,0.957600953042881,2.8645175555848765,0.9993845398936338
bimodal_blc,45070,SF_k110,110,0.9731335699937322,3.397841321468575,0.9999747657196054
bimodal_blc,45071,SF_k106,106,0.9187206599719125,2.839974555524561,0.9992980593650539
bimodal_blc,45071,SF_k107,107,0.9310223909852352,2.6589295816872154,0.998223893175162
bimodal_blc,45071,SF_k108,108,0.9438729148535301,2.9702979677524426,0.9996561499740424
bimodal_blc,45071,SF_k109,109,0.957600953042881,2.822425751056678,0.9992295061445126
bimodal_blc,45071,SF_k110,110,0.9731335699937322,3.42897339819283,0.9999794753799318
bimodal_blc,45072,SF_k106,106,0.9187206599719125,2.847910587089919,0.9993271767758752
bimodal_blc,45072,SF_k107,107,0.9310223909852352,2.6174179078199673,0.997825001914291
bimodal_blc,45072,SF_k108,108,0.9438729148535301,2.4660592706263986,0.9955909367739927
bimodal_blc,45072,SF_k109,109,0.957600953042881,2.5223966627598036,0.9965906929808298
bimodal_blc,45072,SF_k110,110,0.9731335699937322,2.7510108317977933,0.9988821745353795
bimodal_blc,45073,SF_k106,106,0.9187206599719125,3.251336898276777,0.9999352622577622
bimodal_blc,45073,SF_k107,107,0.9310223909852352,3.088190193658468,0.9998255562002378
bimodal_blc,45073,SF_k108,108,0.9438729148535301,3.4809738343460923,0.9999855372855198
bimodal_blc,45073,SF_k109,109,0.957600953042881,3.3883616703226975,0.9999731393773376
bimodal_blc,45073,SF_k110,110,0.9731335699937322,3.452062654664577,0.999982416376869
bimodal_blc,45074,SF_k106,106,0.9187206599719125,2.532760664947754,0.9967506765094769
bimodal_blc,45074,SF_k107,107,0.9310223909852352,2.3887288877226815,0.9937948024104135
bimodal_blc,45074,SF_k108,108,0.9438729148535301,2.1845022864916626,0.9856188224214145
bimodal_blc,45074,SF_k109,109,0.957600953042881,2.4453843015693737,0.9951629857391615
bimodal_blc,45074,SF_k110,110,0.9731335699937322,3.6240142448878916,0.9999946542868352
bimodal_blc,45075,SF_k106,106,0.9187206599719125,2.983883056901112,0.9996815032747134
bimodal_blc,45075,SF_k107,107,0.9310223909852352,2.7726948029104848,0.9990003963091959
bimodal_blc,45075,SF_k108,108,0.9438729148535301,2.7673031817358336,0.9989721230183941
bimodal_blc,45075,SF_k109,109,0.957600953042881,2.8900608445063614,0.9994640195961836
bimodal_blc,45075,SF_k110,110,0.9731335699937322,5.122887650351059,0.9999999999914024
bimodal_blc,45076,SF_k106,106,0.9187206599719125,2.9083501932073887,0.999514979123513
bimodal_blc,45076,SF_k107,107,0.9310223909852352,2.825660788351153,0.9992425892571697
bimodal_blc,45076,SF_k108,108,0.9438729148535301,3.385044859241275,0.9999725472693014
bimodal_blc,45076,SF_k109,109,0.957600953042881,3.353253883062337,0.9999662099009462
bimodal_blc,45076,SF_k110,110,0.9731335699937322,3.895604703683531,0.9999992917316078
bimodal_blc,45077,SF_k106,106,0.9187206599719125,2.8349446386121397,0.9992790081669968
bimodal_blc,45077,SF_k107,107,0.9310223909852352,2.7227585978441664,0.9987089497150108
bimodal_blc,45077,SF_k108,108,0.9438729148535301,2.579362867789011,0.9973898115784181
bimodal_blc,45077,SF_k109,109,0.957600953042881,2.5373183510618813,0.9968188701291354
bimodal_blc,45077,SF_k110,110,0.9731335699937322,2.7283482951868874,0.9987450539879577
bimodal_blc,45078,SF_k106,106,0.9187206599719125,3.3141496772408643,0.9999565132644743
bimodal_blc,45078,SF_k107,107,0.9310223909852352,3.16638684073007,0.999890702410231
bimodal_blc,45078,SF_k108,108,0.9438729148535301,3.0634201266379786,0.9997982967470452
bimodal_blc,45078,SF_k109,109,0.957600953042881,2.9198748509014454,0.9995447476065965
bimodal_blc,45078,SF_k110,110,0.9731335699937322,2.756164187850933,0.9989113761048328
bimodal_blc,45079,SF_k106,106,0.9187206599719125,3.1998768156301725,0.9999109164140729
bimodal_blc,45079,SF_k107,107,0.9310223909852352,3.051223891020931,0.9997834597553048
bimodal_blc,45079,SF_k108,108,0.9438729148535301,2.865177924803874,0.9993867247723784
bimodal_blc,45079,SF_k109,109,0.957600953042881,2.776962328899593,0.9990222674076207
bimodal_blc,45079,SF_k110,110,0.9731335699937322,2.785760810227834,0.999065980786738
bimodal_blc,45080,SF_k106,106,0.9187206599719125,2.8117800725755355,0.9991849710714537
bimodal_blc,45080,SF_k107,107,0.9310223909852352,2.8841572716999155,0.9994465422709943
bimodal_blc,45080,SF_k108,108,0.9438729148535301,2.956764830968006,0.9996290409465987
bimodal_blc,45080,SF_k109,109,0.957600953042881,3.51253458256275,0.9999883412027291
bimodal_blc,45080,SF_k110,110,0.9731335699937322,3.717934172386741,0.9999972902145998
bimodal_blc,45081,SF_k106,106,0.9187206599719125,3.1031318505443726,0.9998402924157005
bimodal_blc,45081,SF_k107,107,0.9310223909852352,3.2609815301612506,0.9999390630945508
bimodal_blc,45081,SF_k108,108,0.9438729148535301,3.174800128907855,0.9998961506320392
bimodal_blc,45081,SF_k109,109,0.957600953042881,3.7365797627514885,0.9999976379448523
bimodal_blc,45081,SF_k110,110,0.9731335699937322,3.862575670081159,0.9999990859582769
bimodal_blc,45082,SF_k106,106,0.9187206599719125,2.9846372320995402,0.9996828585468289
bimodal_blc,45082,SF_k107,107,0.9310223909852352,2.801970237835938,0.9991418496629662
bimodal_blc,45082,SF_k108,108,0.9438729148535301,2.6303002441447734,0.9979567109374258
bimodal_blc,45082,SF_k109,109,0.957600953042881,3.2455620311286744,0.9999328807582294
bimodal_blc,45082,SF_k110,110,0.9731335699937322,3.1563721082832634,0.9998838677614774
bimodal_blc,45083,SF_k106,106,0.9187206599719125,3.108590239961311,0.9998453791478853
bimodal_blc,45083,SF_k107,107,0.9310223909852352,2.906422041282333,0.9995098262370714
bimodal_blc,45083,SF_k108,108,0.9438729148535301,3.062156443390446,0.9997968047066841
bimodal_blc,45083,SF_k109,109,0.957600953042881,2.911890180625196,0.9995243093090631
bimodal_blc,45083,SF_k110,110,0.9731335699937322,3.03055408444047,0.9997559681798739
bimodal_blc,45084,SF_k106,106,0.9187206599719125,2.9991000910048173,0.9997078338905215
bimodal_blc,45084,SF_k107,107,0.9310223909852352,2.794984665021885,0.9991098758272047
bimodal_blc,45084,SF_k108,108,0.9438729148535301,2.7466527731038504,0.9988569218100815
bimodal_blc,45084,SF_k109,109,0.957600953042881,3.5744914729664967,0.9999924143303914
bimodal_blc,45084,SF_k110,110,0.9731335699937322,3.9669253637490023,0.9999995952328963
bimodal_blc,45085,SF_k106,106,0.9187206599719125,2.6832598034111386,0.9984255508551396
bimodal_blc,45085,SF_k107,107,0.9310223909852352,2.6551824668872217,0.9981908294422627
bimodal_blc,45085,SF_k108,108,0.9438729148535301,2.5050701846585994,0.9963073872014314
bimodal_blc,45085,SF_k109,109,0.957600953042881,2.3150295034743222,0.9915088430930777
bimodal_blc,45085,SF_k110,110,0.9731335699937322,2.3092930788448314,0.9913032722546792
bimodal_blc,45086,SF_k106,106,0.9187206599719125,2.5829120197279365,0.9974334915428876
bimodal_blc,45086,SF_k107,107,0.9310223909852352,2.531901890962265,0.9967376811336528
bimodal_blc,45086,SF_k108,108,0.9438729148535301,2.397261113213787,0.9940206028860452
bimodal_blc,45086,SF_k109,109,0.957600953042881,2.935029871529382,0.999581321125201
bimodal_blc,45086,SF_k110,110,0.9731335699937322,2.696260704351273,0.9985245416895365
bimodal_blc,45087,SF_k106,106,0.9187206599719125,3.1340595593267624,0.9998671733668156
bimodal_blc,45087,SF_k107,107,0.9310223909852352,2.9640495404721547,0.9996438704473026
bimodal_blc,45087,SF_k108,108,0.9438729148535301,2.761014022449887,0.9989382179992329
bimodal_blc,45087,SF_k109,109,0.957600953042881,2.568058244049561,0.997246175458338
bimodal_blc,45087,SF_k110,110,0.9731335699937322,2.6916068897700636,0.9984897781493283
bimodal_blc,45088,SF_k106,106,0.9187206599719125,3.128559759550011,0.9998627261783607
bimodal_blc,45088,SF_k107,107,0.9310223909852352,3.1061480551673415,0.9998431222761287
bimodal_blc,45088,SF_k108,108,0.9438729148535301,3.0135350071846227,0.9997309267135996
bimodal_blc,45088,SF_k109,109,0.957600953042881,2.856495200716039,0.9993574175980039
bimodal_blc,45088,SF_k110,110,0.9731335699937322,2.765651941195953,0.9989633185375005
bimodal_blc,45089,SF_k106,106,0.9187206599719125,3.0459439363084395,0.9997767260141177
bimodal_blc,45089,SF_k107,107,0.9310223909852352,3.1026630997143343,0.9998398483624629
bimodal_blc,45089,SF_k108,108,0.9438729148535301,3.113566090552965,0.999849883770561
bimodal_blc,45089,SF_k109,109,0.957600953042881,3.518566634889197,0.9999888146148127
bimodal_blc,45089,SF_k110,110,0.9731335699937322,3.4162758672459312,0.9999776650962838
bimodal_blc,45090,SF_k106,106,0.9187206599719125,2.4158140299227657,0.994486641111275
bimodal_blc,45090,SF_k107,107,0.9310223909852352,2.3015444211675793,0.9910186744719575
bimodal_blc,45090,SF_k108,108,0.9438729148535301,2.283095663275494,0.9903080506602229
bimodal_blc,45090,SF_k109,109,0.957600953042881,2.48961867593373,0.9960371327017666
bimodal_blc,45090,SF_k110,110,0.9731335699937322,2.566395314276855,0.9972244553905288
bimodal_blc,45091,SF_k106,106,0.9187206599719125,3.038743517591333,0.9997672279883241
bimodal_blc,45091,SF_k107,107,0.9310223909852352,3.093166536210733,0.9998305997042132
bimodal_blc,45091,SF_k108,108,0.9438729148535301,2.976644355755191,0.9996682186266642
bimodal_blc,45091,SF_k109,109,0.957600953042881,2.927897316025328,0.9995644612862289
bimodal_blc,45091,SF_k110,110,0.9731335699937322,3.5609150328783703,0.9999916588155664
bimodal_blc,45092,SF_k106,106,0.9187206599719125,2.465531837458683,0.9955804538572345
bimodal_blc,45092,SF_k107,107,0.9310223909852352,2.680741714711226,0.998405692483408
bimodal_blc,45092,SF_k108,108,0.9438729148535301,2.6113486220559126,0.9977603241093689
bimodal_blc,45092,SF_k109,109,0.957600953042881,2.741371147067515,0.9988256181768471
bimodal_blc,45092,SF_k110,110,0.9731335699937322,2.704092182581112,0.9985813990508013
bimodal_blc,45093,SF_k106,106,0.9187206599719125,3.621674086135677,0.9999945644486703
bimodal_blc,45093,SF_k107,107,0.9310223909852352,3.3654396254094903,0.9999687871662268
bimodal_blc,45093,SF_k108,108,0.9438729148535301,3.3275445469778564,0.9999600977444271
bimodal_blc,45093,SF_k109,109,0.957600953042881,3.4734121289956152,0.9999847761064359
bimodal_blc,45093,SF_k110,110,0.9731335699937322,3.5477870061807795,0.9999908604971481
bimodal_blc,45094,SF_k106,106,0.9187206599719125,2.7865751006888253,0.9990699343651217
bimodal_blc,45094,SF_k107,107,0.9310223909852352,3.0246538802400718,0.9997475435907565
bimodal_blc,45094,SF_k108,108,0.9438729148535301,2.872044705080264,0.9994090236945461
bimodal_blc,45094,SF_k109,109,0.957600953042881,2.867659555405828,0.9993948716022111
bimodal_blc,45094,SF_k110,110,0.9731335699937322,2.6623359445192643,0.9982534726298407
bimodal_blc,45095,SF_k106,106,0.9187206599719125,3.2460187041333866,0.9999330720480696
bimodal_blc,45095,SF_k107,107,0.9310223909852352,3.220705299722406,0.9999216569776102
bimodal_blc,45095,SF_k108,108,0.9438729148535301,3.027342802575561,0.9997514160067841
bimodal_blc,45095,SF_k109,109,0.957600953042881,3.4525554195193546,0.9999824745542752
bimodal_blc,45095,SF_k110,110,0.9731335699937322,3.845093500899456,0.9999989549329839
bimodal_blc,45096,SF_k106,106,0.9187206599719125,3.0497268102370936,0.9997815699626184
bimodal_blc,45096,SF_k107,107,0.9310223909852352,2.9373636782553465,0.9995867050704144
bimodal_blc,45096,SF_k108,108,0.9438729148535301,2.7703159398686883,0.9989880107866834
bimodal_blc,45096,SF_k109,109,0.957600953042881,2.861785070780849,0.9993754227182556
bimodal_blc,45096,SF_k110,110,0.9731335699937322,2.788546272443149,0.999079441375735
bimodal_blc,45097,SF_k106,106,0.9187206599719125,3.0995224398903174,0.9998368432650308
bimodal_blc,45097,SF_k107,107,0.9310223909852352,2.926374078924572,0.9995607801350106
bimodal_blc,45097,SF_k108,108,0.9438729148535301,3.065034487876015,0.9998001879621441
bimodal_blc,45097,SF_k109,109,0.957600953042881,2.8496628073611534,0.9993334538071549
bimodal_blc,45097,SF_k110,110,0.9731335699937322,2.6594658693644235,0.9982285800723651
bimodal_blc,45098,SF_k106,106,0.9187206599719125,3.172174391720067,0.999894478250838
bimodal_blc,45098,SF_k107,107,0.9310223909852352,3.010138819472872,0.9997256516843869
bimodal_blc,45098,SF_k108,108,0.9438729148535301,2.9539828568647977,0.9996232280151148
bimodal_blc,45098,SF_k109,109,0.957600953042881,3.3622900812087972,0.9999681394651999
bimodal_blc,45098,SF_k110,110,0.9731335699937322,3.46761235045156,0.9999841666709729
bimodal_blc,45099,SF_k106,106,0.9187206599719125,2.847672155055594,0.9993263184351957
bimodal_blc,45099,SF_k107,107,0.9310223909852352,2.6544268562092372,0.9981840947213602
bimodal_blc,45099,SF_k108,108,0.9438729148535301,2.7548796022654978,0.9989041630828815
bimodal_blc,45099,SF_k109,109,0.957600953042881,2.69329428311073,0.9985024681523668
bimodal_blc,45099,SF_k110,110,0.9731335699937322,2.418332626378282,0.9945473549651974
bimodal_blc,45100,SF_k106,106,0.9187206599719125,2.3267397577319344,0.9919153065200894
bimodal_blc,45100,SF_k107,107,0.9310223909852352,2.406580848872817,0.9942588999305461
bimodal_blc,45100,SF_k108,108,0.9438729148535301,2.334855875367709,0.9921868968292751
bimodal_blc,45100,SF_k109,109,0.957600953042881,2.1278107322435327,0.9821235147476661
bimodal_blc,45100,SF_k110,110,0.9731335699937322,1.9683417772121823,0.9682044688369814
bimodal_blc,45101,SF_k106,106,0.9187206599719125,2.9289400593195247,0.9995669647459166
bimodal_blc,45101,SF_k107,107,0.9310223909852352,2.8142456544419767,0.9991954912156262
bimodal_blc,45101,SF_k108,108,0.9438729148535301,2.9790380585829204,0.9996726675350377
bimodal_blc,45101,SF_k109,109,0.957600953042881,2.7925891229019095,0.9990986616436834
bimodal_blc,45101,SF_k110,110,0.9731335699937322,2.801388273051823,0.9991392267900636
bimodal_blc,45102,SF_k106,106,0.9187206599719125,2.9356640624467594,0.9995827905588398
bimodal_blc,45102,SF_k107,107,0.9310223909852352,2.90536337191334,0.9995069755075936
bimodal_blc,45102,SF_k108,108,0.9438729148535301,2.748925626902833,0.9988701562508916
bimodal_blc,45102,SF_k109,109,0.957600953042881,2.9113813562654487,0.9995229785226738
bimodal_blc,45102,SF_k110,110,0.9731335699937322,2.673091363120219,0.9983439526386296
bimodal_blc,45103,SF_k106,106,0.9187206599719125,2.9392648199452864,0.9995910433833383
bimodal_blc,45103,SF_k107,107,0.9310223909852352,2.7269794415733757,0.99873629879826
bimodal_blc,45103,SF_k108,108,0.9438729148535301,2.623770403145584,0.9978908816308979
bimodal_blc,45103,SF_k109,109,0.957600953042881,3.0591444723196024,0.9997932068171735
bimodal_blc,45103,SF_k110,110,0.9731335699937322,3.189255267793747,0.999904920741755
bimodal_blc,45104,SF_k106,106,0.9187206599719125,2.6517321958113578,0.9981598914865973
bimodal_blc,45104,SF_k107,107,0.9310223909852352,2.704869064485104,0.9985869289172511
bimodal_blc,45104,SF_k108,108,0.9438729148535301,2.683070984329608,0.9984240696226354
bimodal_blc,45104,SF_k109,109,0.957600953042881,2.5425863008474074,0.9968960858297771
bimodal_blc,45104,SF_k110,110,0.9731335699937322,2.416929613041198,0.9945136072565929
bimodal_blc,45105,SF_k106,106,0.9187206599719125,3.0664078662122867,0.9998017838245123
bimodal_blc,45105,SF_k107,107,0.9310223909852352,3.01599543038054,0.9997346891527685
bimodal_blc,45105,SF_k108,108,0.9438729148535301,2.8184576380408757,0.9992131744820131
bimodal_blc,45105,SF_k109,109,0.957600953042881,2.6344353147935866,0.9979974286700309
bimodal_blc,45105,SF_k110,110,0.9731335699937322,2.5281020219691652,0.9966796174526741
bimodal_blc,45106,SF_k106,106,0.9187206599719125,2.6764820640264113,0.9983715798522251
bimodal_blc,45106,SF_k107,107,0.9310223909852352,2.621946060070969,0.9978721495079229
bimodal_blc,45106,SF_k108,108,0.9438729148535301,2.601851751231271,0.9976556210851467
bimodal_blc,45106,SF_k109,109,0.957600953042881,2.4140141556722043,0.9944428860297451
bimodal_blc,45106,SF_k110,110,0.9731335699937322,3.1783725494053563,0.9998983860627827
bimodal_blc,45107,SF_k106,106,0.9187206599719125,2.81857495900872,0.9992136618759154
bimodal_blc,45107,SF_k107,107,0.9310223909852352,2.890783204566219,0.9994661227367289
bimodal_blc,45107,SF_k108,108,0.9438729148535301,2.786492206773736,0.999069532598311
bimodal_blc,45107,SF_k109,109,0.957600953042881,2.6373011583307986,0.9980252151354315
bimodal_blc,45107,SF_k110,110,0.9731335699937322,3.0111376373161143,0.9997272129744893
bimodal_blc,45108,SF_k106,106,0.9187206599719125,3.2715596862928313,0.999942989710913
bimodal_blc,45108,SF_k107,107,0.9310223909852352,3.037262049551871,0.999765227653481
bimodal_blc,45108,SF_k108,108,0.9438729148535301,2.8469298015831317,0.9993236395417678
bimodal_blc,45108,SF_k109,109,0.957600953042881,3.1650289471376576,0.9998897983385564
bimodal_blc,45108,SF_k110,110,0.9731335699937322,3.1524842536339954,0.9998811080601365
bimodal_blc,45109,SF_k106,106,0.9187206599719125,2.4461472022792607,0.9951794118312041
bimodal_blc,45109,SF_k107,107,0.9310223909852352,2.4994876792274456,0.996211713593345
bimodal_blc,45109,SF_k108,108,0.9438729148535301,2.5695455124660063,0.997265471200771
bimodal_blc,45109,SF_k109,109,0.957600953042881,2.5488651562148004,0.9969859141122839
bimodal_blc,45109,SF_k110,110,0.9731335699937322,2.352130529372924,0.9927383978162425
bimodal_blc,45110,SF_k106,106,0.9187206599719125,2.8163675892204703,0.9992044449595188
bimodal_blc,45110,SF_k107,107,0.9310223909852352,2.617960467382233,0.9978307005646355
bimodal_blc,45110,SF_k108,108,0.9438729148535301,2.51784629302023,0.9965182440542717
bimodal_blc,45110,SF_k109,109,0.957600953042881,2.314654030609305,0.9914955191223224
bimodal_blc,45110,SF_k110,110,0.9731335699937322,1.9818858318892048,0.9696597749468652
bimodal_blc,45111,SF_k106,106,0.9187206599719125,2.805692770155735,0.9991584538824796
bimodal_blc,45111,SF_k107,107,0.9310223909852352,2.7865432415957647,0.9990697799706233
bimodal_blc,45111,SF_k108,108,0.9438729148535301,2.735293178747674,0.9987886254233272
bimodal_blc,45111,SF_k109,109,0.957600953042881,3.0281472809390615,0.9997525637679097
bimodal_blc,45111,SF_k110,110,0.9731335699937322,3.903281621518662,0.9999993327442415
bimodal_blc,45112,SF_k106,106,0.9187206599719125,3.588196343099759,0.9999931106042356
bimodal_blc,45112,SF_k107,107,0.9310223909852352,3.3545750493773454,0.9999664987559375
bimodal_blc,45112,SF_k108,108,0.9438729148535301,3.4872040138194014,0.9999861371295986
bimodal_blc,45112,SF_k109,109,0.957600953042881,3.359238451039737,0.9999674997915912
bimodal_blc,45112,SF_k110,110,0.9731335699937322,3.1050063485945074,0.9998420566670971
bimodal_blc,45113,SF_k106,106,0.9187206599719125,3.4183123298263074,0.9999779652815106
bimodal_blc,45113,SF_k107,107,0.9310223909852352,3.177103029142345,0.9998975968884483
bimodal_blc,45113,SF_k108,108,0.9438729148535301,2.9918665425582955,0.9996955806035677
bimodal_blc,45113,SF_k109,109,0.957600953042881,2.8802703840002324,0.9994347494442225
bimodal_blc,45113,SF_k110,110,0.9731335699937322,2.631682134268385,0.9979704010668702
bimodal_blc,45114,SF_k106,106,0.9187206599719125,3.2415784682530413,0.9999311901735034
bimodal_blc,45114,SF_k107,107,0.9310223909852352,3.1568887499233815,0.999884229933373
bimodal_blc,45114,SF_k108,108,0.9438729148535301,3.2228039550765843,0.9999226688756948
bimodal_blc,45114,SF_k109,109,0.957600953042881,3.308236220377844,0.9999548359508765
bimodal_blc,45114,SF_k110,110,0.9731335699937322,3.7311355084424638,0.9999975410933346
bimodal_blc,45115,SF_k106,106,0.9187206599719125,3.3559261860554166,0.9999667917479386
bimodal_blc,45115,SF_k107,107,0.9310223909852352,3.516769870138361,0.9999886755461003
bimodal_blc,45115,SF_k108,108,0.9438729148535301,3.3345861929972456,0.9999618683311728
bimodal_blc,45115,SF_k109,109,0.957600953042881,3.2616884655380427,0.9999393332570894
bimodal_blc,45115,SF_k110,110,0.9731335699937322,3.4092095364298642,0.9999765931501146
bimodal_blc,45116,SF_k106,106,0.9187206599719125,3.1586976307885877,0.9998854896528417
bimodal_blc,45116,SF_k107,107,0.9310223909852352,3.0195292933733677,0.9997400074555887
bimodal_blc,45116,SF_k108,108,0.9438729148535301,2.955499066343116,0.9996264065276693
bimodal_blc,45116,SF_k109,109,0.957600953042881,2.878896440281709,0.999430525682466
bimodal_blc,45116,SF_k110,110,0.9731335699937322,3.3497052961274245,0.9999654223508271
bimodal_blc,45117,SF_k106,106,0.9187206599719125,2.6811485712020584,0.9984089164397086
bimodal_blc,45117,SF_k107,107,0.9310223909852352,2.5276653305615624,0.9966728854920768
bimodal_blc,45117,SF_k108,108,0.9438729148535301,2.458330941837462,0.9954350920082308
bimodal_blc,45117,SF_k109,109,0.957600953042881,2.5879755844837184,0.9974946674452714
bimodal_blc,45117,SF_k110,110,0.9731335699937322,2.5935399382245743,0.9975603720592401
bimodal_blc,45118,SF_k106,106,0.9187206599719125,3.0561466323160715,0.9997895668538315
bimodal_blc,45118,SF_k107,107,0.9310223909852352,2.8138130115804443,0.999193654295522
bimodal_blc,45118,SF_k108,108,0.9438729148535301,2.609117670837812,0.9977361155842089
bimodal_blc,45118,SF_k109,109,0.957600953042881,2.5806674322348244,0.9974059444468378
bimodal_blc,45118,SF_k110,110,0.9731335699937322,2.7382733839389846,0.9988068951662329
bimodal_blc,45119,SF_k106,106,0.9187206599719125,2.8746098709336185,0.999417159924916
bimodal_blc,45119,SF_k107,107,0.9310223909852352,2.812257576348642,0.9991870183073447
bimodal_blc,45119,SF_k108,108,0.9438729148535301,2.6253660044058087,0.9979071424234637
bimodal_blc,45119,SF_k109,109,0.957600953042881,2.457312741765549,0.9954141975177946
bimodal_blc,45119,SF_k110,110,0.9731335699937322,2.8182197374640428,0.9992121853034985
bimodal_blc,45120,SF_k106,106,0.9187206599719125,2.8890098696337563,0.999460946022618
bimodal_blc,45120,SF_k107,107,0.9310223909852352,2.847697802892933,0.9993264108142501
bimodal_blc,45120,SF_k108,108,0.9438729148535301,2.6542362603477847,0.9981823923564591
bimodal_blc,45120,SF_k109,109,0.957600953042881,2.6355223190216983,0.9980080094527899
bimodal_blc,45120,SF_k110,110,0.9731335699937322,3.577469393153129,0.9999925710984852
bimodal_blc,45121,SF_k106,106,0.9187206599719125,3.132336263506623,0.9998657946219952
bimodal_blc,45121,SF_k107,107,0.9310223909852352,3.0738691351685516,0.9998102478953254
bimodal_blc,45121,SF_k108,108,0.9438729148535301,3.0732610962689884,0.9998095709738037
bimodal_blc,45121,SF_k109,109,0.957600953042881,4.03717293544206,0.9999997694467493
bimodal_blc,45121,SF_k110,110,0.9731335699937322,4.351520049448946,0.9999999839042261
bimodal_blc,45122,SF_k106,106,0.9187206599719125,2.9812743691589296,0.9996767737797749
bimodal_blc,45122,SF_k107,107,0.9310223909852352,2.8803248388650533,0.9994349162511291
bimodal_blc,45122,SF_k108,108,0.9438729148535301,2.933726710956611,0.9995782866107661
bimodal_blc,45122,SF_k109,109,0.957600953042881,3.0557780876088296,0.9997891152655886
bimodal_blc,45122,SF_k110,110,0.9731335699937322,2.8058587039943546,0.9991591871043515
bimodal_blc,45123,SF_k106,106,0.9187206599719125,2.7952767429425913,0.9991112343245783
bimodal_blc,45123,SF_k107,107,0.9310223909852352,2.686675345300448,0.9984521268489285
bimodal_blc,45123,SF_k108,108,0.9438729148535301,2.5532875663265595,0.9970477715912813
bimodal_blc,45123,SF_k109,109,0.957600953042881,2.5368852902100953,0.9968124463006512
bimodal_blc,45123,SF_k110,110,0.9731335699937322,2.664534352370254,0.9982723241753977
bimodal_blc,45124,SF_k106,106,0.9187206599719125,2.7100940063288586,0.9986236122384925
bimodal_blc,45124,SF_k107,107,0.9310223909852352,2.623503647414373,0.9978881519771746
bimodal_blc,45124,SF_k108,108,0.9438729148535301,2.5576574280948017,0.9971077689180416
bimodal_blc,45124,SF_k109,109,0.957600953042881,2.389854507516959,0.9938250170276979
bimodal_blc,45124,SF_k110,110,0.9731335699937322,3.658929343435444,0.9999958374756442
bimodal_blc,45125,SF_k106,106,0.9187206599719125,3.3434446444770396,0.9999639904261369
bimodal_blc,45125,SF_k107,107,0.9310223909852352,3.173796623436781,0.9998955144385818
bimodal_blc,45125,SF_k108,108,0.9438729148535301,3.116193164947688,0.9998522122338576
bimodal_blc,45125,SF_k109,109,0.957600953042881,2.9208129437773276,0.9995470947131443
bimodal_blc,45125,SF_k110,110,0.9731335699937322,3.4557214997780763,0.9999828440178076
bimodal_blc,45126,SF_k106,106,0.9187206599719125,3.0463732675860955,0.9997772807666224
bimodal_blc,45126,SF_k107,107,0.9310223909852352,2.986449242253468,0.9996860928984956
bimodal_blc,45126,SF_k108,108,0.9438729148535301,3.048909481928548,0.9997805317541841
bimodal_blc,45126,SF_k109,109,0.957600953042881,2.8880133473305447,0.9994580166602968
bimodal_blc,45126,SF_k110,110,0.9731335699937322,4.098794276256363,0.9999998606268281
bimodal_blc,45127,SF_k106,106,0.9187206599719125,2.624734513252547,0.997900720523079
bimodal_blc,45127,SF_k107,107,0.9310223909852352,2.44409972526079,0.9951352147416022
bimodal_blc,45127,SF_k108,108,0.9438729148535301,2.2548730382882862,0.9891259887412494
bimodal_blc,45127,SF_k109,109,0.957600953042881,2.3922271619323445,0.9938882792109148
bimodal_blc,45127,SF_k110,110,0.9731335699937322,2.5806911605878287,0.997406237047694
bimodal_blc,45128,SF_k106,106,0.9187206599719125,2.7893688431791572,0.9990833822108741
bimodal_blc,45128,SF_k107,107,0.9310223909852352,2.6160020649440803,0.997810067023273
bimodal_blc,45128,SF_k108,108,0.9438729148535301,2.624243013771021,0.9978957099044511
bimodal_blc,45128,SF_k109,109,0.957600953042881,2.8047542097269886,0.9991542955357787
bimodal_blc,45128,SF_k110,110,0.9731335699937322,3.595044705673409,0.9999934352830345
bimodal_blc,45129,SF_k106,106,0.9187206599719125,3.112664566664808,0.9998490768407109
bimodal_blc,45129,SF_k107,107,0.9310223909852352,2.9854056113595235,0.9996842338307249
bimodal_blc,45129,SF_k108,108,0.9438729148535301,2.793931975502486,0.9991049637767504
bimodal_blc,45129,SF_k109,109,0.957600953042881,2.732463321438475,0.9987710409597199
bimodal_blc,45129,SF_k110,110,0.9731335699937322,2.6263957510872946,0.997917576173681
bimodal_blc,45130,SF_k106,106,0.9187206599719125,3.0717503709419796,0.9998078793300856
bimodal_blc,45130,SF_k107,107,0.9310223909852352,2.981635747649378,0.9996774328223833
bimodal_blc,45130,SF_k108,108,0.9438729148535301,2.8048990116355426,0.9991549383185145
bimodal_blc,45130,SF_k109,109,0.957600953042881,2.780346523611913,0.999039298447578
bimodal_blc,45130,SF_k110,110,0.9731335699937322,2.512275646268717,0.9964276716847523
bimodal_blc,45131,SF_k106,106,0.9187206599719125,2.8203749274107084,0.9992211048677184
bimodal_blc,45131,SF_k107,107,0.9310223909852352,2.737341694986115,0.9988012108316694
bimodal_blc,45131,SF_k108,108,0.9438729148535301,2.54039622606915,0.9968641916167663
bimodal_blc,45131,SF_k109,109,0.957600953042881,2.8837614368472764,0.9994453517855084
bimodal_blc,45131,SF_k110,110,0.9731335699937322,3.006553220047114,0.9997199781241359
bimodal_blc,45132,SF_k106,106,0.9187206599719125,2.8806088951466946,0.9994357856394652
bimodal_blc,45132,SF_k107,107,0.9310223909852352,2.676494107030488,0.9983716772257474
bimodal_blc,45132,SF_k108,108,0.9438729148535301,2.5114593320157073,0.9964142233103371
bimodal_blc,45132,SF_k109,109,0.957600953042881,2.495816046841961,0.9961475843667692
bimodal_blc,45132,SF_k110,110,0.9731335699937322,2.5179758533005208,0.9965203258140153
bimodal_blc,45133,SF_k106,106,0.9187206599719125,2.913612463835547,0.9995287883401185
bimodal_blc,45133,SF_k107,107,0.9310223909852352,2.946978035622833,0.9996082151130866
bimodal_blc,45133,SF_k108,108,0.9438729148535301,2.7859128253078116,0.9990667200258148
bimodal_blc,45133,SF_k109,109,0.957600953042881,2.656447934664506,0.9982020576816533
bimodal_blc,45133,SF_k110,110,0.9731335699937322,2.434827681389298,0.9949305180585776
bimodal_blc,45134,SF_k106,106,0.9187206599719125,2.7637431421384813,0.9989530546521361
bimodal_blc,45134,SF_k107,107,0.9310223909852352,2.5792110939811805,0.997387928802066
bimodal_blc,45134,SF_k108,108,0.9438729148535301,2.789495732631976,0.9990839887420575
bimodal_blc,45134,SF_k109,109,0.957600953042881,2.6335990255856405,0.9979892536541787
bimodal_blc,45134,SF_k110,110,0.9731335699937322,2.38130181863608,0.9935921404096174
bimodal_blc,45135,SF_k106,106,0.9187206599719125,3.4352858664073467,0.9999803227080195
bimodal_blc,45135,SF_k107,107,0.9310223909852352,3.2179884308670443,0.9999203285006115
bimodal_blc,45135,SF_k108,108,0.9438729148535301,3.0087965631713494,0.9997235404534265
bimodal_blc,45135,SF_k109,109,0.957600953042881,2.9944919650796975,0.9997000821474917
bimodal_blc,45135,SF_k110,110,0.9731335699937322,3.347089208129076,0.9999648306766176
bimodal_blc,45136,SF_k106,106,0.9187206599719125,3.3318498475570366,0.9999611892946538
bimodal_blc,45136,SF_k107,107,0.9310223909852352,3.1467744322821742,0.9998769434518305
bimodal_blc,45136,SF_k108,108,0.9438729148535301,2.97954620668931,0.9996736048134867
bimodal_blc,45136,SF_k109,109,0.957600953042881,2.768576562964426,0.9989788658767339
bimodal_blc,45136,SF_k110,110,0.9731335699937322,3.358421430076899,0.9999673264801925
bimodal_blc,45137,SF_k106,106,0.9187206599719125,3.5854486599783435,0.9999929760828721
bimodal_blc,45137,SF_k107,107,0.9310223909852352,3.4518326456004575,0.9999823891585741
bimodal_blc,45137,SF_k108,108,0.9438729148535301,3.2745981075327455,0.9999440727172351
bimodal_blc,45137,SF_k109,109,0.957600953042881,3.0762835179692205,0.9998129136823081
bimodal_blc,45137,SF_k110,110,0.9731335699937322,3.135442415844055,0.9998682701332371
bimodal_blc,45138,SF_k106,106,0.9187206599719125,2.7535715782455092,0.998896773509029
bimodal_blc,45138,SF_k107,107,0.9310223909852352,2.6519860419708876,0.9981621839514723
bimodal_blc,45138,SF_k108,108,0.9438729148535301,2.5728383355897115,0.9973077589884842
bimodal_blc,45138,SF_k109,109,0.957600953042881,2.476233805651115,0.9957888621141364
bimodal_blc,45138,SF_k110,110,0.9731335699937322,2.277357110226024,0.9900772210845584
bimodal_blc,45139,SF_k106,106,0.9187206599719125,3.138568022622955,0.9998707179285898
bimodal_blc,45139,SF_k107,107,0.9310223909852352,2.973264979643825,0.9996618420759834
bimodal_blc,45139,SF_k108,108,0.9438729148535301,3.0769998078519474,0.9998136978049847
bimodal_blc,45139,SF_k109,109,0.957600953042881,2.9306916747785623,0.9995711401122169
bimodal_blc,45139,SF_k110,110,0.9731335699937322,4.339026570122845,0.9999999820275466
bimodal_blc,45140,SF_k106,106,0.9187206599719125,2.812310095709174,0.9991872431884921
bimodal_blc,45140,SF_k107,107,0.9310223909852352,2.67483571988548,0.9983582183690973
bimodal_blc,45140,SF_k108,108,0.9438729148535301,2.642134725873259,0.9980712886651373
bimodal_blc,45140,SF_k109,109,0.957600953042881,2.9069819326832165,0.9995113277115026
bimodal_blc,45140,SF_k110,110,0.9731335699937322,2.8715728441345023,0.9994075156707847
bimodal_blc,45141,SF_k106,106,0.9187206599719125,3.195836149420766,0.9999086786556028
bimodal_blc,45141,SF_k107,107,0.9310223909852352,3.1204457212624725,0.999855909909775
bimodal_blc,45141,SF_k108,108,0.9438729148535301,3.1329240544119563,0.9998662663906922
bimodal_blc,45141,SF_k109,109,0.957600953042881,3.0419960105152293,0.9997715640352342
bimodal_blc,45141,SF_k110,110,0.9731335699937322,4.5391646222459965,0.9999999970633106
bimodal_blc,45142,SF_k106,106,0.9187206599719125,2.918972348463359,0.9995424789235073
bimodal_blc,45142,SF_k107,107,0.9310223909852352,2.720338528404829,0.9986930259849479
bimodal_blc,45142,SF_k108,108,0.9438729148535301,2.689484949515682,0.99847368107379
bimodal_blc,45142,SF_k109,109,0.957600953042881,2.5256577682612327,0.9966417792623296
bimodal_blc,45142,SF_k110,110,0.9731335699937322,2.5288122790137804,0.9966905405251465
bimodal_blc,45143,SF_k106,106,0.9187206599719125,3.7973482957354974,0.9999984987811772
bimodal_blc,45143,SF_k107,107,0.9310223909852352,3.5388081718190736,0.9999902731676779
bimodal_blc,45143,SF_k108,108,0.9438729148535301,4.108929873587875,0.9999998718110445
bimodal_blc,45143,SF_k109,109,0.957600953042881,4.067957505136102,0.9999998205035223
bimodal_blc,45143,SF_k110,110,0.9731335699937322,3.861364979764537,0.9999990774177763
bimodal_blc,45144,SF_k106,106,0.9187206599719125,2.539494270254255,0.9968509709083444
bimodal_blc,45144,SF_k107,107,0.9310223909852352,2.473333199601492,0.9957332617979585
bimodal_blc,45144,SF_k108,108,0.9438729148535301,2.6595505800843275,0.9982293193745223
bimodal_blc,45144,SF_k109,109,0.957600953042881,2.469399059512562,0.9956568025453142
bimodal_blc,45144,SF_k110,110,0.9731335699937322,2.479656686608526,0.9958536402668489
bimodal_blc,45145,SF_k106,106,0.9187206599719125,3.06796754751416,0.9998035817396711
bimodal_blc,45145,SF_k107,107,0.9310223909852352,2.9552669479519316,0.9996259215434234
bimodal_blc,45145,SF_k108,108,0.9438729148535301,3.0416435405191327,0.9997710978054952
bimodal_blc,45145,SF_k109,109,0.957600953042881,3.274385821404758,0.9999439976850653
bimodal_blc,45145,SF_k110,110,0.9731335699937322,4.091564955912111,0.9999998520802016
bimodal_blc,45146,SF_k106,106,0.9187206599719125,2.800995548638838,0.999137452649838
bimodal_blc,45146,SF_k107,107,0.9310223909852352,2.9339588952619073,0.9995788287582889
bimodal_blc,45146,SF_k108,108,0.9438729148535301,2.803038158013571,0.9991466436098159
bimodal_blc,45146,SF_k109,109,0.957600953042881,3.2830716700737677,0.9999469914809124
bimodal_blc,45146,SF_k110,110,0.9731335699937322,3.4306271224910714,0.9999797006448381
bimodal_blc,45147,SF_k106,106,0.9187206599719125,2.9342398925689923,0.999579484019811
bimodal_blc,45147,SF_k107,107,0.9310223909852352,2.9049045331733816,0.9995057352134132
bimodal_blc,45147,SF_k108,108,0.9438729148535301,2.7084090598081287,0.9986118786012861
bimodal_blc,45147,SF_k109,109,0.957600953042881,3.4069603736327645,0.999976241854084
bimodal_blc,45147,SF_k110,110,0.9731335699937322,4.853096480136456,0.9999999998588454
bimodal_blc,45148,SF_k106,106,0.9187206599719125,2.7779456527416304,0.9990272443300934
bimodal_blc,45148,SF_k107,107,0.9310223909852352,2.721102012151551,0.998698068868312
bimodal_blc,45148,SF_k108,108,0.9438729148535301,2.5474750582559027,0.9969662308523202
bimodal_blc,45148,SF_k109,109,0.957600953042881,2.441817849371494,0.9950855330440257
bimodal_blc,45148,SF_k110,110,0.9731335699937322,2.3576472090898797,0.9929071449950946
bimodal_blc,45149,SF_k106,106,0.9187206599719125,3.0223562192518276,0.9997441902044223
bimodal_blc,45149,SF_k107,107,0.9310223909852352,3.013328328657108,0.9997306084134782
bimodal_blc,45149,SF_k108,108,0.9438729148535301,3.0269690367691187,0.999750881063989
bimodal_blc,45149,SF_k109,109,0.957600953042881,3.2308227197397223,0.9999264231565295
bimodal_blc,45149,SF_k110,110,0.9731335699937322,3.39165649621921,0.999973715576839
gamma2_skew,42000,SF_k106,106,0.9187206599719125,3.0281597180123385,0.9863906088839696
gamma2_skew,42000,SF_k107,107,0.9310223909852352,2.806357552682097,0.982178460330407
gamma2_skew,42000,SF_k108,108,0.9438729148535301,2.813161888770347,0.98232475765377
gamma2_skew,42000,SF_k109,109,0.957600953042881,2.803031550897761,0.9821065217093568
gamma2_skew,42000,SF_k110,110,0.9731335699937322,2.7619834752680594,0.9811951205318412
gamma2_skew,42001,SF_k106,106,0.9187206599719125,3.500348613593326,0.9923804525804945
gamma2_skew,42001,SF_k107,107,0.9310223909852352,3.528692576585606,0.9926429296596335
gamma2_skew,42001,SF_k108,108,0.9438729148535301,3.633586298501023,0.9935394486280071
gamma2_skew,42001,SF_k109,109,0.957600953042881,3.9819793434427173,0.9958138174450798
gamma2_skew,42001,SF_k110,110,0.9731335699937322,4.297461474373111,0.99718199575422
gamma2_skew,42002,SF_k106,106,0.9187206599719125,3.4120926345449885,0.9915030609265174
gamma2_skew,42002,SF_k107,107,0.9310223909852352,4.528453545923655,0.9978941666057313
gamma2_skew,42002,SF_k108,108,0.9438729148535301,4.588094798998387,0.9980471403916465
gamma2_skew,42002,SF_k109,109,0.957600953042881,4.491199711827283,0.9977926821065927
gamma2_skew,42002,SF_k110,110,0.9731335699937322,6.044111985655392,0.999696819396309
gamma2_skew,42003,SF_k106,106,0.9187206599719125,3.3409371145952114,0.9907243522071567
gamma2_skew,42003,SF_k107,107,0.9310223909852352,3.1434955152201884,0.9881799050048272
gamma2_skew,42003,SF_k108,108,0.9438729148535301,3.495935532758393,0.9923387688753116
gamma2_skew,42003,SF_k109,109,0.957600953042881,3.4161795543549918,0.9915457901117712
gamma2_skew,42003,SF_k110,110,0.9731335699937322,4.130747305564728,0.9965253900090626
gamma2_skew,42004,SF_k106,106,0.9187206599719125,3.1256272678400174,0.987918553891289
gamma2_skew,42004,SF_k107,107,0.9310223909852352,2.9739524434381512,0.9854609490940972
gamma2_skew,42004,SF_k108,108,0.9438729148535301,2.835547395684113,0.9827978681208088
gamma2_skew,42004,SF_k109,109,0.957600953042881,2.668989024879484,0.9789604628700003
gamma2_skew,42004,SF_k110,110,0.9731335699937322,2.658287340455506,0.9786873385929479
gamma2_skew,42005,SF_k106,106,0.9187206599719125,3.0124349943880415,0.9861270642957086
gamma2_skew,42005,SF_k107,107,0.9310223909852352,2.808303864737371,0.982220426962874
gamma2_skew,42005,SF_k108,108,0.9438729148535301,2.992483117139376,0.9857855066243846
gamma2_skew,42005,SF_k109,109,0.957600953042881,3.439448523300983,0.9917850923923939
gamma2_skew,42005,SF_k110,110,0.9731335699937322,3.5800824853211735,0.9930964213712915
gamma2_skew,42006,SF_k106,106,0.9187206599719125,3.0943599310981407,0.987447590821758
gamma2_skew,42006,SF_k107,107,0.9310223909852352,2.9169560755954134,0.984416789735397
gamma2_skew,42006,SF_k108,108,0.9438729148535301,3.915432395058404,0.9954508631351574
gamma2_skew,42006,SF_k109,109,0.957600953042881,3.766551552109449,0.9945232316753212
gamma2_skew,42006,SF_k110,110,0.9731335699937322,3.860413811075236,0.9951275844533154
gamma2_skew,42007,SF_k106,106,0.9187206599719125,3.5054643103545393,0.9924284949247711
gamma2_skew,42007,SF_k107,107,0.9310223909852352,3.3020267929535794,0.990269444626338
gamma2_skew,42007,SF_k108,108,0.9438729148535301,3.2071592539794755,0.9890669894946745
gamma2_skew,42007,SF_k109,109,0.957600953042881,3.702050232975373,0.9940658817324021
gamma2_skew,42007,SF_k110,110,0.9731335699937322,4.225432859182428,0.9969148268308815
gamma2_skew,42008,SF_k106,106,0.9187206599719125,2.6704140679772763,0.9789965751367524
gamma2_skew,42008,SF_k107,107,0.9310223909852352,2.5026264002129768,0.9743041554932936
gamma2_skew,42008,SF_k108,108,0.9438729148535301,2.6270534667882948,0.9778703922042767
gamma2_skew,42008,SF_k109,109,0.957600953042881,2.48987092543644,0.9739085970458471
gamma2_skew,42008,SF_k110,110,0.9731335699937322,5.214769051908678,0.9991198494687067
gamma2_skew,42009,SF_k106,106,0.9187206599719125,2.9375761245308425,0.9848027081585691
gamma2_skew,42009,SF_k107,107,0.9310223909852352,3.242966522959664,0.9895370015723404
gamma2_skew,42009,SF_k108,108,0.9438729148535301,3.103917778398325,0.9875934244176944
gamma2_skew,42009,SF_k109,109,0.957600953042881,3.5270238630927615,0.9926277251011528
gamma2_skew,42009,SF_k110,110,0.9731335699937322,3.2232022687195534,0.9892800688587206
gamma2_skew,42010,SF_k106,106,0.9187206599719125,3.2262463582379595,0.9893200393482067
gamma2_skew,42010,SF_k107,107,0.9310223909852352,3.002757494043287,0.9859624052281349
gamma2_skew,42010,SF_k108,108,0.9438729148535301,3.117003164796077,0.9877904036863001
gamma2_skew,42010,SF_k109,109,0.957600953042881,2.950792567735867,0.9850451527388778
gamma2_skew,42010,SF_k110,110,0.9731335699937322,3.258194098201757,0.9897308453870772
gamma2_skew,42011,SF_k106,106,0.9187206599719125,2.87328644390073,0.9835677330386066
gamma2_skew,42011,SF_k107,107,0.9310223909852352,3.2654324069672045,0.9898217527798752
gamma2_skew,42011,SF_k108,108,0.9438729148535301,3.4540627762830334,0.9919319849798257
gamma2_skew,42011,SF_k109,109,0.957600953042881,3.823309659440394,0.9948969378186266
gamma2_skew,42011,SF_k110,110,0.9731335699937322,3.7216043673630295,0.9942083514350967
gamma2_skew,42012,SF_k106,106,0.9187206599719125,3.100467432154708,0.9875409706873669
gamma2_skew,42012,SF_k107,107,0.9310223909852352,2.960769732822613,0.9852256766191884
gamma2_skew,42012,SF_k108,108,0.9438729148535301,2.7586831007879846,0.9811199135521588
gamma2_skew,42012,SF_k109,109,0.957600953042881,2.6453917674403917,0.9783536524400862
gamma2_skew,42012,SF_k110,110,0.9731335699937322,2.432980288829706,0.9720715152078817
gamma2_skew,42013,SF_k106,106,0.9187206599719125,3.186773380607775,0.9887902547939036
gamma2_skew,42013,SF_k107,107,0.9310223909852352,3.1340054297727766,0.9880417922770025
gamma2_skew,42013,SF_k108,108,0.9438729148535301,3.2141250789456146,0.9891600111940317
gamma2_skew,42013,SF_k109,109,0.957600953042881,3.2160322819421188,0.9891853449202018
gamma2_skew,42013,SF_k110,110,0.9731335699937322,6.689361588446535,0.9998686503163718
gamma2_skew,42014,SF_k106,106,0.9187206599719125,2.552249900376993,0.9757885483145966
gamma2_skew,42014,SF_k107,107,0.9310223909852352,2.6820704717023722,0.9792897132495136
gamma2_skew,42014,SF_k108,108,0.9438729148535301,2.476482229368989,0.9734870683347074
gamma2_skew,42014,SF_k109,109,0.957600953042881,2.265908426646949,0.9659255372990628
gamma2_skew,42014,SF_k110,110,0.9731335699937322,2.727003864836811,0.9803830077895358
gamma2_skew,42015,SF_k106,106,0.9187206599719125,3.238854318763478,0.98948404396673
gamma2_skew,42015,SF_k107,107,0.9310223909852352,3.176568310689016,0.9886491656010983
gamma2_skew,42015,SF_k108,108,0.9438729148535301,3.375942556223437,0.9911157909729355
gamma2_skew,42015,SF_k109,109,0.957600953042881,3.687681996193668,0.9939590105284849
gamma2_skew,42015,SF_k110,110,0.9731335699937322,4.2703931476378765,0.9970843774999021
gamma2_skew,42016,SF_k106,106,0.9187206599719125,2.766247380705997,0.9812918531684188
gamma2_skew,42016,SF_k107,107,0.9310223909852352,2.79480114365726,0.9819272895284705
gamma2_skew,42016,SF_k108,108,0.9438729148535301,2.75063963250183,0.9809353981159912
gamma2_skew,42016,SF_k109,109,0.957600953042881,3.155683987917152,0.9883550064409086
gamma2_skew,42016,SF_k110,110,0.9731335699937322,3.1166961672283193,0.9877858174827822
gamma2_skew,42017,SF_k106,106,0.9187206599719125,2.5680720765001155,0.9762441329031677
gamma2_skew,42017,SF_k107,107,0.9310223909852352,2.451701034248104,0.9726894210297239
gamma2_skew,42017,SF_k108,108,0.9438729148535301,2.82338320078314,0.9825423304538599
gamma2_skew,42017,SF_k109,109,0.957600953042881,3.5756390248464416,0.9930583169845906
gamma2_skew,42017,SF_k110,110,0.9731335699937322,4.686991279237281,0.9982770009628994
gamma2_skew,42018,SF_k106,106,0.9187206599719125,2.9982577185938797,0.9858851961357189
gamma2_skew,42018,SF_k107,107,0.9310223909852352,2.9855109843318646,0.9856642292614394
gamma2_skew,42018,SF_k108,108,0.9438729148535301,3.0548950312199863,0.986827529928011
gamma2_skew,42018,SF_k109,109,0.957600953042881,2.915871777360896,0.984396234496665
gamma2_skew,42018,SF_k110,110,0.9731335699937322,3.967253093333367,0.9957360347092193
gamma2_skew,42019,SF_k106,106,0.9187206599719125,3.149062324453197,0.988260195125331
gamma2_skew,42019,SF_k107,107,0.9310223909852352,2.97136534597709,0.9854150667016338
gamma2_skew,42019,SF_k108,108,0.9438729148535301,3.1780399516826434,0.9886696180926696
gamma2_skew,42019,SF_k109,109,0.957600953042881,4.081387953463725,0.9963035951284802
gamma2_skew,42019,SF_k110,110,0.9731335699937322,4.774895357841724,0.9984587713741051
gamma2_skew,42020,SF_k106,106,0.9187206599719125,2.401333169679832,0.9709961141752409
gamma2_skew,42020,SF_k107,107,0.9310223909852352,2.6780836731884046,0.9791899016914333
gamma2_skew,42020,SF_k108,108,0.9438729148535301,2.4795493974863088,0.9735842125066626
gamma2_skew,42020,SF_k109,109,0.957600953042881,2.700848121796653,0.9797536092828146
gamma2_skew,42020,SF_k110,110,0.9731335699937322,2.4229408388995672,0.9717346059199347
gamma2_skew,42021,SF_k106,106,0.9187206599719125,3.500540271632513,0.9923822578431291
gamma2_skew,42021,SF_k107,107,0.9310223909852352,3.4829326210760816,0.9922146474725191
gamma2_skew,42021,SF_k108,108,0.9438729148535301,3.3476273963779866,0.99080044574661
gamma2_skew,42021,SF_k109,109,0.957600953042881,3.4847231765241964,0.9922318556944262
gamma2_skew,42021,SF_k110,110,0.9731335699937322,3.607977871262671,0.9933309949651834
gamma2_skew,42022,SF_k106,106,0.9187206599719125,3.7243096936309814,0.9942277960771274
gamma2_skew,42022,SF_k107,107,0.9310223909852352,4.216032853481443,0.9968781704227093
gamma2_skew,42022,SF_k108,108,0.9438729148535301,4.703131677119652,0.998311892103784
gamma2_skew,42022,SF_k109,109,0.957600953042881,4.598223195950501,0.9980720071468864
gamma2_skew,42022,SF_k110,110,0.9731335699937322,4.426057110445194,0.997603514098607
gamma2_skew,42023,SF_k106,106,0.9187206599719125,2.730565873352628,0.9804672387828703
gamma2_skew,42023,SF_k107,107,0.9310223909852352,2.709216164628223,0.9799570761626838
gamma2_skew,42023,SF_k108,108,0.9438729148535301,2.7159444492532283,0.9801192320450028
gamma2_skew,42023,SF_k109,109,0.957600953042881,2.7006687229656534,0.9797492253709212
gamma2_skew,42023,SF_k110,110,0.9731335699937322,3.127140561572561,0.9879409049841842
gamma2_skew,42024,SF_k106,106,0.9187206599719125,3.112525064603112,0.9877233390361121
gamma2_skew,42024,SF_k107,107,0.9310223909852352,2.9821791660948977,0.9856059182873362
gamma2_skew,42024,SF_k108,108,0.9438729148535301,3.0652618471626014,0.9869932437292294
gamma2_skew,42024,SF_k109,109,0.957600953042881,3.0161222313912965,0.986189304806891
gamma2_skew,42024,SF_k110,110,0.9731335699937322,2.7846369746634956,0.9817035374242219
gamma2_skew,42025,SF_k106,106,0.9187206599719125,3.9998900134668327,0.9959065423179406
gamma2_skew,42025,SF_k107,107,0.9310223909852352,3.764821202461327,0.9945114266285705
gamma2_skew,42025,SF_k108,108,0.9438729148535301,3.8863363598745684,0.9952826176725846
gamma2_skew,42025,SF_k109,109,0.957600953042881,3.6782101730320442,0.9938875289037351
gamma2_skew,42025,SF_k110,110,0.9731335699937322,5.230856359597305,0.9991377609424611
gamma2_skew,42026,SF_k106,106,0.9187206599719125,2.642102735265449,0.9782677378415092
gamma2_skew,42026,SF_k107,107,0.9310223909852352,2.5552062922397116,0.9758743126343016
gamma2_skew,42026,SF_k108,108,0.9438729148535301,3.2715684321387055,0.9898982001128905
gamma2_skew,42026,SF_k109,109,0.957600953042881,3.116457187971186,0.9877822462340973
gamma2_skew,42026,SF_k110,110,0.9731335699937322,3.3221929944660125,0.9905078687465977
gamma2_skew,42027,SF_k106,106,0.9187206599719125,2.8690780273377405,0.9834835715050778
gamma2_skew,42027,SF_k107,107,0.9310223909852352,3.460501402597738,0.9919958828422518
gamma2_skew,42027,SF_k108,108,0.9438729148535301,4.145392409225757,0.9965886413668612
gamma2_skew,42027,SF_k109,109,0.957600953042881,4.500719844130481,0.9978190657649855
gamma2_skew,42027,SF_k110,110,0.9731335699937322,4.352822005900362,0.9973717319397113
gamma2_skew,42028,SF_k106,106,0.9187206599719125,3.2727293627324103,0.9899126006253752
gamma2_skew,42028,SF_k107,107,0.9310223909852352,3.6754611676407625,0.9938666279423223
gamma2_skew,42028,SF_k108,108,0.9438729148535301,3.482115242847318,0.992206779615356
gamma2_skew,42028,SF_k109,109,0.957600953042881,4.512313405615913,0.9978507761344052
gamma2_skew,42028,SF_k110,110,0.9731335699937322,4.254365274213018,0.9970250137048091
gamma2_skew,42029,SF_k106,106,0.9187206599719125,2.8027032349860574,0.9820994052268874
gamma2_skew,42029,SF_k107,107,0.9310223909852352,2.599134972719565,0.9771145302449299
gamma2_skew,42029,SF_k108,108,0.9438729148535301,2.6064568746132855,0.9773151485035694
gamma2_skew,42029,SF_k109,109,0.957600953042881,2.448256675216167,0.972576735580205
gamma2_skew,42029,SF_k110,110,0.9731335699937322,2.636515769373341,0.9781210392751208
gamma2_skew,42030,SF_k106,106,0.9187206599719125,3.5958821775661027,0.9932302568885096
gamma2_skew,42030,SF_k107,107,0.9310223909852352,3.788931720459554,0.994673689821635
gamma2_skew,42030,SF_k108,108,0.9438729148535301,3.6729250309917525,0.9938472832941295
gamma2_skew,42030,SF_k109,109,0.957600953042881,3.467365949839332,0.9920634619469239
gamma2_skew,42030,SF_k110,110,0.9731335699937322,3.208622113995164,0.98908658898519
gamma2_skew,42031,SF_k106,106,0.9187206599719125,3.0630963478879885,0.9869587969935679
gamma2_skew,42031,SF_k107,107,0.9310223909852352,3.012914175459829,0.9861351682924948
gamma2_skew,42031,SF_k108,108,0.9438729148535301,3.590768541084275,0.9931872211921736
gamma2_skew,42031,SF_k109,109,0.957600953042881,4.145272967549977,0.9965881301154689
gamma2_skew,42031,SF_k110,110,0.9731335699937322,3.9073778238595134,0.9954048874375082
gamma2_skew,42032,SF_k106,106,0.9187206599719125,3.168324946510803,0.9885339333121667
gamma2_skew,42032,SF_k107,107,0.9310223909852352,3.636688297395775,0.9935642611630299
gamma2_skew,42032,SF_k108,108,0.9438729148535301,3.652892532945852,0.9936923659362998
gamma2_skew,42032,SF_k109,109,0.957600953042881,3.5121266562668896,0.9924906175672465
gamma2_skew,42032,SF_k110,110,0.9731335699937322,3.4404447624327505,0.9917951885152593
gamma2_skew,42033,SF_k106,106,0.9187206599719125,2.2212529034967523,0.9640736871979169
gamma2_skew,42033,SF_k107,107,0.9310223909852352,2.0736364312308178,0.9572381161876328
gamma2_skew,42033,SF_k108,108,0.9438729148535301,2.0710082023647245,0.9571057707682022
gamma2_skew,42033,SF_k109,109,0.957600953042881,1.8422470242938496,0.9439556908622665
gamma2_skew,42033,SF_k110,110,0.9731335699937322,3.7342319693810553,0.9942985661401826
gamma2_skew,42034,SF_k106,106,0.9187206599719125,3.0267820416497835,0.9863677155870331
gamma2_skew,42034,SF_k107,107,0.9310223909852352,2.9889619656652493,0.9857243831129289
gamma2_skew,42034,SF_k108,108,0.9438729148535301,2.9397030883393,0.9848419822786346
gamma2_skew,42034,SF_k109,109,0.957600953042881,3.0341832855984436,0.986490265144852
gamma2_skew,42034,SF_k110,110,0.9731335699937322,5.004153308525857,0.9988485021264697
gamma2_skew,42035,SF_k106,106,0.9187206599719125,3.3524864535654495,0.9908553283684872
gamma2_skew,42035,SF_k107,107,0.9310223909852352,3.5422861563282395,0.9927656492022874
gamma2_skew,42035,SF_k108,108,0.9438729148535301,3.446187870926925,0.9918531541563461
gamma2_skew,42035,SF_k109,109,0.957600953042881,3.725119508476243,0.9942336041886567
gamma2_skew,42035,SF_k110,110,0.9731335699937322,5.007101087452764,0.9988528180979822
gamma2_skew,42036,SF_k106,106,0.9187206599719125,2.6358646097142207,0.9781038792472757
gamma2_skew,42036,SF_k107,107,0.9310223909852352,2.5340243117090804,0.9752532722525873
gamma2_skew,42036,SF_k108,108,0.9438729148535301,2.9240817231420855,0.9845512176859526
gamma2_skew,42036,SF_k109,109,0.957600953042881,3.4990266831946024,0.9923679896573433
gamma2_skew,42036,SF_k110,110,0.9731335699937322,5.394456774660271,0.9993006336976382
gamma2_skew,42037,SF_k106,106,0.9187206599719125,3.0570177870558504,0.9868616289709085
gamma2_skew,42037,SF_k107,107,0.9310223909852352,3.472840413849934,0.9921169554940514
gamma2_skew,42037,SF_k108,108,0.9438729148535301,3.7246382765664774,0.9942301534140137
gamma2_skew,42037,SF_k109,109,0.957600953042881,3.6122789026117097,0.9933664604644774
gamma2_skew,42037,SF_k110,110,0.9731335699937322,3.5468994204552122,0.9928068391092434
gamma2_skew,42038,SF_k106,106,0.9187206599719125,2.4229184881988495,0.9717338515006609
gamma2_skew,42038,SF_k107,107,0.9310223909852352,2.2234456530656446,0.9641668381616441
gamma2_skew,42038,SF_k108,108,0.9438729148535301,2.4770183562267287,0.9735040735665761
gamma2_skew,42038,SF_k109,109,0.957600953042881,3.7296674585215435,0.9942661163940637
gamma2_skew,42038,SF_k110,110,0.9731335699937322,6.0468575896963,0.9996978927762258
gamma2_skew,42039,SF_k106,106,0.9187206599719125,3.4235032274479553,0.991621834497039
gamma2_skew,42039,SF_k107,107,0.9310223909852352,3.1766772177171476,0.9886506803973834
gamma2_skew,42039,SF_k108,108,0.9438729148535301,3.3297247568964234,0.9905954434524163
gamma2_skew,42039,SF_k109,109,0.957600953042881,3.504408156475238,0.992418600773788
gamma2_skew,42039,SF_k110,110,0.9731335699937322,3.371322189641667,0.991065065829401
gamma2_skew,42040,SF_k106,106,0.9187206599719125,2.830349427845554,0.9826891206259435
gamma2_skew,42040,SF_k107,107,0.9310223909852352,2.828922100441412,0.9826591425065087
gamma2_skew,42040,SF_k108,108,0.9438729148535301,3.0537767403691065,0.9868095314960917
gamma2_skew,42040,SF_k109,109,0.957600953042881,2.9102650325967643,0.9842895246651713
gamma2_skew,42040,SF_k110,110,0.9731335699937322,3.5372046479049284,0.9927200110864494
gamma2_skew,42041,SF_k106,106,0.9187206599719125,3.6041858030956857,0.993299572162911
gamma2_skew,42041,SF_k107,107,0.9310223909852352,3.394371262268202,0.9913153244300644
gamma2_skew,42041,SF_k108,108,0.9438729148535301,3.2583269537412556,0.9897325210720817
gamma2_skew,42041,SF_k109,109,0.957600953042881,3.132558664323032,0.9880205990930075
gamma2_skew,42041,SF_k110,110,0.9731335699937322,3.9075097471098834,0.9954056441228999
gamma2_skew,42042,SF_k106,106,0.9187206599719125,3.926119819218495,0.9955111702082677
gamma2_skew,42042,SF_k107,107,0.9310223909852352,3.8369525960429662,0.9949829649405637
gamma2_skew,42042,SF_k108,108,0.9438729148535301,4.622563289342275,0.9981304960315069
gamma2_skew,42042,SF_k109,109,0.957600953042881,5.408556881581084,0.9993131551770496
gamma2_skew,42042,SF_k110,110,0.9731335699937322,8.133189847827275,0.9999801593197598
gamma2_skew,42043,SF_k106,106,0.9187206599719125,3.630319814262278,0.9935132190173832
gamma2_skew,42043,SF_k107,107,0.9310223909852352,3.4577342386327032,0.9919684820398271
gamma2_skew,42043,SF_k108,108,0.9438729148535301,3.3398019366380964,0.9907113800527549
gamma2_skew,42043,SF_k109,109,0.957600953042881,3.8451544159086017,0.9950339954401018
gamma2_skew,42043,SF_k110,110,0.9731335699937322,3.9466520376103906,0.9956248336513821
gamma2_skew,42044,SF_k106,106,0.9187206599719125,2.952594233010026,0.9850779096884935
gamma2_skew,42044,SF_k107,107,0.9310223909852352,2.7568796958534945,0.9810786952814988
gamma2_skew,42044,SF_k108,108,0.9438729148535301,2.7880502624682237,0.9817789754402841
gamma2_skew,42044,SF_k109,109,0.957600953042881,2.7889683355208867,0.9817992143937894
gamma2_skew,42044,SF_k110,110,0.9731335699937322,2.591219538690109,0.976895715641954
gamma2_skew,42045,SF_k106,106,0.9187206599719125,3.431138781376786,0.9917004044437403
gamma2_skew,42045,SF_k107,107,0.9310223909852352,3.27041025687552,0.9898838137607887
gamma2_skew,42045,SF_k108,108,0.9438729148535301,3.292551861287092,0.9901554110549856
gamma2_skew,42045,SF_k109,109,0.957600953042881,4.104784990843455,0.9964104126380481
gamma2_skew,42045,SF_k110,110,0.9731335699937322,5.907259040365061,0.9996382454672001
gamma2_skew,42046,SF_k106,106,0.9187206599719125,3.0548280710334406,0.986826452905571
gamma2_skew,42046,SF_k107,107,0.9310223909852352,3.3488515979306843,0.9908143032737705
gamma2_skew,42046,SF_k108,108,0.9438729148535301,3.2688982745540427,0.9898650024373551
gamma2_skew,42046,SF_k109,109,0.957600953042881,3.264495334814813,0.9898100283620578
gamma2_skew,42046,SF_k110,110,0.9731335699937322,3.436500267503709,0.9917551427787461
gamma2_skew,42047,SF_k106,106,0.9187206599719125,2.1859505081249,0.9625415430405824
gamma2_skew,42047,SF_k107,107,0.9310223909852352,2.0055475277368866,0.9536799417818433
gamma2_skew,42047,SF_k108,108,0.9438729148535301,2.256933757469395,0.9655608989286074
gamma2_skew,42047,SF_k109,109,0.957600953042881,2.4391161023786814,0.9722755102846327
gamma2_skew,42047,SF_k110,110,0.9731335699937322,3.5028812183136573,0.9924042738806128
gamma2_skew,42048,SF_k106,106,0.9187206599719125,3.8645798309950843,0.9951528330890451
gamma2_skew,42048,SF_k107,107,0.9310223909852352,3.7392844113599,0.994334274576202
gamma2_skew,42048,SF_k108,108,0.9438729148535301,3.837252083520156,0.9949848373317334
gamma2_skew,42048,SF_k109,109,0.957600953042881,3.741990322072447,0.9943533084369717
gamma2_skew,42048,SF_k110,110,0.9731335699937322,3.5435890036337634,0.9927773051373541
gamma2_skew,42049,SF_k106,106,0.9187206599719125,3.4482793487192698,0.9918741638777328
gamma2_skew,42049,SF_k107,107,0.9310223909852352,3.1860690404571517,0.9887805722679401
gamma2_skew,42049,SF_k108,108,0.9438729148535301,3.043050875304297,0.9866356808339808
gamma2_skew,42049,SF_k109,109,0.957600953042881,2.9078309011306835,0.9842429764896066
gamma2_skew,42049,SF_k110,110,0.9731335699937322,2.83274966617446,0.9827394191942792
gamma2_skew,42050,SF_k106,106,0.9187206599719125,3.1103679589751563,0.9876909058018513
gamma2_skew,42050,SF_k107,107,0.9310223909852352,3.1094117593756785,0.9876765021048106
gamma2_skew,42050,SF_k108,108,0.9438729148535301,2.895828236682489,0.9840114784275432
gamma2_skew,42050,SF_k109,109,0.957600953042881,2.6921119097135855,0.9795390520577502
gamma2_skew,42050,SF_k110,110,0.9731335699937322,3.9260787238159387,0.9955109398259656
gamma2_skew,42051,SF_k106,106,0.9187206599719125,3.5002889889673616,0.9923798908796411
gamma2_skew,42051,SF_k107,107,0.9310223909852352,3.5900057786643944,0.993180778946155
gamma2_skew,42051,SF_k108,108,0.9438729148535301,3.6270644308255817,0.9934869746867355
gamma2_skew,42051,SF_k109,109,0.957600953042881,4.040714598800376,0.996110414670928
gamma2_skew,42051,SF_k110,110,0.9731335699937322,4.738190232396293,0.9983852953251494
gamma2_skew,42052,SF_k106,106,0.9187206599719125,4.876907024744219,0.9986460886545355
gamma2_skew,42052,SF_k107,107,0.9310223909852352,5.179210759447462,0.9990789437132677
gamma2_skew,42052,SF_k108,108,0.9438729148535301,5.049163424560583,0.9989126901706867
gamma2_skew,42052,SF_k109,109,0.957600953042881,4.972620632731895,0.9988013183042816
gamma2_skew,42052,SF_k110,110,0.9731335699937322,6.078432159270538,0.9997099692586922
gamma2_skew,42053,SF_k106,106,0.9187206599719125,4.201724633084476,0.9968215495440539
gamma2_skew,42053,SF_k107,107,0.9310223909852352,4.694574331680519,0.9982934811818128
gamma2_skew,42053,SF_k108,108,0.9438729148535301,4.481955119150561,0.9977667610805417
gamma2_skew,42053,SF_k109,109,0.957600953042881,5.467314164679608,0.9993629896042266
gamma2_skew,42053,SF_k110,110,0.9731335699937322,5.530507061949337,0.9994125973381792
gamma2_skew,42054,SF_k106,106,0.9187206599719125,3.4191921461704307,0.9915771523866341
gamma2_skew,42054,SF_k107,107,0.9310223909852352,3.17786268009345,0.9886671563245155
gamma2_skew,42054,SF_k108,108,0.9438729148535301,3.031403844402156,0.9864443696793987
gamma2_skew,42054,SF_k109,109,0.957600953042881,2.8135579374698856,0.9823332368936468
gamma2_skew,42054,SF_k110,110,0.9731335699937322,5.164113233431312,0.9990610125346597
gamma2_skew,42055,SF_k106,106,0.9187206599719125,2.7608186322453725,0.9811686100656052
gamma2_skew,42055,SF_k107,107,0.9310223909852352,3.1163106650642045,0.9877800561271609
gamma2_skew,42055,SF_k108,108,0.9438729148535301,3.2240311032640303,0.9892909663431015
gamma2_skew,42055,SF_k109,109,0.957600953042881,3.307348619879409,0.990332927018619
gamma2_skew,42055,SF_k110,110,0.9731335699937322,3.9501902629183885,0.9956441330351872
gamma2_skew,42056,SF_k106,106,0.9187206599719125,3.06568640087828,0.9869999867228059
gamma2_skew,42056,SF_k107,107,0.9310223909852352,3.0747696413297247,0.9871434377993044
gamma2_skew,42056,SF_k108,108,0.9438729148535301,3.1369537524181426,0.9880848680790585
gamma2_skew,42056,SF_k109,109,0.957600953042881,2.99036725960212,0.985748808190502
gamma2_skew,42056,SF_k110,110,0.9731335699937322,3.5078684930437305,0.9924509704060797
gamma2_skew,42057,SF_k106,106,0.9187206599719125,2.736116296241301,0.9805977904622131
gamma2_skew,42057,SF_k107,107,0.9310223909852352,2.6591355634170473,0.9787091114993569
gamma2_skew,42057,SF_k108,108,0.9438729148535301,2.4675051746319268,0.973200755441276
gamma2_skew,42057,SF_k109,109,0.957600953042881,2.7177376247092138,0.9801622333285723
gamma2_skew,42057,SF_k110,110,0.9731335699937322,2.808360366191292,0.9822216438187408
gamma2_skew,42058,SF_k106,106,0.9187206599719125,2.8565457651605453,0.9832304555042399
gamma2_skew,42058,SF_k107,107,0.9310223909852352,3.2126237789580863,0.9891400283908485
gamma2_skew,42058,SF_k108,108,0.9438729148535301,3.2142390012844797,0.9891615260715845
gamma2_skew,42058,SF_k109,109,0.957600953042881,3.0546055382016006,0.9868228729550222
gamma2_skew,42058,SF_k110,110,0.9731335699937322,4.617884691200124,0.9981193909632555
gamma2_skew,42059,SF_k106,106,0.9187206599719125,2.8163759496933145,0.982393455324291
gamma2_skew,42059,SF_k107,107,0.9310223909852352,2.677382074863467,0.9791722885926852
gamma2_skew,42059,SF_k108,108,0.9438729148535301,3.2812736460931333,0.9900179709250186
gamma2_skew,42059,SF_k109,109,0.957600953042881,3.202703821499505,0.989007083310675
gamma2_skew,42059,SF_k110,110,0.9731335699937322,3.908237859138057,0.9954098182263391
gamma2_skew,42060,SF_k106,106,0.9187206599719125,2.599569513837921,0.9771264843966632
gamma2_skew,42060,SF_k107,107,0.9310223909852352,2.4667593685291385,0.9731768347722051
gamma2_skew,42060,SF_k108,108,0.9438729148535301,4.138053603940984,0.9965570883871832
gamma2_skew,42060,SF_k109,109,0.957600953042881,3.986877305993964,0.9958393776869477
gamma2_skew,42060,SF_k110,110,0.9731335699937322,3.9364436119263604,0.995568679266905
gamma2_skew,42061,SF_k106,106,0.9187206599719125,2.654488174752531,0.9785895531349724
gamma2_skew,42061,SF_k107,107,0.9310223909852352,2.7253713768968533,0.980344286522661
gamma2_skew,42061,SF_k108,108,0.9438729148535301,2.6824344809173097,0.979298803233999
gamma2_skew,42061,SF_k109,109,0.957600953042881,3.1492259100549083,0.9882625464525874
gamma2_skew,42061,SF_k110,110,0.9731335699937322,4.240452631325038,0.9969725207106467
gamma2_skew,42062,SF_k106,106,0.9187206599719125,2.906914083629047,0.9842254093071032
gamma2_skew,42062,SF_k107,107,0.9310223909852352,2.845986078117628,0.9830142546245665
gamma2_skew,42062,SF_k108,108,0.9438729148535301,2.6798855681230056,0.9792350707235398
gamma2_skew,42062,SF_k109,109,0.957600953042881,2.5447464802273236,0.9755695481927937
gamma2_skew,42062,SF_k110,110,0.9731335699937322,2.731331474850185,0.9804852970986009
gamma2_skew,42063,SF_k106,106,0.9187206599719125,2.626341759573723,0.9778514276317347
gamma2_skew,42063,SF_k107,107,0.9310223909852352,2.5543069511358114,0.9758482541134437
gamma2_skew,42063,SF_k108,108,0.9438729148535301,2.41119585441959,0.9713354769407883
gamma2_skew,42063,SF_k109,109,0.957600953042881,3.2103408323355165,0.9891095726431902
gamma2_skew,42063,SF_k110,110,0.9731335699937322,3.5155354495946494,0.9925222093252691
gamma2_skew,42064,SF_k106,106,0.9187206599719125,3.965022586245399,0.9957241301734612
gamma2_skew,42064,SF_k107,107,0.9310223909852352,3.716621707658333,0.9941723700546233
gamma2_skew,42064,SF_k108,108,0.9438729148535301,3.5641196881042503,0.9929585719693754
gamma2_skew,42064,SF_k109,109,0.957600953042881,3.355604691736099,0.9908903797743313
gamma2_skew,42064,SF_k110,110,0.9731335699937322,4.393692432865697,0.9975036775884468
gamma2_skew,42065,SF_k106,106,0.9187206599719125,2.6971477022597807,0.9796629966116244
gamma2_skew,42065,SF_k107,107,0.9310223909852352,2.5557971779104935,0.9758914187991118
gamma2_skew,42065,SF_k108,108,0.9438729148535301,2.432238813723811,0.9720467656649628
gamma2_skew,42065,SF_k109,109,0.957600953042881,2.3859637129440427,0.9704595238901332
gamma2_skew,42065,SF_k110,110,0.9731335699937322,2.5966318645445057,0.9770455522109531
gamma2_skew,42066,SF_k106,106,0.9187206599719125,3.3508304192544816,0.9908366596726983
gamma2_skew,42066,SF_k107,107,0.9310223909852352,3.261000122941815,0.9897661806001026
gamma2_skew,42066,SF_k108,108,0.9438729148535301,3.1108077156613043,0.987697524554693
gamma2_skew,42066,SF_k109,109,0.957600953042881,3.357310372602897,0.9909094973139567
gamma2_skew,42066,SF_k110,110,0.9731335699937322,3.94282350891545,0.9956038561482106
gamma2_skew,42067,SF_k106,106,0.9187206599719125,3.3268389168258947,0.9905619824340839
gamma2_skew,42067,SF_k107,107,0.9310223909852352,3.4975418260298943,0.9923539668841103
gamma2_skew,42067,SF_k108,108,0.9438729148535301,3.5315973685100803,0.9926693235633071
gamma2_skew,42067,SF_k109,109,0.957600953042881,3.443759853115315,0.9918286970581994
gamma2_skew,42067,SF_k110,110,0.9731335699937322,4.345800211014172,0.9973483814284293
gamma2_skew,42068,SF_k106,106,0.9187206599719125,2.8245559992825697,0.9825671277315967
gamma2_skew,42068,SF_k107,107,0.9310223909852352,2.677512947183685,0.979175575140804
gamma2_skew,42068,SF_k108,108,0.9438729148535301,2.6553470772238223,0.9786116981318083
gamma2_skew,42068,SF_k109,109,0.957600953042881,2.928339852381472,0.9846310093097335
gamma2_skew,42068,SF_k110,110,0.9731335699937322,3.2587169628129473,0.9897374386489713
gamma2_skew,42069,SF_k106,106,0.9187206599719125,2.616787532043657,0.9775953097019646
gamma2_skew,42069,SF_k107,107,0.9310223909852352,2.673818761792967,0.9790826108157077
gamma2_skew,42069,SF_k108,108,0.9438729148535301,2.5657768180136853,0.9761785617045797
gamma2_skew,42069,SF_k109,109,0.957600953042881,2.9306333452775295,0.9846738199026718
gamma2_skew,42069,SF_k110,110,0.9731335699937322,3.9056571640831743,0.9953950068582664
gamma2_skew,42070,SF_k106,106,0.9187206599719125,2.9037003161245565,0.9841636795203873
gamma2_skew,42070,SF_k107,107,0.9310223909852352,2.8869094632708294,0.9838373201175881
gamma2_skew,42070,SF_k108,108,0.9438729148535301,3.994928093313538,0.9958810581945075
gamma2_skew,42070,SF_k109,109,0.957600953042881,4.154423967312841,0.9966270820033015
gamma2_skew,42070,SF_k110,110,0.9731335699937322,4.291894459122718,0.9971621855632399
gamma2_skew,42071,SF_k106,106,0.9187206599719125,3.1225315018196533,0.9878727039512957
gamma2_skew,42071,SF_k107,107,0.9310223909852352,3.1106985711818367,0.9876958821513532
gamma2_skew,42071,SF_k108,108,0.9438729148535301,3.275091119111332,0.9899418346293233
gamma2_skew,42071,SF_k109,109,0.957600953042881,3.068151644406314,0.9870390737548311
gamma2_skew,42071,SF_k110,110,0.9731335699937322,3.6043319382822445,0.9933007857895806
gamma2_skew,42072,SF_k106,106,0.9187206599719125,3.6074452439927818,0.9933265901081323
gamma2_skew,42072,SF_k107,107,0.9310223909852352,3.42722236695948,0.9916601949963673
gamma2_skew,42072,SF_k108,108,0.9438729148535301,3.39756844489436,0.9913494921605254
gamma2_skew,42072,SF_k109,109,0.957600953042881,3.6741170906736715,0.9938563832953038
gamma2_skew,42072,SF_k110,110,0.9731335699937322,4.748716841437378,0.9984067138775818
gamma2_skew,42073,SF_k106,106,0.9187206599719125,3.308438398377635,0.9903458766100999
gamma2_skew,42073,SF_k107,107,0.9310223909852352,3.3561918422832706,0.9908969650840119
gamma2_skew,42073,SF_k108,108,0.9438729148535301,3.24303111290698,0.9895378312899393
gamma2_skew,42073,SF_k109,109,0.957600953042881,3.3790057695718225,0.9911492653544258
gamma2_skew,42073,SF_k110,110,0.9731335699937322,3.1898391809115414,0.9888323052238162
gamma2_skew,42074,SF_k106,106,0.9187206599719125,2.6244169906247388,0.9778000601457236
gamma2_skew,42074,SF_k107,107,0.9310223909852352,2.661750072533004,0.97877608729513
gamma2_skew,42074,SF_k108,108,0.9438729148535301,2.476696380769015,0.9734938621981509
gamma2_skew,42074,SF_k109,109,0.957600953042881,2.3211915858254843,0.9680909964137364
gamma2_skew,42074,SF_k110,110,0.9731335699937322,4.269669548289458,0.9970817227588459
gamma2_skew,42075,SF_k106,106,0.9187206599719125,3.184231154937899,0.9887552684856101
gamma2_skew,42075,SF_k107,107,0.9310223909852352,3.1781597937588812,0.9886712820421756
gamma2_skew,42075,SF_k108,108,0.9438729148535301,3.5247279591617326,0.9926067555525449
gamma2_skew,42075,SF_k109,109,0.957600953042881,5.168584259771816,0.9990663583896349
gamma2_skew,42075,SF_k110,110,0.9731335699937322,6.339896848895038,0.9997932295832498
gamma2_skew,42076,SF_k106,106,0.9187206599719125,3.5443806231162056,0.9927843783805341
gamma2_skew,42076,SF_k107,107,0.9310223909852352,3.303493217918919,0.9902869777072631
gamma2_skew,42076,SF_k108,108,0.9438729148535301,3.2307395031121042,0.9893787708069255
gamma2_skew,42076,SF_k109,109,0.957600953042881,3.244642032698608,0.9895585042627207
gamma2_skew,42076,SF_k110,110,0.9731335699937322,3.3638176706224283,0.9909820723814157
gamma2_skew,42077,SF_k106,106,0.9187206599719125,3.520006972285785,0.9925634528608586
gamma2_skew,42077,SF_k107,107,0.9310223909852352,3.5107180261167383,0.9924775246348816
gamma2_skew,42077,SF_k108,108,0.9438729148535301,3.303033526152155,0.9902814848002082
gamma2_skew,42077,SF_k109,109,0.957600953042881,6.3411075718917465,0.9997935537806093
gamma2_skew,42077,SF_k110,110,0.9731335699937322,6.567334877798073,0.9998460714901944
gamma2_skew,42078,SF_k106,106,0.9187206599719125,2.4330594813097495,0.9720741573053894
gamma2_skew,42078,SF_k107,107,0.9310223909852352,2.6312198303759073,0.97798109619809
gamma2_skew,42078,SF_k108,108,0.9438729148535301,2.5168151509227448,0.9747373454307375
gamma2_skew,42078,SF_k109,109,0.957600953042881,2.7334852399279166,0.9805360112643221
gamma2_skew,42078,SF_k110,110,0.9731335699937322,3.97105117304519,0.9957562306966078
gamma2_skew,42079,SF_k106,106,0.9187206599719125,2.439397797195587,0.9722848410344098
gamma2_skew,42079,SF_k107,107,0.9310223909852352,2.381402833169739,0.9702984554576115
gamma2_skew,42079,SF_k108,108,0.9438729148535301,2.4746937902895723,0.9734302650669967
gamma2_skew,42079,SF_k109,109,0.957600953042881,3.245302793644549,0.9895669722773297
gamma2_skew,42079,SF_k110,110,0.9731335699937322,3.9442470938691345,0.995611667856579
gamma2_skew,42080,SF_k106,106,0.9187206599719125,3.501980161307455,0.9923958070435835
gamma2_skew,42080,SF_k107,107,0.9310223909852352,3.6479737443664964,0.9936537463904191
gamma2_skew,42080,SF_k108,108,0.9438729148535301,3.4389067502634094,0.9917795968330102
gamma2_skew,42080,SF_k109,109,0.957600953042881,3.617654854756499,0.9934105296916143
gamma2_skew,42080,SF_k110,110,0.9731335699937322,3.7945285121237733,0.9947106774212113
gamma2_skew,42081,SF_k106,106,0.9187206599719125,3.6537728544987775,0.9936992533700313
gamma2_skew,42081,SF_k107,107,0.9310223909852352,3.61105430512326,0.9933563815309056
gamma2_skew,42081,SF_k108,108,0.9438729148535301,3.5720284700744123,0.9930272033842973
gamma2_skew,42081,SF_k109,109,0.957600953042881,3.5995151215262386,0.993260669271927
gamma2_skew,42081,SF_k110,110,0.9731335699937322,3.7112404210058125,0.9941332637401585
gamma2_skew,42082,SF_k106,106,0.9187206599719125,3.195379968399532,0.9889079121280121
gamma2_skew,42082,SF_k107,107,0.9310223909852352,3.081321071785768,0.9872459447402394
gamma2_skew,42082,SF_k108,108,0.9438729148535301,3.760925750039531,0.9944847590363821
gamma2_skew,42082,SF_k109,109,0.957600953042881,3.552254835306258,0.9928543672477551
gamma2_skew,42082,SF_k110,110,0.9731335699937322,5.2024831689954985,0.9991059231877741
gamma2_skew,42083,SF_k106,106,0.9187206599719125,2.587903678716908,0.9768034506649512
gamma2_skew,42083,SF_k107,107,0.9310223909852352,2.4019461035787626,0.9710173170597725
gamma2_skew,42083,SF_k108,108,0.9438729148535301,2.375611148817058,0.9700926988178922
gamma2_skew,42083,SF_k109,109,0.957600953042881,2.17005705304044,0.9618314260103693
gamma2_skew,42083,SF_k110,110,0.9731335699937322,5.70017453753203,0.9995276615862677
gamma2_skew,42084,SF_k106,106,0.9187206599719125,2.7378988859059206,0.9806395387775008
gamma2_skew,42084,SF_k107,107,0.9310223909852352,3.872017597919087,0.9951975914284971
gamma2_skew,42084,SF_k108,108,0.9438729148535301,3.6673286040747626,0.9938043840216002
gamma2_skew,42084,SF_k109,109,0.957600953042881,3.775381373538986,0.9945830848588499
gamma2_skew,42084,SF_k110,110,0.9731335699937322,5.807444625346913,0.9995885800461961
gamma2_skew,42085,SF_k106,106,0.9187206599719125,2.780287403537903,0.9816069664991919
gamma2_skew,42085,SF_k107,107,0.9310223909852352,2.5517224412913717,0.975773215834944
gamma2_skew,42085,SF_k108,108,0.9438729148535301,3.0454889687280557,0.9866753938907297
gamma2_skew,42085,SF_k109,109,0.957600953042881,2.866722589732354,0.9834362836939247
gamma2_skew,42085,SF_k110,110,0.9731335699937322,3.5873497214001753,0.993158299420239
gamma2_skew,42086,SF_k106,106,0.9187206599719125,2.999569652127581,0.9859077494886662
gamma2_skew,42086,SF_k107,107,0.9310223909852352,2.827161589087686,0.9826220970070559
gamma2_skew,42086,SF_k108,108,0.9438729148535301,3.2357641824677805,0.9894440764830004
gamma2_skew,42086,SF_k109,109,0.957600953042881,4.264581152043937,0.997062987126796
gamma2_skew,42086,SF_k110,110,0.9731335699937322,4.705398193290537,0.9983167355422558
gamma2_skew,42087,SF_k106,106,0.9187206599719125,3.578128906837045,0.9930796939970682
gamma2_skew,42087,SF_k107,107,0.9310223909852352,3.508079681138602,0.9924529415714175
gamma2_skew,42087,SF_k108,108,0.9438729148535301,4.109153555409766,0.9964300179117406
gamma2_skew,42087,SF_k109,109,0.957600953042881,4.080563855336157,0.9962997763201151
gamma2_skew,42087,SF_k110,110,0.9731335699937322,4.225679816439798,0.996915784135765
gamma2_skew,42088,SF_k106,106,0.9187206599719125,2.775840523229171,0.9815077231643585
gamma2_skew,42088,SF_k107,107,0.9310223909852352,2.6033144429056128,0.977229256296972
gamma2_skew,42088,SF_k108,108,0.9438729148535301,2.771065529203655,0.9814005779310168
gamma2_skew,42088,SF_k109,109,0.957600953042881,2.6680334983440366,0.9789362149810049
gamma2_skew,42088,SF_k110,110,0.9731335699937322,2.8246684196517156,0.9825695029127691
gamma2_skew,42089,SF_k106,106,0.9187206599719125,2.6805444185998937,0.9792515627098721
gamma2_skew,42089,SF_k107,107,0.9310223909852352,2.5470357556627548,0.9756365671026402
gamma2_skew,42089,SF_k108,108,0.9438729148535301,2.883699280412862,0.9837741837299014
gamma2_skew,42089,SF_k109,109,0.957600953042881,2.9127476724278654,0.9843368626037211
gamma2_skew,42089,SF_k110,110,0.9731335699937322,2.640493597880488,0.9782255843280552
gamma2_skew,42090,SF_k106,106,0.9187206599719125,3.210235748658306,0.9891081687635748
gamma2_skew,42090,SF_k107,107,0.9310223909852352,3.0606280734213915,0.9869194255106105
gamma2_skew,42090,SF_k108,108,0.9438729148535301,3.199282569743351,0.9889608648958165
gamma2_skew,42090,SF_k109,109,0.957600953042881,3.7912030774488272,0.9946887310809931
gamma2_skew,42090,SF_k110,110,0.9731335699937322,3.9586039444126535,0.9956896904353787
gamma2_skew,42091,SF_k106,106,0.9187206599719125,3.5434020809298987,0.9927756339628558
gamma2_skew,42091,SF_k107,107,0.9310223909852352,3.333869784529269,0.9906433017481794
gamma2_skew,42091,SF_k108,108,0.9438729148535301,3.3793517970132383,0.9911530389307535
gamma2_skew,42091,SF_k109,109,0.957600953042881,3.402469293041696,0.9914016114947503
gamma2_skew,42091,SF_k110,110,0.9731335699937322,5.4986325580933455,0.9993880726300751
gamma2_skew,42092,SF_k106,106,0.9187206599719125,3.260132090564369,0.989755262505563
gamma2_skew,42092,SF_k107,107,0.9310223909852352,3.559541379585596,0.9929185399551341
gamma2_skew,42092,SF_k108,108,0.9438729148535301,3.4104748669966423,0.9914860886739251
gamma2_skew,42092,SF_k109,109,0.957600953042881,3.8545159926413435,0.9950916190761026
gamma2_skew,42092,SF_k110,110,0.9731335699937322,3.969766995392829,0.9957494127252463
gamma2_skew,42093,SF_k106,106,0.9187206599719125,3.3220093658694285,0.990505723700138
gamma2_skew,42093,SF_k107,107,0.9310223909852352,3.4355550224043605,0.9917455179794022
gamma2_skew,42093,SF_k108,108,0.9438729148535301,3.7473262563276775,0.9943906586850103
gamma2_skew,42093,SF_k109,109,0.957600953042881,4.284112114926563,0.9971342621233812
gamma2_skew,42093,SF_k110,110,0.9731335699937322,4.726584566153908,0.9983613518141718
gamma2_skew,42094,SF_k106,106,0.9187206599719125,3.427883849187699,0.9916669997259765
gamma2_skew,42094,SF_k107,107,0.9310223909852352,3.3326518498336273,0.9906292642918283
gamma2_skew,42094,SF_k108,108,0.9438729148535301,3.2380849982984983,0.9894741075029126
gamma2_skew,42094,SF_k109,109,0.957600953042881,3.300785941760534,0.9902545844208474
gamma2_skew,42094,SF_k110,110,0.9731335699937322,5.3350308715066594,0.9992453324543542
gamma2_skew,42095,SF_k106,106,0.9187206599719125,2.4002613164279754,0.9709590001418504
gamma2_skew,42095,SF_k107,107,0.9310223909852352,2.375075804859192,0.9700736107614257
gamma2_skew,42095,SF_k108,108,0.9438729148535301,2.207258745320093,0.9634736853870359
gamma2_skew,42095,SF_k109,109,0.957600953042881,2.2462086792651235,0.9651202127579793
gamma2_skew,42095,SF_k110,110,0.9731335699937322,3.6348817885915086,0.9935498224897655
gamma2_skew,42096,SF_k106,106,0.9187206599719125,3.439779353176602,0.9917884464483533
gamma2_skew,42096,SF_k107,107,0.9310223909852352,3.3541908445954576,0.9908745033526785
gamma2_skew,42096,SF_k108,108,0.9438729148535301,3.682624753690791,0.9939209473300709
gamma2_skew,42096,SF_k109,109,0.957600953042881,3.5411220943998174,0.9927552193256813
gamma2_skew,42096,SF_k110,110,0.9731335699937322,3.385186975603779,0.9912164374829414
gamma2_skew,42097,SF_k106,106,0.9187206599719125,3.131961502890885,0.9880118407923086
gamma2_skew,42097,SF_k107,107,0.9310223909852352,3.0788091270764193,0.9872067361680805
gamma2_skew,42097,SF_k108,108,0.9438729148535301,3.12866762571819,0.9879634185619318
gamma2_skew,42097,SF_k109,109,0.957600953042881,5.699875197411741,0.9995274796732526
gamma2_skew,42097,SF_k110,110,0.9731335699937322,5.426934393070473,0.9993291427962087
gamma2_skew,42098,SF_k106,106,0.9187206599719125,2.973844450706803,0.9854590366488543
gamma2_skew,42098,SF_k107,107,0.9310223909852352,2.7766983473457723,0.9815269080817993
gamma2_skew,42098,SF_k108,108,0.9438729148535301,2.7103149769830797,0.9799836456570673
gamma2_skew,42098,SF_k109,109,0.957600953042881,3.164145482082464,0.988475073957747
gamma2_skew,42098,SF_k110,110,0.9731335699937322,3.4137658970407565,0.9915205805540548
gamma2_skew,42099,SF_k106,106,0.9187206599719125,3.9694291391785375,0.9957476171871147
gamma2_skew,42099,SF_k107,107,0.9310223909852352,3.9066794310447874,0.9954008795559036
gamma2_skew,42099,SF_k108,108,0.9438729148535301,4.078308739237878,0.9962893064361055
gamma2_skew,42099,SF_k109,109,0.957600953042881,3.927726788090078,0.9955201698310733
gamma2_skew,42099,SF_k110,110,0.9731335699937322,6.976698624085366,0.9999096583108785
gamma2_skew,42100,SF_k106,106,0.9187206599719125,2.4395762168698725,0.9722907493686729
gamma2_skew,42100,SF_k107,107,0.9310223909852352,2.694112183557061,0.9795883717433241
gamma2_skew,42100,SF_k108,108,0.9438729148535301,2.5368910813843124,0.9753382205185048
gamma2_skew,42100,SF_k109,109,0.957600953042881,3.021882335575173,0.9862859910545304
gamma2_skew,42100,SF_k110,110,0.9731335699937322,3.139774581677788,0.9881259394069505
gamma2_skew,42101,SF_k106,106,0.9187206599719125,2.9781813555988386,0.9855356466368789
gamma2_skew,42101,SF_k107,107,0.9310223909852352,2.8754917266586477,0.9836116683956487
gamma2_skew,42101,SF_k108,108,0.9438729148535301,2.691424289263337,0.9795220710739105
gamma2_skew,42101,SF_k109,109,0.957600953042881,3.5021098243780147,0.9923970259995932
gamma2_skew,42101,SF_k110,110,0.9731335699937322,5.427318260595458,0.9993294727880471
gamma2_skew,42102,SF_k106,106,0.9187206599719125,2.735806710234554,0.9805905310433262
gamma2_skew,42102,SF_k107,107,0.9310223909852352,2.5255568343464447,0.9750007065883831
gamma2_skew,42102,SF_k108,108,0.9438729148535301,2.549599396997761,0.9757114068537623
gamma2_skew,42102,SF_k109,109,0.957600953042881,3.116285236830329,0.9877796760073064
gamma2_skew,42102,SF_k110,110,0.9731335699937322,3.2278598459171395,0.9893411662196919
gamma2_skew,42103,SF_k106,106,0.9187206599719125,2.8101200799611057,0.9822595017839297
gamma2_skew,42103,SF_k107,107,0.9310223909852352,2.8722841813404267,0.9835477273333739
gamma2_skew,42103,SF_k108,108,0.9438729148535301,2.8903331573896582,0.9839043923329194
gamma2_skew,42103,SF_k109,109,0.957600953042881,2.6987830284873606,0.9797030894910461
gamma2_skew,42103,SF_k110,110,0.9731335699937322,2.519489205902473,0.9748181905431818
gamma2_skew,42104,SF_k106,106,0.9187206599719125,3.3324039129178322,0.9906264041426889
gamma2_skew,42104,SF_k107,107,0.9310223909852352,3.2337588811017097,0.9894180607829052
gamma2_skew,42104,SF_k108,108,0.9438729148535301,3.0685303694749617,0.9870450683685488
gamma2_skew,42104,SF_k109,109,0.957600953042881,3.389486004605145,0.9912628613785567
gamma2_skew,42104,SF_k110,110,0.9731335699937322,3.1489361435577767,0.9882583811273328
gamma2_skew,42105,SF_k106,106,0.9187206599719125,3.793135936747702,0.9947014979177867
gamma2_skew,42105,SF_k107,107,0.9310223909852352,4.016924754921212,0.9959928579217112
gamma2_skew,42105,SF_k108,108,0.9438729148535301,4.005168932701464,0.9959334843828386
gamma2_skew,42105,SF_k109,109,0.957600953042881,3.971366295514277,0.995757902105666
gamma2_skew,42105,SF_k110,110,0.9731335699937322,5.021898359970434,0.9988742431406502
gamma2_skew,42106,SF_k106,106,0.9187206599719125,2.965336003260396,0.9853075877824871
gamma2_skew,42106,SF_k107,107,0.9310223909852352,2.75842190296742,0.9811139490713167
gamma2_skew,42106,SF_k108,108,0.9438729148535301,3.077550615023544,0.9871870480647783
gamma2_skew,42106,SF_k109,109,0.957600953042881,2.9181069776650275,0.9844385787604961
gamma2_skew,42106,SF_k110,110,0.9731335699937322,3.7078790282132617,0.9941087056824733
gamma2_skew,42107,SF_k106,106,0.9187206599719125,3.969066799318756,0.9957456907021833
gamma2_skew,42107,SF_k107,107,0.9310223909852352,3.880268537239903,0.9952467683889672
gamma2_skew,42107,SF_k108,108,0.9438729148535301,3.7996723166743966,0.994744448952559
gamma2_skew,42107,SF_k109,109,0.957600953042881,3.7960517585124123,0.9947207003991291
gamma2_skew,42107,SF_k110,110,0.9731335699937322,3.5436187287089607,0.9927775708582233
gamma2_skew,42108,SF_k106,106,0.9187206599719125,2.4853446201530747,0.9737668216129963
gamma2_skew,42108,SF_k107,107,0.9310223909852352,2.296366011266535,0.9671355008538944
gamma2_skew,42108,SF_k108,108,0.9438729148535301,2.191670087884613,0.9627939714534105
gamma2_skew,42108,SF_k109,109,0.957600953042881,3.317656813561729,0.9904547406431029
gamma2_skew,42108,SF_k110,110,0.9731335699937322,3.7575951759496067,0.9944618577035799
gamma2_skew,42109,SF_k106,106,0.9187206599719125,3.0427095834820386,0.9866301124798026
gamma2_skew,42109,SF_k107,107,0.9310223909852352,3.3362924626908725,0.990671163520257
gamma2_skew,42109,SF_k108,108,0.9438729148535301,4.564370660114898,0.9979876492832725
gamma2_skew,42109,SF_k109,109,0.957600953042881,4.471914170008149,0.9977382671893984
gamma2_skew,42109,SF_k110,110,0.9731335699937322,4.861906866521824,0.9986200249758413
gamma2_skew,42110,SF_k106,106,0.9187206599719125,2.642842633756485,0.9782870939092596
gamma2_skew,42110,SF_k107,107,0.9310223909852352,2.760478696490163,0.9811608666846551
gamma2_skew,42110,SF_k108,108,0.9438729148535301,2.6683553601820935,0.9789443857238214
gamma2_skew,42110,SF_k109,109,0.957600953042881,2.5223525902005726,0.9749044820925293
gamma2_skew,42110,SF_k110,110,0.9731335699937322,3.0220580520254603,0.9862889301505554
gamma2_skew,42111,SF_k106,106,0.9187206599719125,3.792484997821437,0.9946972017323745
gamma2_skew,42111,SF_k107,107,0.9310223909852352,3.6663912795552953,0.9937971703627425
gamma2_skew,42111,SF_k108,108,0.9438729148535301,4.076537928170039,0.9962810646315597
gamma2_skew,42111,SF_k109,109,0.957600953042881,3.946090613850171,0.9956217636303111
gamma2_skew,42111,SF_k110,110,0.9731335699937322,3.76566639788079,0.9945171959619216
gamma2_skew,42112,SF_k106,106,0.9187206599719125,2.634538863287373,0.9780689014792152
gamma2_skew,42112,SF_k107,107,0.9310223909852352,2.4802520368877388,0.9736064181853082
gamma2_skew,42112,SF_k108,108,0.9438729148535301,3.3687624925288766,0.9910368421109986
gamma2_skew,42112,SF_k109,109,0.957600953042881,3.764744920759841,0.9945109056340019
gamma2_skew,42112,SF_k110,110,0.9731335699937322,3.6103642405789476,0.9933506954091912
gamma2_skew,42113,SF_k106,106,0.9187206599719125,3.239318092039774,0.9894900295868811
gamma2_skew,42113,SF_k107,107,0.9310223909852352,3.01643633090284,0.9861945942067939
gamma2_skew,42113,SF_k108,108,0.9438729148535301,3.1263133012068782,0.987928691492549
gamma2_skew,42113,SF_k109,109,0.957600953042881,3.580474625606343,0.9930997742660324
gamma2_skew,42113,SF_k110,110,0.9731335699937322,4.314270092357647,0.9972409865130193
gamma2_skew,42114,SF_k106,106,0.9187206599719125,2.726743629779025,0.9803768401941974
gamma2_skew,42114,SF_k107,107,0.9310223909852352,2.6210237502412994,0.9777092212853966
gamma2_skew,42114,SF_k108,108,0.9438729148535301,2.5510686536918907,0.9757541981181136
gamma2_skew,42114,SF_k109,109,0.957600953042881,2.342358212337562,0.9688844612759543
gamma2_skew,42114,SF_k110,110,0.9731335699937322,2.3512301553196275,0.9692113497817628
gamma2_skew,42115,SF_k106,106,0.9187206599719125,3.3696823768181465,0.9910469949581551
gamma2_skew,42115,SF_k107,107,0.9310223909852352,3.2274516551586214,0.9893358252650017
gamma2_skew,42115,SF_k108,108,0.9438729148535301,3.3648997578411617,0.990994085681866
gamma2_skew,42115,SF_k109,109,0.957600953042881,3.1951087316105053,0.9889042226250508
gamma2_skew,42115,SF_k110,110,0.9731335699937322,3.127565093204938,0.9879471679941838
gamma2_skew,42116,SF_k106,106,0.9187206599719125,2.7412903414606067,0.9807187260809747
gamma2_skew,42116,SF_k107,107,0.9310223909852352,2.563865549811281,0.9761238266684702
gamma2_skew,42116,SF_k108,108,0.9438729148535301,2.3970578227242094,0.9708478022851645
gamma2_skew,42116,SF_k109,109,0.957600953042881,2.6628260289340777,0.9788035906438406
gamma2_skew,42116,SF_k110,110,0.9731335699937322,3.954117178293026,0.9956654546094311
gamma2_skew,42117,SF_k106,106,0.9187206599719125,2.8638721132056917,0.9833788813319738
gamma2_skew,42117,SF_k107,107,0.9310223909852352,2.700952596454233,0.9797561618722574
gamma2_skew,42117,SF_k108,108,0.9438729148535301,2.6022010184557267,0.977198747477362
gamma2_skew,42117,SF_k109,109,0.957600953042881,2.477951258807304,0.9735336388570104
gamma2_skew,42117,SF_k110,110,0.9731335699937322,2.9551469461794726,0.9851242022024692
gamma2_skew,42118,SF_k106,106,0.9187206599719125,3.207732043251776,0.98907466785271
gamma2_skew,42118,SF_k107,107,0.9310223909852352,3.289124740817204,0.9901138438224002
gamma2_skew,42118,SF_k108,108,0.9438729148535301,3.712564235830855,0.9941429078348007
gamma2_skew,42118,SF_k109,109,0.957600953042881,4.370399557256927,0.9974293004872079
gamma2_skew,42118,SF_k110,110,0.9731335699937322,4.894681429947721,0.998676344118653
gamma2_skew,42119,SF_k106,106,0.9187206599719125,2.8525157872073876,0.9831482626924836
gamma2_skew,42119,SF_k107,107,0.9310223909852352,2.7081418526832945,0.979931065999967
gamma2_skew,42119,SF_k108,108,0.9438729148535301,2.6383441484369743,0.9781691529215527
gamma2_skew,42119,SF_k109,109,0.957600953042881,2.5916282220037985,0.9769070627587363
gamma2_skew,42119,SF_k110,110,0.9731335699937322,3.974931507420364,0.995776766978227
gamma2_skew,42120,SF_k106,106,0.9187206599719125,3.023499777444165,0.9863130217936529
gamma2_skew,42120,SF_k107,107,0.9310223909852352,3.1704251604449056,0.9885633997222586
gamma2_skew,42120,SF_k108,108,0.9438729148535301,3.306266560577094,0.9903200523527448
gamma2_skew,42120,SF_k109,109,0.957600953042881,3.312915137066023,0.9903988949984994
gamma2_skew,42120,SF_k110,110,0.9731335699937322,4.007006161144451,0.9959428201116851
gamma2_skew,42121,SF_k106,106,0.9187206599719125,3.0448397150389646,0.9866648297290599
gamma2_skew,42121,SF_k107,107,0.9310223909852352,2.87110992138546,0.9835242583243821
gamma2_skew,42121,SF_k108,108,0.9438729148535301,2.9545037093703534,0.98511255053679
gamma2_skew,42121,SF_k109,109,0.957600953042881,3.255994851252071,0.9897030677939602
gamma2_skew,42121,SF_k110,110,0.9731335699937322,3.008222828026667,0.9860556284731623
gamma2_skew,42122,SF_k106,106,0.9187206599719125,2.6037419797802897,0.9772409606733597
gamma2_skew,42122,SF_k107,107,0.9310223909852352,3.004583642657957,0.9859936215482542
gamma2_skew,42122,SF_k108,108,0.9438729148535301,2.8767907210188484,0.9836374944658344
gamma2_skew,42122,SF_k109,109,0.957600953042881,3.0741450717980094,0.9871336236296528
gamma2_skew,42122,SF_k110,110,0.9731335699937322,2.8696748140943154,0.9834955317406827
gamma2_skew,42123,SF_k106,106,0.9187206599719125,2.990345733334279,0.9857484343548204
gamma2_skew,42123,SF_k107,107,0.9310223909852352,3.1022795702383963,0.9875685465485031
gamma2_skew,42123,SF_k108,108,0.9438729148535301,3.0139710367500787,0.9861530258168331
gamma2_skew,42123,SF_k109,109,0.957600953042881,3.823883678729652,0.9949005863745471
gamma2_skew,42123,SF_k110,110,0.9731335699937322,4.786231426859854,0.9984807895709223
gamma2_skew,42124,SF_k106,106,0.9187206599719125,2.627657439719156,0.9778864736770899
gamma2_skew,42124,SF_k107,107,0.9310223909852352,2.5433102933183775,0.975527412519926
gamma2_skew,42124,SF_k108,108,0.9438729148535301,2.7675557865368483,0.9813214391387622
gamma2_skew,42124,SF_k109,109,0.957600953042881,2.7235900844310654,0.980301951081447
gamma2_skew,42124,SF_k110,110,0.9731335699937322,2.715951601604057,0.9801194037417029
gamma2_skew,42125,SF_k106,106,0.9187206599719125,3.231001921294574,0.9893821911979113
gamma2_skew,42125,SF_k107,107,0.9310223909852352,3.37855318758257,0.991144327378891
gamma2_skew,42125,SF_k108,108,0.9438729148535301,3.1892733811500387,0.9888245563370898
gamma2_skew,42125,SF_k109,109,0.957600953042881,3.1869928800998846,0.9887932705737247
gamma2_skew,42125,SF_k110,110,0.9731335699937322,3.0438444020720805,0.9866486188996941
gamma2_skew,42126,SF_k106,106,0.9187206599719125,3.298660637261226,0.990229080612464
gamma2_skew,42126,SF_k107,107,0.9310223909852352,3.0643677744359588,0.9869790324236124
gamma2_skew,42126,SF_k108,108,0.9438729148535301,2.888315589227287,0.9838648998108709
gamma2_skew,42126,SF_k109,109,0.957600953042881,2.742397658350271,0.9807445127164411
gamma2_skew,42126,SF_k110,110,0.9731335699937322,2.740314696854095,0.980695977976443
gamma2_skew,42127,SF_k106,106,0.9187206599719125,2.7551342373181904,0.9810387181967639
gamma2_skew,42127,SF_k107,107,0.9310223909852352,2.623320253640203,0.9777707392273336
gamma2_skew,42127,SF_k108,108,0.9438729148535301,2.992705414743982,0.9857893569103031
gamma2_skew,42127,SF_k109,109,0.957600953042881,2.9812669203084647,0.9855899125997598
gamma2_skew,42127,SF_k110,110,0.9731335699937322,3.27365931633978,0.9899241215607476
gamma2_skew,42128,SF_k106,106,0.9187206599719125,2.6531253572602256,0.9785543701087149
gamma2_skew,42128,SF_k107,107,0.9310223909852352,3.0503438364591413,0.9867541304169788
gamma2_skew,42128,SF_k108,108,0.9438729148535301,2.955491801729278,0.9851304452984148
gamma2_skew,42128,SF_k109,109,0.957600953042881,2.9429334628025505,0.9849014417922622
gamma2_skew,42128,SF_k110,110,0.9731335699937322,3.0120281742374204,0.9861201804570578
gamma2_skew,42129,SF_k106,106,0.9187206599719125,3.0916393195901133,0.987405774924581
gamma2_skew,42129,SF_k107,107,0.9310223909852352,3.5160780918993333,0.9925272263599412
gamma2_skew,42129,SF_k108,108,0.9438729148535301,3.31018308479733,0.9903665730259359
gamma2_skew,42129,SF_k109,109,0.957600953042881,3.4818486952471925,0.9922042122187766
gamma2_skew,42129,SF_k110,110,0.9731335699937322,3.9191615544245835,0.9954719959331236
gamma2_skew,42130,SF_k106,106,0.9187206599719125,2.7392840687301425,0.9806719195727888
gamma2_skew,42130,SF_k107,107,0.9310223909852352,2.623353255070207,0.9777716220577142
gamma2_skew,42130,SF_k108,108,0.9438729148535301,2.7640949721033805,0.9812430833486382
gamma2_skew,42130,SF_k109,109,0.957600953042881,2.9149415819318585,0.9843785795836932
gamma2_skew,42130,SF_k110,110,0.9731335699937322,3.1991491679190243,0.9889590589038411
gamma2_skew,42131,SF_k106,106,0.9187206599719125,3.4025157316202908,0.9914021038853282
gamma2_skew,42131,SF_k107,107,0.9310223909852352,3.2430032816664376,0.9895374737798011
gamma2_skew,42131,SF_k108,108,0.9438729148535301,3.143083570892278,0.9881739422797112
gamma2_skew,42131,SF_k109,109,0.957600953042881,3.15295136165733,0.9883159706492104
gamma2_skew,42131,SF_k110,110,0.9731335699937322,2.871338119583779,0.9835288216900749
gamma2_skew,42132,SF_k106,106,0.9187206599719125,3.4964712290751874,0.9923438406725629
gamma2_skew,42132,SF_k107,107,0.9310223909852352,3.780556630212186,0.9946178665857877
gamma2_skew,42132,SF_k108,108,0.9438729148535301,3.5873429282157487,0.9931582418331557
gamma2_skew,42132,SF_k109,109,0.957600953042881,3.747297730481193,0.9943904596569597
gamma2_skew,42132,SF_k110,110,0.9731335699937322,4.142817049972861,0.9965776012194167
gamma2_skew,42133,SF_k106,106,0.9187206599719125,3.0914415242920055,0.9874027295111046
gamma2_skew,42133,SF_k107,107,0.9310223909852352,3.013251776708828,0.9861408750955158
gamma2_skew,42133,SF_k108,108,0.9438729148535301,3.0851890961894477,0.987306091090328
gamma2_skew,42133,SF_k109,109,0.957600953042881,3.6915508758190505,0.993987971640298
gamma2_skew,42133,SF_k110,110,0.9731335699937322,4.742916768054682,0.9983949473552773
gamma2_skew,42134,SF_k106,106,0.9187206599719125,2.790270468125111,0.9818278824955052
gamma2_skew,42134,SF_k107,107,0.9310223909852352,2.6573888502828753,0.9786642518333112
gamma2_skew,42134,SF_k108,108,0.9438729148535301,2.869383699614273,0.9834896985525375
gamma2_skew,42134,SF_k109,109,0.957600953042881,2.9844478579555833,0.9856456482673963
gamma2_skew,42134,SF_k110,110,0.9731335699937322,2.736250892375693,0.9806009457571089
gamma2_skew,42135,SF_k106,106,0.9187206599719125,2.6633135100975505,0.9788160401427664
gamma2_skew,42135,SF_k107,107,0.9310223909852352,2.5339476413152,0.9752509964673708
gamma2_skew,42135,SF_k108,108,0.9438729148535301,2.605684226029465,0.9772940588239605
gamma2_skew,42135,SF_k109,109,0.957600953042881,3.0197305236708583,0.9862499492443942
gamma2_skew,42135,SF_k110,110,0.9731335699937322,3.1028811659886757,0.9875776880450648
gamma2_skew,42136,SF_k106,106,0.9187206599719125,2.9563993953843535,0.9851468637379248
gamma2_skew,42136,SF_k107,107,0.9310223909852352,3.1732893674977607,0.9886034659805736
gamma2_skew,42136,SF_k108,108,0.9438729148535301,2.9671604764021087,0.98534019193201
gamma2_skew,42136,SF_k109,109,0.957600953042881,2.8911399379769915,0.9839201581745793
gamma2_skew,42136,SF_k110,110,0.9731335699937322,2.6543931619514116,0.9785871020638852
gamma2_skew,42137,SF_k106,106,0.9187206599719125,2.3405398231456025,0.9688170501925181
gamma2_skew,42137,SF_k107,107,0.9310223909852352,2.1456000726014537,0.9607133604629055
gamma2_skew,42137,SF_k108,108,0.9438729148535301,2.060588691529967,0.9565772175566143
gamma2_skew,42137,SF_k109,109,0.957600953042881,2.036290162562025,0.955320257270463
gamma2_skew,42137,SF_k110,110,0.9731335699937322,2.793089039912523,0.9818897867271319
gamma2_skew,42138,SF_k106,106,0.9187206599719125,3.141629324982439,0.988152869184558
gamma2_skew,42138,SF_k107,107,0.9310223909852352,3.3044197385848193,0.9902980395825954
gamma2_skew,42138,SF_k108,108,0.9438729148535301,3.502125180695032,0.9923971703508837
gamma2_skew,42138,SF_k109,109,0.957600953042881,3.6712436828658,0.993834425665549
gamma2_skew,42138,SF_k110,110,0.9731335699937322,5.126157132244162,0.9990143939975386
gamma2_skew,42139,SF_k106,106,0.9187206599719125,3.159280912501389,0.9884061948004311
gamma2_skew,42139,SF_k107,107,0.9310223909852352,3.2167908416367625,0.9891954049259154
gamma2_skew,42139,SF_k108,108,0.9438729148535301,3.108593641402693,0.9876641653465114
gamma2_skew,42139,SF_k109,109,0.957600953042881,4.512832831802463,0.9978521861658395
gamma2_skew,42139,SF_k110,110,0.9731335699937322,5.437154872751992,0.9993378742680232
gamma2_skew,42140,SF_k106,106,0.9187206599719125,3.1144346754278454,0.9877519814696539
gamma2_skew,42140,SF_k107,107,0.9310223909852352,3.0836975992999722,0.9872829317052996
gamma2_skew,42140,SF_k108,108,0.9438729148535301,4.098660172544549,0.9963827472098579
gamma2_skew,42140,SF_k109,109,0.957600953042881,3.8933066836421992,0.9953234713410393
gamma2_skew,42140,SF_k110,110,0.9731335699937322,4.041742436558279,0.9961154165483941
gamma2_skew,42141,SF_k106,106,0.9187206599719125,3.051996295017576,0.9867808264738258
gamma2_skew,42141,SF_k107,107,0.9310223909852352,3.0995824943203605,0.9875274826415809
gamma2_skew,42141,SF_k108,108,0.9438729148535301,2.9140823133839167,0.9843622535734113
gamma2_skew,42141,SF_k109,109,0.957600953042881,2.7891077858755082,0.9818022866702626
gamma2_skew,42141,SF_k110,110,0.9731335699937322,2.675010227534753,0.9791126379973906
gamma2_skew,42142,SF_k106,106,0.9187206599719125,2.7298044550484644,0.980449263045454
gamma2_skew,42142,SF_k107,107,0.9310223909852352,2.6584839319305633,0.978692386791343
gamma2_skew,42142,SF_k108,108,0.9438729148535301,2.7967359225165342,0.9819695790915592
gamma2_skew,42142,SF_k109,109,0.957600953042881,2.7521975471054287,0.9809712725638546
gamma2_skew,42142,SF_k110,110,0.9731335699937322,3.375110034444528,0.9911066719046506
gamma2_skew,42143,SF_k106,106,0.9187206599719125,2.7946797471628684,0.9819246328849158
gamma2_skew,42143,SF_k107,107,0.9310223909852352,2.804355093513028,0.9821351825680332
gamma2_skew,42143,SF_k108,108,0.9438729148535301,2.595989263197805,0.9770278116061089
gamma2_skew,42143,SF_k109,109,0.957600953042881,2.489303452672651,0.9738908630651001
gamma2_skew,42143,SF_k110,110,0.9731335699937322,3.796657215081135,0.9947246791300838
gamma2_skew,42144,SF_k106,106,0.9187206599719125,2.8428460744190542,0.9829494444489917
gamma2_skew,42144,SF_k107,107,0.9310223909852352,2.987142657815559,0.985692701576994
gamma2_skew,42144,SF_k108,108,0.9438729148535301,3.1276478238046677,0.9879483881286482
gamma2_skew,42144,SF_k109,109,0.957600953042881,3.3110461862917897,0.9903767955609399
gamma2_skew,42144,SF_k110,110,0.9731335699937322,4.070108716240999,0.9962509898379506
gamma2_skew,42145,SF_k106,106,0.9187206599719125,3.1382212095466544,0.9881033394017328
gamma2_skew,42145,SF_k107,107,0.9310223909852352,3.070161191943301,0.9870708508146618
gamma2_skew,42145,SF_k108,108,0.9438729148535301,2.9796376889696163,0.985561283995321
gamma2_skew,42145,SF_k109,109,0.957600953042881,3.5221364270847375,0.9925830157006261
gamma2_skew,42145,SF_k110,110,0.9731335699937322,4.193862993379884,0.9967900102864076
gamma2_skew,42146,SF_k106,106,0.9187206599719125,3.2315935029905045,0.9893898980003984
gamma2_skew,42146,SF_k107,107,0.9310223909852352,3.3061708004055097,0.9903189121625247
gamma2_skew,42146,SF_k108,108,0.9438729148535301,3.0957587851627855,0.9874690385118723
gamma2_skew,42146,SF_k109,109,0.957600953042881,3.2563997610477466,0.989708187516068
gamma2_skew,42146,SF_k110,110,0.9731335699937322,3.6662832203301643,0.993796338208561
gamma2_skew,42147,SF_k106,106,0.9187206599719125,3.352024439638972,0.9908501237682706
gamma2_skew,42147,SF_k107,107,0.9310223909852352,3.2460537398239557,0.9895765879199171
gamma2_skew,42147,SF_k108,108,0.9438729148535301,3.6950791440418955,0.994014264300923
gamma2_skew,42147,SF_k109,109,0.957600953042881,3.8827907725751776,0.9952617023792931
gamma2_skew,42147,SF_k110,110,0.9731335699937322,4.008048263348795,0.9959481061029021
gamma2_skew,42148,SF_k106,106,0.9187206599719125,2.926809240867295,0.9846023739997691
gamma2_skew,42148,SF_k107,107,0.9310223909852352,2.7965781872584508,0.9819661349857278
gamma2_skew,42148,SF_k108,108,0.9438729148535301,2.9134887924905324,0.9843509670442186
gamma2_skew,42148,SF_k109,109,0.957600953042881,3.2002734180724164,0.9889742699606167
gamma2_skew,42148,SF_k110,110,0.9731335699937322,3.815970348280264,0.9948500615355729
gamma2_skew,42149,SF_k106,106,0.9187206599719125,2.776345986034289,0.9815190299933216
gamma2_skew,42149,SF_k107,107,0.9310223909852352,2.6763758288121315,0.979147002294518
gamma2_skew,42149,SF_k108,108,0.9438729148535301,2.612875052228994,0.977489602381605
gamma2_skew,42149,SF_k109,109,0.957600953042881,2.630504663827472,0.9779621318295219
gamma2_skew,42149,SF_k110,110,0.9731335699937322,3.411545974587895,0.9914973295381387
laplace,41000,SF_k106,106,0.9187206599719125,3.0688716619104612,0.9869639922755082
laplace,41000,SF_k107,107,0.9310223909852352,3.078769307333272,0.9871451911727966
laplace,41000,SF_k108,108,0.9438729148535301,3.249582834040664,0.9899038802887146
laplace,41000,SF_k109,109,0.957600953042881,3.151779361298622,0.9884062499905129
laplace,41000,SF_k110,110,0.9731335699937322,4.2672777224037866,0.9976061253407884
laplace,41001,SF_k106,106,0.9187206599719125,3.9109327331670465,0.9960375553676057
laplace,41001,SF_k107,107,0.9310223909852352,4.031729003914516,0.9966598041538772
laplace,41001,SF_k108,108,0.9438729148535301,3.9820210557895863,0.9964165461559804
laplace,41001,SF_k109,109,0.957600953042881,3.767832211534525,0.9951487526149063
laplace,41001,SF_k110,110,0.9731335699937322,3.551787882703891,0.99341516890707
laplace,41002,SF_k106,106,0.9187206599719125,3.394364236548394,0.9917731817173314
laplace,41002,SF_k107,107,0.9310223909852352,3.1560737599805706,0.9884764477385117
laplace,41002,SF_k108,108,0.9438729148535301,3.3919022362354005,0.9917444877045409
laplace,41002,SF_k109,109,0.957600953042881,3.1801800895659036,0.9888626818434603
laplace,41002,SF_k110,110,0.9731335699937322,4.169750884268819,0.9972520998814669
laplace,41003,SF_k106,106,0.9187206599719125,3.543763746935575,0.9933400197024655
laplace,41003,SF_k107,107,0.9310223909852352,3.293489804801362,0.9905117202209499
laplace,41003,SF_k108,108,0.9438729148535301,3.342761610504956,0.9911503627133034
laplace,41003,SF_k109,109,0.957600953042881,3.1274955700212854,0.9880011762086527
laplace,41003,SF_k110,110,0.9731335699937322,3.0797275759704164,0.9871626001657989
laplace,41004,SF_k106,106,0.9187206599719125,3.143830533896544,0.9882751854199039
laplace,41004,SF_k107,107,0.9310223909852352,2.980383063896138,0.9852261735957466
laplace,41004,SF_k108,108,0.9438729148535301,2.930425818676051,0.9841446442939703
laplace,41004,SF_k109,109,0.957600953042881,2.8035554996270458,0.9810286666543393
laplace,41004,SF_k110,110,0.9731335699937322,2.8513206899318604,0.9822678586448499
laplace,41005,SF_k106,106,0.9187206599719125,3.2565260604469057,0.9900025310288141
laplace,41005,SF_k107,107,0.9310223909852352,3.085953998341187,0.9872751435469636
laplace,41005,SF_k108,108,0.9438729148535301,3.5325006157854695,0.9932330870109007
laplace,41005,SF_k109,109,0.957600953042881,3.34350974590757,0.9911597208837013
laplace,41005,SF_k110,110,0.9731335699937322,3.4587198673848603,0.9924888638891318
laplace,41006,SF_k106,106,0.9187206599719125,3.537603091152902,0.9932817412311554
laplace,41006,SF_k107,107,0.9310223909852352,3.388078150034767,0.9916997203349185
laplace,41006,SF_k108,108,0.9438729148535301,3.233978355853605,0.989678601879056
laplace,41006,SF_k109,109,0.957600953042881,3.14931595288136,0.988365789414192
laplace,41006,SF_k110,110,0.9731335699937322,2.8830840066903196,0.9830467632336997
laplace,41007,SF_k106,106,0.9187206599719125,3.232769264217564,0.9896609380805961
laplace,41007,SF_k107,107,0.9310223909852352,3.066152669275875,0.986913769248102
laplace,41007,SF_k108,108,0.9438729148535301,3.346402675064066,0.9911958145234676
laplace,41007,SF_k109,109,0.957600953042881,4.2392914174924545,0.9975094791594554
laplace,41007,SF_k110,110,0.9731335699937322,4.3645422658345,0.9979137662370234
laplace,41008,SF_k106,106,0.9187206599719125,3.41601201124497,0.9920212260169428
laplace,41008,SF_k107,107,0.9310223909852352,3.482197480655407,0.9927341566447061
laplace,41008,SF_k108,108,0.9438729148535301,3.9628355881577413,0.996317987621302
laplace,41008,SF_k109,109,0.957600953042881,4.379192209782376,0.9979565444667973
laplace,41008,SF_k110,110,0.9731335699937322,5.098869526195109,0.9992615007242638
laplace,41009,SF_k106,106,0.9187206599719125,3.2470679138377583,0.989867908151516
laplace,41009,SF_k107,107,0.9310223909852352,3.017763736816246,0.9859868962452507
laplace,41009,SF_k108,108,0.9438729148535301,3.1961001665250204,0.989110630078972
laplace,41009,SF_k109,109,0.957600953042881,3.671382454539163,0.9944397869875841
laplace,41009,SF_k110,110,0.9731335699937322,4.282583454218329,0.9976573853531328
laplace,41010,SF_k106,106,0.9187206599719125,3.1275792094413983,0.9880025953936182
laplace,41010,SF_k107,107,0.9310223909852352,2.998310732921931,0.9855960341304033
laplace,41010,SF_k108,108,0.9438729148535301,3.0040194486162766,0.9857118541333163
laplace,41010,SF_k109,109,0.957600953042881,2.8186019005548446,0.9814280896258558
laplace,41010,SF_k110,110,0.9731335699937322,4.502244250049636,0.9982829281977992
laplace,41011,SF_k106,106,0.9187206599719125,3.4446086486372973,0.992337463911461
laplace,41011,SF_k107,107,0.9310223909852352,3.192908270260971,0.9890613641026225
laplace,41011,SF_k108,108,0.9438729148535301,3.7259512361598786,0.9948527401348262
laplace,41011,SF_k109,109,0.957600953042881,4.001455878992393,0.9965136961519638
laplace,41011,SF_k110,110,0.9731335699937322,4.188579862713653,0.9973243058820076
laplace,41012,SF_k106,106,0.9187206599719125,3.7296231053566236,0.9948793995844056
laplace,41012,SF_k107,107,0.9310223909852352,4.209534138303626,0.9974024335932081
laplace,41012,SF_k108,108,0.9438729148535301,4.2293662246213986,0.9974742748644867
laplace,41012,SF_k109,109,0.957600953042881,4.067712716969132,0.996825529690393
laplace,41012,SF_k110,110,0.9731335699937322,7.063771623686812,0.9999541291918721
laplace,41013,SF_k106,106,0.9187206599719125,3.4784949871047797,0.9926960120641597
laplace,41013,SF_k107,107,0.9310223909852352,3.242509525816989,0.9898023802884155
laplace,41013,SF_k108,108,0.9438729148535301,3.0748729662707173,0.9870741623409189
laplace,41013,SF_k109,109,0.957600953042881,3.547361318509754,0.9933738178631335
laplace,41013,SF_k110,110,0.9731335699937322,3.495970115371577,0.9928743074019619
laplace,41014,SF_k106,106,0.9187206599719125,2.964401278869675,0.9848884585532438
laplace,41014,SF_k107,107,0.9310223909852352,2.8347545805131076,0.9818475251784262
laplace,41014,SF_k108,108,0.9438729148535301,3.150711221258802,0.9883887234910536
laplace,41014,SF_k109,109,0.957600953042881,3.3943998069761294,0.9917735955502811
laplace,41014,SF_k110,110,0.9731335699937322,3.1618960986304456,0.9885709434426659
laplace,41015,SF_k106,106,0.9187206599719125,3.2846649165308257,0.9903925618460041
laplace,41015,SF_k107,107,0.9310223909852352,3.1755097524063705,0.9887888780179437
laplace,41015,SF_k108,108,0.9438729148535301,2.9993500131120086,0.985617189012759
laplace,41015,SF_k109,109,0.957600953042881,2.9533446410111774,0.9846503106920761
laplace,41015,SF_k110,110,0.9731335699937322,2.737368732735325,0.9791671453308022
laplace,41016,SF_k106,106,0.9187206599719125,2.9862050086525453,0.9853473141120659
laplace,41016,SF_k107,107,0.9310223909852352,2.8106175207041466,0.9812171942691674
laplace,41016,SF_k108,108,0.9438729148535301,2.701666478340166,0.9780882745042803
laplace,41016,SF_k109,109,0.957600953042881,2.5588531803547454,0.9731842230303389
laplace,41016,SF_k110,110,0.9731335699937322,3.6974627628732497,0.9946411291351
laplace,41017,SF_k106,106,0.9187206599719125,2.87831419287653,0.9829320180012786
laplace,41017,SF_k107,107,0.9310223909852352,2.7813342448748046,0.9804230144753645
laplace,41017,SF_k108,108,0.9438729148535301,2.9878763511823974,0.9853819068188998
laplace,41017,SF_k109,109,0.957600953042881,2.87039727181273,0.9827398473841518
laplace,41017,SF_k110,110,0.9731335699937322,3.4980703812934495,0.9928954409078956
laplace,41018,SF_k106,106,0.9187206599719125,3.0736264421912023,0.9870513559154652
laplace,41018,SF_k107,107,0.9310223909852352,2.865175400003838,0.982611912075749
laplace,41018,SF_k108,108,0.9438729148535301,3.1869601516649984,0.9889689611844059
laplace,41018,SF_k109,109,0.957600953042881,3.5559384650219186,0.9934537073957377
laplace,41018,SF_k110,110,0.9731335699937322,3.345136717538309,0.9911800379697666
laplace,41019,SF_k106,106,0.9187206599719125,4.151002445782193,0.9971782667530766
laplace,41019,SF_k107,107,0.9310223909852352,3.943288930176808,0.9962147853591268
laplace,41019,SF_k108,108,0.9438729148535301,4.132585699201707,0.9971038086810868
laplace,41019,SF_k109,109,0.957600953042881,3.9332333322892743,0.996160572156227
laplace,41019,SF_k110,110,0.9731335699937322,3.6454892442681297,0.9942324063512629
laplace,41020,SF_k106,106,0.9187206599719125,3.0006985429811466,0.9856445924653545
laplace,41020,SF_k107,107,0.9310223909852352,2.791019413241492,0.9806893304046982
laplace,41020,SF_k108,108,0.9438729148535301,2.6809398557779422,0.9774364950677576
laplace,41020,SF_k109,109,0.957600953042881,3.241069499691046,0.9897815916292994
laplace,41020,SF_k110,110,0.9731335699937322,3.5651768066890503,0.993538678349662
laplace,41021,SF_k106,106,0.9187206599719125,2.474072954242529,0.9697683994604953
laplace,41021,SF_k107,107,0.9310223909852352,2.6493002718448544,0.9764039599434062
laplace,41021,SF_k108,108,0.9438729148535301,2.5686079966213575,0.9735516172242771
laplace,41021,SF_k109,109,0.957600953042881,2.357933840500963,0.9643719495151746
laplace,41021,SF_k110,110,0.9731335699937322,3.2430003826907963,0.9898094567793954
laplace,41022,SF_k106,106,0.9187206599719125,2.6324271006199043,0.9758341332818439
laplace,41022,SF_k107,107,0.9310223909852352,2.4195122412502963,0.9673433584009141
laplace,41022,SF_k108,108,0.9438729148535301,2.354752041021579,0.9642112711750284
laplace,41022,SF_k109,109,0.957600953042881,3.266170784160922,0.9901379677394413
laplace,41022,SF_k110,110,0.9731335699937322,4.543465356944479,0.99838016393283
laplace,41023,SF_k106,106,0.9187206599719125,3.1233599408447983,0.9879307935117543
laplace,41023,SF_k107,107,0.9310223909852352,3.0492187580681116,0.9865965953012501
laplace,41023,SF_k108,108,0.9438729148535301,2.856223626682034,0.9823903844846213
laplace,41023,SF_k109,109,0.957600953042881,3.021642931455025,0.986063561781729
laplace,41023,SF_k110,110,0.9731335699937322,4.185613302324023,0.9973130568285007
laplace,41024,SF_k106,106,0.9187206599719125,3.1106936961082217,0.9877126526087687
laplace,41024,SF_k107,107,0.9310223909852352,2.962880093331547,0.9848559143846627
laplace,41024,SF_k108,108,0.9438729148535301,2.795277590882739,0.9808052692865816
laplace,41024,SF_k109,109,0.957600953042881,2.663646484150424,0.9768778670371101
laplace,41024,SF_k110,110,0.9731335699937322,4.274301634516321,0.9976297867315751
laplace,41025,SF_k106,106,0.9187206599719125,2.77622108331687,0.980280938223042
laplace,41025,SF_k107,107,0.9310223909852352,2.6613075111902034,0.9768012568412829
laplace,41025,SF_k108,108,0.9438729148535301,3.110340982095666,0.9877065219920009
laplace,41025,SF_k109,109,0.957600953042881,3.436113694695819,0.9922448534798423
laplace,41025,SF_k110,110,0.9731335699937322,4.555696762049928,0.9984079426159471
laplace,41026,SF_k106,106,0.9187206599719125,3.4638235607524117,0.9925428819313631
laplace,41026,SF_k107,107,0.9310223909852352,3.2116907071855447,0.9893480952840465
laplace,41026,SF_k108,108,0.9438729148535301,3.5161930248421696,0.9930752121562074
laplace,41026,SF_k109,109,0.957600953042881,3.3690592286661016,0.991473439763531
laplace,41026,SF_k110,110,0.9731335699937322,3.3246544055557794,0.9909208195616883
laplace,41027,SF_k106,106,0.9187206599719125,2.988934720012777,0.9854037702233174
laplace,41027,SF_k107,107,0.9310223909852352,2.9262073193557008,0.9840497707585243
laplace,41027,SF_k108,108,0.9438729148535301,2.812337485580154,0.9812628260020126
laplace,41027,SF_k109,109,0.957600953042881,2.79285550357187,0.9807394079055167
laplace,41027,SF_k110,110,0.9731335699937322,2.622069923320942,0.9754775645314933
laplace,41028,SF_k106,106,0.9187206599719125,2.7670821551428166,0.9800244272021454
laplace,41028,SF_k107,107,0.9310223909852352,2.6364690562785102,0.9759718758751603
laplace,41028,SF_k108,108,0.9438729148535301,2.900081430423453,0.983449425932311
laplace,41028,SF_k109,109,0.957600953042881,2.7838974199702,0.9804938501766671
laplace,41028,SF_k110,110,0.9731335699937322,2.9464656863432186,0.9845002554322624
laplace,41029,SF_k106,106,0.9187206599719125,3.661794450405985,0.9943638798924095
laplace,41029,SF_k107,107,0.9310223909852352,3.8147876340645888,0.9954604364670505
laplace,41029,SF_k108,108,0.9438729148535301,3.654351595643434,0.994304241980114
laplace,41029,SF_k109,109,0.957600953042881,3.428956308799136,0.9921659567009709
laplace,41029,SF_k110,110,0.9731335699937322,3.7599020273005355,0.9950940397730588
laplace,41030,SF_k106,106,0.9187206599719125,2.6868418812779105,0.9776240426345808
laplace,41030,SF_k107,107,0.9310223909852352,2.7193253930363293,0.9786287101039117
laplace,41030,SF_k108,108,0.9438729148535301,2.811766083640811,0.9812476786651871
laplace,41030,SF_k109,109,0.957600953042881,2.8522075424025415,0.9822900843344848
laplace,41030,SF_k110,110,0.9731335699937322,2.9326079496824202,0.984193498489234
laplace,41031,SF_k106,106,0.9187206599719125,3.1716760279060754,0.9887279295467661
laplace,41031,SF_k107,107,0.9310223909852352,2.9544160046086656,0.9846735499634227
laplace,41031,SF_k108,108,0.9438729148535301,3.9331997504963447,0.9961603898104541
laplace,41031,SF_k109,109,0.957600953042881,3.9178214997901097,0.996075970815852
laplace,41031,SF_k110,110,0.9731335699937322,3.9403343366101335,0.9961989360291768
laplace,41032,SF_k106,106,0.9187206599719125,3.1594102445798042,0.9885306935601166
laplace,41032,SF_k107,107,0.9310223909852352,3.224176622444374,0.9895345330817096
laplace,41032,SF_k108,108,0.9438729148535301,3.298761706454849,0.9905821979373886
laplace,41032,SF_k109,109,0.957600953042881,3.5905453237626435,0.9937663789878972
laplace,41032,SF_k110,110,0.9731335699937322,4.932290450071684,0.9990653253415036
laplace,41033,SF_k106,106,0.9187206599719125,3.008981674873619,0.9858117723015956
laplace,41033,SF_k107,107,0.9310223909852352,2.9295058543530037,0.9841240026388463
laplace,41033,SF_k108,108,0.9438729148535301,2.7432191661996947,0.979338800323899
laplace,41033,SF_k109,109,0.957600953042881,3.181441105879932,0.9888825258397886
laplace,41033,SF_k110,110,0.9731335699937322,6.02882496148406,0.9998017627526663
laplace,41034,SF_k106,106,0.9187206599719125,3.3976469711584656,0.9918112861028907
laplace,41034,SF_k107,107,0.9310223909852352,3.3144459598102003,0.990788793405456
laplace,41034,SF_k108,108,0.9438729148535301,3.1075752904303537,0.9876583446176317
laplace,41034,SF_k109,109,0.957600953042881,3.2196861994425876,0.9894678615295052
laplace,41034,SF_k110,110,0.9731335699937322,3.687738847976657,0.9945669265555901
laplace,41035,SF_k106,106,0.9187206599719125,3.3813923336921343,0.9916208675660165
laplace,41035,SF_k107,107,0.9310223909852352,3.1874399190402594,0.9889764431343449
laplace,41035,SF_k108,108,0.9438729148535301,3.2597558627714855,0.9900480916392991
laplace,41035,SF_k109,109,0.957600953042881,3.541446189916059,0.9933181556697179
laplace,41035,SF_k110,110,0.9731335699937322,3.4788421822556312,0.9926995975010224
laplace,41036,SF_k106,106,0.9187206599719125,3.438060762715118,0.9922661784452773
laplace,41036,SF_k107,107,0.9310223909852352,3.2060404952595536,0.9892626391382182
laplace,41036,SF_k108,108,0.9438729148535301,3.2823331231256376,0.9903608275448952
laplace,41036,SF_k109,109,0.957600953042881,3.1956838670025154,0.9891042172226359
laplace,41036,SF_k110,110,0.9731335699937322,3.0379107698689927,0.9863805261817458
laplace,41037,SF_k106,106,0.9187206599719125,3.0780588649333893,0.9871322692339122
laplace,41037,SF_k107,107,0.9310223909852352,2.8678748951819326,0.982678167379639
laplace,41037,SF_k108,108,0.9438729148535301,2.792967776442097,0.980742465817489
laplace,41037,SF_k109,109,0.957600953042881,3.0494990204946206,0.9866019067004366
laplace,41037,SF_k110,110,0.9731335699937322,3.0742430600595427,0.9870626425913067
laplace,41038,SF_k106,106,0.9187206599719125,3.726730985347288,0.9948584130539249
laplace,41038,SF_k107,107,0.9310223909852352,3.579190259920545,0.9936654684095869
laplace,41038,SF_k108,108,0.9438729148535301,3.519832409665171,0.993110761558337
laplace,41038,SF_k109,109,0.957600953042881,3.318566981063927,0.990842320226921
laplace,41038,SF_k110,110,0.9731335699937322,6.0623666850230205,0.9998109466270175
laplace,41039,SF_k106,106,0.9187206599719125,2.8249956001689984,0.981595260967286
laplace,41039,SF_k107,107,0.9310223909852352,2.636450368839359,0.9759712408507866
laplace,41039,SF_k108,108,0.9438729148535301,2.4442205367522547,0.9684647664395523
laplace,41039,SF_k109,109,0.957600953042881,2.359768435016697,0.9644642669820482
laplace,41039,SF_k110,110,0.9731335699937322,2.3644912925921036,0.9647008238589907
laplace,41040,SF_k106,106,0.9187206599719125,3.369043764315522,0.9914732532865207
laplace,41040,SF_k107,107,0.9310223909852352,3.143346118390576,0.9882671503846532
laplace,41040,SF_k108,108,0.9438729148535301,3.220326469494174,0.9894773938391004
laplace,41040,SF_k109,109,0.957600953042881,3.061905855365633,0.9868349381419141
laplace,41040,SF_k110,110,0.9731335699937322,3.5223917892835734,0.9931356521483765
laplace,41041,SF_k106,106,0.9187206599719125,3.0649665331229072,0.9868917993309299
laplace,41041,SF_k107,107,0.9310223909852352,2.852766209387348,0.9823040709599871
laplace,41041,SF_k108,108,0.9438729148535301,2.8725914579734293,0.9827933234509112
laplace,41041,SF_k109,109,0.957600953042881,3.5872464448715307,0.9937372292120428
laplace,41041,SF_k110,110,0.9731335699937322,3.529991912322825,0.9932090364310624
laplace,41042,SF_k106,106,0.9187206599719125,2.5611205961451984,0.9732700730559385
laplace,41042,SF_k107,107,0.9310223909852352,2.3700245472784385,0.9649759691689439
laplace,41042,SF_k108,108,0.9438729148535301,2.1761725148392683,0.9539290502348137
laplace,41042,SF_k109,109,0.957600953042881,2.0811188261905107,0.9473003502153043
laplace,41042,SF_k110,110,0.9731335699937322,2.327682017751703,0.9628146152659935
laplace,41043,SF_k106,106,0.9187206599719125,3.7036430554931945,0.9946877629332145
laplace,41043,SF_k107,107,0.9310223909852352,3.817854028345315,0.9954800798266024
laplace,41043,SF_k108,108,0.9438729148535301,3.717899267527333,0.9947937922518013
laplace,41043,SF_k109,109,0.957600953042881,4.991403162748507,0.9991402853688536
laplace,41043,SF_k110,110,0.9731335699937322,5.776700797912145,0.9997168372151419
laplace,41044,SF_k106,106,0.9187206599719125,3.563370167822292,0.993522148738724
laplace,41044,SF_k107,107,0.9310223909852352,3.3910025014487206,0.9917339765633544
laplace,41044,SF_k108,108,0.9438729148535301,3.238263744536413,0.9897409650802325
laplace,41044,SF_k109,109,0.957600953042881,3.788972244136477,0.9952916414510977
laplace,41044,SF_k110,110,0.9731335699937322,4.803886910301935,0.9988792106001558
laplace,41045,SF_k106,106,0.9187206599719125,3.7604805066069216,0.9950980516648809
laplace,41045,SF_k107,107,0.9310223909852352,3.7125633626170496,0.9947543570360919
laplace,41045,SF_k108,108,0.9438729148535301,3.516045631815605,0.993073768566852
laplace,41045,SF_k109,109,0.957600953042881,3.459451482953314,0.9924966313471382
laplace,41045,SF_k110,110,0.9731335699937322,3.335735901824682,0.991061995748947
laplace,41046,SF_k106,106,0.9187206599719125,3.1124459784381147,0.987743064204911
laplace,41046,SF_k107,107,0.9310223909852352,3.197501312791085,0.9891321862198119
laplace,41046,SF_k108,108,0.9438729148535301,3.195446496801826,0.9891005589798245
laplace,41046,SF_k109,109,0.957600953042881,3.2060650315188064,0.9892630117129213
laplace,41046,SF_k110,110,0.9731335699937322,4.469200144736687,0.9982007825482642
laplace,41047,SF_k106,106,0.9187206599719125,3.9534152677937486,0.9962686063761377
laplace,41047,SF_k107,107,0.9310223909852352,3.705795050629503,0.9947039055165465
laplace,41047,SF_k108,108,0.9438729148535301,3.8017162141809897,0.9953757386569728
laplace,41047,SF_k109,109,0.957600953042881,3.679686655628683,0.9945047037156074
laplace,41047,SF_k110,110,0.9731335699937322,5.1352049634511605,0.9992984907727285
laplace,41048,SF_k106,106,0.9187206599719125,3.423041254715189,0.9921001488936232
laplace,41048,SF_k107,107,0.9310223909852352,3.7256241265363808,0.9948503584468154
laplace,41048,SF_k108,108,0.9438729148535301,3.582560474264352,0.9936955882363792
laplace,41048,SF_k109,109,0.957600953042881,4.956022612742571,0.999096174633034
laplace,41048,SF_k110,110,0.9731335699937322,4.890455153543345,0.9990083576047382
laplace,41049,SF_k106,106,0.9187206599719125,2.4607355719183435,0.9691927620804086
laplace,41049,SF_k107,107,0.9310223909852352,2.5335615492969192,0.9722077230413155
laplace,41049,SF_k108,108,0.9438729148535301,2.6024477086858537,0.9747875370444095
laplace,41049,SF_k109,109,0.957600953042881,2.9362350696069557,0.9842743706942632
laplace,41049,SF_k110,110,0.9731335699937322,3.2752303073648705,0.9902635151085843
laplace,41050,SF_k106,106,0.9187206599719125,2.328738153896233,0.9628701139763969
laplace,41050,SF_k107,107,0.9310223909852352,2.6096203428860014,0.9750419903826235
laplace,41050,SF_k108,108,0.9438729148535301,2.907503439445874,0.983622237292189
laplace,41050,SF_k109,109,0.957600953042881,3.2496018603291636,0.9899041519437279
laplace,41050,SF_k110,110,0.9731335699937322,3.115742844006465,0.9878000788070842
laplace,41051,SF_k106,106,0.9187206599719125,3.091270352095654,0.9873704561150671
laplace,41051,SF_k107,107,0.9310223909852352,2.988270167292546,0.9853900459542291
laplace,41051,SF_k108,108,0.9438729148535301,2.833094129230366,0.9818048488556754
laplace,41051,SF_k109,109,0.957600953042881,2.8255045771310177,0.9816085039707652
laplace,41051,SF_k110,110,0.9731335699937322,4.0056723716851,0.9965344231962321
laplace,41052,SF_k106,106,0.9187206599719125,3.215789977642661,0.9894096683240217
laplace,41052,SF_k107,107,0.9310223909852352,3.078497846442762,0.9871402552170667
laplace,41052,SF_k108,108,0.9438729148535301,3.140488721591722,0.9882196423749292
laplace,41052,SF_k109,109,0.957600953042881,3.432227048315962,0.9922021095802389
laplace,41052,SF_k110,110,0.9731335699937322,4.154826887477794,0.9971934871181396
laplace,41053,SF_k106,106,0.9187206599719125,2.915971639485096,0.9838172050309633
laplace,41053,SF_k107,107,0.9310223909852352,3.806004413081457,0.9954036972994762
laplace,41053,SF_k108,108,0.9438729148535301,3.9205930252677215,0.9960913210592046
laplace,41053,SF_k109,109,0.957600953042881,3.899616107977127,0.9959736297366568
laplace,41053,SF_k110,110,0.9731335699937322,3.7017630647421513,0.9946736204517741
laplace,41054,SF_k106,106,0.9187206599719125,2.9634018653343297,0.9848670850387509
laplace,41054,SF_k107,107,0.9310223909852352,3.072795521129874,0.9870361310223159
laplace,41054,SF_k108,108,0.9438729148535301,2.943976760766595,0.9844456021807995
laplace,41054,SF_k109,109,0.957600953042881,3.0413062682353753,0.9864457695746274
laplace,41054,SF_k110,110,0.9731335699937322,3.005859542637117,0.9857489876371799
laplace,41055,SF_k106,106,0.9187206599719125,2.6458260092353765,0.9762877390734164
laplace,41055,SF_k107,107,0.9310223909852352,2.508525372587082,0.9712060678556214
laplace,41055,SF_k108,108,0.9438729148535301,2.5003368211702277,0.9708706855661613
laplace,41055,SF_k109,109,0.957600953042881,2.720602389830307,0.978667270673734
laplace,41055,SF_k110,110,0.9731335699937322,2.50475975921113,0.9710523201626606
laplace,41056,SF_k106,106,0.9187206599719125,3.1347949956061694,0.9881244023041453
laplace,41056,SF_k107,107,0.9310223909852352,3.2933288499554463,0.9905095602099361
laplace,41056,SF_k108,108,0.9438729148535301,3.4536607759340736,0.9924349317438754
laplace,41056,SF_k109,109,0.957600953042881,3.316044577230898,0.9908095944541728
laplace,41056,SF_k110,110,0.9731335699937322,3.9841950830889257,0.9964275467047174
laplace,41057,SF_k106,106,0.9187206599719125,2.349393504184343,0.9639390298201189
laplace,41057,SF_k107,107,0.9310223909852352,2.1899064960013535,0.9548152422517624
laplace,41057,SF_k108,108,0.9438729148535301,2.4711258464826047,0.9696421360535932
laplace,41057,SF_k109,109,0.957600953042881,2.6719810939839523,0.9771488058249329
laplace,41057,SF_k110,110,0.9731335699937322,2.71914117154105,0.9786231415476667
laplace,41058,SF_k106,106,0.9187206599719125,3.35421353218705,0.991292532327319
laplace,41058,SF_k107,107,0.9310223909852352,3.2624868865194205,0.9900864542748125
laplace,41058,SF_k108,108,0.9438729148535301,3.0468387673358426,0.9865514059114544
laplace,41058,SF_k109,109,0.957600953042881,3.0393090484408147,0.9864074315969862
laplace,41058,SF_k110,110,0.9731335699937322,3.243702697936733,0.9898195732441173
laplace,41059,SF_k106,106,0.9187206599719125,2.5693296518019717,0.973578596001194
laplace,41059,SF_k107,107,0.9310223909852352,2.567422347680774,0.9735072324115401
laplace,41059,SF_k108,108,0.9438729148535301,2.6398256849617012,0.9760856668395237
laplace,41059,SF_k109,109,0.957600953042881,2.9903173359450603,0.9854322825543427
laplace,41059,SF_k110,110,0.9731335699937322,3.665029204160914,0.9943896041869067
laplace,41060,SF_k106,106,0.9187206599719125,3.3658265105454754,0.9914343691868099
laplace,41060,SF_k107,107,0.9310223909852352,3.1511275427554586,0.9883955578212622
laplace,41060,SF_k108,108,0.9438729148535301,2.991065213986113,0.9854476820905556
laplace,41060,SF_k109,109,0.957600953042881,3.4880889793749414,0.99279444297336
laplace,41060,SF_k110,110,0.9731335699937322,3.2166344386632204,0.9894223082597489
laplace,41061,SF_k106,106,0.9187206599719125,2.7599677725384626,0.9798224333913559
laplace,41061,SF_k107,107,0.9310223909852352,2.877237472724169,0.9829060085787293
laplace,41061,SF_k108,108,0.9438729148535301,2.918365126100335,0.9838718895904723
laplace,41061,SF_k109,109,0.957600953042881,3.147110928937791,0.9883294529595785
laplace,41061,SF_k110,110,0.9731335699937322,3.8942967364760124,0.9959432262358339
laplace,41062,SF_k106,106,0.9187206599719125,3.1639873287306304,0.9886046943271103
laplace,41062,SF_k107,107,0.9310223909852352,3.263427432148549,0.9900996318371351
laplace,41062,SF_k108,108,0.9438729148535301,3.4118982870016725,0.9919746727414451
laplace,41062,SF_k109,109,0.957600953042881,3.3929048742162786,0.9917561852653676
laplace,41062,SF_k110,110,0.9731335699937322,3.312650172668553,0.9907653706508721
laplace,41063,SF_k106,106,0.9187206599719125,3.733333947147317,0.9949062017107588
laplace,41063,SF_k107,107,0.9310223909852352,3.534372089157127,0.9932509730696686
laplace,41063,SF_k108,108,0.9438729148535301,3.9595845410598156,0.9963010199493849
laplace,41063,SF_k109,109,0.957600953042881,3.8786294608469087,0.9958523376265509
laplace,41063,SF_k110,110,0.9731335699937322,3.8401109393276958,0.9956201332236487
laplace,41064,SF_k106,106,0.9187206599719125,2.7474158207171704,0.9794610606716647
laplace,41064,SF_k107,107,0.9310223909852352,2.65980612890608,0.9767519471950803
laplace,41064,SF_k108,108,0.9438729148535301,2.5541284718925477,0.9730044468581938
laplace,41064,SF_k109,109,0.957600953042881,3.2262117098842342,0.9895646098985176
laplace,41064,SF_k110,110,0.9731335699937322,3.330751853083699,0.9909987735934074
laplace,41065,SF_k106,106,0.9187206599719125,3.303148218988972,0.9906404401093025
laplace,41065,SF_k107,107,0.9310223909852352,3.232217978581903,0.9896528742365969
laplace,41065,SF_k108,108,0.9438729148535301,3.1858991329159365,0.9889523966077647
laplace,41065,SF_k109,109,0.957600953042881,3.0871365262564896,0.9872964061385068
laplace,41065,SF_k110,110,0.9731335699937322,3.0801037947683687,0.9871694285355281
laplace,41066,SF_k106,106,0.9187206599719125,3.23575786147649,0.9897045440629917
laplace,41066,SF_k107,107,0.9310223909852352,2.993509448986638,0.9854978978158822
laplace,41066,SF_k108,108,0.9438729148535301,3.0830818532655915,0.9872233522751976
laplace,41066,SF_k109,109,0.957600953042881,3.3295785530767055,0.9909838254891501
laplace,41066,SF_k110,110,0.9731335699937322,3.1948270192543764,0.9890910060839371
laplace,41067,SF_k106,106,0.9187206599719125,3.189067133416516,0.9890017816930259
laplace,41067,SF_k107,107,0.9310223909852352,3.119583831084654,0.9878661688242361
laplace,41067,SF_k108,108,0.9438729148535301,2.906224027730566,0.9835925771756899
laplace,41067,SF_k109,109,0.957600953042881,2.721931334732293,0.9787073260071499
laplace,41067,SF_k110,110,0.9731335699937322,2.44243376805654,0.9683849801619613
laplace,41068,SF_k106,106,0.9187206599719125,3.652424960719335,0.9942887017392339
laplace,41068,SF_k107,107,0.9310223909852352,3.4565103304086215,0.9924653567048078
laplace,41068,SF_k108,108,0.9438729148535301,3.2473390009921057,0.9898717917990536
laplace,41068,SF_k109,109,0.957600953042881,3.8254231863835026,0.9955282048525778
laplace,41068,SF_k110,110,0.9731335699937322,3.8654543206543717,0.9957743320035557
laplace,41069,SF_k106,106,0.9187206599719125,3.2076218346125835,0.9892866248217225
laplace,41069,SF_k107,107,0.9310223909852352,3.337906966349181,0.9910893964540379
laplace,41069,SF_k108,108,0.9438729148535301,3.2328748651562673,0.9896624820243822
laplace,41069,SF_k109,109,0.957600953042881,3.317457807691397,0.9908279441446539
laplace,41069,SF_k110,110,0.9731335699937322,3.387622146715404,0.9916943658737898
laplace,41070,SF_k106,106,0.9187206599719125,3.1331899300164974,0.9880974152018189
laplace,41070,SF_k107,107,0.9310223909852352,2.9068335758766706,0.9836067147925713
laplace,41070,SF_k108,108,0.9438729148535301,2.7639582194052625,0.9799359816451212
laplace,41070,SF_k109,109,0.957600953042881,2.5463453964492633,0.9727056673654118
laplace,41070,SF_k110,110,0.9731335699937322,2.5820390480639266,0.9740492466859629
laplace,41071,SF_k106,106,0.9187206599719125,2.7081570176350507,0.9782884821635764
laplace,41071,SF_k107,107,0.9310223909852352,2.689572927550238,0.9777102982281454
laplace,41071,SF_k108,108,0.9438729148535301,2.5656266982928755,0.9734398703427511
laplace,41071,SF_k109,109,0.957600953042881,2.6576762049600746,0.976681814597373
laplace,41071,SF_k110,110,0.9731335699937322,5.204761863214422,0.9993642116390977
laplace,41072,SF_k106,106,0.9187206599719125,3.6643470219704297,0.9943841889384561
laplace,41072,SF_k107,107,0.9310223909852352,3.54659716040323,0.9933666531916754
laplace,41072,SF_k108,108,0.9438729148535301,3.3818969547701236,0.9916268451334382
laplace,41072,SF_k109,109,0.957600953042881,3.293162636944876,0.9905073291183639
laplace,41072,SF_k110,110,0.9731335699937322,3.2158055187836774,0.989409901080988
laplace,41073,SF_k106,106,0.9187206599719125,3.255483833895354,0.989987784585183
laplace,41073,SF_k107,107,0.9310223909852352,3.180209742039057,0.9888631488763215
laplace,41073,SF_k108,108,0.9438729148535301,2.9981925113593584,0.9855936257222864
laplace,41073,SF_k109,109,0.957600953042881,3.0048095269281703,0.9857278099268818
laplace,41073,SF_k110,110,0.9731335699937322,3.005410407554602,0.9857399329046168
laplace,41074,SF_k106,106,0.9187206599719125,2.8767030303902494,0.9828930837896359
laplace,41074,SF_k107,107,0.9310223909852352,3.3239111016777354,0.9909112705961307
laplace,41074,SF_k108,108,0.9438729148535301,3.5637494843131647,0.9935256227499205
laplace,41074,SF_k109,109,0.957600953042881,3.42854674232118,0.9921614177953775
laplace,41074,SF_k110,110,0.9731335699937322,4.092440013989849,0.996934621330767
laplace,41075,SF_k106,106,0.9187206599719125,2.987625402454043,0.985376718008643
laplace,41075,SF_k107,107,0.9310223909852352,2.8765622430928155,0.9828896774069729
laplace,41075,SF_k108,108,0.9438729148535301,2.6780216754084893,0.9773431846462071
laplace,41075,SF_k109,109,0.957600953042881,2.4751527159966202,0.9698145283005497
laplace,41075,SF_k110,110,0.9731335699937322,2.413823754854916,0.9670795848143221
laplace,41076,SF_k106,106,0.9187206599719125,3.263328267182254,0.9900982433077836
laplace,41076,SF_k107,107,0.9310223909852352,3.4591723387849336,0.9924936686615304
laplace,41076,SF_k108,108,0.9438729148535301,3.2702311799907053,0.9901944358776531
laplace,41076,SF_k109,109,0.957600953042881,3.081944544565561,0.9872027858132792
laplace,41076,SF_k110,110,0.9731335699937322,2.8914809464827105,0.983246893410181
laplace,41077,SF_k106,106,0.9187206599719125,3.6525606682952056,0.9942897977435323
laplace,41077,SF_k107,107,0.9310223909852352,3.475578618739664,0.9926658255248706
laplace,41077,SF_k108,108,0.9438729148535301,4.359428713296602,0.9978986246300143
laplace,41077,SF_k109,109,0.957600953042881,4.213464478394178,0.9974168316992915
laplace,41077,SF_k110,110,0.9731335699937322,4.170349216241045,0.9972544240864103
laplace,41078,SF_k106,106,0.9187206599719125,3.8566470346787196,0.9957213705461303
laplace,41078,SF_k107,107,0.9310223909852352,3.8968853088235145,0.9959580500992689
laplace,41078,SF_k108,108,0.9438729148535301,3.778795083368241,0.9952233855444887
laplace,41078,SF_k109,109,0.957600953042881,3.9145779546514428,0.9960579296905832
laplace,41078,SF_k110,110,0.9731335699937322,6.536320125359987,0.9999032860175028
laplace,41079,SF_k106,106,0.9187206599719125,3.1290488394180924,0.9880275045529654
laplace,41079,SF_k107,107,0.9310223909852352,3.0329108077985314,0.9862838814037527
laplace,41079,SF_k108,108,0.9438729148535301,2.870970455598404,0.9827538328686822
laplace,41079,SF_k109,109,0.957600953042881,3.2081653087078883,0.9892948558344632
laplace,41079,SF_k110,110,0.9731335699937322,3.2870804144874604,0.9904253251505992
laplace,41080,SF_k106,106,0.9187206599719125,3.3260257998416947,0.9909384110629489
laplace,41080,SF_k107,107,0.9310223909852352,3.151723237897456,0.988405329752547
laplace,41080,SF_k108,108,0.9438729148535301,3.0689935600434897,0.9869662393590952
laplace,41080,SF_k109,109,0.957600953042881,3.2858736003035207,0.9904089701676912
laplace,41080,SF_k110,110,0.9731335699937322,4.09512325090069,0.996946231389233
laplace,41081,SF_k106,106,0.9187206599719125,3.3371587044397715,0.9910799622435218
laplace,41081,SF_k107,107,0.9310223909852352,3.088176973221741,0.9873150846417449
laplace,41081,SF_k108,108,0.9438729148535301,2.96182134301204,0.9848332221752185
laplace,41081,SF_k109,109,0.957600953042881,3.3079176457195514,0.9907033578000735
laplace,41081,SF_k110,110,0.9731335699937322,3.3663947591107015,0.9914412499752401
laplace,41082,SF_k106,106,0.9187206599719125,3.4723252411526473,0.9926320034554392
laplace,41082,SF_k107,107,0.9310223909852352,3.2775806746238865,0.9902958246906557
laplace,41082,SF_k108,108,0.9438729148535301,4.201895090627117,0.9973742193189099
laplace,41082,SF_k109,109,0.957600953042881,4.400833719810788,0.9980181385156153
laplace,41082,SF_k110,110,0.9731335699937322,5.713430952262036,0.9996903325382795
laplace,41083,SF_k106,106,0.9187206599719125,3.271589962795283,0.9902132602462812
laplace,41083,SF_k107,107,0.9310223909852352,3.096364451904985,0.9874611142317788
laplace,41083,SF_k108,108,0.9438729148535301,3.0833326852909204,0.9872278837323412
laplace,41083,SF_k109,109,0.957600953042881,3.3512110250821716,0.9912554801881797
laplace,41083,SF_k110,110,0.9731335699937322,4.494054148132966,0.9982629244989689
laplace,41084,SF_k106,106,0.9187206599719125,3.0721427500749106,0.9870241578013836
laplace,41084,SF_k107,107,0.9310223909852352,2.8532791262386317,0.9823169024718577
laplace,41084,SF_k108,108,0.9438729148535301,2.9285041721500518,0.9841014968821757
laplace,41084,SF_k109,109,0.957600953042881,3.2247376951232876,0.9895428338910492
laplace,41084,SF_k110,110,0.9731335699937322,2.9569297653309436,0.9847279386760317
laplace,41085,SF_k106,106,0.9187206599719125,2.563852981517405,0.9733731629032156
laplace,41085,SF_k107,107,0.9310223909852352,2.5154793348750406,0.9714878506981119
laplace,41085,SF_k108,108,0.9438729148535301,2.4167786687005397,0.9672168682086411
laplace,41085,SF_k109,109,0.957600953042881,2.2734703021401512,0.9598515937768064
laplace,41085,SF_k110,110,0.9731335699937322,2.2981484986445846,0.9612286138636386
laplace,41086,SF_k106,106,0.9187206599719125,3.3801813579551117,0.9916065053508463
laplace,41086,SF_k107,107,0.9310223909852352,3.1854322774883643,0.9889451002039711
laplace,41086,SF_k108,108,0.9438729148535301,3.2715394586122946,0.9902125612161483
laplace,41086,SF_k109,109,0.957600953042881,3.3365812784831093,0.9910726751334715
laplace,41086,SF_k110,110,0.9731335699937322,3.529892193994378,0.9932080786813913
laplace,41087,SF_k106,106,0.9187206599719125,3.5242969138439952,0.9931541215463215
laplace,41087,SF_k107,107,0.9310223909852352,3.8313796602911716,0.9955657158175901
laplace,41087,SF_k108,108,0.9438729148535301,3.839592096419781,0.9956169182965768
laplace,41087,SF_k109,109,0.957600953042881,3.6300062155977617,0.994104724559147
laplace,41087,SF_k110,110,0.9731335699937322,3.585368705955754,0.9937205761734185
laplace,41088,SF_k106,106,0.9187206599719125,3.6462167698782517,0.9942383374416155
laplace,41088,SF_k107,107,0.9310223909852352,3.4622552058503526,0.9925263237710884
laplace,41088,SF_k108,108,0.9438729148535301,3.2769820722223137,0.990287606126955
laplace,41088,SF_k109,109,0.957600953042881,3.174279967091916,0.9887693629040157
laplace,41088,SF_k110,110,0.9731335699937322,4.373055368549772,0.9979387325352043
laplace,41089,SF_k106,106,0.9187206599719125,2.900462945612278,0.9834583532859227
laplace,41089,SF_k107,107,0.9310223909852352,3.1635130707063364,0.9885970489077103
laplace,41089,SF_k108,108,0.9438729148535301,3.0443331102520763,0.9865036658235862
laplace,41089,SF_k109,109,0.957600953042881,2.9164425942275307,0.9838279796788267
laplace,41089,SF_k110,110,0.9731335699937322,4.299507546669466,0.9977127884886519
laplace,41090,SF_k106,106,0.9187206599719125,3.4338815463196872,0.9922203338606146
laplace,41090,SF_k107,107,0.9310223909852352,3.4888424188163056,0.9928021165803635
laplace,41090,SF_k108,108,0.9438729148535301,3.30561251120509,0.9906730017353722
laplace,41090,SF_k109,109,0.957600953042881,3.1775601239002964,0.988821339409206
laplace,41090,SF_k110,110,0.9731335699937322,3.4467272950620176,0.9923603881836913
laplace,41091,SF_k106,106,0.9187206599719125,2.996325895414167,0.9855555456281981
laplace,41091,SF_k107,107,0.9310223909852352,2.779182244853001,0.9803633433649372
laplace,41091,SF_k108,108,0.9438729148535301,2.582628134971582,0.9740708571178418
laplace,41091,SF_k109,109,0.957600953042881,2.751478630134008,0.9795787324722642
laplace,41091,SF_k110,110,0.9731335699937322,3.448310067707865,0.9923774694026006
laplace,41092,SF_k106,106,0.9187206599719125,3.3486949059431743,0.9912243088766377
laplace,41092,SF_k107,107,0.9310223909852352,3.145225143293065,0.9882982871956874
laplace,41092,SF_k108,108,0.9438729148535301,3.2697062369262992,0.9901871537045184
laplace,41092,SF_k109,109,0.957600953042881,4.2463539275148365,0.9975342304139707
laplace,41092,SF_k110,110,0.9731335699937322,4.452400092495421,0.9981575233296194
laplace,41093,SF_k106,106,0.9187206599719125,3.0115987317000914,0.9858641869732485
laplace,41093,SF_k107,107,0.9310223909852352,2.8472168668856237,0.982164647719526
laplace,41093,SF_k108,108,0.9438729148535301,2.9890437387482596,0.985406020434876
laplace,41093,SF_k109,109,0.957600953042881,2.770991534616813,0.9801345613712009
laplace,41093,SF_k110,110,0.9731335699937322,3.7016300033004335,0.9946726180537646
laplace,41094,SF_k106,106,0.9187206599719125,3.2308297202386065,0.9896325398343029
laplace,41094,SF_k107,107,0.9310223909852352,2.985218490589238,0.9853268571911256
laplace,41094,SF_k108,108,0.9438729148535301,2.8593691947747226,0.9824685469663166
laplace,41094,SF_k109,109,0.957600953042881,2.6376891727788334,0.9760133007810199
laplace,41094,SF_k110,110,0.9731335699937322,2.6732191068529767,0.9771887790260454
laplace,41095,SF_k106,106,0.9187206599719125,3.232197678316486,0.9896525771776234
laplace,41095,SF_k107,107,0.9310223909852352,2.9755615142376595,0.9851250910579246
laplace,41095,SF_k108,108,0.9438729148535301,3.0500077098777916,0.9866115417613313
laplace,41095,SF_k109,109,0.957600953042881,3.115350913816031,0.9877933148459097
laplace,41095,SF_k110,110,0.9731335699937322,2.931982165691075,0.9841795036668255
laplace,41096,SF_k106,106,0.9187206599719125,3.2378298281301574,0.9897346676866647
laplace,41096,SF_k107,107,0.9310223909852352,3.0735414704307806,0.9870497998065104
laplace,41096,SF_k108,108,0.9438729148535301,2.924273458273214,0.9840060888896902
laplace,41096,SF_k109,109,0.957600953042881,4.435254336652674,0.9981123013464557
laplace,41096,SF_k110,110,0.9731335699937322,4.649680412557584,0.9986060880053149
laplace,41097,SF_k106,106,0.9187206599719125,2.97568218000103,0.9851276292023072
laplace,41097,SF_k107,107,0.9310223909852352,3.096977314958853,0.9874719772170963
laplace,41097,SF_k108,108,0.9438729148535301,2.971652894419732,0.9850426404989303
laplace,41097,SF_k109,109,0.957600953042881,2.8512282137090468,0.9822655394637436
laplace,41097,SF_k110,110,0.9731335699937322,3.615647102629567,0.9939837862895902
laplace,41098,SF_k106,106,0.9187206599719125,2.8178055182370625,0.9814071611417907
laplace,41098,SF_k107,107,0.9310223909852352,3.0003403202520684,0.9856373181240412
laplace,41098,SF_k108,108,0.9438729148535301,2.8278069200334413,0.9816682893820579
laplace,41098,SF_k109,109,0.957600953042881,2.7652465062703127,0.979972503256417
laplace,41098,SF_k110,110,0.9731335699937322,2.8024248276686716,0.9809983070056614
laplace,41099,SF_k106,106,0.9187206599719125,3.636730306367267,0.994160518801479
laplace,41099,SF_k107,107,0.9310223909852352,3.858339793616341,0.995731601003732
laplace,41099,SF_k108,108,0.9438729148535301,3.699358915807869,0.9946554800466516
laplace,41099,SF_k109,109,0.957600953042881,3.6283622332991503,0.9940910024399165
laplace,41099,SF_k110,110,0.9731335699937322,3.6371156362133004,0.994163700093855
laplace,41100,SF_k106,106,0.9187206599719125,3.0618941298961575,0.9868347198328626
laplace,41100,SF_k107,107,0.9310223909852352,2.843996860428174,0.9820832443002065
laplace,41100,SF_k108,108,0.9438729148535301,2.807256377303486,0.9811277000265002
laplace,41100,SF_k109,109,0.957600953042881,3.048579148393206,0.986584465837884
laplace,41100,SF_k110,110,0.9731335699937322,3.2457108598547695,0.9898484443329427
laplace,41101,SF_k106,106,0.9187206599719125,3.450218845913926,0.9923980180671323
laplace,41101,SF_k107,107,0.9310223909852352,3.7127061122204146,0.9947554159113465
laplace,41101,SF_k108,108,0.9438729148535301,4.5564960501302565,0.9984097412036481
laplace,41101,SF_k109,109,0.957600953042881,4.419461658226352,0.9980696667362456
laplace,41101,SF_k110,110,0.9731335699937322,4.194964992967806,0.9973483584733343
laplace,41102,SF_k106,106,0.9187206599719125,3.0303392651570746,0.986233909039077
laplace,41102,SF_k107,107,0.9310223909852352,2.8119958870736217,0.9812537720131178
laplace,41102,SF_k108,108,0.9438729148535301,3.0298282232820344,0.9862239563813882
laplace,41102,SF_k109,109,0.957600953042881,2.962673880446234,0.984851497285177
laplace,41102,SF_k110,110,0.9731335699937322,3.179432727349895,0.988850904257266
laplace,41103,SF_k106,106,0.9187206599719125,2.907879971953258,0.983630956086325
laplace,41103,SF_k107,107,0.9310223909852352,3.116155262616243,0.987807192311944
laplace,41103,SF_k108,108,0.9438729148535301,3.0214509157733085,0.9860597768115849
laplace,41103,SF_k109,109,0.957600953042881,3.574240711336224,0.9936209729238652
laplace,41103,SF_k110,110,0.9731335699937322,3.290823984111887,0.9904758815145711
laplace,41104,SF_k106,106,0.9187206599719125,2.860507959366892,0.9824967578835169
laplace,41104,SF_k107,107,0.9310223909852352,3.139737720078042,0.9882071240871144
laplace,41104,SF_k108,108,0.9438729148535301,3.11822691121877,0.9878428619564068
laplace,41104,SF_k109,109,0.957600953042881,2.979931269787684,0.9852167310890223
laplace,41104,SF_k110,110,0.9731335699937322,3.835489571785264,0.9955914144183788
laplace,41105,SF_k106,106,0.9187206599719125,3.816930083198889,0.9954741699866645
laplace,41105,SF_k107,107,0.9310223909852352,3.674096981796566,0.9944610912886123
laplace,41105,SF_k108,108,0.9438729148535301,3.6336789013443775,0.9941352650140871
laplace,41105,SF_k109,109,0.957600953042881,3.9409167126527023,0.9962020653122172
laplace,41105,SF_k110,110,0.9731335699937322,3.937390824931583,0.9961830801552523
laplace,41106,SF_k106,106,0.9187206599719125,3.0778345172408024,0.9871281859698362
laplace,41106,SF_k107,107,0.9310223909852352,3.000341624461957,0.9856373446149971
laplace,41106,SF_k108,108,0.9438729148535301,2.832414944659898,0.9817873637981374
laplace,41106,SF_k109,109,0.957600953042881,3.6012650498584167,0.9938601678554011
laplace,41106,SF_k110,110,0.9731335699937322,3.676662797088318,0.9944811534116638
laplace,41107,SF_k106,106,0.9187206599719125,3.280072502887735,0.9903299617998851
laplace,41107,SF_k107,107,0.9310223909852352,3.1284109902221866,0.9880166998312876
laplace,41107,SF_k108,108,0.9438729148535301,3.0286822232030732,0.9862016115989622
laplace,41107,SF_k109,109,0.957600953042881,2.977669103341048,0.9851693609225562
laplace,41107,SF_k110,110,0.9731335699937322,2.7083621972473213,0.9782947812327956
laplace,41108,SF_k106,106,0.9187206599719125,3.3993047309638804,0.9918304614535509
laplace,41108,SF_k107,107,0.9310223909852352,3.413743297339581,0.9919955854404716
laplace,41108,SF_k108,108,0.9438729148535301,3.228839100541233,0.9896033126405714
laplace,41108,SF_k109,109,0.957600953042881,3.4059343711188377,0.9919066988677907
laplace,41108,SF_k110,110,0.9731335699937322,3.626898630308121,0.9940787590512623
laplace,41109,SF_k106,106,0.9187206599719125,2.9404204848897724,0.9843671768773872
laplace,41109,SF_k107,107,0.9310223909852352,2.957441998592321,0.98473899786144
laplace,41109,SF_k108,108,0.9438729148535301,3.0571778958267517,0.9867466170593944
laplace,41109,SF_k109,109,0.957600953042881,3.603972198701447,0.9938836291812068
laplace,41109,SF_k110,110,0.9731335699937322,4.08393439460793,0.9968975259610249
laplace,41110,SF_k106,106,0.9187206599719125,3.546334072950157,0.9933641847172445
laplace,41110,SF_k107,107,0.9310223909852352,3.4943970141812155,0.9928584372195797
laplace,41110,SF_k108,108,0.9438729148535301,3.7947935167317577,0.9953302440033025
laplace,41110,SF_k109,109,0.957600953042881,3.918187453926443,0.9960780011219073
laplace,41110,SF_k110,110,0.9731335699937322,4.228924663323855,0.9974726971526195
laplace,41111,SF_k106,106,0.9187206599719125,3.089500098251287,0.9873387982258082
laplace,41111,SF_k107,107,0.9310223909852352,2.8761606844347947,0.9828799578714533
laplace,41111,SF_k108,108,0.9438729148535301,2.9004281177836977,0.9834575385237969
laplace,41111,SF_k109,109,0.957600953042881,3.0192051718447708,0.986015432819006
laplace,41111,SF_k110,110,0.9731335699937322,2.913243891596532,0.9837546574240261
laplace,41112,SF_k106,106,0.9187206599719125,2.935331284766716,0.9842542582126832
laplace,41112,SF_k107,107,0.9310223909852352,2.75150695792447,0.9795795505634146
laplace,41112,SF_k108,108,0.9438729148535301,3.5717617338896535,0.9935985700611787
laplace,41112,SF_k109,109,0.957600953042881,3.630305734414713,0.9941072211721833
laplace,41112,SF_k110,110,0.9731335699937322,3.3453969395734737,0.991183283202685
laplace,41113,SF_k106,106,0.9187206599719125,2.989005981401073,0.9854052411400371
laplace,41113,SF_k107,107,0.9310223909852352,2.9306056079622396,0.9841486751713298
laplace,41113,SF_k108,108,0.9438729148535301,3.2100923013205596,0.9893239895541388
laplace,41113,SF_k109,109,0.957600953042881,3.136504071396998,0.9881530709419759
laplace,41113,SF_k110,110,0.9731335699937322,3.8068555241065867,0.9954092263237035
laplace,41114,SF_k106,106,0.9187206599719125,3.452418750264213,0.9924216321036401
laplace,41114,SF_k107,107,0.9310223909852352,3.4194541616480554,0.9920599717938361
laplace,41114,SF_k108,108,0.9438729148535301,3.905414463675068,0.9960065114278251
laplace,41114,SF_k109,109,0.957600953042881,3.8894648166596686,0.9959154098823177
laplace,41114,SF_k110,110,0.9731335699937322,4.245880311906641,0.9975325783040179
laplace,41115,SF_k106,106,0.9187206599719125,2.40470477248173,0.9666522876023564
laplace,41115,SF_k107,107,0.9310223909852352,2.4303968054757012,0.9678421961179255
laplace,41115,SF_k108,108,0.9438729148535301,2.3651812184851693,0.9647352485584764
laplace,41115,SF_k109,109,0.957600953042881,2.5535354884561987,0.9729817987513847
laplace,41115,SF_k110,110,0.9731335699937322,3.3356250787667685,0.9910605948083602
laplace,41116,SF_k106,106,0.9187206599719125,3.143346555757171,0.9882671576417679
laplace,41116,SF_k107,107,0.9310223909852352,2.9310705575654716,0.9841590945943464
laplace,41116,SF_k108,108,0.9438729148535301,3.0272678707957015,0.9861739844921489
laplace,41116,SF_k109,109,0.957600953042881,2.9968721384339294,0.985566699722275
laplace,41116,SF_k110,110,0.9731335699937322,2.769026785822885,0.9800792870157682
laplace,41117,SF_k106,106,0.9187206599719125,3.6212263432023164,0.9940310688650529
laplace,41117,SF_k107,107,0.9310223909852352,3.534162503365821,0.9932489723678843
laplace,41117,SF_k108,108,0.9438729148535301,3.435237839014131,0.9922352416393869
laplace,41117,SF_k109,109,0.957600953042881,3.843915621895887,0.9956436363946957
laplace,41117,SF_k110,110,0.9731335699937322,4.7642760359015455,0.9988146341108766
laplace,41118,SF_k106,106,0.9187206599719125,2.661437153230566,0.976805509744509
laplace,41118,SF_k107,107,0.9310223909852352,2.8500191880146684,0.9822351907809481
laplace,41118,SF_k108,108,0.9438729148535301,3.02772626135924,0.986182944470192
laplace,41118,SF_k109,109,0.957600953042881,3.4989997381165665,0.9929047723604691
laplace,41118,SF_k110,110,0.9731335699937322,4.339985312876847,0.9978400411102071
laplace,41119,SF_k106,106,0.9187206599719125,4.106545307939331,0.9969951633413279
laplace,41119,SF_k107,107,0.9310223909852352,3.895675458142689,0.9959511284548248
laplace,41119,SF_k108,108,0.9438729148535301,3.77574807214247,0.9952027581064511
laplace,41119,SF_k109,109,0.957600953042881,3.5695690922660703,0.9935786892927512
laplace,41119,SF_k110,110,0.9731335699937322,4.735816332206827,0.9987659522832788
laplace,41120,SF_k106,106,0.9187206599719125,2.5804710458622857,0.9739916373000199
laplace,41120,SF_k107,107,0.9310223909852352,3.0334529850731498,0.9862943942678835
laplace,41120,SF_k108,108,0.9438729148535301,3.7456882751058136,0.9949944258578438
laplace,41120,SF_k109,109,0.957600953042881,3.558335516842968,0.9934758613842074
laplace,41120,SF_k110,110,0.9731335699937322,4.533645250472284,0.9983575111568088
laplace,41121,SF_k106,106,0.9187206599719125,3.274776193842938,0.9902572601982502
laplace,41121,SF_k107,107,0.9310223909852352,3.321068643139423,0.9908746617955568
laplace,41121,SF_k108,108,0.9438729148535301,3.2090362709024207,0.9893080335274069
laplace,41121,SF_k109,109,0.957600953042881,3.742904708989398,0.9949746822948138
laplace,41121,SF_k110,110,0.9731335699937322,3.584371872112082,0.9937117176013037
laplace,41122,SF_k106,106,0.9187206599719125,3.7370701776001694,0.9949330454822713
laplace,41122,SF_k107,107,0.9310223909852352,3.6562653215365284,0.9943196362360534
laplace,41122,SF_k108,108,0.9438729148535301,3.497291484399577,0.9928876107356428
laplace,41122,SF_k109,109,0.957600953042881,3.3475116127345466,0.9912096110835209
laplace,41122,SF_k110,110,0.9731335699937322,3.8778626612153313,0.995847837385365
laplace,41123,SF_k106,106,0.9187206599719125,3.491437257018941,0.9928284819265127
laplace,41123,SF_k107,107,0.9310223909852352,3.3927941208414305,0.991754893944403
laplace,41123,SF_k108,108,0.9438729148535301,3.983024590291242,0.9964216282299212
laplace,41123,SF_k109,109,0.957600953042881,3.8994368622722333,0.9959726089558121
laplace,41123,SF_k110,110,0.9731335699937322,4.559422048576215,0.9984163080771864
laplace,41124,SF_k106,106,0.9187206599719125,2.1559796732107284,0.9525944369884773
laplace,41124,SF_k107,107,0.9310223909852352,2.0818826357767386,0.9473572451092895
laplace,41124,SF_k108,108,0.9438729148535301,2.551572758312869,0.9729066996221025
laplace,41124,SF_k109,109,0.957600953042881,3.884515561662779,0.9958867203098594
laplace,41124,SF_k110,110,0.9731335699937322,3.6519635391377863,0.9942849736229586
laplace,41125,SF_k106,106,0.9187206599719125,3.8015486069119375,0.995374642426955
laplace,41125,SF_k107,107,0.9310223909852352,3.632248658232378,0.9941233905902596
laplace,41125,SF_k108,108,0.9438729148535301,3.621065602767576,0.994029711845617
laplace,41125,SF_k109,109,0.957600953042881,3.7032320312412152,0.9946846741592927
laplace,41125,SF_k110,110,0.9731335699937322,4.216384472291519,0.9974274768850522
laplace,41126,SF_k106,106,0.9187206599719125,3.4627663080600826,0.9925317238497959
laplace,41126,SF_k107,107,0.9310223909852352,3.3130930597367656,0.9907711528289922
laplace,41126,SF_k108,108,0.9438729148535301,3.538174920142724,0.9932871720123033
laplace,41126,SF_k109,109,0.957600953042881,3.883447438867014,0.9958805022846748
laplace,41126,SF_k110,110,0.9731335699937322,3.610165208018848,0.9939369639110687
laplace,41127,SF_k106,106,0.9187206599719125,3.707182181692464,0.9947142846790475
laplace,41127,SF_k107,107,0.9310223909852352,3.616038168439128,0.9939871126401172
laplace,41127,SF_k108,108,0.9438729148535301,3.5984389999409325,0.9938355800666758
laplace,41127,SF_k109,109,0.957600953042881,3.540060556853438,0.9933050492166733
laplace,41127,SF_k110,110,0.9731335699937322,5.900440739428528,0.999762295753233
laplace,41128,SF_k106,106,0.9187206599719125,3.272695747567791,0.9902285529441592
laplace,41128,SF_k107,107,0.9310223909852352,3.180320967377054,0.9888649005249368
laplace,41128,SF_k108,108,0.9438729148535301,3.161557863353625,0.9885654751952742
laplace,41128,SF_k109,109,0.957600953042881,3.0337517999491146,0.9863001848694812
laplace,41128,SF_k110,110,0.9731335699937322,3.7036223663512104,0.9946876075009126
laplace,41129,SF_k106,106,0.9187206599719125,3.723283142272718,0.9948332815250063
laplace,41129,SF_k107,107,0.9310223909852352,3.726229689949381,0.9948547666913286
laplace,41129,SF_k108,108,0.9438729148535301,3.6235633241858265,0.9940507635606546
laplace,41129,SF_k109,109,0.957600953042881,3.9197441414417598,0.9960866258605976
laplace,41129,SF_k110,110,0.9731335699937322,7.883059629618815,0.9999856006838372
laplace,41130,SF_k106,106,0.9187206599719125,3.0813297180381105,0.9871916538476597
laplace,41130,SF_k107,107,0.9310223909852352,3.064784624704897,0.9868884267161417
laplace,41130,SF_k108,108,0.9438729148535301,3.150696422100455,0.9883884804741252
laplace,41130,SF_k109,109,0.957600953042881,3.894291974220985,0.9959431989139966
laplace,41130,SF_k110,110,0.9731335699937322,7.239736032519251,0.9999642347170543
laplace,41131,SF_k106,106,0.9187206599719125,3.300898580556813,0.9906106155401433
laplace,41131,SF_k107,107,0.9310223909852352,3.318569773042388,0.9908423563855253
laplace,41131,SF_k108,108,0.9438729148535301,3.2016337657482605,0.9891955143516735
laplace,41131,SF_k109,109,0.957600953042881,3.0304303824055414,0.9862356828129277
laplace,41131,SF_k110,110,0.9731335699937322,3.160571371441554,0.9885495116397449
laplace,41132,SF_k106,106,0.9187206599719125,3.04668511398707,0.9865484832325826
laplace,41132,SF_k107,107,0.9310223909852352,3.0978070963918567,0.9874866700808178
laplace,41132,SF_k108,108,0.9438729148535301,3.000796778799106,0.9856465866722908
laplace,41132,SF_k109,109,0.957600953042881,2.884473030774626,0.9830800330890046
laplace,41132,SF_k110,110,0.9731335699937322,2.715347311032101,0.978508139433182
laplace,41133,SF_k106,106,0.9187206599719125,3.2333333944579143,0.9896691833013211
laplace,41133,SF_k107,107,0.9310223909852352,3.099546899094336,0.9875174206899522
laplace,41133,SF_k108,108,0.9438729148535301,3.0042574760506797,0.985716663022776
laplace,41133,SF_k109,109,0.957600953042881,3.164317489305039,0.988610013753491
laplace,41133,SF_k110,110,0.9731335699937322,4.191951491796573,0.9973370337675806
laplace,41134,SF_k106,106,0.9187206599719125,2.6595772381594025,0.9767444205730091
laplace,41134,SF_k107,107,0.9310223909852352,2.527347061901624,0.9719623910076312
laplace,41134,SF_k108,108,0.9438729148535301,2.5667304127256267,0.9734812953899425
laplace,41134,SF_k109,109,0.957600953042881,2.4235957624106272,0.9675314060518545
laplace,41134,SF_k110,110,0.9731335699937322,2.729113628817093,0.9789225073552652
laplace,41135,SF_k106,106,0.9187206599719125,3.3804817865259524,0.9916100707387887
laplace,41135,SF_k107,107,0.9310223909852352,3.2762809283793217,0.9902779708602008
laplace,41135,SF_k108,108,0.9438729148535301,3.2863564442450164,0.9904155171136602
laplace,41135,SF_k109,109,0.957600953042881,3.151552791353475,0.9884025345457523
laplace,41135,SF_k110,110,0.9731335699937322,3.134881169798711,0.988125849479754
laplace,41136,SF_k106,106,0.9187206599719125,2.5475869832451465,0.9727535505842089
laplace,41136,SF_k107,107,0.9310223909852352,2.7001687797908365,0.9780418148473216
laplace,41136,SF_k108,108,0.9438729148535301,2.6345053957498092,0.9759050561876585
laplace,41136,SF_k109,109,0.957600953042881,2.4545970948716636,0.9689241566175222
laplace,41136,SF_k110,110,0.9731335699937322,2.500069904828105,0.970859687852794
laplace,41137,SF_k106,106,0.9187206599719125,3.251321193295081,0.9899286702184251
laplace,41137,SF_k107,107,0.9310223909852352,3.186759843365382,0.9889658358832718
laplace,41137,SF_k108,108,0.9438729148535301,3.425203689760585,0.9921242708804736
laplace,41137,SF_k109,109,0.957600953042881,4.145282076043418,0.9971553468423908
laplace,41137,SF_k110,110,0.9731335699937322,4.022556807299396,0.9966161947607213
laplace,41138,SF_k106,106,0.9187206599719125,3.347613492308014,0.991210877506902
laplace,41138,SF_k107,107,0.9310223909852352,3.261423838499189,0.9900715392702701
laplace,41138,SF_k108,108,0.9438729148535301,3.080264561436877,0.9871723453421728
laplace,41138,SF_k109,109,0.957600953042881,3.3521165996626863,0.9912666719155361
laplace,41138,SF_k110,110,0.9731335699937322,3.2524322896419107,0.9899444831492017
laplace,41139,SF_k106,106,0.9187206599719125,3.0400474047339334,0.9864216174606557
laplace,41139,SF_k107,107,0.9310223909852352,3.176227684823851,0.988800255002972
laplace,41139,SF_k108,108,0.9438729148535301,3.5130807212050645,0.9930446657905394
laplace,41139,SF_k109,109,0.957600953042881,3.3136840319283607,0.9907788627162424
laplace,41139,SF_k110,110,0.9731335699937322,3.3374946884972854,0.9910841996213215
laplace,41140,SF_k106,106,0.9187206599719125,3.6241071922812305,0.9940553376306149
laplace,41140,SF_k107,107,0.9310223909852352,3.5439932676725494,0.9933421811235803
laplace,41140,SF_k108,108,0.9438729148535301,3.4931202046029743,0.9928455301828509
laplace,41140,SF_k109,109,0.957600953042881,3.4011307546785052,0.9918515311510232
laplace,41140,SF_k110,110,0.9731335699937322,3.3709268705607776,0.9914959307786249
laplace,41141,SF_k106,106,0.9187206599719125,3.5365481314224185,0.9932717105224562
laplace,41141,SF_k107,107,0.9310223909852352,3.400011287758361,0.9918386205607819
laplace,41141,SF_k108,108,0.9438729148535301,3.244939035558212,0.9898373576127444
laplace,41141,SF_k109,109,0.957600953042881,3.1158944408671503,0.9878026940719391
laplace,41141,SF_k110,110,0.9731335699937322,2.989677634048711,0.9854190975399615
laplace,41142,SF_k106,106,0.9187206599719125,3.4480693663363904,0.9923748742275422
laplace,41142,SF_k107,107,0.9310223909852352,3.254646008108134,0.9899759144347868
laplace,41142,SF_k108,108,0.9438729148535301,3.7401894509357003,0.9949553482048885
laplace,41142,SF_k109,109,0.957600953042881,3.8863830949726443,0.9958975695223771
laplace,41142,SF_k110,110,0.9731335699937322,5.351263061295042,0.9994831866620539
laplace,41143,SF_k106,106,0.9187206599719125,3.0824600196325673,0.9872121114782988
laplace,41143,SF_k107,107,0.9310223909852352,3.200428880577882,0.9891770881925299
laplace,41143,SF_k108,108,0.9438729148535301,3.36996653810652,0.9914843734267822
laplace,41143,SF_k109,109,0.957600953042881,3.281414922433119,0.9903483026420066
laplace,41143,SF_k110,110,0.9731335699937322,3.7751268144824075,0.9951985414407665
laplace,41144,SF_k106,106,0.9187206599719125,3.3835789492169392,0.9916467386817827
laplace,41144,SF_k107,107,0.9310223909852352,3.155442662277854,0.98846615829724
laplace,41144,SF_k108,108,0.9438729148535301,3.0145775313063035,0.9859236110758138
laplace,41144,SF_k109,109,0.957600953042881,2.9048664633378647,0.9835610465367772
laplace,41144,SF_k110,110,0.9731335699937322,3.3210461911497244,0.9908743720440545
laplace,41145,SF_k106,106,0.9187206599719125,3.1207248395830014,0.9878857325459667
laplace,41145,SF_k107,107,0.9310223909852352,2.927489377168676,0.9840786639746237
laplace,41145,SF_k108,108,0.9438729148535301,2.7936274035754383,0.9807604219018102
laplace,41145,SF_k109,109,0.957600953042881,3.1096897403048502,0.9876951945450954
laplace,41145,SF_k110,110,0.9731335699937322,3.2149704842148754,0.9893973876636946
laplace,41146,SF_k106,106,0.9187206599719125,3.6750028593813795,0.9944681826653801
laplace,41146,SF_k107,107,0.9310223909852352,3.7853412120140466,0.9952674015883396
laplace,41146,SF_k108,108,0.9438729148535301,3.810473878356605,0.9954326578871966
laplace,41146,SF_k109,109,0.957600953042881,3.743573484490699,0.9949794329500834
laplace,41146,SF_k110,110,0.9731335699937322,3.9864883106546127,0.9964391138094615
laplace,41147,SF_k106,106,0.9187206599719125,3.1792083812531473,0.9888473663857429
laplace,41147,SF_k107,107,0.9310223909852352,3.3934871787814664,0.9917629712771103
laplace,41147,SF_k108,108,0.9438729148535301,3.3338733429216574,0.9910384215103702
laplace,41147,SF_k109,109,0.957600953042881,3.485302433177107,0.9927659914965639
laplace,41147,SF_k110,110,0.9731335699937322,4.65674107224148,0.9986199373479727
laplace,41148,SF_k106,106,0.9187206599719125,2.330221186956369,0.9629479058260151
laplace,41148,SF_k107,107,0.9310223909852352,2.3590025245774293,0.9644257552109392
laplace,41148,SF_k108,108,0.9438729148535301,2.3159167532059883,0.9621907267250998
laplace,41148,SF_k109,109,0.957600953042881,2.5484402317915045,0.9727864083833726
laplace,41148,SF_k110,110,0.9731335699937322,2.4099762638590305,0.9668999708967314
laplace,41149,SF_k106,106,0.9187206599719125,3.0355627613593814,0.9863352263854563
laplace,41149,SF_k107,107,0.9310223909852352,2.97598667482268,0.9851340321744015
laplace,41149,SF_k108,108,0.9438729148535301,3.549743606626158,0.9933961043325599
laplace,41149,SF_k109,109,0.957600953042881,3.5533014803764815,0.9934292489946694
laplace,41149,SF_k110,110,0.9731335699937322,4.946288709697278,0.9990836467070596
normal,40000,SF_k106,106,0.9187206599719125,2.398762991494733,0.9835494413916988
normal,40000,SF_k107,107,0.9310223909852352,2.4320848855926034,0.9849878114073702
normal,40000,SF_k108,108,0.9438729148535301,2.3102997411032837,0.9791284347390614
normal,40000,SF_k109,109,0.957600953042881,2.64073666396448,0.9917274008134378
normal,40000,SF_k110,110,0.9731335699937322,3.4854390735498217,0.9995086699017399
normal,40001,SF_k106,106,0.9187206599719125,2.9727928436164723,0.9970489645081753
normal,40001,SF_k107,107,0.9310223909852352,2.8195878341256284,0.9951914630962404
normal,40001,SF_k108,108,0.9438729148535301,2.8443601647917083,0.9955499285809759
normal,40001,SF_k109,109,0.957600953042881,2.6831054872792626,0.9927058021255974
normal,40001,SF_k110,110,0.9731335699937322,2.5087180270401204,0.9878829834482108
normal,40002,SF_k106,106,0.9187206599719125,3.125720372327174,0.9982262988060682
normal,40002,SF_k107,107,0.9310223909852352,2.958309145664673,0.9969066827305211
normal,40002,SF_k108,108,0.9438729148535301,2.7427002825099946,0.9939063723551693
normal,40002,SF_k109,109,0.957600953042881,2.60928274222405,0.9909267760041132
normal,40002,SF_k110,110,0.9731335699937322,2.798900576514888,0.9948723076589698
normal,40003,SF_k106,106,0.9187206599719125,2.3698766408591303,0.9822059789217459
normal,40003,SF_k107,107,0.9310223909852352,2.2056219277998457,0.9725895175611892
normal,40003,SF_k108,108,0.9438729148535301,2.268157647955098,0.9766804002302467
normal,40003,SF_k109,109,0.957600953042881,2.112663520051919,0.9653704222442689
normal,40003,SF_k110,110,0.9731335699937322,2.4762706049629233,0.9867237090078194
normal,40004,SF_k106,106,0.9187206599719125,2.8364273398435063,0.9954378642228625
normal,40004,SF_k107,107,0.9310223909852352,2.6208942956264156,0.9912300550518147
normal,40004,SF_k108,108,0.9438729148535301,2.659800908231888,0.9921813146442189
normal,40004,SF_k109,109,0.957600953042881,2.710226594550912,0.9932762743941959
normal,40004,SF_k110,110,0.9731335699937322,2.891445225433939,0.9961652556762512
normal,40005,SF_k106,106,0.9187206599719125,2.9845870195984534,0.9971603858123019
normal,40005,SF_k107,107,0.9310223909852352,2.8608778438384688,0.9957753020155227
normal,40005,SF_k108,108,0.9438729148535301,2.7126094216964676,0.9933244262307872
normal,40005,SF_k109,109,0.957600953042881,2.928011473829394,0.9965886254400065
normal,40005,SF_k110,110,0.9731335699937322,3.7619495115780617,0.9998314059140148
normal,40006,SF_k106,106,0.9187206599719125,2.8101841791225284,0.9950486843411568
normal,40006,SF_k107,107,0.9310223909852352,2.9869965819623276,0.9971826712766181
normal,40006,SF_k108,108,0.9438729148535301,2.785729917905239,0.9946592650142567
normal,40006,SF_k109,109,0.957600953042881,2.898738210175796,0.9962533241963927
normal,40006,SF_k110,110,0.9731335699937322,2.779529547299678,0.9945562299171662
normal,40007,SF_k106,106,0.9187206599719125,2.6313325611039855,0.9914949234925641
normal,40007,SF_k107,107,0.9310223909852352,2.6948965057325793,0.9929589502864697
normal,40007,SF_k108,108,0.9438729148535301,2.656475660669675,0.9921037849295911
normal,40007,SF_k109,109,0.957600953042881,2.570467650108705,0.989843868824493
normal,40007,SF_k110,110,0.9731335699937322,3.5990321540204744,0.9996805963003621
normal,40008,SF_k106,106,0.9187206599719125,2.8772427403605474,0.9959883313173192
normal,40008,SF_k107,107,0.9310223909852352,2.652012219615234,0.9919986353921819
normal,40008,SF_k108,108,0.9438729148535301,2.4609319420876568,0.9861423349513736
normal,40008,SF_k109,109,0.957600953042881,2.613926575483315,0.991049173005081
normal,40008,SF_k110,110,0.9731335699937322,2.381701769122018,0.9827671526837605
normal,40009,SF_k106,106,0.9187206599719125,2.828317201997762,0.9953206583839431
normal,40009,SF_k107,107,0.9310223909852352,2.671201604214254,0.9924419762193908
normal,40009,SF_k108,108,0.9438729148535301,2.5178015729709586,0.9881910172214079
normal,40009,SF_k109,109,0.957600953042881,2.5612400615003077,0.9895700741424716
normal,40009,SF_k110,110,0.9731335699937322,2.52741941529053,0.988509580997772
normal,40010,SF_k106,106,0.9187206599719125,3.2211794825713165,0.9987233582957715
normal,40010,SF_k107,107,0.9310223909852352,3.09450009498555,0.9980285512842428
normal,40010,SF_k108,108,0.9438729148535301,3.2691846174363244,0.9989214209769639
normal,40010,SF_k109,109,0.957600953042881,3.2789391254802687,0.9989580188978453
normal,40010,SF_k110,110,0.9731335699937322,3.18448286033166,0.9985498710184377
normal,40011,SF_k106,106,0.9187206599719125,3.050436301765431,0.9977149085387573
normal,40011,SF_k107,107,0.9310223909852352,2.8246817913107427,0.9952672407904073
normal,40011,SF_k108,108,0.9438729148535301,2.681964267025849,0.9926808722809324
normal,40011,SF_k109,109,0.957600953042881,2.9624204910113674,0.9969476937080473
normal,40011,SF_k110,110,0.9731335699937322,2.859822101261048,0.9957612128279936
normal,40012,SF_k106,106,0.9187206599719125,2.9443867173011466,0.9967640461525602
normal,40012,SF_k107,107,0.9310223909852352,2.9368656428038187,0.9966845228734307
normal,40012,SF_k108,108,0.9438729148535301,2.806915070183609,0.9949981572854967
normal,40012,SF_k109,109,0.957600953042881,2.594852038716463,0.9905368352676138
normal,40012,SF_k110,110,0.9731335699937322,2.679916981548561,0.9926359578812165
normal,40013,SF_k106,106,0.9187206599719125,3.2523180234663847,0.9988553213243971
normal,40013,SF_k107,107,0.9310223909852352,3.2953251557520034,0.9990169214207532
normal,40013,SF_k108,108,0.9438729148535301,3.2048037797645814,0.9986484541540455
normal,40013,SF_k109,109,0.957600953042881,3.1583275531952086,0.9984132284241685
normal,40013,SF_k110,110,0.9731335699937322,2.909066132940771,0.9963748983292899
normal,40014,SF_k106,106,0.9187206599719125,3.1000515293316413,0.9980651302206793
normal,40014,SF_k107,107,0.9310223909852352,2.933383101878345,0.9966471011112288
normal,40014,SF_k108,108,0.9438729148535301,2.754928336987089,0.9941295007963946
normal,40014,SF_k109,109,0.957600953042881,3.020267091121374,0.9974744813472158
normal,40014,SF_k110,110,0.9731335699937322,3.0584576062962023,0.9977752044459818
normal,40015,SF_k106,106,0.9187206599719125,2.910597096699977,0.9963926113869297
normal,40015,SF_k107,107,0.9310223909852352,2.8300538507595983,0.9953459829950102
normal,40015,SF_k108,108,0.9438729148535301,2.8550169481687617,0.9956965467639014
normal,40015,SF_k109,109,0.957600953042881,2.7086119971475826,0.9932434696286958
normal,40015,SF_k110,110,0.9731335699937322,3.0045843856433962,0.9973405602498966
normal,40016,SF_k106,106,0.9187206599719125,3.6307687343639685,0.9997174216937785
normal,40016,SF_k107,107,0.9310223909852352,3.3970181932659393,0.9993187556246244
normal,40016,SF_k108,108,0.9438729148535301,3.315689497824457,0.9990858266126317
normal,40016,SF_k109,109,0.957600953042881,3.1229815885770953,0.9982097105318202
normal,40016,SF_k110,110,0.9731335699937322,2.9965014435219604,0.9972690305496088
normal,40017,SF_k106,106,0.9187206599719125,2.5793927676302864,0.9901025818191236
normal,40017,SF_k107,107,0.9310223909852352,2.708388807307127,0.9932389236449137
normal,40017,SF_k108,108,0.9438729148535301,2.5040479568647758,0.9877218609436662
normal,40017,SF_k109,109,0.957600953042881,2.4010895449928507,0.9836536640900904
normal,40017,SF_k110,110,0.9731335699937322,2.992951646333797,0.9972370647988005
normal,40018,SF_k106,106,0.9187206599719125,3.1846875311476674,0.9985508961491636
normal,40018,SF_k107,107,0.9310223909852352,3.050330208832334,0.9977141011055266
normal,40018,SF_k108,108,0.9438729148535301,2.9532624432418877,0.9968556548403338
normal,40018,SF_k109,109,0.957600953042881,2.923473127150451,0.9965384989712096
normal,40018,SF_k110,110,0.9731335699937322,2.863025836654076,0.9958038365466606
normal,40019,SF_k106,106,0.9187206599719125,3.2715979021581196,0.9989305844527341
normal,40019,SF_k107,107,0.9310223909852352,3.147542606313551,0.9983535089120019
normal,40019,SF_k108,108,0.9438729148535301,2.9520507404416914,0.9968432894611419
normal,40019,SF_k109,109,0.957600953042881,3.426678441390304,0.9993889878424957
normal,40019,SF_k110,110,0.9731335699937322,3.5673135926063244,0.9996393402299262
normal,40020,SF_k106,106,0.9187206599719125,2.7131266980517683,0.9933348382354106
normal,40020,SF_k107,107,0.9310223909852352,2.8232746460109666,0.9952464168968935
normal,40020,SF_k108,108,0.9438729148535301,2.63042160946383,0.9914720965496588
normal,40020,SF_k109,109,0.957600953042881,2.5205248015109216,0.9882820019919627
normal,40020,SF_k110,110,0.9731335699937322,2.5816859821696543,0.9901681000210407
normal,40021,SF_k106,106,0.9187206599719125,3.0620010738467434,0.9978013733615452
normal,40021,SF_k107,107,0.9310223909852352,2.9058784609530184,0.9963377633126504
normal,40021,SF_k108,108,0.9438729148535301,2.808553625228158,0.9950235406341901
normal,40021,SF_k109,109,0.957600953042881,2.6200654874332177,0.9912087117034016
normal,40021,SF_k110,110,0.9731335699937322,2.5394972891307197,0.988898809437091
normal,40022,SF_k106,106,0.9187206599719125,3.29428243758301,0.9990132670304368
normal,40022,SF_k107,107,0.9310223909852352,3.130951036056233,0.9982575879119429
normal,40022,SF_k108,108,0.9438729148535301,2.9221667457993745,0.996523946115258
normal,40022,SF_k109,109,0.957600953042881,2.734781362324714,0.9937578277741723
normal,40022,SF_k110,110,0.9731335699937322,2.5374111009080837,0.9888324272570703
normal,40023,SF_k106,106,0.9187206599719125,2.9173917417548343,0.9964702784609101
normal,40023,SF_k107,107,0.9310223909852352,2.7907825310686936,0.9947419212536452
normal,40023,SF_k108,108,0.9438729148535301,2.6042470863326797,0.9907923650169659
normal,40023,SF_k109,109,0.957600953042881,2.4822802389784178,0.9869455436419736
normal,40023,SF_k110,110,0.9731335699937322,2.6059677495416596,0.9908384912628856
normal,40024,SF_k106,106,0.9187206599719125,2.9923367250800013,0.9972314928582942
normal,40024,SF_k107,107,0.9310223909852352,2.8345571108359233,0.9954110745155116
normal,40024,SF_k108,108,0.9438729148535301,2.9846011157012957,0.9971605166504982
normal,40024,SF_k109,109,0.957600953042881,3.107127553538304,0.9981108513304453
normal,40024,SF_k110,110,0.9731335699937322,2.962373812497783,0.9969472308828455
normal,40025,SF_k106,106,0.9187206599719125,3.267172192061981,0.9989137241268744
normal,40025,SF_k107,107,0.9310223909852352,3.0847641397960563,0.9979628636875477
normal,40025,SF_k108,108,0.9438729148535301,2.9026994771544956,0.9963003853448478
normal,40025,SF_k109,109,0.957600953042881,2.675792294019251,0.9925447167462549
normal,40025,SF_k110,110,0.9731335699937322,3.139877598406433,0.9983098156190158
normal,40026,SF_k106,106,0.9187206599719125,3.2534749955426823,0.9988599724205485
normal,40026,SF_k107,107,0.9310223909852352,3.230702482563848,0.9987651359572971
normal,40026,SF_k108,108,0.9438729148535301,3.1167248831951806,0.9981712785560877
normal,40026,SF_k109,109,0.957600953042881,2.995835679263187,0.9972630612391924
normal,40026,SF_k110,110,0.9731335699937322,3.3379084964923327,0.9991558845754298
normal,40027,SF_k106,106,0.9187206599719125,3.2195923961785398,0.9987162701626922
normal,40027,SF_k107,107,0.9310223909852352,3.0699226779223476,0.9978588580426966
normal,40027,SF_k108,108,0.9438729148535301,2.859936031545334,0.9957627353089826
normal,40027,SF_k109,109,0.957600953042881,2.7095020384357307,0.9932615708922705
normal,40027,SF_k110,110,0.9731335699937322,3.124705966243146,0.998220171293253
normal,40028,SF_k106,106,0.9187206599719125,3.2920536400232994,0.999005413600843
normal,40028,SF_k107,107,0.9310223909852352,3.237340402635652,0.9987935059677877
normal,40028,SF_k108,108,0.9438729148535301,3.1146779749366864,0.9981585417204772
normal,40028,SF_k109,109,0.957600953042881,3.6116266150147602,0.9996957175399743
normal,40028,SF_k110,110,0.9731335699937322,4.063791608358419,0.9999517180642454
normal,40029,SF_k106,106,0.9187206599719125,3.1943436995508763,0.9985985084694498
normal,40029,SF_k107,107,0.9310223909852352,3.0345054126324964,0.997590695677856
normal,40029,SF_k108,108,0.9438729148535301,2.9220044279119097,0.9965221340390791
normal,40029,SF_k109,109,0.957600953042881,2.7481143987602015,0.9940060908177095
normal,40029,SF_k110,110,0.9731335699937322,2.5257128904573034,0.9884536199788001
normal,40030,SF_k106,106,0.9187206599719125,3.365704774954928,0.9992365162580037
normal,40030,SF_k107,107,0.9310223909852352,3.124630759045247,0.9982197162307933
normal,40030,SF_k108,108,0.9438729148535301,3.108135474334086,0.9981172825685471
normal,40030,SF_k109,109,0.957600953042881,3.54001818000238,0.999599900530425
normal,40030,SF_k110,110,0.9731335699937322,4.147884597648954,0.9999664438539562
normal,40031,SF_k106,106,0.9187206599719125,2.851033013466886,0.9956422555272153
normal,40031,SF_k107,107,0.9310223909852352,2.8799660542180265,0.9960228200957624
normal,40031,SF_k108,108,0.9438729148535301,2.7802019343856226,0.9945674894620267
normal,40031,SF_k109,109,0.957600953042881,2.6875239231376393,0.9928016054322701
normal,40031,SF_k110,110,0.9731335699937322,3.2763451669049206,0.9989484004514433
normal,40032,SF_k106,106,0.9187206599719125,3.0059051577725238,0.9973520842629859
normal,40032,SF_k107,107,0.9310223909852352,2.7911744219250143,0.994748283691637
normal,40032,SF_k108,108,0.9438729148535301,2.6995346022921716,0.9930563465391324
normal,40032,SF_k109,109,0.957600953042881,2.5155066996172657,0.9881138581823357
normal,40032,SF_k110,110,0.9731335699937322,2.5800406862690726,0.9901211324663928
normal,40033,SF_k106,106,0.9187206599719125,3.4616725840387277,0.9994631701953292
normal,40033,SF_k107,107,0.9310223909852352,3.3257630552818673,0.9991182314832114
normal,40033,SF_k108,108,0.9438729148535301,3.1873410892551735,0.9985641266447951
normal,40033,SF_k109,109,0.957600953042881,2.983199808196341,0.9971474829373137
normal,40033,SF_k110,110,0.9731335699937322,3.372409395585347,0.9992548640167134
normal,40034,SF_k106,106,0.9187206599719125,3.5729598322613176,0.9996470310793202
normal,40034,SF_k107,107,0.9310223909852352,3.3524958237817812,0.9991991355032659
normal,40034,SF_k108,108,0.9438729148535301,3.1832042081849723,0.9985434515119982
normal,40034,SF_k109,109,0.957600953042881,3.3523417624993503,0.9991986896639917
normal,40034,SF_k110,110,0.9731335699937322,3.13211446983136,0.9982644780527077
normal,40035,SF_k106,106,0.9187206599719125,3.1177489033462673,0.9981776200703847
normal,40035,SF_k107,107,0.9310223909852352,2.9060413433787686,0.9963396691773292
normal,40035,SF_k108,108,0.9438729148535301,2.9191982744647156,0.9964906706400014
normal,40035,SF_k109,109,0.957600953042881,2.905815969031916,0.996337031863872
normal,40035,SF_k110,110,0.9731335699937322,3.9822318133112478,0.999931728858025
normal,40036,SF_k106,106,0.9187206599719125,3.4318307256651512,0.9994004783641675
normal,40036,SF_k107,107,0.9310223909852352,3.353117868989959,0.9992009333050902
normal,40036,SF_k108,108,0.9438729148535301,3.330418591617557,0.999132844838883
normal,40036,SF_k109,109,0.957600953042881,3.246512023426527,0.9988317148685544
normal,40036,SF_k110,110,0.9731335699937322,3.275817419189232,0.9989464335237099
normal,40037,SF_k106,106,0.9187206599719125,2.8795123110177747,0.9960170925264913
normal,40037,SF_k107,107,0.9310223909852352,2.68349114156309,0.9927142094652632
normal,40037,SF_k108,108,0.9438729148535301,2.526489150644166,0.9884791053180584
normal,40037,SF_k109,109,0.957600953042881,2.5243960585651886,0.9884102727387216
normal,40037,SF_k110,110,0.9731335699937322,3.8545312466898096,0.9998840484253726
normal,40038,SF_k106,106,0.9187206599719125,3.3984187417847873,0.9993222340626677
normal,40038,SF_k107,107,0.9310223909852352,3.4084940143412106,0.9993467748173406
normal,40038,SF_k108,108,0.9438729148535301,3.3170134412267656,0.9990901476081981
normal,40038,SF_k109,109,0.957600953042881,3.5476407278623805,0.9996113019627355
normal,40038,SF_k110,110,0.9731335699937322,3.312132043392525,0.9990741216590637
normal,40039,SF_k106,106,0.9187206599719125,2.756544771433112,0.9941584385018114
normal,40039,SF_k107,107,0.9310223909852352,2.6877968367650116,0.9928074857151499
normal,40039,SF_k108,108,0.9438729148535301,2.7820609148889655,0.9945985099260506
normal,40039,SF_k109,109,0.957600953042881,2.627938709822669,0.9914096008107802
normal,40039,SF_k110,110,0.9731335699937322,3.711573819015351,0.9997940254210895
normal,40040,SF_k106,106,0.9187206599719125,3.602565300294907,0.999684907788772
normal,40040,SF_k107,107,0.9310223909852352,3.3768885531340795,0.9992668925276351
normal,40040,SF_k108,108,0.9438729148535301,3.3530623594452083,0.9992007730266981
normal,40040,SF_k109,109,0.957600953042881,3.1959774022840897,0.9986064197410818
normal,40040,SF_k110,110,0.9731335699937322,3.448819729154699,0.9994369575439088
normal,40041,SF_k106,106,0.9187206599719125,3.4721475540746103,0.9994836875315272
normal,40041,SF_k107,107,0.9310223909852352,3.3061395597262324,0.9990540903821139
normal,40041,SF_k108,108,0.9438729148535301,3.1586713965587374,0.9984150991667233
normal,40041,SF_k109,109,0.957600953042881,3.5599775226384014,0.9996291134618522
normal,40041,SF_k110,110,0.9731335699937322,4.1466356282354875,0.9999662603647621
normal,40042,SF_k106,106,0.9187206599719125,2.794463870339422,0.994801415060051
normal,40042,SF_k107,107,0.9310223909852352,2.5859349477404447,0.9902884742536247
normal,40042,SF_k108,108,0.9438729148535301,2.591093605717116,0.9904328535198241
normal,40042,SF_k109,109,0.957600953042881,2.8771494913078843,0.9959871455930271
normal,40042,SF_k110,110,0.9731335699937322,2.7955726190028622,0.994819213891931
normal,40043,SF_k106,106,0.9187206599719125,2.8555336924069117,0.9957035436009583
normal,40043,SF_k107,107,0.9310223909852352,2.771400020175844,0.9944184189752756
normal,40043,SF_k108,108,0.9438729148535301,2.827274499193731,0.9953053933362737
normal,40043,SF_k109,109,0.957600953042881,2.7930919151072153,0.9947793144789507
normal,40043,SF_k110,110,0.9731335699937322,2.868918424703908,0.9958812198884082
normal,40044,SF_k106,106,0.9187206599719125,2.4037862723707444,0.9837737431520233
normal,40044,SF_k107,107,0.9310223909852352,2.260837671019214,0.9762306890772157
normal,40044,SF_k108,108,0.9438729148535301,2.3873172375523626,0.9830281610096716
normal,40044,SF_k109,109,0.957600953042881,2.525241188284456,0.988438109135366
normal,40044,SF_k110,110,0.9731335699937322,2.2382220962477395,0.9747934245922907
normal,40045,SF_k106,106,0.9187206599719125,2.7617829327883525,0.994251331609801
normal,40045,SF_k107,107,0.9310223909852352,2.8457219438689965,0.9955689131627472
normal,40045,SF_k108,108,0.9438729148535301,2.7822543463052023,0.9946017284766335
normal,40045,SF_k109,109,0.957600953042881,2.6298127703459317,0.991456809522341
normal,40045,SF_k110,110,0.9731335699937322,3.9887183266383297,0.9999335687546749
normal,40046,SF_k106,106,0.9187206599719125,2.967592142578027,0.9969985769415812
normal,40046,SF_k107,107,0.9310223909852352,3.0355872320219084,0.9975993223212309
normal,40046,SF_k108,108,0.9438729148535301,2.86162866573294,0.9957852960882299
normal,40046,SF_k109,109,0.957600953042881,3.033792061376432,0.9975849917588324
normal,40046,SF_k110,110,0.9731335699937322,4.185805978268974,0.9999715844001325
normal,40047,SF_k106,106,0.9187206599719125,2.685691325639496,0.992762007817195
normal,40047,SF_k107,107,0.9310223909852352,2.6149788937125837,0.9910767030572114
normal,40047,SF_k108,108,0.9438729148535301,2.423857479826251,0.9846433691551508
normal,40047,SF_k109,109,0.957600953042881,2.2296743559312233,0.9742309304648884
normal,40047,SF_k110,110,0.9731335699937322,2.016167212145745,0.9562175062737495
normal,40048,SF_k106,106,0.9187206599719125,3.056028652678538,0.9977571017883788
normal,40048,SF_k107,107,0.9310223909852352,2.9291478368715036,0.9966010727904402
normal,40048,SF_k108,108,0.9438729148535301,2.90332986150305,0.9963078247537391
normal,40048,SF_k109,109,0.957600953042881,3.2830512812527752,0.998973100165998
normal,40048,SF_k110,110,0.9731335699937322,3.2689231093013107,0.9989204236558828
normal,40049,SF_k106,106,0.9187206599719125,2.77861136047864,0.9945408202743808
normal,40049,SF_k107,107,0.9310223909852352,2.6939944355013523,0.9929398656613899
normal,40049,SF_k108,108,0.9438729148535301,2.8960781893883474,0.9962214175957194
normal,40049,SF_k109,109,0.957600953042881,2.856083241031409,0.9957109732973592
normal,40049,SF_k110,110,0.9731335699937322,3.4556322947090585,0.9994509962972735
normal,40050,SF_k106,106,0.9187206599719125,3.1594148614177144,0.998419137183236
normal,40050,SF_k107,107,0.9310223909852352,3.366737710239114,0.9992393700430464
normal,40050,SF_k108,108,0.9438729148535301,3.174189983402865,0.9984974469301391
normal,40050,SF_k109,109,0.957600953042881,3.43229973085105,0.9994015142808377
normal,40050,SF_k110,110,0.9731335699937322,3.5383697959843263,0.9995973942152572
normal,40051,SF_k106,106,0.9187206599719125,3.6581026233218914,0.9997459106869067
normal,40051,SF_k107,107,0.9310223909852352,3.632358129457766,0.9997191570144632
normal,40051,SF_k108,108,0.9438729148535301,3.8380620894772988,0.9998759908704351
normal,40051,SF_k109,109,0.957600953042881,3.6814215513114474,0.9997680628439476
normal,40051,SF_k110,110,0.9731335699937322,4.32359756578415,0.9999846494795941
normal,40052,SF_k106,106,0.9187206599719125,3.4185421440670356,0.9993704243278976
normal,40052,SF_k107,107,0.9310223909852352,3.4273700983857633,0.9993905421830112
normal,40052,SF_k108,108,0.9438729148535301,3.3434847597311474,0.9991726676177528
normal,40052,SF_k109,109,0.957600953042881,3.1991280858887436,0.9986215608791182
normal,40052,SF_k110,110,0.9731335699937322,2.933582439993842,0.9966492534402727
normal,40053,SF_k106,106,0.9187206599719125,2.969882642456378,0.9970208646394845
normal,40053,SF_k107,107,0.9310223909852352,2.832913072087561,0.9953874072403359
normal,40053,SF_k108,108,0.9438729148535301,2.9113987050397596,0.9964018544616497
normal,40053,SF_k109,109,0.957600953042881,2.910353059848551,0.9963897931955636
normal,40053,SF_k110,110,0.9731335699937322,4.207934681510929,0.9999742284668145
normal,40054,SF_k106,106,0.9187206599719125,3.172349149606895,0.9984878890691604
normal,40054,SF_k107,107,0.9310223909852352,3.1026011967754097,0.9980817204942158
normal,40054,SF_k108,108,0.9438729148535301,2.894829211194034,0.9962063512406989
normal,40054,SF_k109,109,0.957600953042881,3.1837023019466497,0.998545955312464
normal,40054,SF_k110,110,0.9731335699937322,4.540960536403673,0.9999944001486147
normal,40055,SF_k106,106,0.9187206599719125,3.2500456438154135,0.9988461351284705
normal,40055,SF_k107,107,0.9310223909852352,3.0272407190775144,0.9975320266312881
normal,40055,SF_k108,108,0.9438729148535301,2.81990052977244,0.9951961461967513
normal,40055,SF_k109,109,0.957600953042881,2.8524112372105987,0.9956611071778825
normal,40055,SF_k110,110,0.9731335699937322,3.172337162780051,0.9984878266487907
normal,40056,SF_k106,106,0.9187206599719125,2.925099209116044,0.996556535757964
normal,40056,SF_k107,107,0.9310223909852352,2.757512023979959,0.9941756928768797
normal,40056,SF_k108,108,0.9438729148535301,2.710511157874156,0.993282041179308
normal,40056,SF_k109,109,0.957600953042881,2.6300993681916562,0.9914640086092743
normal,40056,SF_k110,110,0.9731335699937322,3.1317936623194123,0.9982625806578056
normal,40057,SF_k106,106,0.9187206599719125,2.7292999846942703,0.9936531061784419
normal,40057,SF_k107,107,0.9310223909852352,2.508541590960271,0.9878769304389197
normal,40057,SF_k108,108,0.9438729148535301,2.331180380816911,0.980256149788306
normal,40057,SF_k109,109,0.957600953042881,2.4425476390116625,0.9854159953333097
normal,40057,SF_k110,110,0.9731335699937322,2.158365544965191,0.9691005776428905
normal,40058,SF_k106,106,0.9187206599719125,3.0515331856013748,0.9977232412065904
normal,40058,SF_k107,107,0.9310223909852352,2.916287386911475,0.9964577594407813
normal,40058,SF_k108,108,0.9438729148535301,2.8140712543317217,0.9951081616055413
normal,40058,SF_k109,109,0.957600953042881,2.8066080674479377,0.9949933884121525
normal,40058,SF_k110,110,0.9731335699937322,3.459162821076413,0.9994581427610019
normal,40059,SF_k106,106,0.9187206599719125,3.3220460368925213,0.9991064005112678
normal,40059,SF_k107,107,0.9310223909852352,3.0757911261352535,0.9979005513871442
normal,40059,SF_k108,108,0.9438729148535301,3.172879295641667,0.9984906473862858
normal,40059,SF_k109,109,0.957600953042881,3.1280759341719326,0.9982404528333837
normal,40059,SF_k110,110,0.9731335699937322,3.659808624710422,0.999747596317212
normal,40060,SF_k106,106,0.9187206599719125,3.7867111081710885,0.9998473455935146
normal,40060,SF_k107,107,0.9310223909852352,3.6949496127686734,0.9997800696028665
normal,40060,SF_k108,108,0.9438729148535301,3.7647850895838766,0.9998333076124786
normal,40060,SF_k109,109,0.957600953042881,3.7109213835844703,0.9997934937649364
normal,40060,SF_k110,110,0.9731335699937322,4.223917317724613,0.9999759907836578
normal,40061,SF_k106,106,0.9187206599719125,3.6707737914212477,0.9997581827153688
normal,40061,SF_k107,107,0.9310223909852352,3.636525513781757,0.9997236597164694
normal,40061,SF_k108,108,0.9438729148535301,3.5175161355606233,0.9995643941338943
normal,40061,SF_k109,109,0.957600953042881,3.530336881113107,0.9995849691537526
normal,40061,SF_k110,110,0.9731335699937322,4.036663165512728,0.9999457831770624
normal,40062,SF_k106,106,0.9187206599719125,3.120856534879553,0.998196741383516
normal,40062,SF_k107,107,0.9310223909852352,2.9273678547122546,0.9965815570515628
normal,40062,SF_k108,108,0.9438729148535301,2.846380417681373,0.9955780666036691
normal,40062,SF_k109,109,0.957600953042881,2.771082937628934,0.9944129805956778
normal,40062,SF_k110,110,0.9731335699937322,2.642289707871515,0.9917652415189093
normal,40063,SF_k106,106,0.9187206599719125,2.752002473344238,0.9940767926457466
normal,40063,SF_k107,107,0.9310223909852352,2.5606534957994898,0.9895524500085344
normal,40063,SF_k108,108,0.9438729148535301,2.358459472115933,0.9816490365320922
normal,40063,SF_k109,109,0.957600953042881,2.2886474275143445,0.9779001541110943
normal,40063,SF_k110,110,0.9731335699937322,2.590924102566448,0.9904281400858321
normal,40064,SF_k106,106,0.9187206599719125,3.3545444502748554,0.9992050421993008
normal,40064,SF_k107,107,0.9310223909852352,3.1588372257027766,0.99841600066447
normal,40064,SF_k108,108,0.9438729148535301,3.0519655699309336,0.9977265182329851
normal,40064,SF_k109,109,0.957600953042881,3.8667623425722515,0.9998897101882791
normal,40064,SF_k110,110,0.9731335699937322,3.761049447231032,0.9998307980255245
normal,40065,SF_k106,106,0.9187206599719125,3.3258525925364304,0.9991185146737294
normal,40065,SF_k107,107,0.9310223909852352,3.1096024933353847,0.9981266072422719
normal,40065,SF_k108,108,0.9438729148535301,3.1893837543299246,0.9985742353142537
normal,40065,SF_k109,109,0.957600953042881,3.3141603413654006,0.9990808121937549
normal,40065,SF_k110,110,0.9731335699937322,3.822662120688325,0.9998679813765468
normal,40066,SF_k106,106,0.9187206599719125,3.400404804376856,0.9993271383978326
normal,40066,SF_k107,107,0.9310223909852352,3.1897362332950507,0.9985759729982064
normal,40066,SF_k108,108,0.9438729148535301,3.3822824089221792,0.9992811379844615
normal,40066,SF_k109,109,0.957600953042881,3.177688438752775,0.9985154581549913
normal,40066,SF_k110,110,0.9731335699937322,3.208753718454855,0.9986668836983532
normal,40067,SF_k106,106,0.9187206599719125,2.671447121064084,0.9924475028996318
normal,40067,SF_k107,107,0.9310223909852352,2.6183439106526656,0.991164229524891
normal,40067,SF_k108,108,0.9438729148535301,2.8237679803023865,0.9952537270150352
normal,40067,SF_k109,109,0.957600953042881,3.1902974709314007,0.9985787358113607
normal,40067,SF_k110,110,0.9731335699937322,3.319083534603903,0.9990968659175978
normal,40068,SF_k106,106,0.9187206599719125,2.7683564192422567,0.9943660195743931
normal,40068,SF_k107,107,0.9310223909852352,2.8093820169235073,0.9950363291151276
normal,40068,SF_k108,108,0.9438729148535301,2.910610994939831,0.9963927718266301
normal,40068,SF_k109,109,0.957600953042881,2.6945072876224305,0.9929507214929225
normal,40068,SF_k110,110,0.9731335699937322,3.8705162924746586,0.9998913949019739
normal,40069,SF_k106,106,0.9187206599719125,3.5096106079479603,0.999551236634419
normal,40069,SF_k107,107,0.9310223909852352,3.3253382233058657,0.9991168866648779
normal,40069,SF_k108,108,0.9438729148535301,3.2015258824017603,0.99863298206377
normal,40069,SF_k109,109,0.957600953042881,3.011762622785376,0.9974026438037846
normal,40069,SF_k110,110,0.9731335699937322,2.7765694069143523,0.9945064095626883
normal,40070,SF_k106,106,0.9187206599719125,2.8190214515405345,0.9951829701225166
normal,40070,SF_k107,107,0.9310223909852352,3.1414325917896355,0.9983187649510514
normal,40070,SF_k108,108,0.9438729148535301,3.143392370994196,0.9983299818229145
normal,40070,SF_k109,109,0.957600953042881,3.062953180148229,0.9978083565288114
normal,40070,SF_k110,110,0.9731335699937322,4.04788834810402,0.9999483182122444
normal,40071,SF_k106,106,0.9187206599719125,2.967657986626193,0.996999219754483
normal,40071,SF_k107,107,0.9310223909852352,3.2700865951334217,0.9989248543400437
normal,40071,SF_k108,108,0.9438729148535301,3.5259691077824318,0.9995780638167313
normal,40071,SF_k109,109,0.957600953042881,3.6007414472239105,0.9996826889956516
normal,40071,SF_k110,110,0.9731335699937322,4.407005231126703,0.9999895190342172
normal,40072,SF_k106,106,0.9187206599719125,2.8367881514353934,0.9954430162633647
normal,40072,SF_k107,107,0.9310223909852352,2.8465031843031485,0.995579771285285
normal,40072,SF_k108,108,0.9438729148535301,2.8354289015404555,0.9954235799783384
normal,40072,SF_k109,109,0.957600953042881,2.6646733834141023,0.9922936870825467
normal,40072,SF_k110,110,0.9731335699937322,2.811553925354125,0.9950697174444036
normal,40073,SF_k106,106,0.9187206599719125,3.591789024162321,0.9996715843207549
normal,40073,SF_k107,107,0.9310223909852352,3.4153812240702854,0.999363071993125
normal,40073,SF_k108,108,0.9438729148535301,3.267972125170926,0.9989167896649531
normal,40073,SF_k109,109,0.957600953042881,3.0843397473296226,0.9979599551888969
normal,40073,SF_k110,110,0.9731335699937322,3.257610473533823,0.998876454841831
normal,40074,SF_k106,106,0.9187206599719125,3.177557274920462,0.9985147864846928
normal,40074,SF_k107,107,0.9310223909852352,2.964684961835182,0.9969700696040416
normal,40074,SF_k108,108,0.9438729148535301,2.763575426435503,0.9942828123028515
normal,40074,SF_k109,109,0.957600953042881,2.6516286506945557,0.9919895410526205
normal,40074,SF_k110,110,0.9731335699937322,2.6046638415593306,0.9908035560587816
normal,40075,SF_k106,106,0.9187206599719125,2.650584897107996,0.9919647469935697
normal,40075,SF_k107,107,0.9310223909852352,2.4480766032461063,0.9856378882886987
normal,40075,SF_k108,108,0.9438729148535301,2.297734111034318,0.9784230731327728
normal,40075,SF_k109,109,0.957600953042881,2.3785818993466705,0.9826206242487767
normal,40075,SF_k110,110,0.9731335699937322,3.8442775161963896,0.9998790918799898
normal,40076,SF_k106,106,0.9187206599719125,2.4629365661417846,0.9862195706043833
normal,40076,SF_k107,107,0.9310223909852352,2.3386662991415537,0.980647289383968
normal,40076,SF_k108,108,0.9438729148535301,2.1842080315442454,0.9710530349717272
normal,40076,SF_k109,109,0.957600953042881,2.168304226435427,0.9698644529164244
normal,40076,SF_k110,110,0.9731335699937322,2.927889213563114,0.9965872837712939
normal,40077,SF_k106,106,0.9187206599719125,3.1098501131939322,0.9981281769737482
normal,40077,SF_k107,107,0.9310223909852352,3.1153367613375624,0.9981626498700797
normal,40077,SF_k108,108,0.9438729148535301,3.09035334226224,0.9980008149264501
normal,40077,SF_k109,109,0.957600953042881,3.059367142313807,0.9977819485664077
normal,40077,SF_k110,110,0.9731335699937322,3.664632017030278,0.9997523055480946
normal,40078,SF_k106,106,0.9187206599719125,2.6680879445947925,0.9923715712709174
normal,40078,SF_k107,107,0.9310223909852352,2.4757657016907295,0.9867049205520806
normal,40078,SF_k108,108,0.9438729148535301,2.798767780099166,0.9948701984994841
normal,40078,SF_k109,109,0.957600953042881,3.292674144121001,0.9990076058127006
normal,40078,SF_k110,110,0.9731335699937322,3.9348026214134704,0.999916734904502
normal,40079,SF_k106,106,0.9187206599719125,3.309016606480035,0.9990637571624676
normal,40079,SF_k107,107,0.9310223909852352,3.1182510671122934,0.9981807224613046
normal,40079,SF_k108,108,0.9438729148535301,3.0814001963322575,0.9979397046743239
normal,40079,SF_k109,109,0.957600953042881,2.8932727738423574,0.996187499626243
normal,40079,SF_k110,110,0.9731335699937322,3.4811748993301346,0.9995007806039984
normal,40080,SF_k106,106,0.9187206599719125,3.2444892781997186,0.9988233855310118
normal,40080,SF_k107,107,0.9310223909852352,3.0487693782341054,0.9977021919686346
normal,40080,SF_k108,108,0.9438729148535301,2.892906876885776,0.9961830555320192
normal,40080,SF_k109,109,0.957600953042881,3.2789445156021855,0.9989580387994865
normal,40080,SF_k110,110,0.9731335699937322,4.622940906133452,0.9999962166247118
normal,40081,SF_k106,106,0.9187206599719125,3.478234274600331,0.999495271411974
normal,40081,SF_k107,107,0.9310223909852352,3.2694309010462317,0.9989223594565424
normal,40081,SF_k108,108,0.9438729148535301,3.124414726665341,0.9982184084707508
normal,40081,SF_k109,109,0.957600953042881,3.0804759214877064,0.9979332993551477
normal,40081,SF_k110,110,0.9731335699937322,3.603144230946492,0.9996856090395456
normal,40082,SF_k106,106,0.9187206599719125,2.6125286255195728,0.9910124834538536
normal,40082,SF_k107,107,0.9310223909852352,2.4683797313976057,0.9864273747199299
normal,40082,SF_k108,108,0.9438729148535301,2.45157300513148,0.9857766669217065
normal,40082,SF_k109,109,0.957600953042881,2.330102180705775,0.9801992487927069
normal,40082,SF_k110,110,0.9731335699937322,3.4496678803003333,0.9994387233837703
normal,40083,SF_k106,106,0.9187206599719125,2.7924461522192763,0.9947688826488608
normal,40083,SF_k107,107,0.9310223909852352,2.8885086083228377,0.996129265660693
normal,40083,SF_k108,108,0.9438729148535301,2.935446555380503,0.9966693201854648
normal,40083,SF_k109,109,0.957600953042881,2.800224972211408,0.9948932997309052
normal,40083,SF_k110,110,0.9731335699937322,2.573129348867399,0.9899216466501002
normal,40084,SF_k106,106,0.9187206599719125,3.739983535090233,0.999815967690695
normal,40084,SF_k107,107,0.9310223909852352,3.5187308061603786,0.9995663835499897
normal,40084,SF_k108,108,0.9438729148535301,3.4942075580428296,0.9995245287934853
normal,40084,SF_k109,109,0.957600953042881,3.3059866542159404,0.9990535740462498
normal,40084,SF_k110,110,0.9731335699937322,3.8244607713135634,0.9998689413894322
normal,40085,SF_k106,106,0.9187206599719125,3.9995250153676465,0.9999365302608869
normal,40085,SF_k107,107,0.9310223909852352,4.076976207432492,0.9999543748406656
normal,40085,SF_k108,108,0.9438729148535301,3.9417340406313435,0.9999191053521892
normal,40085,SF_k109,109,0.957600953042881,3.837239747022725,0.9998755750144761
normal,40085,SF_k110,110,0.9731335699937322,3.9536251207679043,0.9999230240184753
normal,40086,SF_k106,106,0.9187206599719125,2.5495878095938522,0.9892149652511526
normal,40086,SF_k107,107,0.9310223909852352,2.4576021336073146,0.9860131966587948
normal,40086,SF_k108,108,0.9438729148535301,2.465387066989627,0.986313468774425
normal,40086,SF_k109,109,0.957600953042881,2.708393709443637,0.9932390235223159
normal,40086,SF_k110,110,0.9731335699937322,2.4935175090791106,0.9873515654079779
normal,40087,SF_k106,106,0.9187206599719125,3.380797459217627,0.9992772420263858
normal,40087,SF_k107,107,0.9310223909852352,3.182954829336192,0.9985421964508678
normal,40087,SF_k108,108,0.9438729148535301,3.042666284474851,0.9976550777878799
normal,40087,SF_k109,109,0.957600953042881,2.8468500447587712,0.9955845844141435
normal,40087,SF_k110,110,0.9731335699937322,2.940043728837675,0.9967183407078339
normal,40088,SF_k106,106,0.9187206599719125,3.0689154593146193,0.9978516262261836
normal,40088,SF_k107,107,0.9310223909852352,2.897887441363922,0.9962431460727332
normal,40088,SF_k108,108,0.9438729148535301,2.7069769989953105,0.9932101038500267
normal,40088,SF_k109,109,0.957600953042881,2.5825268497382234,0.9901920269897639
normal,40088,SF_k110,110,0.9731335699937322,2.477250713459401,0.9867601138010298
normal,40089,SF_k106,106,0.9187206599719125,2.329054288393292,0.9801438101108375
normal,40089,SF_k107,107,0.9310223909852352,2.1627325155413124,0.9694382413063516
normal,40089,SF_k108,108,0.9438729148535301,2.3256578773308125,0.9799631906873059
normal,40089,SF_k109,109,0.957600953042881,2.2883059151262044,0.9778802877106596
normal,40089,SF_k110,110,0.9731335699937322,2.575340564968635,0.9899858570315327
normal,40090,SF_k106,106,0.9187206599719125,3.359481098935672,0.9992191100719516
normal,40090,SF_k107,107,0.9310223909852352,3.1398272435922596,0.9983095250847445
normal,40090,SF_k108,108,0.9438729148535301,3.0095502828296135,0.9973836523288397
normal,40090,SF_k109,109,0.957600953042881,2.771480793847284,0.9944198035856036
normal,40090,SF_k110,110,0.9731335699937322,3.135850634058661,0.9982864354747587
normal,40091,SF_k106,106,0.9187206599719125,2.5971477289798455,0.9905998514183734
normal,40091,SF_k107,107,0.9310223909852352,2.474183544589243,0.9866458930224866
normal,40091,SF_k108,108,0.9438729148535301,2.3039933388822824,0.9787769824895249
normal,40091,SF_k109,109,0.957600953042881,2.134518367572806,0.9671996282470188
normal,40091,SF_k110,110,0.9731335699937322,1.9503528738447753,0.9488659253148632
normal,40092,SF_k106,106,0.9187206599719125,2.894125680450313,0.9961978405718597
normal,40092,SF_k107,107,0.9310223909852352,2.78021149036615,0.9945676493312994
normal,40092,SF_k108,108,0.9438729148535301,2.616728225262846,0.9911223005846705
normal,40092,SF_k109,109,0.957600953042881,2.4762059038498188,0.9867213026625579
normal,40092,SF_k110,110,0.9731335699937322,2.1885342299581265,0.9713692892934569
normal,40093,SF_k106,106,0.9187206599719125,3.092819972009249,0.9980173563013284
normal,40093,SF_k107,107,0.9310223909852352,2.9346888940586906,0.9966611773859964
normal,40093,SF_k108,108,0.9438729148535301,2.803580400945746,0.9949461370297865
normal,40093,SF_k109,109,0.957600953042881,2.6163755300972373,0.9911131241298612
normal,40093,SF_k110,110,0.9731335699937322,2.5772076188365896,0.9900397894829378
normal,40094,SF_k106,106,0.9187206599719125,2.494741646930978,0.9873951132381484
normal,40094,SF_k107,107,0.9310223909852352,2.4986634021159784,0.9875337344109592
normal,40094,SF_k108,108,0.9438729148535301,2.8358906457440773,0.9954301909893892
normal,40094,SF_k109,109,0.957600953042881,2.741569250613504,0.9938853530116527
normal,40094,SF_k110,110,0.9731335699937322,2.501184925586565,0.9876221473364786
normal,40095,SF_k106,106,0.9187206599719125,2.831934063554835,0.9953732611589443
normal,40095,SF_k107,107,0.9310223909852352,2.742499781785637,0.9939026509584887
normal,40095,SF_k108,108,0.9438729148535301,2.8840029734610515,0.9960734495423635
normal,40095,SF_k109,109,0.957600953042881,2.735575181590339,0.9937728640329788
normal,40095,SF_k110,110,0.9731335699937322,4.556669721664375,0.9999948028952728
normal,40096,SF_k106,106,0.9187206599719125,3.0901293268690235,0.997999306408496
normal,40096,SF_k107,107,0.9310223909852352,3.017691636552002,0.9974529206082654
normal,40096,SF_k108,108,0.9438729148535301,3.0610104498801016,0.9977940860460113
normal,40096,SF_k109,109,0.957600953042881,2.9439307909345036,0.9967592753971997
normal,40096,SF_k110,110,0.9731335699937322,3.0921672244797422,0.9980129912022184
normal,40097,SF_k106,106,0.9187206599719125,2.398413068754882,0.983533715495557
normal,40097,SF_k107,107,0.9310223909852352,2.3242810952732045,0.9798895666436831
normal,40097,SF_k108,108,0.9438729148535301,2.4677728126581937,0.9864043422860134
normal,40097,SF_k109,109,0.957600953042881,2.7030195326426996,0.9931287291633546
normal,40097,SF_k110,110,0.9731335699937322,3.163437604333368,0.9984408222979102
normal,40098,SF_k106,106,0.9187206599719125,3.407932563527279,0.9993454293060964
normal,40098,SF_k107,107,0.9310223909852352,3.2927200603421065,0.9990077678546552
normal,40098,SF_k108,108,0.9438729148535301,3.147231997741094,0.998351758731759
normal,40098,SF_k109,109,0.957600953042881,3.672077731502464,0.9997594135244736
normal,40098,SF_k110,110,0.9731335699937322,3.738731395988923,0.9998150487916202
normal,40099,SF_k106,106,0.9187206599719125,2.902323746645128,0.9962959447247939
normal,40099,SF_k107,107,0.9310223909852352,2.9257905378644553,0.9965641781481975
normal,40099,SF_k108,108,0.9438729148535301,2.872518430755716,0.9959278567484908
normal,40099,SF_k109,109,0.957600953042881,3.3766728115791445,0.9992663173256575
normal,40099,SF_k110,110,0.9731335699937322,3.620986482305394,0.9997065181498006
normal,40100,SF_k106,106,0.9187206599719125,3.2536163149049266,0.99886053933396
normal,40100,SF_k107,107,0.9310223909852352,3.1875739607396327,0.9985652823984703
normal,40100,SF_k108,108,0.9438729148535301,3.164276401934766,0.9984453092909813
normal,40100,SF_k109,109,0.957600953042881,3.0840712487727626,0.9979581131142998
normal,40100,SF_k110,110,0.9731335699937322,2.9850073207112398,0.997164284628709
normal,40101,SF_k106,106,0.9187206599719125,3.259530331936724,0.9988840315308816
normal,40101,SF_k107,107,0.9310223909852352,3.058609042147078,0.9977763286302934
normal,40101,SF_k108,108,0.9438729148535301,2.8816560148436747,0.9960440866138847
normal,40101,SF_k109,109,0.957600953042881,2.9939742262626767,0.9972463079500664
normal,40101,SF_k110,110,0.9731335699937322,3.4129812224494924,0.9993574363054074
normal,40102,SF_k106,106,0.9187206599719125,3.553442193930453,0.9996197752498792
normal,40102,SF_k107,107,0.9310223909852352,3.3698695515953503,0.9992479622412307
normal,40102,SF_k108,108,0.9438729148535301,3.3430801408339064,0.9991714603188226
normal,40102,SF_k109,109,0.957600953042881,3.1730284208773165,0.9984914224399741
normal,40102,SF_k110,110,0.9731335699937322,3.193860233769572,0.9985961593381742
normal,40103,SF_k106,106,0.9187206599719125,2.7858948740717158,0.99466198197283
normal,40103,SF_k107,107,0.9310223909852352,2.6873174649727445,0.9927971541532925
normal,40103,SF_k108,108,0.9438729148535301,3.1666774860813045,0.9984580877940934
normal,40103,SF_k109,109,0.957600953042881,2.9724286945958847,0.9970454617017626
normal,40103,SF_k110,110,0.9731335699937322,3.7334807377799106,0.9998111483570218
normal,40104,SF_k106,106,0.9187206599719125,3.7721554930768466,0.9998381566589953
normal,40104,SF_k107,107,0.9310223909852352,3.603044003411224,0.999685487739975
normal,40104,SF_k108,108,0.9438729148535301,3.537220374405781,0.9995956378853206
normal,40104,SF_k109,109,0.957600953042881,3.4602110908606845,0.9994602479147257
normal,40104,SF_k110,110,0.9731335699937322,3.7980821300988157,0.9998541799898488
normal,40105,SF_k106,106,0.9187206599719125,3.2135245974151347,0.9986888343311398
normal,40105,SF_k107,107,0.9310223909852352,2.990793243053964,0.9972174617749354
normal,40105,SF_k108,108,0.9438729148535301,3.2806008354014047,0.998964137701718
normal,40105,SF_k109,109,0.957600953042881,3.4346204738959143,0.9994066157553727
normal,40105,SF_k110,110,0.9731335699937322,5.400619280354224,0.9999999335887644
normal,40106,SF_k106,106,0.9187206599719125,3.4967324881374275,0.9995290061147795
normal,40106,SF_k107,107,0.9310223909852352,3.332583052198447,0.9991395621517971
normal,40106,SF_k108,108,0.9438729148535301,3.283463889507642,0.9989746021954149
normal,40106,SF_k109,109,0.957600953042881,3.2426633487537067,0.9988158195596497
normal,40106,SF_k110,110,0.9731335699937322,3.0826362487228662,0.9979482421813746
normal,40107,SF_k106,106,0.9187206599719125,2.870925427518822,0.9959072793700943
normal,40107,SF_k107,107,0.9310223909852352,2.667673193705328,0.9923621488373169
normal,40107,SF_k108,108,0.9438729148535301,2.511238205819903,0.9879691515534006
normal,40107,SF_k109,109,0.957600953042881,2.4226082056239866,0.9845904641323877
normal,40107,SF_k110,110,0.9731335699937322,2.8966033084106844,0.9962277358238609
normal,40108,SF_k106,106,0.9187206599719125,2.9978022373063267,0.9972806592892975
normal,40108,SF_k107,107,0.9310223909852352,2.941772819717713,0.9967366075937487
normal,40108,SF_k108,108,0.9438729148535301,2.9605750785302885,0.9969293473096277
normal,40108,SF_k109,109,0.957600953042881,3.0352789577718116,0.9975968669659889
normal,40108,SF_k110,110,0.9731335699937322,2.960373090144169,0.9969273331229906
normal,40109,SF_k106,106,0.9187206599719125,3.071894948016498,0.9978729543100455
normal,40109,SF_k107,107,0.9310223909852352,2.904927921987239,0.9963266231790071
normal,40109,SF_k108,108,0.9438729148535301,2.73671222274189,0.9937943446824122
normal,40109,SF_k109,109,0.957600953042881,2.7597628807057832,0.9942156671444258
normal,40109,SF_k110,110,0.9731335699937322,3.034566928816047,0.9975911869800127
normal,40110,SF_k106,106,0.9187206599719125,3.0837030787642177,0.9979555847476855
normal,40110,SF_k107,107,0.9310223909852352,2.933413698018684,0.9966474315510996
normal,40110,SF_k108,108,0.9438729148535301,2.8261656340559154,0.9952891102289338
normal,40110,SF_k109,109,0.957600953042881,2.8517793165264336,0.9956524728236973
normal,40110,SF_k110,110,0.9731335699937322,3.130797243530044,0.9982566752350179
normal,40111,SF_k106,106,0.9187206599719125,2.884652158653268,0.9960815365117439
normal,40111,SF_k107,107,0.9310223909852352,2.8115555547864766,0.9950697424169133
normal,40111,SF_k108,108,0.9438729148535301,2.6781742228893215,0.992597529690143
normal,40111,SF_k109,109,0.957600953042881,2.686133376150319,0.9927715772149506
normal,40111,SF_k110,110,0.9731335699937322,2.7738457977387103,0.9944602069991999
normal,40112,SF_k106,106,0.9187206599719125,3.3350980372527106,0.9991473066839371
normal,40112,SF_k107,107,0.9310223909852352,3.260456810357885,0.998887670937693
normal,40112,SF_k108,108,0.9438729148535301,3.169266072186952,0.9984717557714011
normal,40112,SF_k109,109,0.957600953042881,2.998893313677392,0.9972903783048881
normal,40112,SF_k110,110,0.9731335699937322,2.8111069655876464,0.9950628630644949
normal,40113,SF_k106,106,0.9187206599719125,2.67944927433588,0.9926256624486494
normal,40113,SF_k107,107,0.9310223909852352,2.5031849703293676,0.9876918800529879
normal,40113,SF_k108,108,0.9438729148535301,2.3500077364800567,0.9812269791272867
normal,40113,SF_k109,109,0.957600953042881,2.1795156388280477,0.9707066158179916
normal,40113,SF_k110,110,0.9731335699937322,2.772060582593336,0.9944297331456657
normal,40114,SF_k106,106,0.9187206599719125,3.4575352249594666,0.9994548590299064
normal,40114,SF_k107,107,0.9310223909852352,3.2254165804314625,0.9987421051210232
normal,40114,SF_k108,108,0.9438729148535301,3.5542031024720866,0.9996208736936116
normal,40114,SF_k109,109,0.957600953042881,3.503968767768544,0.9995416208857792
normal,40114,SF_k110,110,0.9731335699937322,3.611770655824698,0.9996958865363184
normal,40115,SF_k106,106,0.9187206599719125,2.9835442697590797,0.9971506918650253
normal,40115,SF_k107,107,0.9310223909852352,2.86974044006199,0.9958919113157134
normal,40115,SF_k108,108,0.9438729148535301,2.729650669835869,0.993659853055149
normal,40115,SF_k109,109,0.957600953042881,2.8581935232224875,0.9957393953989231
normal,40115,SF_k110,110,0.9731335699937322,2.752266436278574,0.9940815652653192
normal,40116,SF_k106,106,0.9187206599719125,2.982939057404731,0.9971450516468314
normal,40116,SF_k107,107,0.9310223909852352,2.751238101557669,0.9940629527418454
normal,40116,SF_k108,108,0.9438729148535301,2.6091601680382444,0.9909235251856641
normal,40116,SF_k109,109,0.957600953042881,2.4666325498892006,0.9863609761698917
normal,40116,SF_k110,110,0.9731335699937322,2.3294343731132092,0.980163934113659
normal,40117,SF_k106,106,0.9187206599719125,3.2898895071561016,0.9989977326860511
normal,40117,SF_k107,107,0.9310223909852352,3.2856868103718324,0.9989826594297468
normal,40117,SF_k108,108,0.9438729148535301,3.4732787367054754,0.9994858589049527
normal,40117,SF_k109,109,0.957600953042881,3.56663601879088,0.9996384068353545
normal,40117,SF_k110,110,0.9731335699937322,3.4379817338919954,0.9994139327690599
normal,40118,SF_k106,106,0.9187206599719125,2.9181366632337733,0.9964787001773974
normal,40118,SF_k107,107,0.9310223909852352,2.8027856210811266,0.9949336666463531
normal,40118,SF_k108,108,0.9438729148535301,3.092030227497642,0.9980120739471723
normal,40118,SF_k109,109,0.957600953042881,2.961844695193591,0.9969419801204906
normal,40118,SF_k110,110,0.9731335699937322,2.676272437888143,0.9925553897749935
normal,40119,SF_k106,106,0.9187206599719125,2.7807303019434566,0.9945763225527822
normal,40119,SF_k107,107,0.9310223909852352,2.6072608246130367,0.9908730191896207
normal,40119,SF_k108,108,0.9438729148535301,2.579588985316285,0.9901082030280448
normal,40119,SF_k109,109,0.957600953042881,2.427287900400746,0.9847878212246277
normal,40119,SF_k110,110,0.9731335699937322,2.203178785263475,0.9724178500458625
normal,40120,SF_k106,106,0.9187206599719125,3.183648412238079,0.998545684613042
normal,40120,SF_k107,107,0.9310223909852352,3.1584687252578227,0.9984139967423755
normal,40120,SF_k108,108,0.9438729148535301,3.0991909644937605,0.9980595009947761
normal,40120,SF_k109,109,0.957600953042881,2.9328887089635582,0.9966417575294133
normal,40120,SF_k110,110,0.9731335699937322,3.1789695267578653,0.998522003713362
normal,40121,SF_k106,106,0.9187206599719125,2.8283697346469254,0.9953214262654282
normal,40121,SF_k107,107,0.9310223909852352,3.019044890665966,0.9974642704432448
normal,40121,SF_k108,108,0.9438729148535301,2.8215249449870754,0.9952204079798626
normal,40121,SF_k109,109,0.957600953042881,2.7743507856497076,0.9944687998670796
normal,40121,SF_k110,110,0.9731335699937322,3.2975938633791357,0.9990248292533428
normal,40122,SF_k106,106,0.9187206599719125,3.2293862975390515,0.9987594379948488
normal,40122,SF_k107,107,0.9310223909852352,3.240963133772435,0.998808734110761
normal,40122,SF_k108,108,0.9438729148535301,3.111672277841424,0.9981396910773035
normal,40122,SF_k109,109,0.957600953042881,3.052345030074842,0.997729390588064
normal,40122,SF_k110,110,0.9731335699937322,3.4616089365315568,0.9994630432386764
normal,40123,SF_k106,106,0.9187206599719125,3.0130778602365216,0.997413874422624
normal,40123,SF_k107,107,0.9310223909852352,3.4101775441887243,0.9993507939762005
normal,40123,SF_k108,108,0.9438729148535301,3.289842384762966,0.998997564830586
normal,40123,SF_k109,109,0.957600953042881,3.0935414134458963,0.9980221705338543
normal,40123,SF_k110,110,0.9731335699937322,3.39819891578772,0.9993216891918086
normal,40124,SF_k106,106,0.9187206599719125,3.0882983309147214,0.9979869372749945
normal,40124,SF_k107,107,0.9310223909852352,2.911693011825849,0.9964052426038406
normal,40124,SF_k108,108,0.9438729148535301,2.867343117952967,0.9958606602957383
normal,40124,SF_k109,109,0.957600953042881,2.6688420923787475,0.9923886775289554
normal,40124,SF_k110,110,0.9731335699937322,2.748270869799549,0.9940089507507646
normal,40125,SF_k106,106,0.9187206599719125,3.2811370567665947,0.9989661050868448
normal,40125,SF_k107,107,0.9310223909852352,3.272053118502674,0.9989323048589493
normal,40125,SF_k108,108,0.9438729148535301,3.069032169888565,0.9978524653522365
normal,40125,SF_k109,109,0.957600953042881,2.9576301910926053,0.9968998619716449
normal,40125,SF_k110,110,0.9731335699937322,3.319331466297091,0.9990976674681276
normal,40126,SF_k106,106,0.9187206599719125,2.902506752090355,0.9962981082034725
normal,40126,SF_k107,107,0.9310223909852352,2.845078323919652,0.9955599496139473
normal,40126,SF_k108,108,0.9438729148535301,2.8279123716963617,0.9953147370601254
normal,40126,SF_k109,109,0.957600953042881,2.848677680347203,0.9956098668143767
normal,40126,SF_k110,110,0.9731335699937322,2.7209716126329924,0.9934909649161783
normal,40127,SF_k106,106,0.9187206599719125,2.9779796657819375,0.9970984476606177
normal,40127,SF_k107,107,0.9310223909852352,3.097180234346695,0.9980462895129871
normal,40127,SF_k108,108,0.9438729148535301,2.9069482219603655,0.9963502639582589
normal,40127,SF_k109,109,0.957600953042881,2.864059372307725,0.9958175039232255
normal,40127,SF_k110,110,0.9731335699937322,2.8789694137015314,0.9960102297303279
normal,40128,SF_k106,106,0.9187206599719125,2.8901765663936434,0.9961497449613261
normal,40128,SF_k107,107,0.9310223909852352,3.203365068125289,0.9986416832525
normal,40128,SF_k108,108,0.9438729148535301,3.0034548662794758,0.9973306686134484
normal,40128,SF_k109,109,0.957600953042881,2.780661906018121,0.9945751798612312
normal,40128,SF_k110,110,0.9731335699937322,4.551244213802338,0.9999946670396271
normal,40129,SF_k106,106,0.9187206599719125,2.5945179667098164,0.9905276337346114
normal,40129,SF_k107,107,0.9310223909852352,2.9874851752106335,0.9971871706360271
normal,40129,SF_k108,108,0.9438729148535301,2.8863390469481875,0.9961024795846796
normal,40129,SF_k109,109,0.957600953042881,3.0621892714309906,0.9978027553006033
normal,40129,SF_k110,110,0.9731335699937322,3.9028088569924546,0.9999049172098107
normal,40130,SF_k106,106,0.9187206599719125,2.789773454127787,0.9947255065980551
normal,40130,SF_k107,107,0.9310223909852352,2.6864065208782844,0.9927774845059012
normal,40130,SF_k108,108,0.9438729148535301,2.746513827247063,0.9939767653023432
normal,40130,SF_k109,109,0.957600953042881,2.538452746886935,0.988865616210123
normal,40130,SF_k110,110,0.9731335699937322,3.4179240069664014,0.9993689927741136
normal,40131,SF_k106,106,0.9187206599719125,2.941577240266688,0.9967345460618131
normal,40131,SF_k107,107,0.9310223909852352,2.7908117657476166,0.9947423961256026
normal,40131,SF_k108,108,0.9438729148535301,2.7650104277968497,0.9943079023841488
normal,40131,SF_k109,109,0.957600953042881,3.2955635914957844,0.999017755298659
normal,40131,SF_k110,110,0.9731335699937322,3.3909945178172882,0.9993036050589139
normal,40132,SF_k106,106,0.9187206599719125,2.733416806113838,0.9937319044066448
normal,40132,SF_k107,107,0.9310223909852352,2.5586218107913767,0.989491200371398
normal,40132,SF_k108,108,0.9438729148535301,2.8004134975186896,0.9948962815901181
normal,40132,SF_k109,109,0.957600953042881,2.6384092068974665,0.9916703998074532
normal,40132,SF_k110,110,0.9731335699937322,2.4065408283909075,0.9838955962083462
normal,40133,SF_k106,106,0.9187206599719125,3.1662939890418365,0.9984560533458664
normal,40133,SF_k107,107,0.9310223909852352,2.9376306152852334,0.9966926917828072
normal,40133,SF_k108,108,0.9438729148535301,2.75805222278156,0.994185309227416
normal,40133,SF_k109,109,0.957600953042881,2.6492413594485904,0.9919327305137353
normal,40133,SF_k110,110,0.9731335699937322,2.381689809729412,0.9827665930718807
normal,40134,SF_k106,106,0.9187206599719125,3.32927926810619,0.9991292894935477
normal,40134,SF_k107,107,0.9310223909852352,3.1643171286021294,0.9984455268477916
normal,40134,SF_k108,108,0.9438729148535301,3.025256504745961,0.9975157765490894
normal,40134,SF_k109,109,0.957600953042881,3.130629599691627,0.9982556798571895
normal,40134,SF_k110,110,0.9731335699937322,2.946082719564725,0.9967817367794456
normal,40135,SF_k106,106,0.9187206599719125,2.846566757419077,0.9955806537986496
normal,40135,SF_k107,107,0.9310223909852352,2.891311630142207,0.9961636250093624
normal,40135,SF_k108,108,0.9438729148535301,3.099483075806125,0.9980614134705743
normal,40135,SF_k109,109,0.957600953042881,2.944796697313383,0.9967683306657926
normal,40135,SF_k110,110,0.9731335699937322,3.4974785725352717,0.9995303215585678
normal,40136,SF_k106,106,0.9187206599719125,3.0042227935194403,0.997337397300095
normal,40136,SF_k107,107,0.9310223909852352,2.8813200689135554,0.9960398673012216
normal,40136,SF_k108,108,0.9438729148535301,3.266625648989486,0.9989116250291257
normal,40136,SF_k109,109,0.957600953042881,3.1960648177817825,0.998606841891228
normal,40136,SF_k110,110,0.9731335699937322,3.5103280892924418,0.999552445900248
normal,40137,SF_k106,106,0.9187206599719125,3.3485441009859684,0.9991876264932806
normal,40137,SF_k107,107,0.9310223909852352,3.545724161438847,0.9996084641806793
normal,40137,SF_k108,108,0.9438729148535301,3.328866861347586,0.99912799921887
normal,40137,SF_k109,109,0.957600953042881,3.4366186551295757,0.9994109757124439
normal,40137,SF_k110,110,0.9731335699937322,3.6054750175885584,0.999688417533926
normal,40138,SF_k106,106,0.9187206599719125,2.869913180844262,0.9958941548396099
normal,40138,SF_k107,107,0.9310223909852352,2.6414030565920608,0.9917436568249929
normal,40138,SF_k108,108,0.9438729148535301,2.68094083967573,0.9926584506212819
normal,40138,SF_k109,109,0.957600953042881,2.6786313758621483,0.992607627373135
normal,40138,SF_k110,110,0.9731335699937322,2.8832032768332643,0.9960634668004735
normal,40139,SF_k106,106,0.9187206599719125,3.350823229554949,0.9991942828278828
normal,40139,SF_k107,107,0.9310223909852352,3.281608587851283,0.9989678322667495
normal,40139,SF_k108,108,0.9438729148535301,3.1452121397407415,0.9983403356502958
normal,40139,SF_k109,109,0.957600953042881,3.5794793526475734,0.9996557205526531
normal,40139,SF_k110,110,0.9731335699937322,3.384080402565077,0.9992858291380584
normal,40140,SF_k106,106,0.9187206599719125,2.450824135735285,0.9857470428831259
normal,40140,SF_k107,107,0.9310223909852352,2.2788102048839654,0.977321649979503
normal,40140,SF_k108,108,0.9438729148535301,2.510293879657676,0.9879369276860177
normal,40140,SF_k109,109,0.957600953042881,2.2831351385695866,0.9775775906968518
normal,40140,SF_k110,110,0.9731335699937322,2.6664799068679392,0.9923349811806021
normal,40141,SF_k106,106,0.9187206599719125,2.6375598664406046,0.991649511537946
normal,40141,SF_k107,107,0.9310223909852352,2.440186897029745,0.9853203349755424
normal,40141,SF_k108,108,0.9438729148535301,2.4026021416623005,0.9837211123292176
normal,40141,SF_k109,109,0.957600953042881,2.6951687146164125,0.9929647001608553
normal,40141,SF_k110,110,0.9731335699937322,2.459405624531222,0.9860832718017525
normal,40142,SF_k106,106,0.9187206599719125,3.250004580031076,0.9988459685012865
normal,40142,SF_k107,107,0.9310223909852352,3.100662202582558,0.9980691157274417
normal,40142,SF_k108,108,0.9438729148535301,2.9586827711858734,0.9969104303226695
normal,40142,SF_k109,109,0.957600953042881,3.272218701555086,0.9989329300142669
normal,40142,SF_k110,110,0.9731335699937322,3.132454568987667,0.9982664874659211
normal,40143,SF_k106,106,0.9187206599719125,2.5385153643048732,0.9888676085334909
normal,40143,SF_k107,107,0.9310223909852352,2.332901406951766,0.9803466794736428
normal,40143,SF_k108,108,0.9438729148535301,2.2737582594360313,0.9770194748263668
normal,40143,SF_k109,109,0.957600953042881,2.1001934773755235,0.9642881750785963
normal,40143,SF_k110,110,0.9731335699937322,1.8563164951843576,0.9365915407131553
normal,40144,SF_k106,106,0.9187206599719125,3.026113623509529,0.9975228080510483
normal,40144,SF_k107,107,0.9310223909852352,2.9728855728786847,0.9970498558798988
normal,40144,SF_k108,108,0.9438729148535301,2.81762462323867,0.9951619664713629
normal,40144,SF_k109,109,0.957600953042881,2.615241288648567,0.9910835558688595
normal,40144,SF_k110,110,0.9731335699937322,3.6128944908276712,0.9996972020644375
normal,40145,SF_k106,106,0.9187206599719125,3.1244293679272084,0.998218497130062
normal,40145,SF_k107,107,0.9310223909852352,3.1536306458622505,0.9983874696734754
normal,40145,SF_k108,108,0.9438729148535301,3.1668493052206426,0.9984589984919159
normal,40145,SF_k109,109,0.957600953042881,3.11020459548146,0.998130422033195
normal,40145,SF_k110,110,0.9731335699937322,3.043538584227887,0.9976618654448719
normal,40146,SF_k106,106,0.9187206599719125,2.958948951089065,0.9969130976725575
normal,40146,SF_k107,107,0.9310223909852352,2.769515842756795,0.9943860326044116
normal,40146,SF_k108,108,0.9438729148535301,2.6099863413966675,0.9909454162198534
normal,40146,SF_k109,109,0.957600953042881,2.645276199649629,0.9918375738623133
normal,40146,SF_k110,110,0.9731335699937322,2.498497490120049,0.9875278974280788
normal,40147,SF_k106,106,0.9187206599719125,3.0967625845767848,0.9980435350129138
normal,40147,SF_k107,107,0.9310223909852352,3.2817506486378605,0.9989683521001707
normal,40147,SF_k108,108,0.9438729148535301,3.123006542225743,0.9982098623127165
normal,40147,SF_k109,109,0.957600953042881,3.4618382485307198,0.9994635005124841
normal,40147,SF_k110,110,0.9731335699937322,3.244560300933079,0.9988236789182556
normal,40148,SF_k106,106,0.9187206599719125,3.53205008647481,0.9995876487542503
normal,40148,SF_k107,107,0.9310223909852352,3.2830010190942094,0.9989729170561832
normal,40148,SF_k108,108,0.9438729148535301,3.2994618521674326,0.9990312960746228
normal,40148,SF_k109,109,0.957600953042881,3.544245072934751,0.9996062609317984
normal,40148,SF_k110,110,0.9731335699937322,3.2590553609760287,0.9988821614765682
normal,40149,SF_k106,106,0.9187206599719125,3.1462563761406814,0.9983462502760232
normal,40149,SF_k107,107,0.9310223909852352,3.093341035456164,0.9980208344739823
normal,40149,SF_k108,108,0.9438729148535301,3.470764336064353,0.9994810207447484
normal,40149,SF_k109,109,0.957600953042881,3.4230636660348583,0.9993808042714616
normal,40149,SF_k110,110,0.9731335699937322,3.4629289547990143,0.9994656705399128
t3_not_LC,46000,SF_k106,106,0.9187206599719125,3.175268513696142,0.9881687709550042
t3_not_LC,46000,SF_k107,107,0.9310223909852352,2.9351855290030766,0.9852947849369595
t3_not_LC,46000,SF_k108,108,0.9438729148535301,3.237417151570067,0.9887907638527162
t3_not_LC,46000,SF_k109,109,0.957600953042881,3.2545593240693913,0.9889547626424411
t3_not_LC,46000,SF_k110,110,0.9731335699937322,5.662684843621356,0.9977472998433501
t3_not_LC,46001,SF_k106,106,0.9187206599719125,2.129503368847456,0.9654452803835758
t3_not_LC,46001,SF_k107,107,0.9310223909852352,2.0183730860544675,0.960402811862664
t3_not_LC,46001,SF_k108,108,0.9438729148535301,2.15809374935087,0.9666078955890991
t3_not_LC,46001,SF_k109,109,0.957600953042881,2.362690806950388,0.9736193654583045
t3_not_LC,46001,SF_k110,110,0.9731335699937322,3.0132730480052636,0.9863208275222846
t3_not_LC,46002,SF_k106,106,0.9187206599719125,2.3355910017903594,0.9728072474374989
t3_not_LC,46002,SF_k107,107,0.9310223909852352,2.6802359316887148,0.98115942919406
t3_not_LC,46002,SF_k108,108,0.9438729148535301,2.86890946830352,0.9843438759840635
t3_not_LC,46002,SF_k109,109,0.957600953042881,2.6605821816287745,0.9807809227734006
t3_not_LC,46002,SF_k110,110,0.9731335699937322,4.105922705926507,0.9942789470335149
t3_not_LC,46003,SF_k106,106,0.9187206599719125,2.8274717252274613,0.9837083695863482
t3_not_LC,46003,SF_k107,107,0.9310223909852352,2.824624575705178,0.983663481109855
t3_not_LC,46003,SF_k108,108,0.9438729148535301,3.2749978133366664,0.9891462166205898
t3_not_LC,46003,SF_k109,109,0.957600953042881,4.8551324794684385,0.996472173043988
t3_not_LC,46003,SF_k110,110,0.9731335699937322,5.747316420356265,0.997843065291935
t3_not_LC,46004,SF_k106,106,0.9187206599719125,3.066225805126748,0.9869639293981847
t3_not_LC,46004,SF_k107,107,0.9310223909852352,3.178729320649986,0.9882045776794446
t3_not_LC,46004,SF_k108,108,0.9438729148535301,3.496066485880265,0.9909640613114512
t3_not_LC,46004,SF_k109,109,0.957600953042881,3.6173845723835494,0.9917937352437562
t3_not_LC,46004,SF_k110,110,0.9731335699937322,8.816441764337632,0.9993901198901758
t3_not_LC,46005,SF_k106,106,0.9187206599719125,3.215346368891723,0.9885748873045614
t3_not_LC,46005,SF_k107,107,0.9310223909852352,3.0356609158339367,0.9865976676302364
t3_not_LC,46005,SF_k108,108,0.9438729148535301,3.213422189913857,0.9885558097744762
t3_not_LC,46005,SF_k109,109,0.957600953042881,4.66757825033899,0.9960454632903712
t3_not_LC,46005,SF_k110,110,0.9731335699937322,6.312007465655797,0.9983618337538349
t3_not_LC,46006,SF_k106,106,0.9187206599719125,2.9964562458119923,0.9861079504274524
t3_not_LC,46006,SF_k107,107,0.9310223909852352,2.77209577963744,0.9828056471216442
t3_not_LC,46006,SF_k108,108,0.9438729148535301,3.180418653092644,0.9882220046294341
t3_not_LC,46006,SF_k109,109,0.957600953042881,4.003413660932767,0.9938496422075873
t3_not_LC,46006,SF_k110,110,0.9731335699937322,3.8517840273601984,0.9931333364372665
t3_not_LC,46007,SF_k106,106,0.9187206599719125,3.891744385708017,0.9933323330481039
t3_not_LC,46007,SF_k107,107,0.9310223909852352,3.6732402102277955,0.992142143352446
t3_not_LC,46007,SF_k108,108,0.9438729148535301,3.544419351971857,0.9913073755637867
t3_not_LC,46007,SF_k109,109,0.957600953042881,3.6845898078463515,0.9922105500106182
t3_not_LC,46007,SF_k110,110,0.9731335699937322,3.6917342824487323,0.9922532103995632
t3_not_LC,46008,SF_k106,106,0.9187206599719125,2.6636339579636035,0.9808403393586398
t3_not_LC,46008,SF_k107,107,0.9310223909852352,2.532197308776371,0.9780490899062899
t3_not_LC,46008,SF_k108,108,0.9438729148535301,2.370660122166767,0.9738522251978601
t3_not_LC,46008,SF_k109,109,0.957600953042881,2.6288003040922803,0.9801476983203041
t3_not_LC,46008,SF_k110,110,0.9731335699937322,3.314152743389945,0.9895010236491797
t3_not_LC,46009,SF_k106,106,0.9187206599719125,4.140601527916292,0.9944152137344409
t3_not_LC,46009,SF_k107,107,0.9310223909852352,4.488171100638282,0.9955711033902375
t3_not_LC,46009,SF_k108,108,0.9438729148535301,4.403329757561824,0.995320501309993
t3_not_LC,46009,SF_k109,109,0.957600953042881,4.409493526573817,0.9953393289580659
t3_not_LC,46009,SF_k110,110,0.9731335699937322,4.489241286542195,0.9955741499584783
t3_not_LC,46010,SF_k106,106,0.9187206599719125,2.447248123884693,0.9759604614124262
t3_not_LC,46010,SF_k107,107,0.9310223909852352,2.2923222946813784,0.9714425949717769
t3_not_LC,46010,SF_k108,108,0.9438729148535301,2.2310396047487675,0.9693551974875827
t3_not_LC,46010,SF_k109,109,0.957600953042881,2.2967654528050447,0.9715867302012706
t3_not_LC,46010,SF_k110,110,0.9731335699937322,2.1542302588091036,0.9664537460404348
t3_not_LC,46011,SF_k106,106,0.9187206599719125,2.6482978226863305,0.9805393195348047
t3_not_LC,46011,SF_k107,107,0.9310223909852352,2.7375502617047505,0.9822093608127109
t3_not_LC,46011,SF_k108,108,0.9438729148535301,2.930724051023754,0.9852331756927613
t3_not_LC,46011,SF_k109,109,0.957600953042881,4.677067299389329,0.9960686425472252
t3_not_LC,46011,SF_k110,110,0.9731335699937322,7.6747352189957185,0.999079930071753
t3_not_LC,46012,SF_k106,106,0.9187206599719125,3.0646857589145693,0.986945789858725
t3_not_LC,46012,SF_k107,107,0.9310223909852352,2.8559719968706623,0.9841489825690815
t3_not_LC,46012,SF_k108,108,0.9438729148535301,2.8869140516353826,0.9846099398376627
t3_not_LC,46012,SF_k109,109,0.957600953042881,3.3732259515458423,0.9900081090913837
t3_not_LC,46012,SF_k110,110,0.9731335699937322,3.2744699629799747,0.9891413269673017
t3_not_LC,46013,SF_k106,106,0.9187206599719125,2.213241717495408,0.9687124699874066
t3_not_LC,46013,SF_k107,107,0.9310223909852352,2.2511073851745955,0.9700597090768508
t3_not_LC,46013,SF_k108,108,0.9438729148535301,2.131607585658642,0.965532596877521
t3_not_LC,46013,SF_k109,109,0.957600953042881,2.200913600012654,0.9682571027282478
t3_not_LC,46013,SF_k110,110,0.9731335699937322,3.897559567138255,0.9933606563980122
t3_not_LC,46014,SF_k106,106,0.9187206599719125,3.005396282949769,0.9862216527457166
t3_not_LC,46014,SF_k107,107,0.9310223909852352,3.080914580264444,0.9871352986702762
t3_not_LC,46014,SF_k108,108,0.9438729148535301,3.0085363040911406,0.9862613002509297
t3_not_LC,46014,SF_k109,109,0.957600953042881,2.8694209518321756,0.9843515168034362
t3_not_LC,46014,SF_k110,110,0.9731335699937322,2.879736398956217,0.9845045830640928
t3_not_LC,46015,SF_k106,106,0.9187206599719125,3.238123732877007,0.9887975864484471
t3_not_LC,46015,SF_k107,107,0.9310223909852352,3.701112090568268,0.9923087414052003
t3_not_LC,46015,SF_k108,108,0.9438729148535301,3.881703214918752,0.9932830511255677
t3_not_LC,46015,SF_k109,109,0.957600953042881,5.997612383539026,0.9980965030145488
t3_not_LC,46015,SF_k110,110,0.9731335699937322,12.646131805592605,0.9997917108843142
t3_not_LC,46016,SF_k106,106,0.9187206599719125,3.7566065635514017,0.9926268680820101
t3_not_LC,46016,SF_k107,107,0.9310223909852352,3.607041195023252,0.9917270021980145
t3_not_LC,46016,SF_k108,108,0.9438729148535301,3.770224679827916,0.9927022806867689
t3_not_LC,46016,SF_k109,109,0.957600953042881,3.6134026491308147,0.9917681288116156
t3_not_LC,46016,SF_k110,110,0.9731335699937322,6.809984151097133,0.9986901377392468
t3_not_LC,46017,SF_k106,106,0.9187206599719125,2.8325698153311696,0.9837883463201234
t3_not_LC,46017,SF_k107,107,0.9310223909852352,2.6810212045743227,0.9811743506678077
t3_not_LC,46017,SF_k108,108,0.9438729148535301,2.881940815864514,0.9845370401807967
t3_not_LC,46017,SF_k109,109,0.957600953042881,2.679880315444118,0.9811526668505022
t3_not_LC,46017,SF_k110,110,0.9731335699937322,2.7326301218493554,0.9821222598065065
t3_not_LC,46018,SF_k106,106,0.9187206599719125,3.0972737951657607,0.987322708885449
t3_not_LC,46018,SF_k107,107,0.9310223909852352,3.0286557302478694,0.9865118367833381
t3_not_LC,46018,SF_k108,108,0.9438729148535301,2.8533018497458817,0.984108366035054
t3_not_LC,46018,SF_k109,109,0.957600953042881,2.778313029131503,0.9829101902879658
t3_not_LC,46018,SF_k110,110,0.9731335699937322,4.298871732489599,0.9949855875510873
t3_not_LC,46019,SF_k106,106,0.9187206599719125,2.707734191405843,0.9816729294318218
t3_not_LC,46019,SF_k107,107,0.9310223909852352,2.586501541956322,0.979262304954509
t3_not_LC,46019,SF_k108,108,0.9438729148535301,2.68585907590741,0.9812659405442086
t3_not_LC,46019,SF_k109,109,0.957600953042881,2.8477930188836225,0.9840241401123633
t3_not_LC,46019,SF_k110,110,0.9731335699937322,3.60376815395064,0.9917057369062894
t3_not_LC,46020,SF_k106,106,0.9187206599719125,2.5529336659065627,0.9785229415919148
t3_not_LC,46020,SF_k107,107,0.9310223909852352,2.4388126972392263,0.9757392770662066
t3_not_LC,46020,SF_k108,108,0.9438729148535301,2.248051720380356,0.9699537876400495
t3_not_LC,46020,SF_k109,109,0.957600953042881,2.733891425911685,0.982144641342457
t3_not_LC,46020,SF_k110,110,0.9731335699937322,3.2239015759124636,0.9886592070067715
t3_not_LC,46021,SF_k106,106,0.9187206599719125,2.7892233980391046,0.9830916585530689
t3_not_LC,46021,SF_k107,107,0.9310223909852352,2.7835425946021735,0.9829974862457862
t3_not_LC,46021,SF_k108,108,0.9438729148535301,2.680903993267859,0.9811721244349609
t3_not_LC,46021,SF_k109,109,0.957600953042881,3.4494086748047095,0.9906157166644243
t3_not_LC,46021,SF_k110,110,0.9731335699937322,5.434211563077792,0.9974589859793457
t3_not_LC,46022,SF_k106,106,0.9187206599719125,3.4739448469503937,0.9908010562824217
t3_not_LC,46022,SF_k107,107,0.9310223909852352,3.383517908193446,0.9900931503293458
t3_not_LC,46022,SF_k108,108,0.9438729148535301,3.337290943549429,0.9897035720780454
t3_not_LC,46022,SF_k109,109,0.957600953042881,3.3494765354870375,0.9898081869590465
t3_not_LC,46022,SF_k110,110,0.9731335699937322,3.532285631528436,0.9912228558005569
t3_not_LC,46023,SF_k106,106,0.9187206599719125,2.669467856498509,0.9809532606138809
t3_not_LC,46023,SF_k107,107,0.9310223909852352,2.509508636405299,0.9775150047472425
t3_not_LC,46023,SF_k108,108,0.9438729148535301,2.6503508337060224,0.9805799704066778
t3_not_LC,46023,SF_k109,109,0.957600953042881,2.6631687627043115,0.980831297650774
t3_not_LC,46023,SF_k110,110,0.9731335699937322,3.1366477029413224,0.9877593702514074
t3_not_LC,46024,SF_k106,106,0.9187206599719125,3.058139310615288,0.9868683130886435
t3_not_LC,46024,SF_k107,107,0.9310223909852352,3.0032937038256207,0.9861950210076789
t3_not_LC,46024,SF_k108,108,0.9438729148535301,3.2711280990002254,0.9891103031380779
t3_not_LC,46024,SF_k109,109,0.957600953042881,4.872868027806901,0.9965093116737123
t3_not_LC,46024,SF_k110,110,0.9731335699937322,5.378251183542955,0.9973809981233401
t3_not_LC,46025,SF_k106,106,0.9187206599719125,3.0156346277503965,0.9863503800565223
t3_not_LC,46025,SF_k107,107,0.9310223909852352,3.013670030832908,0.9863258011547749
t3_not_LC,46025,SF_k108,108,0.9438729148535301,2.8695878603352356,0.984354009122373
t3_not_LC,46025,SF_k109,109,0.957600953042881,2.7660955559987213,0.9827039632703363
t3_not_LC,46025,SF_k110,110,0.9731335699937322,2.5302329517486832,0.9780035029974226
t3_not_LC,46026,SF_k106,106,0.9187206599719125,2.8322941622128526,0.9837840350742615
t3_not_LC,46026,SF_k107,107,0.9310223909852352,2.729624099574721,0.9820687714914813
t3_not_LC,46026,SF_k108,108,0.9438729148535301,3.5340136359407337,0.9912349582295354
t3_not_LC,46026,SF_k109,109,0.957600953042881,3.6716959893003613,0.9921327750399029
t3_not_LC,46026,SF_k110,110,0.9731335699937322,5.990388657914866,0.9980897583665709
t3_not_LC,46027,SF_k106,106,0.9187206599719125,3.1127504768036127,0.9874967380826423
t3_not_LC,46027,SF_k107,107,0.9310223909852352,3.227254203251175,0.9886920282054359
t3_not_LC,46027,SF_k108,108,0.9438729148535301,3.804966414115053,0.9928901276831703
t3_not_LC,46027,SF_k109,109,0.957600953042881,3.6717817192174977,0.9921332955215931
t3_not_LC,46027,SF_k110,110,0.9731335699937322,4.216919933691951,0.9947003725051191
t3_not_LC,46028,SF_k106,106,0.9187206599719125,2.4906839005361356,0.9770590517328377
t3_not_LC,46028,SF_k107,107,0.9310223909852352,2.9333558038229164,0.9852695585909195
t3_not_LC,46028,SF_k108,108,0.9438729148535301,2.9566221407764672,0.9855861776727022
t3_not_LC,46028,SF_k109,109,0.957600953042881,4.293389712211284,0.9949671496633501
t3_not_LC,46028,SF_k110,110,0.9731335699937322,8.267198496440358,0.9992618566477283
t3_not_LC,46029,SF_k106,106,0.9187206599719125,3.197330720135038,0.98839462521465
t3_not_LC,46029,SF_k107,107,0.9310223909852352,3.0493524303706505,0.9867633741929587
t3_not_LC,46029,SF_k108,108,0.9438729148535301,3.730414667485073,0.9924789208412346
t3_not_LC,46029,SF_k109,109,0.957600953042881,3.527600814187545,0.9911899341964254
t3_not_LC,46029,SF_k110,110,0.9731335699937322,4.18663103883209,0.9945895511270175
t3_not_LC,46030,SF_k106,106,0.9187206599719125,3.2207959473974395,0.9886286925341767
t3_not_LC,46030,SF_k107,107,0.9310223909852352,3.0395127103821844,0.9866445579095495
t3_not_LC,46030,SF_k108,108,0.9438729148535301,3.0330874269668997,0.9865662191192586
t3_not_LC,46030,SF_k109,109,0.957600953042881,3.1637888419918427,0.9880489755184421
t3_not_LC,46030,SF_k110,110,0.9731335699937322,2.9285747924976824,0.9852033761269914
t3_not_LC,46031,SF_k106,106,0.9187206599719125,2.8505167521772106,0.9840658564258875
t3_not_LC,46031,SF_k107,107,0.9310223909852352,2.8513738312690466,0.9840789539841479
t3_not_LC,46031,SF_k108,108,0.9438729148535301,3.2907775096783833,0.9892910672430457
t3_not_LC,46031,SF_k109,109,0.957600953042881,3.1815793312285687,0.9882339585309097
t3_not_LC,46031,SF_k110,110,0.9731335699937322,4.679210987168215,0.9960738541393999
t3_not_LC,46032,SF_k106,106,0.9187206599719125,2.9056686846652453,0.984880857770219
t3_not_LC,46032,SF_k107,107,0.9310223909852352,2.789365718404049,0.9830940091160874
t3_not_LC,46032,SF_k108,108,0.9438729148535301,2.8255157017579697,0.9836775479915658
t3_not_LC,46032,SF_k109,109,0.957600953042881,3.111090744956182,0.9874782251033911
t3_not_LC,46032,SF_k110,110,0.9731335699937322,3.4083780761933844,0.9902946885734123
t3_not_LC,46033,SF_k106,106,0.9187206599719125,3.059983062102388,0.9868901943787709
t3_not_LC,46033,SF_k107,107,0.9310223909852352,2.8943910121659426,0.984718699673492
t3_not_LC,46033,SF_k108,108,0.9438729148535301,2.7982076951166817,0.9832392134084162
t3_not_LC,46033,SF_k109,109,0.957600953042881,2.869383135982115,0.9843509520559834
t3_not_LC,46033,SF_k110,110,0.9731335699937322,2.951786463337514,0.985521107564965
t3_not_LC,46034,SF_k106,106,0.9187206599719125,3.0671414477452257,0.9869746987525614
t3_not_LC,46034,SF_k107,107,0.9310223909852352,2.9387380021270637,0.9853436021164053
t3_not_LC,46034,SF_k108,108,0.9438729148535301,2.7605712664430198,0.9826096525144334
t3_not_LC,46034,SF_k109,109,0.957600953042881,3.7155270905734765,0.9923930844316331
t3_not_LC,46034,SF_k110,110,0.9731335699937322,5.112493601377948,0.9969639938814971
t3_not_LC,46035,SF_k106,106,0.9187206599719125,3.0042220599837206,0.9862067880500285
t3_not_LC,46035,SF_k107,107,0.9310223909852352,2.8723966638577387,0.9843958734147455
t3_not_LC,46035,SF_k108,108,0.9438729148535301,3.020877511488359,0.9864156916224132
t3_not_LC,46035,SF_k109,109,0.957600953042881,3.046870624580409,0.9867335365641201
t3_not_LC,46035,SF_k110,110,0.9731335699937322,3.714265037467434,0.9923857487954859
t3_not_LC,46036,SF_k106,106,0.9187206599719125,2.394393053186496,0.9745301750303621
t3_not_LC,46036,SF_k107,107,0.9310223909852352,2.281749647293246,0.9710958192903705
t3_not_LC,46036,SF_k108,108,0.9438729148535301,2.3782495302411415,0.9740715266088493
t3_not_LC,46036,SF_k109,109,0.957600953042881,2.666322797037827,0.9808924923184315
t3_not_LC,46036,SF_k110,110,0.9731335699937322,3.531639457619303,0.9912183245559456
t3_not_LC,46037,SF_k106,106,0.9187206599719125,3.360789594771792,0.9899040676240658
t3_not_LC,46037,SF_k107,107,0.9310223909852352,3.129952123155104,0.9876865184414185
t3_not_LC,46037,SF_k108,108,0.9438729148535301,3.3686623511178135,0.9899700943568528
t3_not_LC,46037,SF_k109,109,0.957600953042881,3.8375461194205895,0.9930605472595604
t3_not_LC,46037,SF_k110,110,0.9731335699937322,6.348294757729985,0.9983892248455133
t3_not_LC,46038,SF_k106,106,0.9187206599719125,2.577949697099657,0.9790771133937275
t3_not_LC,46038,SF_k107,107,0.9310223909852352,2.4124832544284622,0.9750317722225141
t3_not_LC,46038,SF_k108,108,0.9438729148535301,2.258828759792335,0.9703252328490057
t3_not_LC,46038,SF_k109,109,0.957600953042881,2.743762485657581,0.9823185494158029
t3_not_LC,46038,SF_k110,110,0.9731335699937322,2.9062319586960146,0.9848888979834904
t3_not_LC,46039,SF_k106,106,0.9187206599719125,3.3231978217043543,0.989580819062001
t3_not_LC,46039,SF_k107,107,0.9310223909852352,3.149535701893292,0.9878980204645196
t3_not_LC,46039,SF_k108,108,0.9438729148535301,3.5902154958143866,0.9916169157919454
t3_not_LC,46039,SF_k109,109,0.957600953042881,3.5377316628305735,0.9912609240075498
t3_not_LC,46039,SF_k110,110,0.9731335699937322,3.4376581033387117,0.9905252203185801
t3_not_LC,46040,SF_k106,106,0.9187206599719125,3.0331105822549187,0.9865665025104831
t3_not_LC,46040,SF_k107,107,0.9310223909852352,2.9091510861478898,0.9849304766647966
t3_not_LC,46040,SF_k108,108,0.9438729148535301,3.5236646799536353,0.9911621484034927
t3_not_LC,46040,SF_k109,109,0.957600953042881,3.5024875419310875,0.9910106647153423
t3_not_LC,46040,SF_k110,110,0.9731335699937322,7.458146342094073,0.9989986049762218
t3_not_LC,46041,SF_k106,106,0.9187206599719125,3.0966537983880715,0.9873156715140075
t3_not_LC,46041,SF_k107,107,0.9310223909852352,2.8626573660169217,0.9842500847404076
t3_not_LC,46041,SF_k108,108,0.9438729148535301,2.6530984679212395,0.9806342030114561
t3_not_LC,46041,SF_k109,109,0.957600953042881,3.658041746219522,0.9920492967962011
t3_not_LC,46041,SF_k110,110,0.9731335699937322,4.112532380014917,0.9943052543547752
t3_not_LC,46042,SF_k106,106,0.9187206599719125,2.7101192574427992,0.9817166068915857
t3_not_LC,46042,SF_k107,107,0.9310223909852352,2.7066633497195114,0.981653275135083
t3_not_LC,46042,SF_k108,108,0.9438729148535301,3.4128253741489747,0.990330173882171
t3_not_LC,46042,SF_k109,109,0.957600953042881,4.100877437237152,0.9942587583577736
t3_not_LC,46042,SF_k110,110,0.9731335699937322,5.358662001489294,0.9973529498512614
t3_not_LC,46043,SF_k106,106,0.9187206599719125,2.182562857835575,0.9675634085732296
t3_not_LC,46043,SF_k107,107,0.9310223909852352,2.0249268971780956,0.9607252683889733
t3_not_LC,46043,SF_k108,108,0.9438729148535301,1.9808997915772675,0.9584928623308628
t3_not_LC,46043,SF_k109,109,0.957600953042881,2.0076178073011843,0.9598662923518062
t3_not_LC,46043,SF_k110,110,0.9731335699937322,1.7504538153788958,0.943772525717737
t3_not_LC,46044,SF_k106,106,0.9187206599719125,3.1719692503203203,0.9881345031331039
t3_not_LC,46044,SF_k107,107,0.9310223909852352,2.9371993205126223,0.9853224839266868
t3_not_LC,46044,SF_k108,108,0.9438729148535301,2.762221076836074,0.9826378879795041
t3_not_LC,46044,SF_k109,109,0.957600953042881,2.883311502528412,0.9845571770766801
t3_not_LC,46044,SF_k110,110,0.9731335699937322,8.74870149438711,0.9993759911741595
t3_not_LC,46045,SF_k106,106,0.9187206599719125,2.3841738389662206,0.9742410679740752
t3_not_LC,46045,SF_k107,107,0.9310223909852352,2.4188943858910297,0.9752064748158265
t3_not_LC,46045,SF_k108,108,0.9438729148535301,2.300745382075075,0.9717150446742584
t3_not_LC,46045,SF_k109,109,0.957600953042881,2.083136500246512,0.9634473642171908
t3_not_LC,46045,SF_k110,110,0.9731335699937322,2.523442786055236,0.9778449764451629
t3_not_LC,46046,SF_k106,106,0.9187206599719125,2.8911316870048216,0.9846714130748697
t3_not_LC,46046,SF_k107,107,0.9310223909852352,2.971190720307095,0.9857799249094368
t3_not_LC,46046,SF_k108,108,0.9438729148535301,4.1782202156856,0.9945582363004102
t3_not_LC,46046,SF_k109,109,0.957600953042881,4.028472747208788,0.993958406047565
t3_not_LC,46046,SF_k110,110,0.9731335699937322,7.793552745105963,0.9991208394834772
t3_not_LC,46047,SF_k106,106,0.9187206599719125,2.678905323431356,0.9811341103830575
t3_not_LC,46047,SF_k107,107,0.9310223909852352,3.0987962667471716,0.9873399683063342
t3_not_LC,46047,SF_k108,108,0.9438729148535301,2.899032442859634,0.9847857104559592
t3_not_LC,46047,SF_k109,109,0.957600953042881,3.9995773337866845,0.9938327643615277
t3_not_LC,46047,SF_k110,110,0.9731335699937322,3.894521616462073,0.993345879591867
t3_not_LC,46048,SF_k106,106,0.9187206599719125,2.9657389067074185,0.9857078214371899
t3_not_LC,46048,SF_k107,107,0.9310223909852352,2.9442041222547197,0.985418304243256
t3_not_LC,46048,SF_k108,108,0.9438729148535301,2.8084431759270663,0.983405282419229
t3_not_LC,46048,SF_k109,109,0.957600953042881,2.6480488229438794,0.9805343816832006
t3_not_LC,46048,SF_k110,110,0.9731335699937322,2.835938794084426,0.9838409171712639
t3_not_LC,46049,SF_k106,106,0.9187206599719125,3.326690016570688,0.9896114144754786
t3_not_LC,46049,SF_k107,107,0.9310223909852352,3.5088491609110166,0.9910565261597244
t3_not_LC,46049,SF_k108,108,0.9438729148535301,3.4766316235022443,0.9908210587635564
t3_not_LC,46049,SF_k109,109,0.957600953042881,3.3101682937515307,0.9894656189395565
t3_not_LC,46049,SF_k110,110,0.9731335699937322,3.3013649943597505,0.9893868389960927
t3_not_LC,46050,SF_k106,106,0.9187206599719125,2.4228252666478,0.9753128110402407
t3_not_LC,46050,SF_k107,107,0.9310223909852352,2.250119183509187,0.9700255066534074
t3_not_LC,46050,SF_k108,108,0.9438729148535301,2.2191764467056725,0.9689286946392823
t3_not_LC,46050,SF_k109,109,0.957600953042881,2.772055155944443,0.9828049613024386
t3_not_LC,46050,SF_k110,110,0.9731335699937322,2.8606895951787634,0.9842204137723332
t3_not_LC,46051,SF_k106,106,0.9187206599719125,2.5413912963842256,0.9782608370356385
t3_not_LC,46051,SF_k107,107,0.9310223909852352,2.348835337997295,0.973208113620865
t3_not_LC,46051,SF_k108,108,0.9438729148535301,2.3373126627777294,0.9728597918281334
t3_not_LC,46051,SF_k109,109,0.957600953042881,2.1964215866913914,0.9680890681824108
t3_not_LC,46051,SF_k110,110,0.9731335699937322,2.0184147684321836,0.9604048733296873
t3_not_LC,46052,SF_k106,106,0.9187206599719125,2.4148109110509295,0.9750953837557064
t3_not_LC,46052,SF_k107,107,0.9310223909852352,2.360910969329231,0.9735669946535803
t3_not_LC,46052,SF_k108,108,0.9438729148535301,2.2332623133217258,0.9694342704067072
t3_not_LC,46052,SF_k109,109,0.957600953042881,2.3036110902010307,0.9718069748225993
t3_not_LC,46052,SF_k110,110,0.9731335699937322,4.157180057382857,0.9944788469970622
t3_not_LC,46053,SF_k106,106,0.9187206599719125,3.0609523047922953,0.986901678070476
t3_not_LC,46053,SF_k107,107,0.9310223909852352,3.1816541487079593,0.9882347285365551
t3_not_LC,46053,SF_k108,108,0.9438729148535301,3.076482247046078,0.987083899689307
t3_not_LC,46053,SF_k109,109,0.957600953042881,2.93180908049568,0.9852481899565668
t3_not_LC,46053,SF_k110,110,0.9731335699937322,3.3953965959432217,0.9901901269970146
t3_not_LC,46054,SF_k106,106,0.9187206599719125,2.9237852207792168,0.9851366859317334
t3_not_LC,46054,SF_k107,107,0.9310223909852352,2.852051726757318,0.9840893033989473
t3_not_LC,46054,SF_k108,108,0.9438729148535301,2.8872521357866296,0.9846148793393887
t3_not_LC,46054,SF_k109,109,0.957600953042881,2.901679951835738,0.9848237624885985
t3_not_LC,46054,SF_k110,110,0.9731335699937322,2.8056729001672855,0.9833605472537454
t3_not_LC,46055,SF_k106,106,0.9187206599719125,2.1237373483510145,0.9652045591882445
t3_not_LC,46055,SF_k107,107,0.9310223909852352,1.9320165948830847,0.9558215872128091
t3_not_LC,46055,SF_k108,108,0.9438729148535301,1.7883178918807596,0.9465985361994362
t3_not_LC,46055,SF_k109,109,0.957600953042881,2.053477899977193,0.9620915944830359
t3_not_LC,46055,SF_k110,110,0.9731335699937322,2.0442742027131953,0.9616578616516527
t3_not_LC,46056,SF_k106,106,0.9187206599719125,2.9371966052996905,0.9853224466257131
t3_not_LC,46056,SF_k107,107,0.9310223909852352,3.211207282968364,0.9885337981428701
t3_not_LC,46056,SF_k108,108,0.9438729148535301,4.377998241577376,0.9952420618093212
t3_not_LC,46056,SF_k109,109,0.957600953042881,4.839830599134212,0.9964397096285729
t3_not_LC,46056,SF_k110,110,0.9731335699937322,7.46291687073636,0.9990004970183621
t3_not_LC,46057,SF_k106,106,0.9187206599719125,2.6262862617958946,0.9800964604733917
t3_not_LC,46057,SF_k107,107,0.9310223909852352,2.9560534688818487,0.9855785452935648
t3_not_LC,46057,SF_k108,108,0.9438729148535301,2.8900166839470787,0.9846551927435219
t3_not_LC,46057,SF_k109,109,0.957600953042881,2.9059308441281053,0.9848846005462994
t3_not_LC,46057,SF_k110,110,0.9731335699937322,3.2690476237102244,0.989090930639128
t3_not_LC,46058,SF_k106,106,0.9187206599719125,3.299574283771431,0.9893707197220545
t3_not_LC,46058,SF_k107,107,0.9310223909852352,3.2564298610716973,0.9889724674805529
t3_not_LC,46058,SF_k108,108,0.9438729148535301,3.232091738513064,0.9887391674505119
t3_not_LC,46058,SF_k109,109,0.957600953042881,3.139553394091451,0.9877908105372191
t3_not_LC,46058,SF_k110,110,0.9731335699937322,4.024490730818518,0.9939412931803593
t3_not_LC,46059,SF_k106,106,0.9187206599719125,3.803296368921507,0.9928812443020429
t3_not_LC,46059,SF_k107,107,0.9310223909852352,3.7111250751621188,0.992367457489167
t3_not_LC,46059,SF_k108,108,0.9438729148535301,3.5032324434409965,0.9910160507023336
t3_not_LC,46059,SF_k109,109,0.957600953042881,3.4736720238945304,0.9907990219755232
t3_not_LC,46059,SF_k110,110,0.9731335699937322,3.5192777287070096,0.9911310445228021
t3_not_LC,46060,SF_k106,106,0.9187206599719125,3.68553428866501,0.9922162072839236
t3_not_LC,46060,SF_k107,107,0.9310223909852352,3.686139045577441,0.9922198268354232
t3_not_LC,46060,SF_k108,108,0.9438729148535301,3.7541690634491944,0.9926132620328909
t3_not_LC,46060,SF_k109,109,0.957600953042881,3.5882646821839113,0.9916040279087706
t3_not_LC,46060,SF_k110,110,0.9731335699937322,4.825324561762118,0.9964085689410458
t3_not_LC,46061,SF_k106,106,0.9187206599719125,2.6113310207768596,0.9797880915019668
t3_not_LC,46061,SF_k107,107,0.9310223909852352,2.4673182666337103,0.9764763424099832
t3_not_LC,46061,SF_k108,108,0.9438729148535301,2.405047826444624,0.974827162662742
t3_not_LC,46061,SF_k109,109,0.957600953042881,2.464112647854294,0.9763949120694448
t3_not_LC,46061,SF_k110,110,0.9731335699937322,2.7685281351267106,0.9827452814000754
t3_not_LC,46062,SF_k106,106,0.9187206599719125,2.5750194162185966,0.9790131650357292
t3_not_LC,46062,SF_k107,107,0.9310223909852352,2.5169546414870245,0.9776921170703232
t3_not_LC,46062,SF_k108,108,0.9438729148535301,2.3513631703743436,0.9732837565579113
t3_not_LC,46062,SF_k109,109,0.957600953042881,2.152900474677888,0.9664004781770603
t3_not_LC,46062,SF_k110,110,0.9731335699937322,3.091271632469536,0.9872543653641841
t3_not_LC,46063,SF_k106,106,0.9187206599719125,1.8106142171908752,0.948179186998457
t3_not_LC,46063,SF_k107,107,0.9310223909852352,1.8125261287947503,0.9483119656135792
t3_not_LC,46063,SF_k108,108,0.9438729148535301,2.135990817238572,0.9657135785842224
t3_not_LC,46063,SF_k109,109,0.957600953042881,2.015157198834713,0.9602433520970681
t3_not_LC,46063,SF_k110,110,0.9731335699937322,2.100369503760976,0.9642067458774102
t3_not_LC,46064,SF_k106,106,0.9187206599719125,3.3424562181538247,0.9897480876330915
t3_not_LC,46064,SF_k107,107,0.9310223909852352,3.2306946801703913,0.9887255803038271
t3_not_LC,46064,SF_k108,108,0.9438729148535301,3.0373959321058797,0.9866188156187548
t3_not_LC,46064,SF_k109,109,0.957600953042881,3.1375790454093027,0.9877694591179993
t3_not_LC,46064,SF_k110,110,0.9731335699937322,16.414212908544805,0.9999044572480704
t3_not_LC,46065,SF_k106,106,0.9187206599719125,2.842121757713912,0.9839368225208807
t3_not_LC,46065,SF_k107,107,0.9310223909852352,2.64793311262073,0.9805320865074978
t3_not_LC,46065,SF_k108,108,0.9438729148535301,2.6938602907457425,0.9814161526195209
t3_not_LC,46065,SF_k109,109,0.957600953042881,2.7618479487595113,0.9826315073465985
t3_not_LC,46065,SF_k110,110,0.9731335699937322,3.086975027146991,0.9872051462435432
t3_not_LC,46066,SF_k106,106,0.9187206599719125,2.8176436675241554,0.9835527360692606
t3_not_LC,46066,SF_k107,107,0.9310223909852352,2.724424715488503,0.981975763192592
t3_not_LC,46066,SF_k108,108,0.9438729148535301,2.8639163906756306,0.9842690307920625
t3_not_LC,46066,SF_k109,109,0.957600953042881,2.8624765525842553,0.9842473613841767
t3_not_LC,46066,SF_k110,110,0.9731335699937322,3.6366939700718426,0.9919164346403397
t3_not_LC,46067,SF_k106,106,0.9187206599719125,2.1746369347732397,0.9672577849736221
t3_not_LC,46067,SF_k107,107,0.9310223909852352,2.1796982245480336,0.9674533719514264
t3_not_LC,46067,SF_k108,108,0.9438729148535301,2.2306706887786842,0.9693420478878645
t3_not_LC,46067,SF_k109,109,0.957600953042881,2.4117503777265696,0.9750117003501737
t3_not_LC,46067,SF_k110,110,0.9731335699937322,4.998158449923178,0.9967574919233038
t3_not_LC,46068,SF_k106,106,0.9187206599719125,2.725593434791508,0.9819967241461252
t3_not_LC,46068,SF_k107,107,0.9310223909852352,2.7135164760384236,0.9817785866183888
t3_not_LC,46068,SF_k108,108,0.9438729148535301,2.6486682694489945,0.9805466627648085
t3_not_LC,46068,SF_k109,109,0.957600953042881,2.559365592673107,0.9786672238965335
t3_not_LC,46068,SF_k110,110,0.9731335699937322,2.295625349032189,0.9715498348730842
t3_not_LC,46069,SF_k106,106,0.9187206599719125,3.3145153317188614,0.9895042377657817
t3_not_LC,46069,SF_k107,107,0.9310223909852352,3.261738653630421,0.9890225138476691
t3_not_LC,46069,SF_k108,108,0.9438729148535301,3.17038113721139,0.9881179618992897
t3_not_LC,46069,SF_k109,109,0.957600953042881,4.152819515369307,0.994462202984135
t3_not_LC,46069,SF_k110,110,0.9731335699937322,3.946576306818741,0.9935932175544491
t3_not_LC,46070,SF_k106,106,0.9187206599719125,2.981762631692017,0.985918397903415
t3_not_LC,46070,SF_k107,107,0.9310223909852352,2.941645907995402,0.9853834046489345
t3_not_LC,46070,SF_k108,108,0.9438729148535301,2.811665522246358,0.9834571210549912
t3_not_LC,46070,SF_k109,109,0.957600953042881,3.4383801358674235,0.9905308139327589
t3_not_LC,46070,SF_k110,110,0.9731335699937322,4.533078236334191,0.9956966010192891
t3_not_LC,46071,SF_k106,106,0.9187206599719125,2.752698305948509,0.9824740864565293
t3_not_LC,46071,SF_k107,107,0.9310223909852352,2.5478958461414734,0.978409048629542
t3_not_LC,46071,SF_k108,108,0.9438729148535301,2.48938955499467,0.9770272638722475
t3_not_LC,46071,SF_k109,109,0.957600953042881,3.4530702093838617,0.9906436839440995
t3_not_LC,46071,SF_k110,110,0.9731335699937322,3.2188405600979006,0.9886094246621002
t3_not_LC,46072,SF_k106,106,0.9187206599719125,2.9155802486459668,0.9850215261636457
t3_not_LC,46072,SF_k107,107,0.9310223909852352,2.955210052586227,0.9855672157479938
t3_not_LC,46072,SF_k108,108,0.9438729148535301,2.796000092329629,0.9832031122715303
t3_not_LC,46072,SF_k109,109,0.957600953042881,3.358772888861316,0.9898870624452196
t3_not_LC,46072,SF_k110,110,0.9731335699937322,8.777088995014088,0.9993819644426578
t3_not_LC,46073,SF_k106,106,0.9187206599719125,2.5865029322011286,0.9792623348874521
t3_not_LC,46073,SF_k107,107,0.9310223909852352,2.4583219162759815,0.9762468880928332
t3_not_LC,46073,SF_k108,108,0.9438729148535301,2.3417043008403544,0.9729932318415604
t3_not_LC,46073,SF_k109,109,0.957600953042881,2.236917756288184,0.9695637440877463
t3_not_LC,46073,SF_k110,110,0.9731335699937322,4.217828929999572,0.9947036518885033
t3_not_LC,46074,SF_k106,106,0.9187206599719125,2.8026203360894235,0.983311071731287
t3_not_LC,46074,SF_k107,107,0.9310223909852352,2.5824286519055533,0.9791743719084449
t3_not_LC,46074,SF_k108,108,0.9438729148535301,2.6217769066704024,0.9800041263400776
t3_not_LC,46074,SF_k109,109,0.957600953042881,2.6011169710726976,0.9795739162347692
t3_not_LC,46074,SF_k110,110,0.9731335699937322,2.618992852158639,0.9799468422214834
t3_not_LC,46075,SF_k106,106,0.9187206599719125,1.9672251798786011,0.9577667746666216
t3_not_LC,46075,SF_k107,107,0.9310223909852352,2.130192112210848,0.9654738915763899
t3_not_LC,46075,SF_k108,108,0.9438729148535301,2.0652827596721433,0.9626387895865045
t3_not_LC,46075,SF_k109,109,0.957600953042881,1.9142131530965871,0.9547946646734027
t3_not_LC,46075,SF_k110,110,0.9731335699937322,1.7791133300909716,0.9459283046074061
t3_not_LC,46076,SF_k106,106,0.9187206599719125,2.5967166654099434,0.9794807409256117
t3_not_LC,46076,SF_k107,107,0.9310223909852352,2.3862580891573644,0.9743003747932908
t3_not_LC,46076,SF_k108,108,0.9438729148535301,2.4459490052293456,0.9759265675410351
t3_not_LC,46076,SF_k109,109,0.957600953042881,4.508509866090056,0.9956285327643186
t3_not_LC,46076,SF_k110,110,0.9731335699937322,6.230410447776132,0.9982979445200202
t3_not_LC,46077,SF_k106,106,0.9187206599719125,3.274617610067198,0.9891426949618549
t3_not_LC,46077,SF_k107,107,0.9310223909852352,3.0266082298472976,0.9864866143732849
t3_not_LC,46077,SF_k108,108,0.9438729148535301,3.321710617431693,0.9895677536992706
t3_not_LC,46077,SF_k109,109,0.957600953042881,3.5219411485779797,0.9911499455123358
t3_not_LC,46077,SF_k110,110,0.9731335699937322,5.665026361581607,0.9977500244015602
t3_not_LC,46078,SF_k106,106,0.9187206599719125,3.9788730825826235,0.9937406155498207
t3_not_LC,46078,SF_k107,107,0.9310223909852352,3.7065397961742654,0.9923406428384574
t3_not_LC,46078,SF_k108,108,0.9438729148535301,3.4988011263215286,0.9909839477363609
t3_not_LC,46078,SF_k109,109,0.957600953042881,3.309945594112298,0.9894636354808197
t3_not_LC,46078,SF_k110,110,0.9731335699937322,3.1668339161929158,0.9880809062187652
t3_not_LC,46079,SF_k106,106,0.9187206599719125,3.714798405279177,0.9923888501098901
t3_not_LC,46079,SF_k107,107,0.9310223909852352,3.4645348726792857,0.9907305484999365
t3_not_LC,46079,SF_k108,108,0.9438729148535301,3.8925692867478863,0.9933363604679784
t3_not_LC,46079,SF_k109,109,0.957600953042881,4.327576528220769,0.9950806904590093
t3_not_LC,46079,SF_k110,110,0.9731335699937322,5.4928192368143005,0.9975373998657606
t3_not_LC,46080,SF_k106,106,0.9187206599719125,2.3598576295601763,0.973535937547376
t3_not_LC,46080,SF_k107,107,0.9310223909852352,2.2968689398146807,0.9715900761354135
t3_not_LC,46080,SF_k108,108,0.9438729148535301,2.2417573117459773,0.969734076976225
t3_not_LC,46080,SF_k109,109,0.957600953042881,2.504423781902929,0.9773930089222087
t3_not_LC,46080,SF_k110,110,0.9731335699937322,2.817870601379108,0.9835563514842252
t3_not_LC,46081,SF_k106,106,0.9187206599719125,2.39132882615052,0.9744439276903067
t3_not_LC,46081,SF_k107,107,0.9310223909852352,2.264447776042145,0.970516560570059
t3_not_LC,46081,SF_k108,108,0.9438729148535301,2.6789250375635523,0.9811344858257947
t3_not_LC,46081,SF_k109,109,0.957600953042881,2.821196698789574,0.9836092229950466
t3_not_LC,46081,SF_k110,110,0.9731335699937322,3.9321713280129904,0.9935260008817886
t3_not_LC,46082,SF_k106,106,0.9187206599719125,3.0330463369725,0.9865657162108621
t3_not_LC,46082,SF_k107,107,0.9310223909852352,3.0220333433061195,0.9864300351219095
t3_not_LC,46082,SF_k108,108,0.9438729148535301,3.013268888693713,0.9863207753995042
t3_not_LC,46082,SF_k109,109,0.957600953042881,2.906856564208849,0.9848978071323908
t3_not_LC,46082,SF_k110,110,0.9731335699937322,6.346251355753224,0.9983876986193454
t3_not_LC,46083,SF_k106,106,0.9187206599719125,2.6507747897437537,0.9805883512663349
t3_not_LC,46083,SF_k107,107,0.9310223909852352,2.661449672778593,0.9807978366970942
t3_not_LC,46083,SF_k108,108,0.9438729148535301,2.5885230462535787,0.9793057702746994
t3_not_LC,46083,SF_k109,109,0.957600953042881,2.5283556284901727,0.9779598213123475
t3_not_LC,46083,SF_k110,110,0.9731335699937322,3.1989463204956308,0.9884109419160294
t3_not_LC,46084,SF_k106,106,0.9187206599719125,2.8889484407517316,0.9846396316611585
t3_not_LC,46084,SF_k107,107,0.9310223909852352,3.055730745969249,0.9868396567921891
t3_not_LC,46084,SF_k108,108,0.9438729148535301,3.1212327492315497,0.9875907945211635
t3_not_LC,46084,SF_k109,109,0.957600953042881,2.9018008638583552,0.984825497366117
t3_not_LC,46084,SF_k110,110,0.9731335699937322,4.799031890670834,0.9963512013597742
t3_not_LC,46085,SF_k106,106,0.9187206599719125,2.8467415194145977,0.9840079974511737
t3_not_LC,46085,SF_k107,107,0.9310223909852352,2.6615909168903613,0.9808005887776392
t3_not_LC,46085,SF_k108,108,0.9438729148535301,3.887757861167806,0.9933128243928053
t3_not_LC,46085,SF_k109,109,0.957600953042881,4.579241175466389,0.9958207592494692
t3_not_LC,46085,SF_k110,110,0.9731335699937322,5.56386375791065,0.9976282136871888
t3_not_LC,46086,SF_k106,106,0.9187206599719125,3.153307409647233,0.9879382080954906
t3_not_LC,46086,SF_k107,107,0.9310223909852352,3.534706800732968,0.9912398067935733
t3_not_LC,46086,SF_k108,108,0.9438729148535301,3.390704648713513,0.9901519716571738
t3_not_LC,46086,SF_k109,109,0.957600953042881,3.7932715033047453,0.9928276115481669
t3_not_LC,46086,SF_k110,110,0.9731335699937322,4.015609236598878,0.9939028939474317
t3_not_LC,46087,SF_k106,106,0.9187206599719125,3.0938515684762633,0.9872838006074018
t3_not_LC,46087,SF_k107,107,0.9310223909852352,2.8857947172210507,0.9845935713044776
t3_not_LC,46087,SF_k108,108,0.9438729148535301,3.5921557595103577,0.9916297082194272
t3_not_LC,46087,SF_k109,109,0.957600953042881,3.651794648610566,0.9920107156095703
t3_not_LC,46087,SF_k110,110,0.9731335699937322,4.109579642536882,0.9942935218393163
t3_not_LC,46088,SF_k106,106,0.9187206599719125,2.6916532209711677,0.9813748745272592
t3_not_LC,46088,SF_k107,107,0.9310223909852352,2.4635640082785493,0.9763809388301887
t3_not_LC,46088,SF_k108,108,0.9438729148535301,2.265370231070247,0.9705478185522145
t3_not_LC,46088,SF_k109,109,0.957600953042881,2.3250386087115187,0.9724823138211445
t3_not_LC,46088,SF_k110,110,0.9731335699937322,2.204159365180498,0.968377812589577
t3_not_LC,46089,SF_k106,106,0.9187206599719125,2.7754769621002136,0.9828626046023425
t3_not_LC,46089,SF_k107,107,0.9310223909852352,2.6444970093777216,0.9804637692556502
t3_not_LC,46089,SF_k108,108,0.9438729148535301,2.565932340093697,0.9788132381378778
t3_not_LC,46089,SF_k109,109,0.957600953042881,2.395521737518249,0.9745618489350589
t3_not_LC,46089,SF_k110,110,0.9731335699937322,3.7002700142113985,0.9923037764461182
t3_not_LC,46090,SF_k106,106,0.9187206599719125,2.877284756480502,0.9844683815576012
t3_not_LC,46090,SF_k107,107,0.9310223909852352,3.318125338510573,0.9895361680058035
t3_not_LC,46090,SF_k108,108,0.9438729148535301,3.2179315217077344,0.9886004526888081
t3_not_LC,46090,SF_k109,109,0.957600953042881,3.129805849475789,0.9876849205800722
t3_not_LC,46090,SF_k110,110,0.9731335699937322,2.9015308948951923,0.9848216234246416
t3_not_LC,46091,SF_k106,106,0.9187206599719125,2.978585917002573,0.9858769742602014
t3_not_LC,46091,SF_k107,107,0.9310223909852352,2.8750463932233097,0.9844352331060378
t3_not_LC,46091,SF_k108,108,0.9438729148535301,2.7216863380995298,0.981926526121192
t3_not_LC,46091,SF_k109,109,0.957600953042881,4.190905481191615,0.9946053745242787
t3_not_LC,46091,SF_k110,110,0.9731335699937322,5.124256536237217,0.9969842409051171
t3_not_LC,46092,SF_k106,106,0.9187206599719125,2.460999536921503,0.976315482665157
t3_not_LC,46092,SF_k107,107,0.9310223909852352,2.5202260130112744,0.9777693599068573
t3_not_LC,46092,SF_k108,108,0.9438729148535301,2.6021903386764964,0.9795965612664101
t3_not_LC,46092,SF_k109,109,0.957600953042881,2.725935726303563,0.982002857139262
t3_not_LC,46092,SF_k110,110,0.9731335699937322,4.474216378685239,0.9955311229076276
t3_not_LC,46093,SF_k106,106,0.9187206599719125,3.6168070503489553,0.9917900278837557
t3_not_LC,46093,SF_k107,107,0.9310223909852352,3.396629040638454,0.9902001171982637
t3_not_LC,46093,SF_k108,108,0.9438729148535301,3.8612783969293796,0.9931813174331392
t3_not_LC,46093,SF_k109,109,0.957600953042881,3.9082200172758617,0.9934121691293216
t3_not_LC,46093,SF_k110,110,0.9731335699937322,3.8679800402307594,0.9932149197069733
t3_not_LC,46094,SF_k106,106,0.9187206599719125,2.492096983297209,0.9770936907517214
t3_not_LC,46094,SF_k107,107,0.9310223909852352,2.365555983965713,0.9737033912204338
t3_not_LC,46094,SF_k108,108,0.9438729148535301,2.705483336972427,0.9816315853866655
t3_not_LC,46094,SF_k109,109,0.957600953042881,2.7907576116986,0.9831169752325915
t3_not_LC,46094,SF_k110,110,0.9731335699937322,13.303858267859185,0.9998209726604239
t3_not_LC,46095,SF_k106,106,0.9187206599719125,2.4810931279922674,0.9768221533869177
t3_not_LC,46095,SF_k107,107,0.9310223909852352,2.473643428879223,0.9766359546343297
t3_not_LC,46095,SF_k108,108,0.9438729148535301,2.3252845654442638,0.972489944161893
t3_not_LC,46095,SF_k109,109,0.957600953042881,2.3741879270707624,0.9739544599089525
t3_not_LC,46095,SF_k110,110,0.9731335699937322,5.056165970989525,0.9968645058971866
t3_not_LC,46096,SF_k106,106,0.9187206599719125,3.339485461199127,0.989722515831454
t3_not_LC,46096,SF_k107,107,0.9310223909852352,3.128417232844927,0.987669738129916
t3_not_LC,46096,SF_k108,108,0.9438729148535301,3.0663850551118825,0.9869658032562831
t3_not_LC,46096,SF_k109,109,0.957600953042881,3.108852851717404,0.9874532064380253
t3_not_LC,46096,SF_k110,110,0.9731335699937322,8.640323499176873,0.9993524672293339
t3_not_LC,46097,SF_k106,106,0.9187206599719125,2.7529794376274923,0.9824789509260372
t3_not_LC,46097,SF_k107,107,0.9310223909852352,2.7561574653040517,0.9825338190050814
t3_not_LC,46097,SF_k108,108,0.9438729148535301,2.640762854596659,0.980389172991486
t3_not_LC,46097,SF_k109,109,0.957600953042881,2.536283600487457,0.9781435295674767
t3_not_LC,46097,SF_k110,110,0.9731335699937322,6.174439075627036,0.9982521969461347
t3_not_LC,46098,SF_k106,106,0.9187206599719125,2.3123047801996304,0.9720835208542942
t3_not_LC,46098,SF_k107,107,0.9310223909852352,2.4981964153549563,0.9772424330062204
t3_not_LC,46098,SF_k108,108,0.9438729148535301,2.694732514195221,0.9814324327716313
t3_not_LC,46098,SF_k109,109,0.957600953042881,2.5219485065611953,0.977809891946511
t3_not_LC,46098,SF_k110,110,0.9731335699937322,3.001057650772683,0.9861666248977741
t3_not_LC,46099,SF_k106,106,0.9187206599719125,2.403506971393167,0.9747844907423646
t3_not_LC,46099,SF_k107,107,0.9310223909852352,2.31443871698337,0.9721508671090364
t3_not_LC,46099,SF_k108,108,0.9438729148535301,2.850555287027656,0.9840664456020476
t3_not_LC,46099,SF_k109,109,0.957600953042881,2.6845903732340513,0.9812419777181121
t3_not_LC,46099,SF_k110,110,0.9731335699937322,2.897166315409093,0.9847588143080153
t3_not_LC,46100,SF_k106,106,0.9187206599719125,2.291624200770672,0.971419863503068
t3_not_LC,46100,SF_k107,107,0.9310223909852352,2.1406100627134204,0.9659029911485075
t3_not_LC,46100,SF_k108,108,0.9438729148535301,2.207600744509988,0.9685051549589823
t3_not_LC,46100,SF_k109,109,0.957600953042881,3.2806883476397495,0.9891987473094761
t3_not_LC,46100,SF_k110,110,0.9731335699937322,3.2118994694711733,0.9885406830033769
t3_not_LC,46101,SF_k106,106,0.9187206599719125,3.429866300800086,0.9904645802847099
t3_not_LC,46101,SF_k107,107,0.9310223909852352,3.6026087734745045,0.9916981870712758
t3_not_LC,46101,SF_k108,108,0.9438729148535301,3.9613689639223506,0.9936612901914827
t3_not_LC,46101,SF_k109,109,0.957600953042881,4.137906784031971,0.9944047793203032
t3_not_LC,46101,SF_k110,110,0.9731335699937322,5.423934134017586,0.9974448959086795
t3_not_LC,46102,SF_k106,106,0.9187206599719125,2.413115552229241,0.9750490727436392
t3_not_LC,46102,SF_k107,107,0.9310223909852352,2.3516518005838343,0.9732923760251042
t3_not_LC,46102,SF_k108,108,0.9438729148535301,2.1656364942483126,0.9669062384591367
t3_not_LC,46102,SF_k109,109,0.957600953042881,2.5820274781918036,0.9791656845145884
t3_not_LC,46102,SF_k110,110,0.9731335699937322,6.960783463861478,0.9987721033826575
t3_not_LC,46103,SF_k106,106,0.9187206599719125,3.2097717541631368,0.9885195023370048
t3_not_LC,46103,SF_k107,107,0.9310223909852352,3.357389659249676,0.9898753771291458
t3_not_LC,46103,SF_k108,108,0.9438729148535301,4.100258607553385,0.9942562756461377
t3_not_LC,46103,SF_k109,109,0.957600953042881,3.962874003268972,0.9936681625839319
t3_not_LC,46103,SF_k110,110,0.9731335699937322,4.266134921246454,0.9948741427570107
t3_not_LC,46104,SF_k106,106,0.9187206599719125,3.5315268288955224,0.9912175344414886
t3_not_LC,46104,SF_k107,107,0.9310223909852352,3.4005742744157215,0.9902320077240743
t3_not_LC,46104,SF_k108,108,0.9438729148535301,3.5570103132944895,0.9913939543169557
t3_not_LC,46104,SF_k109,109,0.957600953042881,3.6167211691551002,0.991789476387883
t3_not_LC,46104,SF_k110,110,0.9731335699937322,3.457457543602927,0.9906770511678744
t3_not_LC,46105,SF_k106,106,0.9187206599719125,2.7868330057582367,0.9830521152251488
t3_not_LC,46105,SF_k107,107,0.9310223909852352,2.629865192907179,0.980169349881225
t3_not_LC,46105,SF_k108,108,0.9438729148535301,2.522758389949179,0.9778289162830176
t3_not_LC,46105,SF_k109,109,0.957600953042881,3.3764005503991834,0.9900344421424017
t3_not_LC,46105,SF_k110,110,0.9731335699937322,3.8672873710024493,0.9932114567510588
t3_not_LC,46106,SF_k106,106,0.9187206599719125,3.146664882246144,0.9878673144011156
t3_not_LC,46106,SF_k107,107,0.9310223909852352,2.9966764320108017,0.9861107655058754
t3_not_LC,46106,SF_k108,108,0.9438729148535301,3.0846713094829,0.9871786540578014
t3_not_LC,46106,SF_k109,109,0.957600953042881,3.485438630230386,0.9908862262928506
t3_not_LC,46106,SF_k110,110,0.9731335699937322,3.630708496493794,0.9918786599151175
t3_not_LC,46107,SF_k106,106,0.9187206599719125,3.022019789507374,0.9864298670382348
t3_not_LC,46107,SF_k107,107,0.9310223909852352,3.22870552607837,0.9887061976589517
t3_not_LC,46107,SF_k108,108,0.9438729148535301,3.087196367944216,0.9872076878409304
t3_not_LC,46107,SF_k109,109,0.957600953042881,2.955975328826445,0.9855774961319115
t3_not_LC,46107,SF_k110,110,0.9731335699937322,4.576962968142592,0.9958147436683051
t3_not_LC,46108,SF_k106,106,0.9187206599719125,3.0842633348588127,0.9871739549825855
t3_not_LC,46108,SF_k107,107,0.9310223909852352,3.054653576932199,0.9868268145645696
t3_not_LC,46108,SF_k108,108,0.9438729148535301,2.9624997955661105,0.9856647563259857
t3_not_LC,46108,SF_k109,109,0.957600953042881,3.237178215234154,0.9887884555048452
t3_not_LC,46108,SF_k110,110,0.9731335699937322,14.24080926559485,0.9998539098188073
t3_not_LC,46109,SF_k106,106,0.9187206599719125,3.1104119501772387,0.9874706433696214
t3_not_LC,46109,SF_k107,107,0.9310223909852352,2.9343859125101477,0.9852837675916959
t3_not_LC,46109,SF_k108,108,0.9438729148535301,2.9930960749393103,0.98606489814693
t3_not_LC,46109,SF_k109,109,0.957600953042881,3.983197192148336,0.9937600099985677
t3_not_LC,46109,SF_k110,110,0.9731335699937322,4.744463647051662,0.9962282168977621
t3_not_LC,46110,SF_k106,106,0.9187206599719125,2.1604954802631693,0.9667032652330705
t3_not_LC,46110,SF_k107,107,0.9310223909852352,1.9728580821596597,0.9580678083557619
t3_not_LC,46110,SF_k108,108,0.9438729148535301,1.953915844140504,0.9570445081817143
t3_not_LC,46110,SF_k109,109,0.957600953042881,1.9710431924588567,0.9579711157130413
t3_not_LC,46110,SF_k110,110,0.9731335699937322,2.670117238864112,0.9809657766104998
t3_not_LC,46111,SF_k106,106,0.9187206599719125,3.4154651950113317,0.9903511567668377
t3_not_LC,46111,SF_k107,107,0.9310223909852352,3.267902053097332,0.9890802443077809
t3_not_LC,46111,SF_k108,108,0.9438729148535301,3.423159531751632,0.9904119763505495
t3_not_LC,46111,SF_k109,109,0.957600953042881,3.2693213029960506,0.9890934816001189
t3_not_LC,46111,SF_k110,110,0.9731335699937322,5.935882422867827,0.998037830978552
t3_not_LC,46112,SF_k106,106,0.9187206599719125,3.5875529646299444,0.9915993195297277
t3_not_LC,46112,SF_k107,107,0.9310223909852352,3.493703926764748,0.9909468343094348
t3_not_LC,46112,SF_k108,108,0.9438729148535301,3.672854411132156,0.9921398042026282
t3_not_LC,46112,SF_k109,109,0.957600953042881,4.640802011982612,0.9959790746511619
t3_not_LC,46112,SF_k110,110,0.9731335699937322,4.995427974315134,0.9967523363918538
t3_not_LC,46113,SF_k106,106,0.9187206599719125,3.170951361254234,0.9881239046228998
t3_not_LC,46113,SF_k107,107,0.9310223909852352,3.2334481687160976,0.9887523389689501
t3_not_LC,46113,SF_k108,108,0.9438729148535301,3.5630283551191506,0.9914349361809764
t3_not_LC,46113,SF_k109,109,0.957600953042881,3.5268364118630124,0.9911845471409482
t3_not_LC,46113,SF_k110,110,0.9731335699937322,3.7858636097286826,0.992787637593386
t3_not_LC,46114,SF_k106,106,0.9187206599719125,1.8880643965903776,0.9532308553559483
t3_not_LC,46114,SF_k107,107,0.9310223909852352,1.7107702643167575,0.9406060003867276
t3_not_LC,46114,SF_k108,108,0.9438729148535301,2.638676008884013,0.9803473236103319
t3_not_LC,46114,SF_k109,109,0.957600953042881,2.4399352354523014,0.9757688622004759
t3_not_LC,46114,SF_k110,110,0.9731335699937322,2.4191489018376267,0.9752133777349892
t3_not_LC,46115,SF_k106,106,0.9187206599719125,3.1108594620872263,0.9874756424849815
t3_not_LC,46115,SF_k107,107,0.9310223909852352,3.023858793726332,0.9864526481282843
t3_not_LC,46115,SF_k108,108,0.9438729148535301,2.8946977536776903,0.984723140117093
t3_not_LC,46115,SF_k109,109,0.957600953042881,2.726868230959365,0.9820195514841532
t3_not_LC,46115,SF_k110,110,0.9731335699937322,2.8710546967749426,0.9843758900632704
t3_not_LC,46116,SF_k106,106,0.9187206599719125,3.249474082007583,0.988906441799325
t3_not_LC,46116,SF_k107,107,0.9310223909852352,3.2949486920786915,0.9893289333081272
t3_not_LC,46116,SF_k108,108,0.9438729148535301,3.4813470320104782,0.9908560262331956
t3_not_LC,46116,SF_k109,109,0.957600953042881,3.3281093974944507,0.9896238161482938
t3_not_LC,46116,SF_k110,110,0.9731335699937322,3.669188585444683,0.9921175321031828
t3_not_LC,46117,SF_k106,106,0.9187206599719125,3.293063992773582,0.9893118457279377
t3_not_LC,46117,SF_k107,107,0.9310223909852352,3.117194715004935,0.9875461341739129
t3_not_LC,46117,SF_k108,108,0.9438729148535301,3.0363393350030443,0.9866059420248385
t3_not_LC,46117,SF_k109,109,0.957600953042881,3.1437204411143718,0.987835714982255
t3_not_LC,46117,SF_k110,110,0.9731335699937322,2.9275292089019587,0.985188850714505
t3_not_LC,46118,SF_k106,106,0.9187206599719125,2.7831005830201545,0.9829901303167516
t3_not_LC,46118,SF_k107,107,0.9310223909852352,2.599420747164125,0.9795380642264904
t3_not_LC,46118,SF_k108,108,0.9438729148535301,2.466127316777855,0.9764461318962852
t3_not_LC,46118,SF_k109,109,0.957600953042881,3.7141245485899184,0.9923849316340574
t3_not_LC,46118,SF_k110,110,0.9731335699937322,5.2111742468986995,0.9971284483394367
t3_not_LC,46119,SF_k106,106,0.9187206599719125,3.0611805469290125,0.9869043803964701
t3_not_LC,46119,SF_k107,107,0.9310223909852352,3.0704260219698445,0.9870132348780767
t3_not_LC,46119,SF_k108,108,0.9438729148535301,3.1738659250708827,0.988154218796766
t3_not_LC,46119,SF_k109,109,0.957600953042881,3.1746654009538338,0.9881625163978394
t3_not_LC,46119,SF_k110,110,0.9731335699937322,4.263619392610165,0.9948654446090468
t3_not_LC,46120,SF_k106,106,0.9187206599719125,2.406119606831626,0.9748567892513171
t3_not_LC,46120,SF_k107,107,0.9310223909852352,2.3679537464621623,0.9737734443468711
t3_not_LC,46120,SF_k108,108,0.9438729148535301,2.9638399435912373,0.9856825945606937
t3_not_LC,46120,SF_k109,109,0.957600953042881,4.084876686285164,0.9941941069095173
t3_not_LC,46120,SF_k110,110,0.9731335699937322,4.75090367485002,0.996243013673594
t3_not_LC,46121,SF_k106,106,0.9187206599719125,3.242108827658344,0.9888359640569453
t3_not_LC,46121,SF_k107,107,0.9310223909852352,3.0015019374965486,0.9861722730527633
t3_not_LC,46121,SF_k108,108,0.9438729148535301,3.9155522266388196,0.9934472943332742
t3_not_LC,46121,SF_k109,109,0.957600953042881,3.9070439277825133,0.9934065119828115
t3_not_LC,46121,SF_k110,110,0.9731335699937322,4.695531272325258,0.9961132331763594
t3_not_LC,46122,SF_k106,106,0.9187206599719125,2.567455531158368,0.9788469218048454
t3_not_LC,46122,SF_k107,107,0.9310223909852352,2.5171841466614873,0.977697547407292
t3_not_LC,46122,SF_k108,108,0.9438729148535301,2.6121781787622846,0.9798057242855456
t3_not_LC,46122,SF_k109,109,0.957600953042881,2.5823585210855144,0.9791728535681277
t3_not_LC,46122,SF_k110,110,0.9731335699937322,2.66232604031311,0.9808149040778922
t3_not_LC,46123,SF_k106,106,0.9187206599719125,3.3529048194041065,0.9898373679666759
t3_not_LC,46123,SF_k107,107,0.9310223909852352,3.352124667325433,0.9898307370688768
t3_not_LC,46123,SF_k108,108,0.9438729148535301,3.2147841359165463,0.98856931727655
t3_not_LC,46123,SF_k109,109,0.957600953042881,4.682135721016608,0.9960809498450669
t3_not_LC,46123,SF_k110,110,0.9731335699937322,6.740841395786749,0.9986501219023898
t3_not_LC,46124,SF_k106,106,0.9187206599719125,2.3280034741335514,0.9725741119099662
t3_not_LC,46124,SF_k107,107,0.9310223909852352,2.144859048067305,0.966076040076693
t3_not_LC,46124,SF_k108,108,0.9438729148535301,2.5372082665999165,0.9781648268313412
t3_not_LC,46124,SF_k109,109,0.957600953042881,2.5263830749303144,0.9779138027733627
t3_not_LC,46124,SF_k110,110,0.9731335699937322,3.7767226481432488,0.9927379069108213
t3_not_LC,46125,SF_k106,106,0.9187206599719125,3.23421779976145,0.9887598034506309
t3_not_LC,46125,SF_k107,107,0.9310223909852352,3.108248152985658,0.9874464349619989
t3_not_LC,46125,SF_k108,108,0.9438729148535301,3.132640717731987,0.9877158398426751
t3_not_LC,46125,SF_k109,109,0.957600953042881,3.501006485232979,0.9909999433867602
t3_not_LC,46125,SF_k110,110,0.9731335699937322,5.979805335485441,0.9980798195895764
t3_not_LC,46126,SF_k106,106,0.9187206599719125,2.808249635754002,0.9834021621684497
t3_not_LC,46126,SF_k107,107,0.9310223909852352,2.8127412968237593,0.983474380365253
t3_not_LC,46126,SF_k108,108,0.9438729148535301,3.7951279854266478,0.9928375836770926
t3_not_LC,46126,SF_k109,109,0.957600953042881,3.834162994330445,0.9930431024163282
t3_not_LC,46126,SF_k110,110,0.9731335699937322,5.375325547893748,0.9973768342079474
t3_not_LC,46127,SF_k106,106,0.9187206599719125,3.2489385328602545,0.9889013368250614
t3_not_LC,46127,SF_k107,107,0.9310223909852352,3.074766232583311,0.9870639281170883
t3_not_LC,46127,SF_k108,108,0.9438729148535301,2.9740608797947217,0.9858176938546273
t3_not_LC,46127,SF_k109,109,0.957600953042881,3.0379262078644644,0.9866252704175704
t3_not_LC,46127,SF_k110,110,0.9731335699937322,3.225487524449511,0.9886747484757823
t3_not_LC,46128,SF_k106,106,0.9187206599719125,3.58167421411054,0.9915602956330913
t3_not_LC,46128,SF_k107,107,0.9310223909852352,3.820905237052675,0.9929741809854078
t3_not_LC,46128,SF_k108,108,0.9438729148535301,3.6886540676989266,0.9922348558740661
t3_not_LC,46128,SF_k109,109,0.957600953042881,4.060524434080915,0.9940938573356157
t3_not_LC,46128,SF_k110,110,0.9731335699937322,9.758437587961804,0.9995489733898477
t3_not_LC,46129,SF_k106,106,0.9187206599719125,2.4480851981200895,0.9759822679424328
t3_not_LC,46129,SF_k107,107,0.9310223909852352,2.6717771926966103,0.9809977215648193
t3_not_LC,46129,SF_k108,108,0.9438729148535301,3.1148971068531797,0.9875206290044538
t3_not_LC,46129,SF_k109,109,0.957600953042881,2.936836935685506,0.9853175044740858
t3_not_LC,46129,SF_k110,110,0.9731335699937322,16.842748639908848,0.9999115463254407
t3_not_LC,46130,SF_k106,106,0.9187206599719125,2.9710288989568148,0.9857777915677999
t3_not_LC,46130,SF_k107,107,0.9310223909852352,2.7900634734614207,0.9831055270893914
t3_not_LC,46130,SF_k108,108,0.9438729148535301,3.4785112483043124,0.9908350182571628
t3_not_LC,46130,SF_k109,109,0.957600953042881,3.2668662168560307,0.9890705698190292
t3_not_LC,46130,SF_k110,110,0.9731335699937322,11.9800883108658,0.9997552123414819
t3_not_LC,46131,SF_k106,106,0.9187206599719125,2.5658686361207645,0.9788118278826949
t3_not_LC,46131,SF_k107,107,0.9310223909852352,2.89558666853905,0.9847359987112176
t3_not_LC,46131,SF_k108,108,0.9438729148535301,3.158572254289657,0.9879940138334034
t3_not_LC,46131,SF_k109,109,0.957600953042881,3.0328025220983723,0.9865627316077046
t3_not_LC,46131,SF_k110,110,0.9731335699937322,3.2529565282458077,0.9889395623890289
t3_not_LC,46132,SF_k106,106,0.9187206599719125,3.210016839933375,0.9885219446897
t3_not_LC,46132,SF_k107,107,0.9310223909852352,3.2568986553351817,0.9889768988463583
t3_not_LC,46132,SF_k108,108,0.9438729148535301,3.930467753974077,0.9935179903566118
t3_not_LC,46132,SF_k109,109,0.957600953042881,4.318515964899378,0.9950509305650375
t3_not_LC,46132,SF_k110,110,0.9731335699937322,4.383947765384187,0.9952606396177799
t3_not_LC,46133,SF_k106,106,0.9187206599719125,2.799289974202066,0.983256875147025
t3_not_LC,46133,SF_k107,107,0.9310223909852352,2.7617917991311396,0.9826305469025567
t3_not_LC,46133,SF_k108,108,0.9438729148535301,2.684045002314959,0.9812316647066164
t3_not_LC,46133,SF_k109,109,0.957600953042881,2.6315140749100876,0.9802028149359996
t3_not_LC,46133,SF_k110,110,0.9731335699937322,5.043487830337888,0.9968415205327972
t3_not_LC,46134,SF_k106,106,0.9187206599719125,2.4747162969164522,0.9766628889203706
t3_not_LC,46134,SF_k107,107,0.9310223909852352,2.497742436151953,0.9772314052591031
t3_not_LC,46134,SF_k108,108,0.9438729148535301,2.7508723038730127,0.9824424480561509
t3_not_LC,46134,SF_k109,109,0.957600953042881,2.542412395252636,0.9782841905920474
t3_not_LC,46134,SF_k110,110,0.9731335699937322,2.6277299010188795,0.9801259037338002
t3_not_LC,46135,SF_k106,106,0.9187206599719125,2.6063721981836148,0.9796844769661106
t3_not_LC,46135,SF_k107,107,0.9310223909852352,2.4346616982695446,0.9756294690776506
t3_not_LC,46135,SF_k108,108,0.9438729148535301,2.4824654482011925,0.9768562438748085
t3_not_LC,46135,SF_k109,109,0.957600953042881,2.7962939779102136,0.98320792404357
t3_not_LC,46135,SF_k110,110,0.9731335699937322,2.652242200933043,0.9806173231776134
t3_not_LC,46136,SF_k106,106,0.9187206599719125,2.67904687180786,0.9811368058639973
t3_not_LC,46136,SF_k107,107,0.9310223909852352,2.8742703460333194,0.9844237189267835
t3_not_LC,46136,SF_k108,108,0.9438729148535301,2.8203822801061045,0.9835962975072057
t3_not_LC,46136,SF_k109,109,0.957600953042881,2.634920051119264,0.9802717096920726
t3_not_LC,46136,SF_k110,110,0.9731335699937322,3.219166011659673,0.9886126345382509
t3_not_LC,46137,SF_k106,106,0.9187206599719125,2.8587115537607275,0.9841905145298264
t3_not_LC,46137,SF_k107,107,0.9310223909852352,2.707870321475911,0.9816754260121205
t3_not_LC,46137,SF_k108,108,0.9438729148535301,2.725507763684167,0.9819951887129312
t3_not_LC,46137,SF_k109,109,0.957600953042881,3.6679945965453573,0.9921102599988456
t3_not_LC,46137,SF_k110,110,0.9731335699937322,3.3849403186027267,0.9901048288182013
t3_not_LC,46138,SF_k106,106,0.9187206599719125,3.382522139304735,0.9900849639635534
t3_not_LC,46138,SF_k107,107,0.9310223909852352,3.1756523218334602,0.9881727489718735
t3_not_LC,46138,SF_k108,108,0.9438729148535301,3.7900006148703644,0.9928099974314168
t3_not_LC,46138,SF_k109,109,0.957600953042881,4.178160286029997,0.9945580123165152
t3_not_LC,46138,SF_k110,110,0.9731335699937322,5.63010711023522,0.9977089351791815
t3_not_LC,46139,SF_k106,106,0.9187206599719125,2.722086302582688,0.981933728524498
t3_not_LC,46139,SF_k107,107,0.9310223909852352,2.6057093572389856,0.9796705747815186
t3_not_LC,46139,SF_k108,108,0.9438729148535301,2.66024595050514,0.9807743619020848
t3_not_LC,46139,SF_k109,109,0.957600953042881,3.0026909570732028,0.9861873740943465
t3_not_LC,46139,SF_k110,110,0.9731335699937322,2.741299046774745,0.9822753554994117
t3_not_LC,46140,SF_k106,106,0.9187206599719125,3.5667118019418744,0.9914598934886667
t3_not_LC,46140,SF_k107,107,0.9310223909852352,3.472646600204678,0.9907913706167097
t3_not_LC,46140,SF_k108,108,0.9438729148535301,3.551362732011611,0.9913552607455154
t3_not_LC,46140,SF_k109,109,0.957600953042881,3.4860980378886786,0.9908910811252654
t3_not_LC,46140,SF_k110,110,0.9731335699937322,3.950072225046709,0.9936093915518094
t3_not_LC,46141,SF_k106,106,0.9187206599719125,3.0796038037021733,0.9871201262887435
t3_not_LC,46141,SF_k107,107,0.9310223909852352,3.059205935451066,0.986880977398471
t3_not_LC,46141,SF_k108,108,0.9438729148535301,3.166365267803437,0.9880759992340908
t3_not_LC,46141,SF_k109,109,0.957600953042881,4.610169672447734,0.9959013071977827
t3_not_LC,46141,SF_k110,110,0.9731335699937322,5.0942899307912475,0.9969323046317027
t3_not_LC,46142,SF_k106,106,0.9187206599719125,3.2290672557441202,0.9887097256547479
t3_not_LC,46142,SF_k107,107,0.9310223909852352,3.4190511842583424,0.9903795648333589
t3_not_LC,46142,SF_k108,108,0.9438729148535301,3.33675699572882,0.989698955956805
t3_not_LC,46142,SF_k109,109,0.957600953042881,3.1280503912379283,0.9876657231792192
t3_not_LC,46142,SF_k110,110,0.9731335699937322,3.6474005889812786,0.9919834310469509
t3_not_LC,46143,SF_k106,106,0.9187206599719125,2.739195860927013,0.9822383696698425
t3_not_LC,46143,SF_k107,107,0.9310223909852352,2.6626731957191225,0.9808216595339017
t3_not_LC,46143,SF_k108,108,0.9438729148535301,2.5112000787352944,0.9775553970086386
t3_not_LC,46143,SF_k109,109,0.957600953042881,3.3373364731449815,0.9897039655681144
t3_not_LC,46143,SF_k110,110,0.9731335699937322,8.24500131912746,0.999255948376478
t3_not_LC,46144,SF_k106,106,0.9187206599719125,2.4762373766295567,0.9767010067853037
t3_not_LC,46144,SF_k107,107,0.9310223909852352,2.342706861935242,0.973023576126032
t3_not_LC,46144,SF_k108,108,0.9438729148535301,2.678961051014596,0.9811351716533407
t3_not_LC,46144,SF_k109,109,0.957600953042881,3.8793616388894954,0.9932714898216428
t3_not_LC,46144,SF_k110,110,0.9731335699937322,5.943156070239971,0.9980448678377154
t3_not_LC,46145,SF_k106,106,0.9187206599719125,2.3736674399097493,0.9739394087975086
t3_not_LC,46145,SF_k107,107,0.9310223909852352,2.3153208825716236,0.9721786468313667
t3_not_LC,46145,SF_k108,108,0.9438729148535301,2.430559333553755,0.9755203162512593
t3_not_LC,46145,SF_k109,109,0.957600953042881,2.9047301287612304,0.9848674483681468
t3_not_LC,46145,SF_k110,110,0.9731335699937322,3.234354635633112,0.9887611299126404
t3_not_LC,46146,SF_k106,106,0.9187206599719125,2.348486701690094,0.9731976593732741
t3_not_LC,46146,SF_k107,107,0.9310223909852352,2.2617074030654734,0.9704234494434911
t3_not_LC,46146,SF_k108,108,0.9438729148535301,2.4617116848386726,0.9763336831784524
t3_not_LC,46146,SF_k109,109,0.957600953042881,3.4642372090509586,0.9907283065932613
t3_not_LC,46146,SF_k110,110,0.9731335699937322,12.090634938061656,0.999761829525978
t3_not_LC,46147,SF_k106,106,0.9187206599719125,2.707206637205794,0.9816632500880258
t3_not_LC,46147,SF_k107,107,0.9310223909852352,2.7651099797258314,0.9826871863237665
t3_not_LC,46147,SF_k108,108,0.9438729148535301,3.1363292395685667,0.9877559179668327
t3_not_LC,46147,SF_k109,109,0.957600953042881,3.186573241137473,0.9882852104891438
t3_not_LC,46147,SF_k110,110,0.9731335699937322,2.9213423625853157,0.9851025205506752
t3_not_LC,46148,SF_k106,106,0.9187206599719125,3.450910430001219,0.9906272005134049
t3_not_LC,46148,SF_k107,107,0.9310223909852352,3.2528165938100253,0.9889382340091963
t3_not_LC,46148,SF_k108,108,0.9438729148535301,3.151722638673762,0.9879213436140459
t3_not_LC,46148,SF_k109,109,0.957600953042881,3.05635806105631,0.9868471282365667
t3_not_LC,46148,SF_k110,110,0.9731335699937322,7.103072917565444,0.9988433126435459
t3_not_LC,46149,SF_k106,106,0.9187206599719125,2.907339983540743,0.9849046977533502
t3_not_LC,46149,SF_k107,107,0.9310223909852352,2.8403572369485457,0.9839095283778623
t3_not_LC,46149,SF_k108,108,0.9438729148535301,2.742656141678135,0.9822991677340256
t3_not_LC,46149,SF_k109,109,0.957600953042881,3.0519501079187323,0.9867945110960508
t3_not_LC,46149,SF_k110,110,0.9731335699937322,5.796672318494944,0.9978964335100773
trunc_exp,44000,SF_k106,106,0.9187206599719125,2.641566437260003,0.9740794271541806
trunc_exp,44000,SF_k107,107,0.9310223909852352,3.004735707113655,0.9857308491498173
trunc_exp,44000,SF_k108,108,0.9438729148535301,2.899851807498035,0.9827201326183167
trunc_exp,44000,SF_k109,109,0.957600953042881,2.993864639695695,0.9854308872933434
trunc_exp,44000,SF_k110,110,0.9731335699937322,3.8607981559597753,1.0
trunc_exp,44001,SF_k106,106,0.9187206599719125,2.892675392798573,0.9825043432169488
trunc_exp,44001,SF_k107,107,0.9310223909852352,2.744609558982223,0.977751269601932
trunc_exp,44001,SF_k108,108,0.9438729148535301,2.6005487481761707,0.9725276837055365
trunc_exp,44001,SF_k109,109,0.957600953042881,2.4282704485638984,0.9653980077626011
trunc_exp,44001,SF_k110,110,0.9731335699937322,2.670540430451639,0.9751439810928095
trunc_exp,44002,SF_k106,106,0.9187206599719125,2.899478122872382,0.9827089280566579
trunc_exp,44002,SF_k107,107,0.9310223909852352,2.713742773197937,0.9766842799898703
trunc_exp,44002,SF_k108,108,0.9438729148535301,2.665916861531785,0.9749758239425623
trunc_exp,44002,SF_k109,109,0.957600953042881,2.5362096400879923,0.969984136510749
trunc_exp,44002,SF_k110,110,0.9731335699937322,2.973218131158196,0.9848536509522462
trunc_exp,44003,SF_k106,106,0.9187206599719125,2.4301845158759923,0.9654829813165806
trunc_exp,44003,SF_k107,107,0.9310223909852352,2.2735041051933784,0.958058163142161
trunc_exp,44003,SF_k108,108,0.9438729148535301,2.2025127615423856,0.9543609627453519
trunc_exp,44003,SF_k109,109,0.957600953042881,2.559640409464708,0.9709262788727088
trunc_exp,44003,SF_k110,110,0.9731335699937322,2.892978958524278,0.982513497401611
trunc_exp,44004,SF_k106,106,0.9187206599719125,3.41043993423833,0.9951847534909865
trunc_exp,44004,SF_k107,107,0.9310223909852352,3.3859337257271336,0.9946999545985142
trunc_exp,44004,SF_k108,108,0.9438729148535301,3.2535016836409527,0.9919014838439788
trunc_exp,44004,SF_k109,109,0.957600953042881,3.2117761086236265,0.9909537655039944
trunc_exp,44004,SF_k110,110,0.9731335699937322,3.6437853348947105,0.9993367171563579
trunc_exp,44005,SF_k106,106,0.9187206599719125,2.4563941750038563,0.966632992380025
trunc_exp,44005,SF_k107,107,0.9310223909852352,2.8454270017454055,0.9810509070140315
trunc_exp,44005,SF_k108,108,0.9438729148535301,2.7999399163253003,0.9795964738209053
trunc_exp,44005,SF_k109,109,0.957600953042881,2.9300349984751897,0.9836137075357494
trunc_exp,44005,SF_k110,110,0.9731335699937322,3.53901225858625,0.9975720360633433
trunc_exp,44006,SF_k106,106,0.9187206599719125,3.5306685125002706,0.9974247603745517
trunc_exp,44006,SF_k107,107,0.9310223909852352,3.563600484905658,0.9980001293195147
trunc_exp,44006,SF_k108,108,0.9438729148535301,3.4249227483120324,0.9954666377179701
trunc_exp,44006,SF_k109,109,0.957600953042881,3.214567368729643,0.9910181984932354
trunc_exp,44006,SF_k110,110,0.9731335699937322,2.9512377411625725,0.9842280968169824
trunc_exp,44007,SF_k106,106,0.9187206599719125,3.7166444797163547,1.0
trunc_exp,44007,SF_k107,107,0.9310223909852352,3.5647900932568506,0.9980206191332266
trunc_exp,44007,SF_k108,108,0.9438729148535301,4.2353363448409125,1.0
trunc_exp,44007,SF_k109,109,0.957600953042881,4.0771748151294345,1.0
trunc_exp,44007,SF_k110,110,0.9731335699937322,4.119508186239853,1.0
trunc_exp,44008,SF_k106,106,0.9187206599719125,2.527866676152129,0.9696441982601002
trunc_exp,44008,SF_k107,107,0.9310223909852352,2.818811852483141,0.9802066030287089
trunc_exp,44008,SF_k108,108,0.9438729148535301,2.7182524990735066,0.976841889236742
trunc_exp,44008,SF_k109,109,0.957600953042881,3.0244514027106075,0.9862679658395661
trunc_exp,44008,SF_k110,110,0.9731335699937322,3.625502455932957,0.9990397833524808
trunc_exp,44009,SF_k106,106,0.9187206599719125,3.670149640095637,0.9997570063448121
trunc_exp,44009,SF_k107,107,0.9310223909852352,3.7180460017065937,1.0
trunc_exp,44009,SF_k108,108,0.9438729148535301,3.894745787497072,1.0
trunc_exp,44009,SF_k109,109,0.957600953042881,3.7458699298329643,1.0
trunc_exp,44009,SF_k110,110,0.9731335699937322,5.230652097131729,1.0
trunc_exp,44010,SF_k106,106,0.9187206599719125,3.2937391057928713,0.992784682091191
trunc_exp,44010,SF_k107,107,0.9310223909852352,3.1784563293436285,0.9901729195134112
trunc_exp,44010,SF_k108,108,0.9438729148535301,3.0038046988214937,0.9857052665132398
trunc_exp,44010,SF_k109,109,0.957600953042881,2.8988160419995843,0.982689067641989
trunc_exp,44010,SF_k110,110,0.9731335699937322,2.656839502285081,0.974643791760034
trunc_exp,44011,SF_k106,106,0.9187206599719125,3.7985756133461117,1.0
trunc_exp,44011,SF_k107,107,0.9310223909852352,3.712390814357995,1.0
trunc_exp,44011,SF_k108,108,0.9438729148535301,3.5131428425602835,0.9971120561303171
trunc_exp,44011,SF_k109,109,0.957600953042881,3.4032127851036975,0.9950428099769836
trunc_exp,44011,SF_k110,110,0.9731335699937322,3.4745161448536033,0.9964064968723084
trunc_exp,44012,SF_k106,106,0.9187206599719125,3.9759045598059704,1.0
trunc_exp,44012,SF_k107,107,0.9310223909852352,3.779127512797721,1.0
trunc_exp,44012,SF_k108,108,0.9438729148535301,3.641986368011154,0.999307700454807
trunc_exp,44012,SF_k109,109,0.957600953042881,3.447032152005134,0.9958904463372623
trunc_exp,44012,SF_k110,110,0.9731335699937322,3.929224459286091,1.0
trunc_exp,44013,SF_k106,106,0.9187206599719125,2.8860437905063403,0.9823037841754592
trunc_exp,44013,SF_k107,107,0.9310223909852352,2.8646155035420864,0.981648092868714
trunc_exp,44013,SF_k108,108,0.9438729148535301,3.0586607961483723,0.9871792280881985
trunc_exp,44013,SF_k109,109,0.957600953042881,3.241734996751686,0.9916375567345278
trunc_exp,44013,SF_k110,110,0.9731335699937322,3.655745325355809,0.999528524429444
trunc_exp,44014,SF_k106,106,0.9187206599719125,2.9883247047307737,0.9852769760962716
trunc_exp,44014,SF_k107,107,0.9310223909852352,2.8037491028235477,0.9797203996595234
trunc_exp,44014,SF_k108,108,0.9438729148535301,2.6430387554727437,0.9741341454180711
trunc_exp,44014,SF_k109,109,0.957600953042881,2.471955948026681,0.9673039998301798
trunc_exp,44014,SF_k110,110,0.9731335699937322,2.2447161885807136,0.9565852410721596
trunc_exp,44015,SF_k106,106,0.9187206599719125,2.6927244734984956,0.9759418444241407
trunc_exp,44015,SF_k107,107,0.9310223909852352,2.546149549702799,0.9703860666560038
trunc_exp,44015,SF_k108,108,0.9438729148535301,2.794246801833034,0.9794105217201976
trunc_exp,44015,SF_k109,109,0.957600953042881,3.337420685283096,0.9937105058635528
trunc_exp,44015,SF_k110,110,0.9731335699937322,3.5549117645590487,0.9978498565848904
trunc_exp,44016,SF_k106,106,0.9187206599719125,2.4291378762432028,0.965436533362644
trunc_exp,44016,SF_k107,107,0.9310223909852352,2.246786709722201,0.9566923630549438
trunc_exp,44016,SF_k108,108,0.9438729148535301,3.2960359901172978,0.9928342090748749
trunc_exp,44016,SF_k109,109,0.957600953042881,3.2429863748349237,0.991665748446127
trunc_exp,44016,SF_k110,110,0.9731335699937322,3.009290107633555,0.9858557109397361
trunc_exp,44017,SF_k106,106,0.9187206599719125,2.984471500440922,0.9851695056811791
trunc_exp,44017,SF_k107,107,0.9310223909852352,2.997502694261963,0.9855315739617951
trunc_exp,44017,SF_k108,108,0.9438729148535301,2.9296068295431517,0.9836011882526623
trunc_exp,44017,SF_k109,109,0.957600953042881,2.762422408183809,0.9783546288744923
trunc_exp,44017,SF_k110,110,0.9731335699937322,2.594732712826385,0.9723033271273493
trunc_exp,44018,SF_k106,106,0.9187206599719125,3.1236878532168686,0.9888413168300382
trunc_exp,44018,SF_k107,107,0.9310223909852352,2.919809877955907,0.983313508876215
trunc_exp,44018,SF_k108,108,0.9438729148535301,2.8570976973126423,0.9814152614772739
trunc_exp,44018,SF_k109,109,0.957600953042881,2.8339346024171164,0.9806886357054507
trunc_exp,44018,SF_k110,110,0.9731335699937322,3.2915276285444395,0.9927369069583367
trunc_exp,44019,SF_k106,106,0.9187206599719125,3.1438581788946025,0.9893388151565753
trunc_exp,44019,SF_k107,107,0.9310223909852352,3.1379053734457867,0.9891928597250542
trunc_exp,44019,SF_k108,108,0.9438729148535301,3.0350490085293917,0.9865530477455747
trunc_exp,44019,SF_k109,109,0.957600953042881,3.3462429578219695,0.9938934323062933
trunc_exp,44019,SF_k110,110,0.9731335699937322,3.719580565426315,1.0
trunc_exp,44020,SF_k106,106,0.9187206599719125,2.8162945007772056,0.9801257712267398
trunc_exp,44020,SF_k107,107,0.9310223909852352,2.628403042492475,0.9735872154860755
trunc_exp,44020,SF_k108,108,0.9438729148535301,2.5517270744934923,0.9706101439552266
trunc_exp,44020,SF_k109,109,0.957600953042881,2.439655991849018,0.9659014691747723
trunc_exp,44020,SF_k110,110,0.9731335699937322,2.2637571157296428,0.9575634179538741
trunc_exp,44021,SF_k106,106,0.9187206599719125,2.7870119351758382,0.9791729340924252
trunc_exp,44021,SF_k107,107,0.9310223909852352,3.7117106054333227,1.0
trunc_exp,44021,SF_k108,108,0.9438729148535301,3.5855729010834496,0.9983753209447834
trunc_exp,44021,SF_k109,109,0.957600953042881,3.4225038766000404,0.9954197949296979
trunc_exp,44021,SF_k110,110,0.9731335699937322,3.3754215644495638,0.9944889388740331
trunc_exp,44022,SF_k106,106,0.9187206599719125,3.9693412514634976,1.0
trunc_exp,44022,SF_k107,107,0.9310223909852352,3.768773834698585,1.0
trunc_exp,44022,SF_k108,108,0.9438729148535301,3.5493052815829422,0.9977523118439469
trunc_exp,44022,SF_k109,109,0.957600953042881,3.3752777342608966,0.9944860388488703
trunc_exp,44022,SF_k110,110,0.9731335699937322,3.3591728814618014,0.9941591085695699
trunc_exp,44023,SF_k106,106,0.9187206599719125,3.4422379810656523,0.9957992108495753
trunc_exp,44023,SF_k107,107,0.9310223909852352,3.3773708210172937,0.9945282071299741
trunc_exp,44023,SF_k108,108,0.9438729148535301,3.5550575676825535,0.997852387268041
trunc_exp,44023,SF_k109,109,0.957600953042881,4.2026601034812865,1.0
trunc_exp,44023,SF_k110,110,0.9731335699937322,3.9850483481715693,1.0
trunc_exp,44024,SF_k106,106,0.9187206599719125,3.0153630858356713,0.9860214691852698
trunc_exp,44024,SF_k107,107,0.9310223909852352,2.787313966321722,0.9791828812781396
trunc_exp,44024,SF_k108,108,0.9438729148535301,2.6952712648256183,0.9760325001273729
trunc_exp,44024,SF_k109,109,0.957600953042881,2.84823117755188,0.981138776304722
trunc_exp,44024,SF_k110,110,0.9731335699937322,2.9024892555983266,0.9827991146298914
trunc_exp,44025,SF_k106,106,0.9187206599719125,3.8440343594048887,1.0
trunc_exp,44025,SF_k107,107,0.9310223909852352,3.811506942993648,1.0
trunc_exp,44025,SF_k108,108,0.9438729148535301,3.7375913591671197,1.0
trunc_exp,44025,SF_k109,109,0.957600953042881,3.813452699674746,1.0
trunc_exp,44025,SF_k110,110,0.9731335699937322,3.8327358956842716,1.0
trunc_exp,44026,SF_k106,106,0.9187206599719125,2.5151307460915278,0.9691206823513668
trunc_exp,44026,SF_k107,107,0.9310223909852352,2.72123949860624,0.9769459551619359
trunc_exp,44026,SF_k108,108,0.9438729148535301,3.1461158886851974,0.9893939821091794
trunc_exp,44026,SF_k109,109,0.957600953042881,3.0114975782772304,0.9859160596757929
trunc_exp,44026,SF_k110,110,0.9731335699937322,2.717065448427212,0.976800460788473
trunc_exp,44027,SF_k106,106,0.9187206599719125,3.4730988530244944,0.9963801735748415
trunc_exp,44027,SF_k107,107,0.9310223909852352,3.3602008068360845,0.9941801070497798
trunc_exp,44027,SF_k108,108,0.9438729148535301,3.1670673999036314,0.9899010048160618
trunc_exp,44027,SF_k109,109,0.957600953042881,2.946171706847733,0.9840822854919375
trunc_exp,44027,SF_k110,110,0.9731335699937322,3.1053008481445783,0.9883804521802705
trunc_exp,44028,SF_k106,106,0.9187206599719125,2.7156356600548675,0.9767505062190474
trunc_exp,44028,SF_k107,107,0.9310223909852352,2.6364413076141586,0.973888428241953
trunc_exp,44028,SF_k108,108,0.9438729148535301,2.775972357211081,0.9788076279274223
trunc_exp,44028,SF_k109,109,0.957600953042881,2.645196688430334,0.9742142230081281
trunc_exp,44028,SF_k110,110,0.9731335699937322,2.3925406822325654,0.9637866504347806
trunc_exp,44029,SF_k106,106,0.9187206599719125,3.28408422908365,0.9925754561050655
trunc_exp,44029,SF_k107,107,0.9310223909852352,3.1470031459421626,0.9894156337434173
trunc_exp,44029,SF_k108,108,0.9438729148535301,2.9978348142435975,0.9855407504902629
trunc_exp,44029,SF_k109,109,0.957600953042881,3.5696567297820057,0.9981042306545086
trunc_exp,44029,SF_k110,110,0.9731335699937322,3.4217431429088765,0.9954050433522598
trunc_exp,44030,SF_k106,106,0.9187206599719125,2.5241837986162152,0.9694933832078765
trunc_exp,44030,SF_k107,107,0.9310223909852352,2.5529338726086177,0.9706584900768825
trunc_exp,44030,SF_k108,108,0.9438729148535301,2.5169365050814294,0.9691952476862148
trunc_exp,44030,SF_k109,109,0.957600953042881,2.5732238903927294,0.9714640920522207
trunc_exp,44030,SF_k110,110,0.9731335699937322,2.6603171287732685,0.9747712937850793
trunc_exp,44031,SF_k106,106,0.9187206599719125,2.584752586487084,0.9719157928975976
trunc_exp,44031,SF_k107,107,0.9310223909852352,2.768556259920571,0.9785603289608721
trunc_exp,44031,SF_k108,108,0.9438729148535301,2.9917519360226716,0.9853722757748419
trunc_exp,44031,SF_k109,109,0.957600953042881,2.8480328373339003,0.9811325680356641
trunc_exp,44031,SF_k110,110,0.9731335699937322,2.7814201899934563,0.9789883204027892
trunc_exp,44032,SF_k106,106,0.9187206599719125,2.813455987129143,0.9800344231153344
trunc_exp,44032,SF_k107,107,0.9310223909852352,2.838841239517924,0.9808437310645431
trunc_exp,44032,SF_k108,108,0.9438729148535301,3.099807235756553,0.9882413793012528
trunc_exp,44032,SF_k109,109,0.957600953042881,3.1454320679672696,0.9893772839741457
trunc_exp,44032,SF_k110,110,0.9731335699937322,4.130900206051011,1.0
trunc_exp,44033,SF_k106,106,0.9187206599719125,3.4076013222048234,0.9951291042752962
trunc_exp,44033,SF_k107,107,0.9310223909852352,3.7807730477109995,1.0
trunc_exp,44033,SF_k108,108,0.9438729148535301,3.7062566525805796,1.0
trunc_exp,44033,SF_k109,109,0.957600953042881,3.5674185168525616,0.9980658190677961
trunc_exp,44033,SF_k110,110,0.9731335699937322,3.6112143598322897,0.9988045559441647
trunc_exp,44034,SF_k106,106,0.9187206599719125,2.815400043287345,0.9800970094282367
trunc_exp,44034,SF_k107,107,0.9310223909852352,2.5933406174858953,0.9722494646801538
trunc_exp,44034,SF_k108,108,0.9438729148535301,2.5751961204636964,0.9715416734841622
trunc_exp,44034,SF_k109,109,0.957600953042881,2.436806373324326,0.9657759091574281
trunc_exp,44034,SF_k110,110,0.9731335699937322,2.230580059705895,0.9558489192336026
trunc_exp,44035,SF_k106,106,0.9187206599719125,3.5289597130976955,0.9973944716338304
trunc_exp,44035,SF_k107,107,0.9310223909852352,3.4598823635495246,0.9961332001831673
trunc_exp,44035,SF_k108,108,0.9438729148535301,3.2486860674143676,0.9917937825168667
trunc_exp,44035,SF_k109,109,0.957600953042881,3.0706643917017136,0.987492863492458
trunc_exp,44035,SF_k110,110,0.9731335699937322,3.463561909888093,0.9962022327289677
trunc_exp,44036,SF_k106,106,0.9187206599719125,2.6494471432789135,0.9743715299038858
trunc_exp,44036,SF_k107,107,0.9310223909852352,2.584658119171325,0.9719121092393196
trunc_exp,44036,SF_k108,108,0.9438729148535301,2.62086193237943,0.9733027900852637
trunc_exp,44036,SF_k109,109,0.957600953042881,3.046836890073196,0.9868672019826639
trunc_exp,44036,SF_k110,110,0.9731335699937322,3.1339923190654417,0.9890965208933492
trunc_exp,44037,SF_k106,106,0.9187206599719125,3.1693390745542107,0.9899554483000268
trunc_exp,44037,SF_k107,107,0.9310223909852352,3.019148150257541,0.9861243562206466
trunc_exp,44037,SF_k108,108,0.9438729148535301,2.951034780767907,0.9842222670234632
trunc_exp,44037,SF_k109,109,0.957600953042881,3.077614316541124,0.9876730238568217
trunc_exp,44037,SF_k110,110,0.9731335699937322,3.9522534379720264,1.0
trunc_exp,44038,SF_k106,106,0.9187206599719125,3.1700086439000477,0.989971475678118
trunc_exp,44038,SF_k107,107,0.9310223909852352,3.0903894516850205,0.9880014766456553
trunc_exp,44038,SF_k108,108,0.9438729148535301,3.1777009980549424,0.9901549655894187
trunc_exp,44038,SF_k109,109,0.957600953042881,3.0977462953419135,0.9881890411922848
trunc_exp,44038,SF_k110,110,0.9731335699937322,3.1667798187545944,0.9898941052189791
trunc_exp,44039,SF_k106,106,0.9187206599719125,3.130156042137473,0.9890017665329951
trunc_exp,44039,SF_k107,107,0.9310223909852352,3.1641264297365455,0.9898303674175544
trunc_exp,44039,SF_k108,108,0.9438729148535301,3.181276488174442,0.9902398536827831
trunc_exp,44039,SF_k109,109,0.957600953042881,3.4202902194962266,0.9953768433234438
trunc_exp,44039,SF_k110,110,0.9731335699937322,3.680803801159421,0.9999242455248715
trunc_exp,44040,SF_k106,106,0.9187206599719125,3.2029941410113123,0.990750062640568
trunc_exp,44040,SF_k107,107,0.9310223909852352,3.2484537211455877,0.9917885751398585
trunc_exp,44040,SF_k108,108,0.9438729148535301,3.3925777051978034,0.9948323712077763
trunc_exp,44040,SF_k109,109,0.957600953042881,3.4465311556127056,0.9958809291876087
trunc_exp,44040,SF_k110,110,0.9731335699937322,3.61501412085505,0.9988673859917112
trunc_exp,44041,SF_k106,106,0.9187206599719125,2.8057193236429496,0.9797843433174586
trunc_exp,44041,SF_k107,107,0.9310223909852352,2.8660085167522213,0.9816910752807783
trunc_exp,44041,SF_k108,108,0.9438729148535301,2.6738995649903106,0.9752657451834612
trunc_exp,44041,SF_k109,109,0.957600953042881,2.4919504249395845,0.968153452882099
trunc_exp,44041,SF_k110,110,0.9731335699937322,3.3547916748602042,0.9940694069906297
trunc_exp,44042,SF_k106,106,0.9187206599719125,3.1233860524482893,0.9888338092079764
trunc_exp,44042,SF_k107,107,0.9310223909852352,2.8870013023857974,0.9823328107138672
trunc_exp,44042,SF_k108,108,0.9438729148535301,3.2871819995644977,0.9926427700242073
trunc_exp,44042,SF_k109,109,0.957600953042881,3.4736290302857395,0.9963900241770633
trunc_exp,44042,SF_k110,110,0.9731335699937322,3.880207298441846,1.0
trunc_exp,44043,SF_k106,106,0.9187206599719125,3.473953601820246,0.9963960525106408
trunc_exp,44043,SF_k107,107,0.9310223909852352,3.2587341358243314,0.9920180182929209
trunc_exp,44043,SF_k108,108,0.9438729148535301,3.5067928470760696,0.9969976223581019
trunc_exp,44043,SF_k109,109,0.957600953042881,4.68483240862971,1.0
trunc_exp,44043,SF_k110,110,0.9731335699937322,4.746946472732461,1.0
trunc_exp,44044,SF_k106,106,0.9187206599719125,3.3601975431311777,0.9941800404072411
trunc_exp,44044,SF_k107,107,0.9310223909852352,3.1678942474875127,0.9899208331812479
trunc_exp,44044,SF_k108,108,0.9438729148535301,3.078916420575182,0.9877066617981665
trunc_exp,44044,SF_k109,109,0.957600953042881,3.3795777122662596,0.9945725884973073
trunc_exp,44044,SF_k110,110,0.9731335699937322,4.643935766270898,1.0
trunc_exp,44045,SF_k106,106,0.9187206599719125,2.3102793937118546,0.9598890251973661
trunc_exp,44045,SF_k107,107,0.9310223909852352,2.186240224234391,0.9534822026008247
trunc_exp,44045,SF_k108,108,0.9438729148535301,2.610966914950958,0.9729268586152106
trunc_exp,44045,SF_k109,109,0.957600953042881,2.493556074044765,0.968221055290905
trunc_exp,44045,SF_k110,110,0.9731335699937322,2.483871947172639,0.9678119486378117
trunc_exp,44046,SF_k106,106,0.9187206599719125,3.0753884826904887,0.9876154380329419
trunc_exp,44046,SF_k107,107,0.9310223909852352,3.0678281568882104,0.9874190401752916
trunc_exp,44046,SF_k108,108,0.9438729148535301,3.040720376266268,0.986704578788234
trunc_exp,44046,SF_k109,109,0.957600953042881,3.001680928956655,0.9856468342622704
trunc_exp,44046,SF_k110,110,0.9731335699937322,4.218199131960431,1.0
trunc_exp,44047,SF_k106,106,0.9187206599719125,3.2854747635698502,0.9926056936529025
trunc_exp,44047,SF_k107,107,0.9310223909852352,3.255534965858702,0.9919468284830262
trunc_exp,44047,SF_k108,108,0.9438729148535301,3.034730741739457,0.9865445228370212
trunc_exp,44047,SF_k109,109,0.957600953042881,3.32578979613084,0.9934672772340626
trunc_exp,44047,SF_k110,110,0.9731335699937322,4.016413936431373,1.0
trunc_exp,44048,SF_k106,106,0.9187206599719125,3.0633560789424386,0.9873022826805112
trunc_exp,44048,SF_k107,107,0.9310223909852352,2.933497903064197,0.9837147956571065
trunc_exp,44048,SF_k108,108,0.9438729148535301,3.1908095144853665,0.9904649500057208
trunc_exp,44048,SF_k109,109,0.957600953042881,3.1348902931311597,0.9891186566961279
trunc_exp,44048,SF_k110,110,0.9731335699937322,3.175616309952758,0.9901053546439164
trunc_exp,44049,SF_k106,106,0.9187206599719125,3.3951726088568526,0.9948838894872044
trunc_exp,44049,SF_k107,107,0.9310223909852352,3.372464721166696,0.9944292505063471
trunc_exp,44049,SF_k108,108,0.9438729148535301,3.3618283430544307,0.994213317589151
trunc_exp,44049,SF_k109,109,0.957600953042881,3.680977014702909,0.9999269522106435
trunc_exp,44049,SF_k110,110,0.9731335699937322,3.6688795047681273,0.9997369695887242
trunc_exp,44050,SF_k106,106,0.9187206599719125,3.378401338387207,0.9945489413694842
trunc_exp,44050,SF_k107,107,0.9310223909852352,3.8423291501092662,1.0
trunc_exp,44050,SF_k108,108,0.9438729148535301,4.303219878066802,1.0
trunc_exp,44050,SF_k109,109,0.957600953042881,4.354741098507041,1.0
trunc_exp,44050,SF_k110,110,0.9731335699937322,4.348764004234058,1.0
trunc_exp,44051,SF_k106,106,0.9187206599719125,2.985154883666136,0.9851885912552919
trunc_exp,44051,SF_k107,107,0.9310223909852352,3.065527557585899,0.9873590302833568
trunc_exp,44051,SF_k108,108,0.9438729148535301,3.1432194076217175,0.9893231879668378
trunc_exp,44051,SF_k109,109,0.957600953042881,2.984786814533753,0.985178313146995
trunc_exp,44051,SF_k110,110,0.9731335699937322,3.0368107730004206,0.9866001964212395
trunc_exp,44052,SF_k106,106,0.9187206599719125,2.9031311943479023,0.9828183120878796
trunc_exp,44052,SF_k107,107,0.9310223909852352,3.26362642224828,0.9921265175644327
trunc_exp,44052,SF_k108,108,0.9438729148535301,3.149677784038518,0.989480805736189
trunc_exp,44052,SF_k109,109,0.957600953042881,3.425151520888782,0.9954710631347671
trunc_exp,44052,SF_k110,110,0.9731335699937322,3.455977582961098,0.9960597098611972
trunc_exp,44053,SF_k106,106,0.9187206599719125,2.736874055904722,0.9774864464596645
trunc_exp,44053,SF_k107,107,0.9310223909852352,2.632980989932914,0.9737590095339517
trunc_exp,44053,SF_k108,108,0.9438729148535301,2.4872358420894085,0.9679544314067348
trunc_exp,44053,SF_k109,109,0.957600953042881,3.1040038006571002,0.9883476743838633
trunc_exp,44053,SF_k110,110,0.9731335699937322,3.606495741295267,0.9987262546114895
trunc_exp,44054,SF_k106,106,0.9187206599719125,2.796933906629991,0.9794983996846064
trunc_exp,44054,SF_k107,107,0.9310223909852352,3.132862864298643,0.9890686553449541
trunc_exp,44054,SF_k108,108,0.9438729148535301,2.9987690688877584,0.985566550465299
trunc_exp,44054,SF_k109,109,0.957600953042881,2.7870706524859186,0.979174868102456
trunc_exp,44054,SF_k110,110,0.9731335699937322,2.5716013457866196,0.9714001703947479
trunc_exp,44055,SF_k106,106,0.9187206599719125,3.81852915888902,1.0
trunc_exp,44055,SF_k107,107,0.9310223909852352,3.5846176021314835,0.998359151267211
trunc_exp,44055,SF_k108,108,0.9438729148535301,3.5621052615307844,0.9979743467353864
trunc_exp,44055,SF_k109,109,0.957600953042881,3.732067804957904,1.0
trunc_exp,44055,SF_k110,110,0.9731335699937322,4.395529255540206,1.0
trunc_exp,44056,SF_k106,106,0.9187206599719125,2.4599620530394586,0.966787606102759
trunc_exp,44056,SF_k107,107,0.9310223909852352,2.2741464267417175,0.958090625524478
trunc_exp,44056,SF_k108,108,0.9438729148535301,2.1790600318568702,0.9530906439100784
trunc_exp,44056,SF_k109,109,0.957600953042881,2.3008667967987075,0.9594257528209822
trunc_exp,44056,SF_k110,110,0.9731335699937322,2.0754986784124294,0.9471742997400661
trunc_exp,44057,SF_k106,106,0.9187206599719125,2.8429264723317,0.9809723789732072
trunc_exp,44057,SF_k107,107,0.9310223909852352,2.678341284598922,0.9754262285307534
trunc_exp,44057,SF_k108,108,0.9438729148535301,2.6293655441615966,0.9736233892314797
trunc_exp,44057,SF_k109,109,0.957600953042881,3.507756656137589,0.9970150302828115
trunc_exp,44057,SF_k110,110,0.9731335699937322,3.283341731837522,0.9925592959312773
trunc_exp,44058,SF_k106,106,0.9187206599719125,3.390130556226932,0.9947836841125602
trunc_exp,44058,SF_k107,107,0.9310223909852352,3.4528401503206556,0.9960004877978922
trunc_exp,44058,SF_k108,108,0.9438729148535301,3.291044116303032,0.9927264497675208
trunc_exp,44058,SF_k109,109,0.957600953042881,3.587481600161938,0.9984075895914506
trunc_exp,44058,SF_k110,110,0.9731335699937322,3.8920872352244715,1.0
trunc_exp,44059,SF_k106,106,0.9187206599719125,2.4306433593598378,0.965503331168583
trunc_exp,44059,SF_k107,107,0.9310223909852352,2.268289979175924,0.9577940009645396
trunc_exp,44059,SF_k108,108,0.9438729148535301,2.256391035149624,0.9571868468252056
trunc_exp,44059,SF_k109,109,0.957600953042881,2.3563984794520385,0.9621070882735457
trunc_exp,44059,SF_k110,110,0.9731335699937322,2.8059645476375668,0.9797922947277875
trunc_exp,44060,SF_k106,106,0.9187206599719125,2.95470235083066,0.9843274614808739
trunc_exp,44060,SF_k107,107,0.9310223909852352,2.7951581082966817,0.979440346787702
trunc_exp,44060,SF_k108,108,0.9438729148535301,2.6728704111800714,0.9752284759964354
trunc_exp,44060,SF_k109,109,0.957600953042881,3.1963875607956016,0.9905958325241376
trunc_exp,44060,SF_k110,110,0.9731335699937322,3.241690380240694,0.9916365510465671
trunc_exp,44061,SF_k106,106,0.9187206599719125,3.0755196305771473,0.9876188340004224
trunc_exp,44061,SF_k107,107,0.9310223909852352,2.9075010937818204,0.9829487229995922
trunc_exp,44061,SF_k108,108,0.9438729148535301,2.8724381454748804,0.9818888199980117
trunc_exp,44061,SF_k109,109,0.957600953042881,2.6893237934786454,0.97582049297397
trunc_exp,44061,SF_k110,110,0.9731335699937322,2.491513163949702,0.9681350272540312
trunc_exp,44062,SF_k106,106,0.9187206599719125,2.9095198247446845,0.9830088076392505
trunc_exp,44062,SF_k107,107,0.9310223909852352,3.119829112023756,0.9887451838892455
trunc_exp,44062,SF_k108,108,0.9438729148535301,3.0716474146439836,0.9875184095031131
trunc_exp,44062,SF_k109,109,0.957600953042881,3.368654456143752,0.9943521171028205
trunc_exp,44062,SF_k110,110,0.9731335699937322,3.127955512265618,0.9889472773935336
trunc_exp,44063,SF_k106,106,0.9187206599719125,3.3398728993746643,0.9937614867540141
trunc_exp,44063,SF_k107,107,0.9310223909852352,3.4148369128822464,0.9952706937779309
trunc_exp,44063,SF_k108,108,0.9438729148535301,3.526252815379725,0.9973464029836542
trunc_exp,44063,SF_k109,109,0.957600953042881,4.285646816089595,1.0
trunc_exp,44063,SF_k110,110,0.9731335699937322,4.615109272427314,1.0
trunc_exp,44064,SF_k106,106,0.9187206599719125,3.1915680744196457,0.9904827845526037
trunc_exp,44064,SF_k107,107,0.9310223909852352,3.020747818037517,0.9861677414200497
trunc_exp,44064,SF_k108,108,0.9438729148535301,3.2262337185989196,0.9912858844746849
trunc_exp,44064,SF_k109,109,0.957600953042881,3.070680380881682,0.987493279174047
trunc_exp,44064,SF_k110,110,0.9731335699937322,4.296694419420005,1.0
trunc_exp,44065,SF_k106,106,0.9187206599719125,2.5577079125957574,0.9708492687948981
trunc_exp,44065,SF_k107,107,0.9310223909852352,2.4354631544288208,0.9657166206010888
trunc_exp,44065,SF_k108,108,0.9438729148535301,2.3978867800446846,0.9640308173316382
trunc_exp,44065,SF_k109,109,0.957600953042881,2.875169585892232,0.9819725056101427
trunc_exp,44065,SF_k110,110,0.9731335699937322,2.793517401316698,0.9793866336945396
trunc_exp,44066,SF_k106,106,0.9187206599719125,3.5046066869079726,0.996958084910587
trunc_exp,44066,SF_k107,107,0.9310223909852352,3.4421125010059894,0.9957968179972817
trunc_exp,44066,SF_k108,108,0.9438729148535301,3.803318835637656,1.0
trunc_exp,44066,SF_k109,109,0.957600953042881,3.7223899832029574,1.0
trunc_exp,44066,SF_k110,110,0.9731335699937322,3.54288945207877,0.9976401244402661
trunc_exp,44067,SF_k106,106,0.9187206599719125,2.793948530575083,0.9794007550281817
trunc_exp,44067,SF_k107,107,0.9310223909852352,2.5887958546109093,0.9720731842866719
trunc_exp,44067,SF_k108,108,0.9438729148535301,2.460041592935089,0.9667910477168721
trunc_exp,44067,SF_k109,109,0.957600953042881,2.8574877069458586,0.9814273762762155
trunc_exp,44067,SF_k110,110,0.9731335699937322,2.958333482153107,0.9844312942058446
trunc_exp,44068,SF_k106,106,0.9187206599719125,3.3739733166143258,0.9944597221901348
trunc_exp,44068,SF_k107,107,0.9310223909852352,3.223019542980504,0.9912123945906588
trunc_exp,44068,SF_k108,108,0.9438729148535301,3.163189523930953,0.989807828016257
trunc_exp,44068,SF_k109,109,0.957600953042881,3.171862103034055,0.9900157949822208
trunc_exp,44068,SF_k110,110,0.9731335699937322,3.1116735491809604,0.9885409830497636
trunc_exp,44069,SF_k106,106,0.9187206599719125,3.4857430039350628,0.9966139167571055
trunc_exp,44069,SF_k107,107,0.9310223909852352,3.556633238113778,0.9978797163171909
trunc_exp,44069,SF_k108,108,0.9438729148535301,3.8823884792034766,1.0
trunc_exp,44069,SF_k109,109,0.957600953042881,3.744765162612291,1.0
trunc_exp,44069,SF_k110,110,0.9731335699937322,3.8399594035545928,1.0
trunc_exp,44070,SF_k106,106,0.9187206599719125,3.4741819162640595,0.9964002920637474
trunc_exp,44070,SF_k107,107,0.9310223909852352,3.276473605748377,0.9924093382661717
trunc_exp,44070,SF_k108,108,0.9438729148535301,3.91021755956677,1.0
trunc_exp,44070,SF_k109,109,0.957600953042881,4.1415083488534,1.0
trunc_exp,44070,SF_k110,110,0.9731335699937322,4.264405137388313,1.0
trunc_exp,44071,SF_k106,106,0.9187206599719125,2.9271644960376872,0.98352969100363
trunc_exp,44071,SF_k107,107,0.9310223909852352,2.9175123212196716,0.9832457019971026
trunc_exp,44071,SF_k108,108,0.9438729148535301,2.7927370979120822,0.9793610624908339
trunc_exp,44071,SF_k109,109,0.957600953042881,3.0494887147240055,0.9869374500835644
trunc_exp,44071,SF_k110,110,0.9731335699937322,3.321947204071899,0.9933863997714604
trunc_exp,44072,SF_k106,106,0.9187206599719125,3.1839290464350367,0.9903026664406965
trunc_exp,44072,SF_k107,107,0.9310223909852352,3.5636853164949396,0.9980015911321738
trunc_exp,44072,SF_k108,108,0.9438729148535301,4.151309905147976,1.0
trunc_exp,44072,SF_k109,109,0.957600953042881,4.788775305313558,1.0
trunc_exp,44072,SF_k110,110,0.9731335699937322,4.799013465591765,1.0
trunc_exp,44073,SF_k106,106,0.9187206599719125,3.3491677994312616,0.9939537812317879
trunc_exp,44073,SF_k107,107,0.9310223909852352,3.1451872407455888,0.9893713032518772
trunc_exp,44073,SF_k108,108,0.9438729148535301,2.9423694188047866,0.9839724419637315
trunc_exp,44073,SF_k109,109,0.957600953042881,2.996825132824029,0.9855128449442113
trunc_exp,44073,SF_k110,110,0.9731335699937322,3.0289565436840533,0.9863894648530629
trunc_exp,44074,SF_k106,106,0.9187206599719125,2.7369980911841476,0.9774907062737325
trunc_exp,44074,SF_k107,107,0.9310223909852352,2.662627394149483,0.9748557919877149
trunc_exp,44074,SF_k108,108,0.9438729148535301,2.5344986449287292,0.96991461387203
trunc_exp,44074,SF_k109,109,0.957600953042881,3.0544634619636755,0.9870688150305821
trunc_exp,44074,SF_k110,110,0.9731335699937322,3.332839594001207,0.9936149863216632
trunc_exp,44075,SF_k106,106,0.9187206599719125,3.142907706665744,0.9893155593497869
trunc_exp,44075,SF_k107,107,0.9310223909852352,3.011657354961831,0.9859204234047321
trunc_exp,44075,SF_k108,108,0.9438729148535301,3.0129475566180193,0.9859556393472808
trunc_exp,44075,SF_k109,109,0.957600953042881,3.0282309291773726,0.9863699266138115
trunc_exp,44075,SF_k110,110,0.9731335699937322,3.6882532628159352,1.0
trunc_exp,44076,SF_k106,106,0.9187206599719125,2.9129208007946095,0.9831098042778705
trunc_exp,44076,SF_k107,107,0.9310223909852352,3.3286225400940164,0.9935267339963173
trunc_exp,44076,SF_k108,108,0.9438729148535301,3.137267025354871,0.9891771651462804
trunc_exp,44076,SF_k109,109,0.957600953042881,2.958209059092173,0.9844277415120218
trunc_exp,44076,SF_k110,110,0.9731335699937322,3.55879181083514,0.9979170971868164
trunc_exp,44077,SF_k106,106,0.9187206599719125,2.816844708267371,0.980143452809143
trunc_exp,44077,SF_k107,107,0.9310223909852352,2.7445514031758953,0.9777492850202928
trunc_exp,44077,SF_k108,108,0.9438729148535301,2.5949203397264955,0.972310581936943
trunc_exp,44077,SF_k109,109,0.957600953042881,2.6187131000910173,0.9732214152231294
trunc_exp,44077,SF_k110,110,0.9731335699937322,3.1811721797862313,0.9902373808117017
trunc_exp,44078,SF_k106,106,0.9187206599719125,3.599090545601051,0.9986027487897171
trunc_exp,44078,SF_k107,107,0.9310223909852352,3.5072955307263176,0.9970067033706895
trunc_exp,44078,SF_k108,108,0.9438729148535301,3.3551918033771044,0.99407761290121
trunc_exp,44078,SF_k109,109,0.957600953042881,3.921267091616564,1.0
trunc_exp,44078,SF_k110,110,0.9731335699937322,4.1787910170147065,1.0
trunc_exp,44079,SF_k106,106,0.9187206599719125,3.3699461543852767,0.9943782931731565
trunc_exp,44079,SF_k107,107,0.9310223909852352,3.206754653433709,0.9908374726485673
trunc_exp,44079,SF_k108,108,0.9438729148535301,3.115706793214573,0.9886421419731366
trunc_exp,44079,SF_k109,109,0.957600953042881,3.012428535654423,0.9859414772717436
trunc_exp,44079,SF_k110,110,0.9731335699937322,4.097164224731753,1.0
trunc_exp,44080,SF_k106,106,0.9187206599719125,3.597934945736586,0.9985834064742319
trunc_exp,44080,SF_k107,107,0.9310223909852352,3.401661552035711,0.9950122315498903
trunc_exp,44080,SF_k108,108,0.9438729148535301,3.2948737046780585,0.9928091589454754
trunc_exp,44080,SF_k109,109,0.957600953042881,3.18759273299128,0.9903891945375914
trunc_exp,44080,SF_k110,110,0.9731335699937322,3.0099792065343514,0.9858745617400295
trunc_exp,44081,SF_k106,106,0.9187206599719125,3.278431089743775,0.9924521652641961
trunc_exp,44081,SF_k107,107,0.9310223909852352,3.2540708118907165,0.9919141838407134
trunc_exp,44081,SF_k108,108,0.9438729148535301,3.4593077733515165,0.9961224010652123
trunc_exp,44081,SF_k109,109,0.957600953042881,3.251435830035776,0.9918553339850477
trunc_exp,44081,SF_k110,110,0.9731335699937322,3.1758359784492796,0.9901105863336825
trunc_exp,44082,SF_k106,106,0.9187206599719125,3.5629068855752126,0.9979881733775869
trunc_exp,44082,SF_k107,107,0.9310223909852352,3.4346655258075818,0.9956543578104349
trunc_exp,44082,SF_k108,108,0.9438729148535301,3.69765904317872,1.0
trunc_exp,44082,SF_k109,109,0.957600953042881,3.6529162055322413,0.9994833253232116
trunc_exp,44082,SF_k110,110,0.9731335699937322,3.8905858657391024,1.0
trunc_exp,44083,SF_k106,106,0.9187206599719125,2.869626150739102,0.9818024669338696
trunc_exp,44083,SF_k107,107,0.9310223909852352,2.6852064793844668,0.9756731073476348
trunc_exp,44083,SF_k108,108,0.9438729148535301,2.776685324642248,0.9788313221972899
trunc_exp,44083,SF_k109,109,0.957600953042881,2.8341705269214534,0.9806961076510234
trunc_exp,44083,SF_k110,110,0.9731335699937322,2.6091183238684925,0.9728562822796465
trunc_exp,44084,SF_k106,106,0.9187206599719125,2.5844041172605228,0.9719022032496993
trunc_exp,44084,SF_k107,107,0.9310223909852352,2.584954151362402,0.9719236517474087
trunc_exp,44084,SF_k108,108,0.9438729148535301,3.228634044211164,0.9913406378642762
trunc_exp,44084,SF_k109,109,0.957600953042881,3.3187191002206475,0.9933182551604488
trunc_exp,44084,SF_k110,110,0.9731335699937322,4.323509979255137,1.0
trunc_exp,44085,SF_k106,106,0.9187206599719125,3.3961309076415094,0.9949028870252642
trunc_exp,44085,SF_k107,107,0.9310223909852352,3.229125000047266,0.9913518234688045
trunc_exp,44085,SF_k108,108,0.9438729148535301,3.219564136142268,0.9911331690257306
trunc_exp,44085,SF_k109,109,0.957600953042881,3.3365979676411306,0.9936933784012277
trunc_exp,44085,SF_k110,110,0.9731335699937322,3.3263376971551626,0.9934787881489087
trunc_exp,44086,SF_k106,106,0.9187206599719125,3.458748121474097,0.9961118777276576
trunc_exp,44086,SF_k107,107,0.9310223909852352,3.2647716970384404,0.9921518531342094
trunc_exp,44086,SF_k108,108,0.9438729148535301,3.2127247498308855,0.9909756806140396
trunc_exp,44086,SF_k109,109,0.957600953042881,3.013106761154781,0.985959982194833
trunc_exp,44086,SF_k110,110,0.9731335699937322,4.408836920745467,1.0
trunc_exp,44087,SF_k106,106,0.9187206599719125,3.175497877876569,0.9901025336328253
trunc_exp,44087,SF_k107,107,0.9310223909852352,2.9301909320147455,0.9836182657846378
trunc_exp,44087,SF_k108,108,0.9438729148535301,2.7644611045359406,0.9784231138256201
trunc_exp,44087,SF_k109,109,0.957600953042881,2.889894969770784,0.9824203901507871
trunc_exp,44087,SF_k110,110,0.9731335699937322,4.045699375819293,1.0
trunc_exp,44088,SF_k106,106,0.9187206599719125,3.4548683074929993,0.9960387889291521
trunc_exp,44088,SF_k107,107,0.9310223909852352,3.8766226495946747,1.0
trunc_exp,44088,SF_k108,108,0.9438729148535301,3.6804284542910684,0.9999183789021208
trunc_exp,44088,SF_k109,109,0.957600953042881,4.453294878327775,1.0
trunc_exp,44088,SF_k110,110,0.9731335699937322,4.63465010822866,1.0
trunc_exp,44089,SF_k106,106,0.9187206599719125,3.692652411356558,1.0
trunc_exp,44089,SF_k107,107,0.9310223909852352,3.5296761275539312,0.9974071754503384
trunc_exp,44089,SF_k108,108,0.9438729148535301,3.4125266301177755,0.9952255779007343
trunc_exp,44089,SF_k109,109,0.957600953042881,3.578447668946532,0.9982544061701043
trunc_exp,44089,SF_k110,110,0.9731335699937322,3.866669559270478,1.0
trunc_exp,44090,SF_k106,106,0.9187206599719125,3.502108510210283,0.9969128161736392
trunc_exp,44090,SF_k107,107,0.9310223909852352,3.5535406725856857,0.9978260436821146
trunc_exp,44090,SF_k108,108,0.9438729148535301,3.502274018980299,0.9969158182291159
trunc_exp,44090,SF_k109,109,0.957600953042881,3.4689041257115294,0.9963020824749046
trunc_exp,44090,SF_k110,110,0.9731335699937322,4.303364254746595,1.0
trunc_exp,44091,SF_k106,106,0.9187206599719125,2.847452886205863,0.9811144090272129
trunc_exp,44091,SF_k107,107,0.9310223909852352,2.649352565281492,0.974368035690566
trunc_exp,44091,SF_k108,108,0.9438729148535301,2.497467597038265,0.9683853630818242
trunc_exp,44091,SF_k109,109,0.957600953042881,2.7304150922506434,0.9772640124083615
trunc_exp,44091,SF_k110,110,0.9731335699937322,2.592965360310869,0.9722349346593971
trunc_exp,44092,SF_k106,106,0.9187206599719125,3.6332507177615243,0.999166176697897
trunc_exp,44092,SF_k107,107,0.9310223909852352,3.4232068340660238,0.9954334178343209
trunc_exp,44092,SF_k108,108,0.9438729148535301,3.236057814506953,0.9915092878815956
trunc_exp,44092,SF_k109,109,0.957600953042881,3.483356802191499,0.9965699933217609
trunc_exp,44092,SF_k110,110,0.9731335699937322,3.3401163514048116,0.9937665423696241
trunc_exp,44093,SF_k106,106,0.9187206599719125,3.326471880638315,0.9934816064230034
trunc_exp,44093,SF_k107,107,0.9310223909852352,3.1535102020419465,0.98957393586547
trunc_exp,44093,SF_k108,108,0.9438729148535301,3.03523166043911,0.9865579391309603
trunc_exp,44093,SF_k109,109,0.957600953042881,3.229171312656128,0.9913528783874102
trunc_exp,44093,SF_k110,110,0.9731335699937322,3.0846400930470605,0.9878540919082447
trunc_exp,44094,SF_k106,106,0.9187206599719125,3.552676638098693,0.9978110232751269
trunc_exp,44094,SF_k107,107,0.9310223909852352,3.3330707468113654,0.9936198147987926
trunc_exp,44094,SF_k108,108,0.9438729148535301,3.217890354906917,0.9910947103900037
trunc_exp,44094,SF_k109,109,0.957600953042881,3.1261172306051206,0.9889016814364319
trunc_exp,44094,SF_k110,110,0.9731335699937322,3.1710289662806335,0.9899958817688116
trunc_exp,44095,SF_k106,106,0.9187206599719125,2.8053192323490537,0.9797713668284748
trunc_exp,44095,SF_k107,107,0.9310223909852352,2.6853293625512262,0.9756775134734494
trunc_exp,44095,SF_k108,108,0.9438729148535301,2.5568675314339946,0.9708157408192141
trunc_exp,44095,SF_k109,109,0.957600953042881,2.7810751618518648,0.978976900929144
trunc_exp,44095,SF_k110,110,0.9731335699937322,3.0600748175755585,0.987216337682008
trunc_exp,44096,SF_k106,106,0.9187206599719125,3.1231830035228296,0.9888287570815792
trunc_exp,44096,SF_k107,107,0.9310223909852352,2.9353004860514242,0.9837673006892889
trunc_exp,44096,SF_k108,108,0.9438729148535301,2.7862775599434864,0.979148737496882
trunc_exp,44096,SF_k109,109,0.957600953042881,4.483810293363417,1.0
trunc_exp,44096,SF_k110,110,0.9731335699937322,4.430735027392126,1.0
trunc_exp,44097,SF_k106,106,0.9187206599719125,3.76851546401989,1.0
trunc_exp,44097,SF_k107,107,0.9310223909852352,3.550329110845976,0.9977701590666388
trunc_exp,44097,SF_k108,108,0.9438729148535301,3.9256093202763456,1.0
trunc_exp,44097,SF_k109,109,0.957600953042881,3.7814365468128424,1.0
trunc_exp,44097,SF_k110,110,0.9731335699937322,3.871852012225003,1.0
trunc_exp,44098,SF_k106,106,0.9187206599719125,2.999230318296742,0.9855792807185381
trunc_exp,44098,SF_k107,107,0.9310223909852352,2.8002901937717204,0.9796078859899419
trunc_exp,44098,SF_k108,108,0.9438729148535301,2.9509418022267226,0.9842195959968795
trunc_exp,44098,SF_k109,109,0.957600953042881,3.981120512088165,1.0
trunc_exp,44098,SF_k110,110,0.9731335699937322,3.8365415834197742,1.0
trunc_exp,44099,SF_k106,106,0.9187206599719125,3.073044840437052,0.9875546886437372
trunc_exp,44099,SF_k107,107,0.9310223909852352,2.888164346470264,0.9823680366971959
trunc_exp,44099,SF_k108,108,0.9438729148535301,3.097964489287739,0.9881945865433156
trunc_exp,44099,SF_k109,109,0.957600953042881,4.2145433317675565,1.0
trunc_exp,44099,SF_k110,110,0.9731335699937322,4.165004427057538,1.0
trunc_exp,44100,SF_k106,106,0.9187206599719125,3.673076951470239,0.9998031047677224
trunc_exp,44100,SF_k107,107,0.9310223909852352,3.4818048509133557,0.9965413791902921
trunc_exp,44100,SF_k108,108,0.9438729148535301,3.273808568120298,0.9923509184539152
trunc_exp,44100,SF_k109,109,0.957600953042881,3.0892081783496086,0.9879712523897347
trunc_exp,44100,SF_k110,110,0.9731335699937322,2.8283158096911185,0.9805102481218748
trunc_exp,44101,SF_k106,106,0.9187206599719125,3.257043091130067,0.9919804118445384
trunc_exp,44101,SF_k107,107,0.9310223909852352,3.050091661528335,0.9869534007600043
trunc_exp,44101,SF_k108,108,0.9438729148535301,3.548721139026352,0.9977421223357711
trunc_exp,44101,SF_k109,109,0.957600953042881,3.6394563088663645,0.9992668177351506
trunc_exp,44101,SF_k110,110,0.9731335699937322,4.291527299703597,1.0
trunc_exp,44102,SF_k106,106,0.9187206599719125,2.1776483984783037,0.9530133867984355
trunc_exp,44102,SF_k107,107,0.9310223909852352,1.9836466737732805,0.9414816543923977
trunc_exp,44102,SF_k108,108,0.9438729148535301,1.9556735806657644,0.9396595402498328
trunc_exp,44102,SF_k109,109,0.957600953042881,1.9584629123520836,0.9398431465000519
trunc_exp,44102,SF_k110,110,0.9731335699937322,2.6009231285477963,0.9725420883664818
trunc_exp,44103,SF_k106,106,0.9187206599719125,3.317956444232884,0.9933021288322437
trunc_exp,44103,SF_k107,107,0.9310223909852352,3.3380091379406522,0.9937227491526777
trunc_exp,44103,SF_k108,108,0.9438729148535301,3.411890604952626,0.9952131421439243
trunc_exp,44103,SF_k109,109,0.957600953042881,3.5678783074391243,0.9980737157201472
trunc_exp,44103,SF_k110,110,0.9731335699937322,3.6426900519800864,0.9993190558147305
trunc_exp,44104,SF_k106,106,0.9187206599719125,3.1024022866908116,0.9883071534277272
trunc_exp,44104,SF_k107,107,0.9310223909852352,2.959729579234769,0.9844711321671317
trunc_exp,44104,SF_k108,108,0.9438729148535301,3.274320337416646,0.9923621469349788
trunc_exp,44104,SF_k109,109,0.957600953042881,3.074240096178804,0.9875856856257257
trunc_exp,44104,SF_k110,110,0.9731335699937322,2.775798413814068,0.9788018450732344
trunc_exp,44105,SF_k106,106,0.9187206599719125,2.313876242298381,0.9600650976941552
trunc_exp,44105,SF_k107,107,0.9310223909852352,2.3560625893444667,0.9620912404314859
trunc_exp,44105,SF_k108,108,0.9438729148535301,3.073090873614068,0.987555883010425
trunc_exp,44105,SF_k109,109,0.957600953042881,3.1811277739088766,0.9902363280025891
trunc_exp,44105,SF_k110,110,0.9731335699937322,3.142026321016174,0.9892939774442097
trunc_exp,44106,SF_k106,106,0.9187206599719125,2.52392651737411,0.969482830130714
trunc_exp,44106,SF_k107,107,0.9310223909852352,2.350996100214368,0.9618516557846412
trunc_exp,44106,SF_k108,108,0.9438729148535301,2.1956040296349073,0.9539893295879991
trunc_exp,44106,SF_k109,109,0.957600953042881,2.1732726518099277,0.9527733281794974
trunc_exp,44106,SF_k110,110,0.9731335699937322,3.9999088182492337,1.0
trunc_exp,44107,SF_k106,106,0.9187206599719125,3.5416136216791427,0.997617743565659
trunc_exp,44107,SF_k107,107,0.9310223909852352,3.4221575231277637,0.9954130798636425
trunc_exp,44107,SF_k108,108,0.9438729148535301,3.5237120388870395,0.9973011854225471
trunc_exp,44107,SF_k109,109,0.957600953042881,4.419324807716602,1.0
trunc_exp,44107,SF_k110,110,0.9731335699937322,4.591079491904123,1.0
trunc_exp,44108,SF_k106,106,0.9187206599719125,2.7656512076864845,0.9784630385830939
trunc_exp,44108,SF_k107,107,0.9310223909852352,2.6544313334478784,0.9745552828085887
trunc_exp,44108,SF_k108,108,0.9438729148535301,2.481444867228179,0.9677088974604279
trunc_exp,44108,SF_k109,109,0.957600953042881,2.323096577823073,0.9605140448268261
trunc_exp,44108,SF_k110,110,0.9731335699937322,2.5180619137276166,0.969241662481167
trunc_exp,44109,SF_k106,106,0.9187206599719125,3.4337375560313195,0.9956365437121427
trunc_exp,44109,SF_k107,107,0.9310223909852352,3.5850132313067027,0.9983658493689911
trunc_exp,44109,SF_k108,108,0.9438729148535301,3.7837124414246555,1.0
trunc_exp,44109,SF_k109,109,0.957600953042881,3.589469273308849,0.9984411388128167
trunc_exp,44109,SF_k110,110,0.9731335699937322,3.5145960819432456,0.9971381599428061
trunc_exp,44110,SF_k106,106,0.9187206599719125,3.1611604899776524,0.98975895455774
trunc_exp,44110,SF_k107,107,0.9310223909852352,3.3466820646919304,0.9939025018951488
trunc_exp,44110,SF_k108,108,0.9438729148535301,3.3740451986238065,0.9944611731571568
trunc_exp,44110,SF_k109,109,0.957600953042881,3.2955593368192257,0.9928239389537816
trunc_exp,44110,SF_k110,110,0.9731335699937322,5.097134305946457,1.0
trunc_exp,44111,SF_k106,106,0.9187206599719125,2.8606819888538033,0.9815264514768588
trunc_exp,44111,SF_k107,107,0.9310223909852352,2.8737193711687445,0.9819280978142859
trunc_exp,44111,SF_k108,108,0.9438729148535301,2.7710050260196546,0.9786421553502678
trunc_exp,44111,SF_k109,109,0.957600953042881,2.809027425724639,0.9798914719128449
trunc_exp,44111,SF_k110,110,0.9731335699937322,3.7115046415679314,1.0
trunc_exp,44112,SF_k106,106,0.9187206599719125,2.775595666189144,0.9787951035457937
trunc_exp,44112,SF_k107,107,0.9310223909852352,2.5873240443243155,0.9720159528999229
trunc_exp,44112,SF_k108,108,0.9438729148535301,2.496028638535148,0.9683249803893718
trunc_exp,44112,SF_k109,109,0.957600953042881,2.586937083909012,0.9720008942630217
trunc_exp,44112,SF_k110,110,0.9731335699937322,2.3196747122934473,0.9603478336915016
trunc_exp,44113,SF_k106,106,0.9187206599719125,3.194974486778711,0.9905627339261209
trunc_exp,44113,SF_k107,107,0.9310223909852352,3.133949045065897,0.9890954537346396
trunc_exp,44113,SF_k108,108,0.9438729148535301,2.9511137954503273,0.9842245367426309
trunc_exp,44113,SF_k109,109,0.957600953042881,3.1391245784696005,0.9892228121760854
trunc_exp,44113,SF_k110,110,0.9731335699937322,3.002692377886657,0.9856746756303489
trunc_exp,44114,SF_k106,106,0.9187206599719125,3.7567728426360403,1.0
trunc_exp,44114,SF_k107,107,0.9310223909852352,3.5043779471484817,0.9969539439060698
trunc_exp,44114,SF_k108,108,0.9438729148535301,3.6279899270102725,0.9990804492404995
trunc_exp,44114,SF_k109,109,0.957600953042881,3.429618592451455,0.9955573059128108
trunc_exp,44114,SF_k110,110,0.9731335699937322,3.205872088109862,0.9908169827649387
trunc_exp,44115,SF_k106,106,0.9187206599719125,2.5395010455979405,0.9701175970228226
trunc_exp,44115,SF_k107,107,0.9310223909852352,2.3429229817200845,0.9614677948674347
trunc_exp,44115,SF_k108,108,0.9438729148535301,2.513720894289754,0.9690623871061558
trunc_exp,44115,SF_k109,109,0.957600953042881,2.699206061348274,0.9761721852133501
trunc_exp,44115,SF_k110,110,0.9731335699937322,2.5089424174073045,0.9688642935173036
trunc_exp,44116,SF_k106,106,0.9187206599719125,3.4138454984814923,0.995251343797663
trunc_exp,44116,SF_k107,107,0.9310223909852352,3.1814563320341467,0.9902441167912498
trunc_exp,44116,SF_k108,108,0.9438729148535301,3.6002561390860364,0.9986222394976766
trunc_exp,44116,SF_k109,109,0.957600953042881,3.5370763747034095,0.9975379569967324
trunc_exp,44116,SF_k110,110,0.9731335699937322,3.576820614229663,0.99822669420282
trunc_exp,44117,SF_k106,106,0.9187206599719125,2.8537232685308385,0.9813102774563286
trunc_exp,44117,SF_k107,107,0.9310223909852352,2.865844328847245,0.981686011742617
trunc_exp,44117,SF_k108,108,0.9438729148535301,2.9836143419911543,0.9851455515130569
trunc_exp,44117,SF_k109,109,0.957600953042881,2.919723266453916,0.9833109551019373
trunc_exp,44117,SF_k110,110,0.9731335699937322,5.087086978904693,1.0
trunc_exp,44118,SF_k106,106,0.9187206599719125,3.1047132800389767,0.9883656080911557
trunc_exp,44118,SF_k107,107,0.9310223909852352,2.9075432461709747,0.9829499786397945
trunc_exp,44118,SF_k108,108,0.9438729148535301,2.7125592162575014,0.9766428178425709
trunc_exp,44118,SF_k109,109,0.957600953042881,2.8924008688255536,0.9824960628052942
trunc_exp,44118,SF_k110,110,0.9731335699937322,2.944907301023383,0.9840457969881271
trunc_exp,44119,SF_k106,106,0.9187206599719125,2.5918429428167657,0.9721914473067087
trunc_exp,44119,SF_k107,107,0.9310223909852352,2.53012548843437,0.9697364683883728
trunc_exp,44119,SF_k108,108,0.9438729148535301,2.6860454581712316,0.9757031809718835
trunc_exp,44119,SF_k109,109,0.957600953042881,2.7364588422369818,0.9774721833329532
trunc_exp,44119,SF_k110,110,0.9731335699937322,2.470243447605671,0.9672305844279661
trunc_exp,44120,SF_k106,106,0.9187206599719125,2.9810543127056954,0.9850739068237906
trunc_exp,44120,SF_k107,107,0.9310223909852352,2.9467059604297035,0.9840976915372884
trunc_exp,44120,SF_k108,108,0.9438729148535301,2.7369035463167806,0.9774874593055806
trunc_exp,44120,SF_k109,109,0.957600953042881,3.100040514488808,0.9882472978072709
trunc_exp,44120,SF_k110,110,0.9731335699937322,2.8677464973815643,0.9817446319207989
trunc_exp,44121,SF_k106,106,0.9187206599719125,2.311824232882089,0.9599647127081434
trunc_exp,44121,SF_k107,107,0.9310223909852352,2.1828554357192167,0.9532979115297051
trunc_exp,44121,SF_k108,108,0.9438729148535301,2.018096777109972,0.9436680206668644
trunc_exp,44121,SF_k109,109,0.957600953042881,2.0631145283444665,0.9464319782971354
trunc_exp,44121,SF_k110,110,0.9731335699937322,1.8335791370865768,0.9311893500993084
trunc_exp,44122,SF_k106,106,0.9187206599719125,3.322748732771814,0.9934032914581122
trunc_exp,44122,SF_k107,107,0.9310223909852352,3.7093415784715815,1.0
trunc_exp,44122,SF_k108,108,0.9438729148535301,3.7536762178146827,1.0
trunc_exp,44122,SF_k109,109,0.957600953042881,4.466963240357513,1.0
trunc_exp,44122,SF_k110,110,0.9731335699937322,4.853328210009637,1.0
trunc_exp,44123,SF_k106,106,0.9187206599719125,3.1990493037687537,0.9906580729744459
trunc_exp,44123,SF_k107,107,0.9310223909852352,3.069852990564045,0.9874717616634953
trunc_exp,44123,SF_k108,108,0.9438729148535301,3.0088209458743647,0.9858428704776185
trunc_exp,44123,SF_k109,109,0.957600953042881,2.885164713142518,0.9822771149216682
trunc_exp,44123,SF_k110,110,0.9731335699937322,2.9815929635871092,0.9850889941587722
trunc_exp,44124,SF_k106,106,0.9187206599719125,3.7640033181361963,1.0
trunc_exp,44124,SF_k107,107,0.9310223909852352,3.616795293084348,0.9988967696529014
trunc_exp,44124,SF_k108,108,0.9438729148535301,3.6295316881145196,0.9991056120641225
trunc_exp,44124,SF_k109,109,0.957600953042881,3.6218689083688624,0.9989802292115749
trunc_exp,44124,SF_k110,110,0.9731335699937322,3.440904865612306,0.9957737760851583
trunc_exp,44125,SF_k106,106,0.9187206599719125,3.7758412983281686,1.0
trunc_exp,44125,SF_k107,107,0.9310223909852352,3.6761969934506107,0.9998521144783717
trunc_exp,44125,SF_k108,108,0.9438729148535301,3.4788608176591462,0.9964869966224275
trunc_exp,44125,SF_k109,109,0.957600953042881,3.333404635461648,0.9936267876484699
trunc_exp,44125,SF_k110,110,0.9731335699937322,3.386266829386625,0.9947066109497161
trunc_exp,44126,SF_k106,106,0.9187206599719125,3.155235586191688,0.9896157666693148
trunc_exp,44126,SF_k107,107,0.9310223909852352,3.0970186553287067,0.9881705410843941
trunc_exp,44126,SF_k108,108,0.9438729148535301,3.5766684111391083,0.9982240999580789
trunc_exp,44126,SF_k109,109,0.957600953042881,3.66290909791026,0.9996424997060536
trunc_exp,44126,SF_k110,110,0.9731335699937322,3.521086863117692,0.9972543650503335
trunc_exp,44127,SF_k106,106,0.9187206599719125,3.10713237357323,0.9884266764563197
trunc_exp,44127,SF_k107,107,0.9310223909852352,3.1416927133047445,0.9892858044728291
trunc_exp,44127,SF_k108,108,0.9438729148535301,3.075824646185618,0.9876267306939125
trunc_exp,44127,SF_k109,109,0.957600953042881,3.4449859766137254,0.9958515512176326
trunc_exp,44127,SF_k110,110,0.9731335699937322,3.176941281099814,0.990136896004644
trunc_exp,44128,SF_k106,106,0.9187206599719125,3.2226119126228774,0.9912030603190961
trunc_exp,44128,SF_k107,107,0.9310223909852352,3.202973926087244,0.9907495920199639
trunc_exp,44128,SF_k108,108,0.9438729148535301,3.075565900105762,0.9876200320234402
trunc_exp,44128,SF_k109,109,0.957600953042881,2.9721556210517948,0.9848236753933423
trunc_exp,44128,SF_k110,110,0.9731335699937322,3.531173887484468,0.997433709956513
trunc_exp,44129,SF_k106,106,0.9187206599719125,3.3425502148592217,0.9938170284833012
trunc_exp,44129,SF_k107,107,0.9310223909852352,3.2569648420853636,0.9919786704116403
trunc_exp,44129,SF_k108,108,0.9438729148535301,3.146922534541958,0.9894136672547178
trunc_exp,44129,SF_k109,109,0.957600953042881,4.003409448484387,1.0
trunc_exp,44129,SF_k110,110,0.9731335699937322,3.819157085760138,1.0
trunc_exp,44130,SF_k106,106,0.9187206599719125,3.361553769687335,0.994207717969116
trunc_exp,44130,SF_k107,107,0.9310223909852352,3.315681958304802,0.9932539739536862
trunc_exp,44130,SF_k108,108,0.9438729148535301,3.377844580035221,0.9945377414808175
trunc_exp,44130,SF_k109,109,0.957600953042881,3.210137635856329,0.9909158733260125
trunc_exp,44130,SF_k110,110,0.9731335699937322,3.28752008779214,0.9926501060892431
trunc_exp,44131,SF_k106,106,0.9187206599719125,3.430158778232614,0.9955677131553925
trunc_exp,44131,SF_k107,107,0.9310223909852352,3.2917842183499886,0.992742454657303
trunc_exp,44131,SF_k108,108,0.9438729148535301,3.1407836536512126,0.9892635221021311
trunc_exp,44131,SF_k109,109,0.957600953042881,3.6718978851004174,0.9997845507221187
trunc_exp,44131,SF_k110,110,0.9731335699937322,3.4272608734143346,0.9955118270503789
trunc_exp,44132,SF_k106,106,0.9187206599719125,3.6190338643625917,0.9989336370755261
trunc_exp,44132,SF_k107,107,0.9310223909852352,3.579340941760887,0.9982696043906618
trunc_exp,44132,SF_k108,108,0.9438729148535301,3.8394919428731153,1.0
trunc_exp,44132,SF_k109,109,0.957600953042881,3.7788746628333323,1.0
trunc_exp,44132,SF_k110,110,0.9731335699937322,3.9645957898659696,1.0
trunc_exp,44133,SF_k106,106,0.9187206599719125,3.304877137204242,0.9930239647028696
trunc_exp,44133,SF_k107,107,0.9310223909852352,3.1468915648534206,0.9894129117241492
trunc_exp,44133,SF_k108,108,0.9438729148535301,3.335268444885076,0.9936656753329824
trunc_exp,44133,SF_k109,109,0.957600953042881,3.1676961710840987,0.9899160844205976
trunc_exp,44133,SF_k110,110,0.9731335699937322,2.9459829574338636,0.9840768409630322
trunc_exp,44134,SF_k106,106,0.9187206599719125,3.1335055875702946,0.9890845156280896
trunc_exp,44134,SF_k107,107,0.9310223909852352,2.938151227517128,0.9838501751315352
trunc_exp,44134,SF_k108,108,0.9438729148535301,2.7247025849364226,0.9770662836158577
trunc_exp,44134,SF_k109,109,0.957600953042881,2.564714241558883,0.9711278813918567
trunc_exp,44134,SF_k110,110,0.9731335699937322,2.2513699136607155,0.9569288259609373
trunc_exp,44135,SF_k106,106,0.9187206599719125,2.806105505192125,0.979796864553147
trunc_exp,44135,SF_k107,107,0.9310223909852352,2.5853625528801754,0.9719395709382881
trunc_exp,44135,SF_k108,108,0.9438729148535301,2.422596009329113,0.9651452965438678
trunc_exp,44135,SF_k109,109,0.957600953042881,2.77380043311628,0.9787353607777955
trunc_exp,44135,SF_k110,110,0.9731335699937322,3.360310179437082,0.9941823402557759
trunc_exp,44136,SF_k106,106,0.9187206599719125,2.8896171436005655,0.9824119906643192
trunc_exp,44136,SF_k107,107,0.9310223909852352,2.7359423380076526,0.9774544338477771
trunc_exp,44136,SF_k108,108,0.9438729148535301,2.591841363597023,0.972191386092153
trunc_exp,44136,SF_k109,109,0.957600953042881,3.1590652981302845,0.9897084006595573
trunc_exp,44136,SF_k110,110,0.9731335699937322,3.047429679230533,0.9868829187397316
trunc_exp,44137,SF_k106,106,0.9187206599719125,3.0532003432954693,0.9870355122890834
trunc_exp,44137,SF_k107,107,0.9310223909852352,2.9583808063730257,0.9844326453735355
trunc_exp,44137,SF_k108,108,0.9438729148535301,2.759518992406323,0.9782568945443816
trunc_exp,44137,SF_k109,109,0.957600953042881,2.9022103767371603,0.9827907714322913
trunc_exp,44137,SF_k110,110,0.9731335699937322,3.6973358587627225,1.0
trunc_exp,44138,SF_k106,106,0.9187206599719125,3.294258886784004,0.9927958982720231
trunc_exp,44138,SF_k107,107,0.9310223909852352,3.3745318790865015,0.9944709947079161
trunc_exp,44138,SF_k108,108,0.9438729148535301,3.486353332530234,0.9966251371994638
trunc_exp,44138,SF_k109,109,0.957600953042881,3.4074423566475467,0.9951259839566458
trunc_exp,44138,SF_k110,110,0.9731335699937322,3.227297775007988,0.9913101700002142
trunc_exp,44139,SF_k106,106,0.9187206599719125,3.525851623927539,0.9973392694505059
trunc_exp,44139,SF_k107,107,0.9310223909852352,3.276254644725456,0.9924045433564342
trunc_exp,44139,SF_k108,108,0.9438729148535301,3.1572466831621124,0.9896644484637614
trunc_exp,44139,SF_k109,109,0.957600953042881,3.8528743042262183,1.0
trunc_exp,44139,SF_k110,110,0.9731335699937322,3.5916232991010606,0.9984774330877975
trunc_exp,44140,SF_k106,106,0.9187206599719125,3.576647251481402,0.9982237392735487
trunc_exp,44140,SF_k107,107,0.9310223909852352,3.3403464685318336,0.993771320123826
trunc_exp,44140,SF_k108,108,0.9438729148535301,3.191882236489916,0.9904901675310925
trunc_exp,44140,SF_k109,109,0.957600953042881,3.6483972911365017,0.9994109077691757
trunc_exp,44140,SF_k110,110,0.9731335699937322,3.445664227431045,0.9958644512360074
trunc_exp,44141,SF_k106,106,0.9187206599719125,3.780238774178546,1.0
trunc_exp,44141,SF_k107,107,0.9310223909852352,3.9617367235142287,1.0
trunc_exp,44141,SF_k108,108,0.9438729148535301,3.777328382309883,1.0
trunc_exp,44141,SF_k109,109,0.957600953042881,3.789531066497293,1.0
trunc_exp,44141,SF_k110,110,0.9731335699937322,4.5160958450129876,1.0
trunc_exp,44142,SF_k106,106,0.9187206599719125,3.240811974816393,0.9916167435373294
trunc_exp,44142,SF_k107,107,0.9310223909852352,3.2836686453774453,0.9925664123151081
trunc_exp,44142,SF_k108,108,0.9438729148535301,3.152396421159112,0.9895469009852
trunc_exp,44142,SF_k109,109,0.957600953042881,3.821926332884818,1.0
trunc_exp,44142,SF_k110,110,0.9731335699937322,3.5758644531017345,0.9982103913276303
trunc_exp,44143,SF_k106,106,0.9187206599719125,3.669442153645955,0.9997458481585735
trunc_exp,44143,SF_k107,107,0.9310223909852352,3.515947767929206,0.9971624112127279
trunc_exp,44143,SF_k108,108,0.9438729148535301,3.3706256342773364,0.9943920514137913
trunc_exp,44143,SF_k109,109,0.957600953042881,3.1390493269669943,0.9892209643395197
trunc_exp,44143,SF_k110,110,0.9731335699937322,3.0806421063707923,0.987751186086789
trunc_exp,44144,SF_k106,106,0.9187206599719125,3.738333831096611,1.0
trunc_exp,44144,SF_k107,107,0.9310223909852352,3.4980131039178057,0.99683840009872
trunc_exp,44144,SF_k108,108,0.9438729148535301,3.3195019761679516,0.9933347983707951
trunc_exp,44144,SF_k109,109,0.957600953042881,3.454785434642601,0.9960372251701033
trunc_exp,44144,SF_k110,110,0.9731335699937322,3.89585831116771,1.0
trunc_exp,44145,SF_k106,106,0.9187206599719125,3.449784059103561,0.995942651914978
trunc_exp,44145,SF_k107,107,0.9310223909852352,3.3315233656135352,0.9935874742952844
trunc_exp,44145,SF_k108,108,0.9438729148535301,3.9087253694213566,1.0
trunc_exp,44145,SF_k109,109,0.957600953042881,3.8155898638622405,1.0
trunc_exp,44145,SF_k110,110,0.9731335699937322,3.719695642744181,1.0
trunc_exp,44146,SF_k106,106,0.9187206599719125,2.627220193186505,0.9735427206064642
trunc_exp,44146,SF_k107,107,0.9310223909852352,2.404870556371289,0.9643481442664332
trunc_exp,44146,SF_k108,108,0.9438729148535301,2.2028427357801417,0.9543786591189308
trunc_exp,44146,SF_k109,109,0.957600953042881,2.1996651307003328,0.9542080429716318
trunc_exp,44146,SF_k110,110,0.9731335699937322,1.9257065947703569,0.9376597921582871
trunc_exp,44147,SF_k106,106,0.9187206599719125,2.989950437046245,0.9853222161676854
trunc_exp,44147,SF_k107,107,0.9310223909852352,2.8864522745435157,0.9823161700196098
trunc_exp,44147,SF_k108,108,0.9438729148535301,2.9019804940445275,0.9827838925897396
trunc_exp,44147,SF_k109,109,0.957600953042881,3.0742848633674376,0.9875868459883974
trunc_exp,44147,SF_k110,110,0.9731335699937322,2.9830898088551936,0.9851308844487817
trunc_exp,44148,SF_k106,106,0.9187206599719125,2.8566145725339886,0.9814002487928372
trunc_exp,44148,SF_k107,107,0.9310223909852352,3.392868072099711,0.9948381415902414
trunc_exp,44148,SF_k108,108,0.9438729148535301,3.405250691011161,0.9950829217700159
trunc_exp,44148,SF_k109,109,0.957600953042881,3.444516902785353,0.995842625378873
trunc_exp,44148,SF_k110,110,0.9731335699937322,3.1558990277873944,0.9896318353544948
trunc_exp,44149,SF_k106,106,0.9187206599719125,3.6038649994424254,0.9986824657512406
trunc_exp,44149,SF_k107,107,0.9310223909852352,3.478284624352978,0.9964763374673138
trunc_exp,44149,SF_k108,108,0.9438729148535301,3.436215849592841,0.9956840883989546
trunc_exp,44149,SF_k109,109,0.957600953042881,3.3778819250510654,0.9945384928851578
trunc_exp,44149,SF_k110,110,0.9731335699937322,3.346224115377086,0.9938930430482676
trunc_laplace,43000,SF_k106,106,0.9187206599719125,3.112899883936062,1.0
trunc_laplace,43000,SF_k107,107,0.9310223909852352,2.973423112961882,1.0
trunc_laplace,43000,SF_k108,108,0.9438729148535301,3.53277819900886,1.0
trunc_laplace,43000,SF_k109,109,0.957600953042881,3.9823465885023976,1.0
trunc_laplace,43000,SF_k110,110,0.9731335699937322,4.553541942347757,1.0
trunc_laplace,43001,SF_k106,106,0.9187206599719125,2.6597016241383282,1.0
trunc_laplace,43001,SF_k107,107,0.9310223909852352,2.4641368174542726,0.9896597625210379
trunc_laplace,43001,SF_k108,108,0.9438729148535301,2.267780857969887,0.9710213449234577
trunc_laplace,43001,SF_k109,109,0.957600953042881,2.127775996273078,0.9551972381025053
trunc_laplace,43001,SF_k110,110,0.9731335699937322,1.9750340924697325,0.9350825458457304
trunc_laplace,43002,SF_k106,106,0.9187206599719125,3.034940100262306,1.0
trunc_laplace,43002,SF_k107,107,0.9310223909852352,2.874338708191709,1.0
trunc_laplace,43002,SF_k108,108,0.9438729148535301,2.6871701214454293,1.0
trunc_laplace,43002,SF_k109,109,0.957600953042881,2.4762496325689964,0.9906892877062394
trunc_laplace,43002,SF_k110,110,0.9731335699937322,2.2236241898160287,0.966277660460046
trunc_laplace,43003,SF_k106,106,0.9187206599719125,2.8005536526329875,1.0
trunc_laplace,43003,SF_k107,107,0.9310223909852352,2.688000894649275,1.0
trunc_laplace,43003,SF_k108,108,0.9438729148535301,2.6155769503237494,1.0
trunc_laplace,43003,SF_k109,109,0.957600953042881,2.4824786512956885,0.9912136785043577
trunc_laplace,43003,SF_k110,110,0.9731335699937322,3.6409354086684655,1.0
trunc_laplace,43004,SF_k106,106,0.9187206599719125,2.7839408064544253,1.0
trunc_laplace,43004,SF_k107,107,0.9310223909852352,2.5544262459139127,0.9970299707668744
trunc_laplace,43004,SF_k108,108,0.9438729148535301,2.616438078186788,1.0
trunc_laplace,43004,SF_k109,109,0.957600953042881,2.8105675614509185,1.0
trunc_laplace,43004,SF_k110,110,0.9731335699937322,3.697896305752827,1.0
trunc_laplace,43005,SF_k106,106,0.9187206599719125,2.762147898221701,1.0
trunc_laplace,43005,SF_k107,107,0.9310223909852352,2.6974840965355997,1.0
trunc_laplace,43005,SF_k108,108,0.9438729148535301,2.592915297300736,0.9999668158863348
trunc_laplace,43005,SF_k109,109,0.957600953042881,2.528930001402941,0.9950185818870807
trunc_laplace,43005,SF_k110,110,0.9731335699937322,3.3000867804955045,1.0
trunc_laplace,43006,SF_k106,106,0.9187206599719125,3.155983170973846,1.0
trunc_laplace,43006,SF_k107,107,0.9310223909852352,3.0465862801434858,1.0
trunc_laplace,43006,SF_k108,108,0.9438729148535301,2.8379188695162414,1.0
trunc_laplace,43006,SF_k109,109,0.957600953042881,3.127428918530975,1.0
trunc_laplace,43006,SF_k110,110,0.9731335699937322,3.6217554076271083,1.0
trunc_laplace,43007,SF_k106,106,0.9187206599719125,2.9595705699717336,1.0
trunc_laplace,43007,SF_k107,107,0.9310223909852352,2.764753780782237,1.0
trunc_laplace,43007,SF_k108,108,0.9438729148535301,3.6582283611363042,1.0
trunc_laplace,43007,SF_k109,109,0.957600953042881,3.4740546995476542,1.0
trunc_laplace,43007,SF_k110,110,0.9731335699937322,3.4315518352424506,1.0
trunc_laplace,43008,SF_k106,106,0.9187206599719125,3.8184280427031734,1.0
trunc_laplace,43008,SF_k107,107,0.9310223909852352,4.004566920833558,1.0
trunc_laplace,43008,SF_k108,108,0.9438729148535301,3.8664802938518594,1.0
trunc_laplace,43008,SF_k109,109,0.957600953042881,4.673923918468079,1.0
trunc_laplace,43008,SF_k110,110,0.9731335699937322,4.493066332075071,1.0
trunc_laplace,43009,SF_k106,106,0.9187206599719125,2.981536001624479,1.0
trunc_laplace,43009,SF_k107,107,0.9310223909852352,3.110492891810882,1.0
trunc_laplace,43009,SF_k108,108,0.9438729148535301,2.9594238844411875,1.0
trunc_laplace,43009,SF_k109,109,0.957600953042881,2.9680949287091623,1.0
trunc_laplace,43009,SF_k110,110,0.9731335699937322,3.340538978641673,1.0
trunc_laplace,43010,SF_k106,106,0.9187206599719125,2.5976305748989845,1.0
trunc_laplace,43010,SF_k107,107,0.9310223909852352,2.492651287869054,0.9920627716456203
trunc_laplace,43010,SF_k108,108,0.9438729148535301,2.9352104651066564,1.0
trunc_laplace,43010,SF_k109,109,0.957600953042881,2.772660313781006,1.0
trunc_laplace,43010,SF_k110,110,0.9731335699937322,2.982647143553758,1.0
trunc_laplace,43011,SF_k106,106,0.9187206599719125,2.9977757935397684,1.0
trunc_laplace,43011,SF_k107,107,0.9310223909852352,3.0771955569857448,1.0
trunc_laplace,43011,SF_k108,108,0.9438729148535301,3.0213658484181543,1.0
trunc_laplace,43011,SF_k109,109,0.957600953042881,3.4309382943075097,1.0
trunc_laplace,43011,SF_k110,110,0.9731335699937322,3.40732291732088,1.0
trunc_laplace,43012,SF_k106,106,0.9187206599719125,2.8590232806531817,1.0
trunc_laplace,43012,SF_k107,107,0.9310223909852352,2.686771077289814,1.0
trunc_laplace,43012,SF_k108,108,0.9438729148535301,2.742156144884596,1.0
trunc_laplace,43012,SF_k109,109,0.957600953042881,2.681355574945927,1.0
trunc_laplace,43012,SF_k110,110,0.9731335699937322,3.071625670687138,1.0
trunc_laplace,43013,SF_k106,106,0.9187206599719125,3.228905817624854,1.0
trunc_laplace,43013,SF_k107,107,0.9310223909852352,2.9895328552817406,1.0
trunc_laplace,43013,SF_k108,108,0.9438729148535301,2.832084269289892,1.0
trunc_laplace,43013,SF_k109,109,0.957600953042881,2.8883942359313868,1.0
trunc_laplace,43013,SF_k110,110,0.9731335699937322,2.7565650437354168,1.0
trunc_laplace,43014,SF_k106,106,0.9187206599719125,3.409391500904833,1.0
trunc_laplace,43014,SF_k107,107,0.9310223909852352,3.4985535521037767,1.0
trunc_laplace,43014,SF_k108,108,0.9438729148535301,3.5256898291008327,1.0
trunc_laplace,43014,SF_k109,109,0.957600953042881,3.389483013093915,1.0
trunc_laplace,43014,SF_k110,110,0.9731335699937322,4.363379219327825,1.0
trunc_laplace,43015,SF_k106,106,0.9187206599719125,3.230620833633367,1.0
trunc_laplace,43015,SF_k107,107,0.9310223909852352,2.988202011598799,1.0
trunc_laplace,43015,SF_k108,108,0.9438729148535301,2.8626293444837443,1.0
trunc_laplace,43015,SF_k109,109,0.957600953042881,2.71962324999131,1.0
trunc_laplace,43015,SF_k110,110,0.9731335699937322,2.4591555358508654,0.9892325909804185
trunc_laplace,43016,SF_k106,106,0.9187206599719125,3.1080301097548597,1.0
trunc_laplace,43016,SF_k107,107,0.9310223909852352,2.8746003702729275,1.0
trunc_laplace,43016,SF_k108,108,0.9438729148535301,3.2677329065424567,1.0
trunc_laplace,43016,SF_k109,109,0.957600953042881,3.139454148615214,1.0
trunc_laplace,43016,SF_k110,110,0.9731335699937322,3.3269402422453798,1.0
trunc_laplace,43017,SF_k106,106,0.9187206599719125,3.3470303694208163,1.0
trunc_laplace,43017,SF_k107,107,0.9310223909852352,3.1582982229730394,1.0
trunc_laplace,43017,SF_k108,108,0.9438729148535301,2.965014881989301,1.0
trunc_laplace,43017,SF_k109,109,0.957600953042881,3.0587368281855083,1.0
trunc_laplace,43017,SF_k110,110,0.9731335699937322,3.602604716079269,1.0
trunc_laplace,43018,SF_k106,106,0.9187206599719125,2.711566345178231,1.0
trunc_laplace,43018,SF_k107,107,0.9310223909852352,2.5257087140700247,0.9947606285903772
trunc_laplace,43018,SF_k108,108,0.9438729148535301,2.6287304773348836,1.0
trunc_laplace,43018,SF_k109,109,0.957600953042881,2.520452833643998,0.9943378845721997
trunc_laplace,43018,SF_k110,110,0.9731335699937322,2.4136057200416485,0.9852217702753074
trunc_laplace,43019,SF_k106,106,0.9187206599719125,2.8025377593686005,1.0
trunc_laplace,43019,SF_k107,107,0.9310223909852352,3.5035609142478235,1.0
trunc_laplace,43019,SF_k108,108,0.9438729148535301,3.364832767406205,1.0
trunc_laplace,43019,SF_k109,109,0.957600953042881,3.630766910855757,1.0
trunc_laplace,43019,SF_k110,110,0.9731335699937322,3.8244858547460145,1.0
trunc_laplace,43020,SF_k106,106,0.9187206599719125,3.504319450003968,1.0
trunc_laplace,43020,SF_k107,107,0.9310223909852352,3.5566547207940693,1.0
trunc_laplace,43020,SF_k108,108,0.9438729148535301,3.3661489055480023,1.0
trunc_laplace,43020,SF_k109,109,0.957600953042881,3.3746598859307007,1.0
trunc_laplace,43020,SF_k110,110,0.9731335699937322,4.3846174566177565,1.0
trunc_laplace,43021,SF_k106,106,0.9187206599719125,2.887106004660914,1.0
trunc_laplace,43021,SF_k107,107,0.9310223909852352,2.7817329987047383,1.0
trunc_laplace,43021,SF_k108,108,0.9438729148535301,3.4061263271851963,1.0
trunc_laplace,43021,SF_k109,109,0.957600953042881,4.071026021584306,1.0
trunc_laplace,43021,SF_k110,110,0.9731335699937322,3.99278413298016,1.0
trunc_laplace,43022,SF_k106,106,0.9187206599719125,3.1194397605075044,1.0
trunc_laplace,43022,SF_k107,107,0.9310223909852352,2.945422588158611,1.0
trunc_laplace,43022,SF_k108,108,0.9438729148535301,2.905413465593385,1.0
trunc_laplace,43022,SF_k109,109,0.957600953042881,2.8008844131203547,1.0
trunc_laplace,43022,SF_k110,110,0.9731335699937322,3.7366388805601227,1.0
trunc_laplace,43023,SF_k106,106,0.9187206599719125,2.4619006736084064,0.9894682757377171
trunc_laplace,43023,SF_k107,107,0.9310223909852352,2.4222248424584483,0.9859954031423519
trunc_laplace,43023,SF_k108,108,0.9438729148535301,2.2469053696169126,0.9688059392661605
trunc_laplace,43023,SF_k109,109,0.957600953042881,2.0885984773879094,0.9503394188675545
trunc_laplace,43023,SF_k110,110,0.9731335699937322,1.85883577837346,0.9174840619261606
trunc_laplace,43024,SF_k106,106,0.9187206599719125,3.1630609321357386,1.0
trunc_laplace,43024,SF_k107,107,0.9310223909852352,2.9482119071496693,1.0
trunc_laplace,43024,SF_k108,108,0.9438729148535301,2.73667537720133,1.0
trunc_laplace,43024,SF_k109,109,0.957600953042881,2.588262273044232,0.9996180076602694
trunc_laplace,43024,SF_k110,110,0.9731335699937322,2.583944344850955,0.999292801595737
trunc_laplace,43025,SF_k106,106,0.9187206599719125,2.5281407004737755,0.9949554566231846
trunc_laplace,43025,SF_k107,107,0.9310223909852352,2.322484405151453,0.9766030148622684
trunc_laplace,43025,SF_k108,108,0.9438729148535301,2.62599477941007,1.0
trunc_laplace,43025,SF_k109,109,0.957600953042881,2.832712523379211,1.0
trunc_laplace,43025,SF_k110,110,0.9731335699937322,2.7095549480135577,1.0
trunc_laplace,43026,SF_k106,106,0.9187206599719125,3.0901902959395127,1.0
trunc_laplace,43026,SF_k107,107,0.9310223909852352,3.0106375468047863,1.0
trunc_laplace,43026,SF_k108,108,0.9438729148535301,2.9685941998517977,1.0
trunc_laplace,43026,SF_k109,109,0.957600953042881,2.791024395219641,1.0
trunc_laplace,43026,SF_k110,110,0.9731335699937322,3.2752286085702464,1.0
trunc_laplace,43027,SF_k106,106,0.9187206599719125,2.9067880493987217,1.0
trunc_laplace,43027,SF_k107,107,0.9310223909852352,2.7277075226982856,1.0
trunc_laplace,43027,SF_k108,108,0.9438729148535301,2.8232698130177747,1.0
trunc_laplace,43027,SF_k109,109,0.957600953042881,3.7086726570883672,1.0
trunc_laplace,43027,SF_k110,110,0.9731335699937322,3.5520211150558785,1.0
trunc_laplace,43028,SF_k106,106,0.9187206599719125,3.239305629269767,1.0
trunc_laplace,43028,SF_k107,107,0.9310223909852352,3.3927126541211954,1.0
trunc_laplace,43028,SF_k108,108,0.9438729148535301,3.334372055326968,1.0
trunc_laplace,43028,SF_k109,109,0.957600953042881,3.3149139010130675,1.0
trunc_laplace,43028,SF_k110,110,0.9731335699937322,3.9819393988363188,1.0
trunc_laplace,43029,SF_k106,106,0.9187206599719125,3.2327120138013417,1.0
trunc_laplace,43029,SF_k107,107,0.9310223909852352,3.1144139049554984,1.0
trunc_laplace,43029,SF_k108,108,0.9438729148535301,3.119242322528577,1.0
trunc_laplace,43029,SF_k109,109,0.957600953042881,2.9335921014054205,1.0
trunc_laplace,43029,SF_k110,110,0.9731335699937322,3.2212602686940643,1.0
trunc_laplace,43030,SF_k106,106,0.9187206599719125,3.014615141871155,1.0
trunc_laplace,43030,SF_k107,107,0.9310223909852352,2.9137599820138194,1.0
trunc_laplace,43030,SF_k108,108,0.9438729148535301,2.702879513364642,1.0
trunc_laplace,43030,SF_k109,109,0.957600953042881,2.604625125375599,1.0
trunc_laplace,43030,SF_k110,110,0.9731335699937322,2.3118502069079105,0.975542747883146
trunc_laplace,43031,SF_k106,106,0.9187206599719125,3.1361400248735785,1.0
trunc_laplace,43031,SF_k107,107,0.9310223909852352,2.998262866998647,1.0
trunc_laplace,43031,SF_k108,108,0.9438729148535301,3.4953640669938992,1.0
trunc_laplace,43031,SF_k109,109,0.957600953042881,3.271490087270729,1.0
trunc_laplace,43031,SF_k110,110,0.9731335699937322,3.1356144294835273,1.0
trunc_laplace,43032,SF_k106,106,0.9187206599719125,2.983858829688341,1.0
trunc_laplace,43032,SF_k107,107,0.9310223909852352,2.7485204491107122,1.0
trunc_laplace,43032,SF_k108,108,0.9438729148535301,2.7194098942036407,1.0
trunc_laplace,43032,SF_k109,109,0.957600953042881,2.6960711444924987,1.0
trunc_laplace,43032,SF_k110,110,0.9731335699937322,2.784222301122158,1.0
trunc_laplace,43033,SF_k106,106,0.9187206599719125,2.938438049414086,1.0
trunc_laplace,43033,SF_k107,107,0.9310223909852352,2.7473552401952146,1.0
trunc_laplace,43033,SF_k108,108,0.9438729148535301,2.5413287124676684,0.996003393419048
trunc_laplace,43033,SF_k109,109,0.957600953042881,2.7218155328890967,1.0
trunc_laplace,43033,SF_k110,110,0.9731335699937322,3.2055954476501896,1.0
trunc_laplace,43034,SF_k106,106,0.9187206599719125,3.2945448272257725,1.0
trunc_laplace,43034,SF_k107,107,0.9310223909852352,3.067461337387028,1.0
trunc_laplace,43034,SF_k108,108,0.9438729148535301,3.133132076472278,1.0
trunc_laplace,43034,SF_k109,109,0.957600953042881,3.0167865762838826,1.0
trunc_laplace,43034,SF_k110,110,0.9731335699937322,3.863241098146324,1.0
trunc_laplace,43035,SF_k106,106,0.9187206599719125,3.5157254214056772,1.0
trunc_laplace,43035,SF_k107,107,0.9310223909852352,3.6000578119375723,1.0
trunc_laplace,43035,SF_k108,108,0.9438729148535301,3.406190835599405,1.0
trunc_laplace,43035,SF_k109,109,0.957600953042881,3.2691342107287302,1.0
trunc_laplace,43035,SF_k110,110,0.9731335699937322,4.0218972074258765,1.0
trunc_laplace,43036,SF_k106,106,0.9187206599719125,3.003226089933792,1.0
trunc_laplace,43036,SF_k107,107,0.9310223909852352,2.7795228480978906,1.0
trunc_laplace,43036,SF_k108,108,0.9438729148535301,2.717960394184179,1.0
trunc_laplace,43036,SF_k109,109,0.957600953042881,2.4938013780233432,0.9921582021315223
trunc_laplace,43036,SF_k110,110,0.9731335699937322,3.1901817251593623,1.0
trunc_laplace,43037,SF_k106,106,0.9187206599719125,2.714288699231809,1.0
trunc_laplace,43037,SF_k107,107,0.9310223909852352,2.7927580504054865,1.0
trunc_laplace,43037,SF_k108,108,0.9438729148535301,3.092489440007061,1.0
trunc_laplace,43037,SF_k109,109,0.957600953042881,3.0194082247859493,1.0
trunc_laplace,43037,SF_k110,110,0.9731335699937322,3.1941853103553206,1.0
trunc_laplace,43038,SF_k106,106,0.9187206599719125,3.217722988361717,1.0
trunc_laplace,43038,SF_k107,107,0.9310223909852352,3.1525592713292796,1.0
trunc_laplace,43038,SF_k108,108,0.9438729148535301,2.990218484548921,1.0
trunc_laplace,43038,SF_k109,109,0.957600953042881,3.0195785557322123,1.0
trunc_laplace,43038,SF_k110,110,0.9731335699937322,3.7543229166313608,1.0
trunc_laplace,43039,SF_k106,106,0.9187206599719125,2.6819365031113045,1.0
trunc_laplace,43039,SF_k107,107,0.9310223909852352,2.593757932516084,1.0
trunc_laplace,43039,SF_k108,108,0.9438729148535301,2.4090605911306913,0.9848110003379709
trunc_laplace,43039,SF_k109,109,0.957600953042881,2.330958641823929,0.9774395463489669
trunc_laplace,43039,SF_k110,110,0.9731335699937322,2.38522205646933,0.9826243892512612
trunc_laplace,43040,SF_k106,106,0.9187206599719125,3.0606178622467994,1.0
trunc_laplace,43040,SF_k107,107,0.9310223909852352,3.0188858882270577,1.0
trunc_laplace,43040,SF_k108,108,0.9438729148535301,2.821200012495599,1.0
trunc_laplace,43040,SF_k109,109,0.957600953042881,2.879992448622965,1.0
trunc_laplace,43040,SF_k110,110,0.9731335699937322,2.5870813488095847,0.9995292114564402
trunc_laplace,43041,SF_k106,106,0.9187206599719125,2.6440569192458083,1.0
trunc_laplace,43041,SF_k107,107,0.9310223909852352,2.4419498994000035,0.9877399253667463
trunc_laplace,43041,SF_k108,108,0.9438729148535301,2.367999417910999,0.9810104525938879
trunc_laplace,43041,SF_k109,109,0.957600953042881,3.2995718808779,1.0
trunc_laplace,43041,SF_k110,110,0.9731335699937322,3.4190804919831583,1.0
trunc_laplace,43042,SF_k106,106,0.9187206599719125,2.84957576779209,1.0
trunc_laplace,43042,SF_k107,107,0.9310223909852352,2.6653278615799354,1.0
trunc_laplace,43042,SF_k108,108,0.9438729148535301,2.7888159726729747,1.0
trunc_laplace,43042,SF_k109,109,0.957600953042881,2.6031915061051376,1.0
trunc_laplace,43042,SF_k110,110,0.9731335699937322,2.5406098775333112,0.9959466445371281
trunc_laplace,43043,SF_k106,106,0.9187206599719125,3.305585890363981,1.0
trunc_laplace,43043,SF_k107,107,0.9310223909852352,3.055912571611432,1.0
trunc_laplace,43043,SF_k108,108,0.9438729148535301,2.9232755845950282,1.0
trunc_laplace,43043,SF_k109,109,0.957600953042881,2.79180022491814,1.0
trunc_laplace,43043,SF_k110,110,0.9731335699937322,2.7052696094815283,1.0
trunc_laplace,43044,SF_k106,106,0.9187206599719125,3.2551402997025547,1.0
trunc_laplace,43044,SF_k107,107,0.9310223909852352,3.0289134647796936,1.0
trunc_laplace,43044,SF_k108,108,0.9438729148535301,2.907471907919962,1.0
trunc_laplace,43044,SF_k109,109,0.957600953042881,3.018220233205827,1.0
trunc_laplace,43044,SF_k110,110,0.9731335699937322,2.7312536518945985,1.0
trunc_laplace,43045,SF_k106,106,0.9187206599719125,3.2650528527501295,1.0
trunc_laplace,43045,SF_k107,107,0.9310223909852352,3.041429427400638,1.0
trunc_laplace,43045,SF_k108,108,0.9438729148535301,2.9899599160468577,1.0
trunc_laplace,43045,SF_k109,109,0.957600953042881,2.772630317193628,1.0
trunc_laplace,43045,SF_k110,110,0.9731335699937322,3.128788255523257,1.0
trunc_laplace,43046,SF_k106,106,0.9187206599719125,2.506509181732628,0.9932050658650455
trunc_laplace,43046,SF_k107,107,0.9310223909852352,2.6264821018065234,1.0
trunc_laplace,43046,SF_k108,108,0.9438729148535301,2.5381751760426883,0.99575411905341
trunc_laplace,43046,SF_k109,109,0.957600953042881,2.4894675916887286,0.9917980017397232
trunc_laplace,43046,SF_k110,110,0.9731335699937322,2.47278998035412,0.9903965613832
trunc_laplace,43047,SF_k106,106,0.9187206599719125,2.6653363787056903,1.0
trunc_laplace,43047,SF_k107,107,0.9310223909852352,2.6615341140120945,1.0
trunc_laplace,43047,SF_k108,108,0.9438729148535301,2.608609181724871,1.0
trunc_laplace,43047,SF_k109,109,0.957600953042881,2.7360933333848636,1.0
trunc_laplace,43047,SF_k110,110,0.9731335699937322,2.5367179845505214,0.9956386566619053
trunc_laplace,43048,SF_k106,106,0.9187206599719125,2.933092457870904,1.0
trunc_laplace,43048,SF_k107,107,0.9310223909852352,2.7401569139290625,1.0
trunc_laplace,43048,SF_k108,108,0.9438729148535301,2.537870320410287,0.9957299779505533
trunc_laplace,43048,SF_k109,109,0.957600953042881,2.8495762230943917,1.0
trunc_laplace,43048,SF_k110,110,0.9731335699937322,2.689289450625207,1.0
trunc_laplace,43049,SF_k106,106,0.9187206599719125,2.6689833889554664,1.0
trunc_laplace,43049,SF_k107,107,0.9310223909852352,2.93704960682216,1.0
trunc_laplace,43049,SF_k108,108,0.9438729148535301,3.1946796766052286,1.0
trunc_laplace,43049,SF_k109,109,0.957600953042881,3.048195855013474,1.0
trunc_laplace,43049,SF_k110,110,0.9731335699937322,3.2771192174423476,1.0
trunc_laplace,43050,SF_k106,106,0.9187206599719125,3.100853603584548,1.0
trunc_laplace,43050,SF_k107,107,0.9310223909852352,3.0046656475245017,1.0
trunc_laplace,43050,SF_k108,108,0.9438729148535301,2.8610797886092074,1.0
trunc_laplace,43050,SF_k109,109,0.957600953042881,2.9884786297211257,1.0
trunc_laplace,43050,SF_k110,110,0.9731335699937322,2.733072363120208,1.0
trunc_laplace,43051,SF_k106,106,0.9187206599719125,2.343575865775603,0.978671431219875
trunc_laplace,43051,SF_k107,107,0.9310223909852352,2.4363708438068725,0.987250137658165
trunc_laplace,43051,SF_k108,108,0.9438729148535301,2.253597377922031,0.9695213869458499
trunc_laplace,43051,SF_k109,109,0.957600953042881,2.316485736827756,0.9760063727678769
trunc_laplace,43051,SF_k110,110,0.9731335699937322,2.8001672223949914,1.0
trunc_laplace,43052,SF_k106,106,0.9187206599719125,3.106072445521539,1.0
trunc_laplace,43052,SF_k107,107,0.9310223909852352,2.914295643507527,1.0
trunc_laplace,43052,SF_k108,108,0.9438729148535301,2.8418866964087828,1.0
trunc_laplace,43052,SF_k109,109,0.957600953042881,2.6598706470142552,1.0
trunc_laplace,43052,SF_k110,110,0.9731335699937322,2.410033688237341,0.9848991087324328
trunc_laplace,43053,SF_k106,106,0.9187206599719125,2.9854255378377283,1.0
trunc_laplace,43053,SF_k107,107,0.9310223909852352,3.1588520729629517,1.0
trunc_laplace,43053,SF_k108,108,0.9438729148535301,2.9436750528831372,1.0
trunc_laplace,43053,SF_k109,109,0.957600953042881,2.72548130927377,1.0
trunc_laplace,43053,SF_k110,110,0.9731335699937322,2.6716340134421763,1.0
trunc_laplace,43054,SF_k106,106,0.9187206599719125,3.2691995846492,1.0
trunc_laplace,43054,SF_k107,107,0.9310223909852352,3.1149522982138578,1.0
trunc_laplace,43054,SF_k108,108,0.9438729148535301,2.926371978997636,1.0
trunc_laplace,43054,SF_k109,109,0.957600953042881,3.6023925279185574,1.0
trunc_laplace,43054,SF_k110,110,0.9731335699937322,3.9915886015914794,1.0
trunc_laplace,43055,SF_k106,106,0.9187206599719125,3.419326970824054,1.0
trunc_laplace,43055,SF_k107,107,0.9310223909852352,3.5192578397089562,1.0
trunc_laplace,43055,SF_k108,108,0.9438729148535301,3.461906280713197,1.0
trunc_laplace,43055,SF_k109,109,0.957600953042881,3.4606459960958733,1.0
trunc_laplace,43055,SF_k110,110,0.9731335699937322,3.8404896088150897,1.0
trunc_laplace,43056,SF_k106,106,0.9187206599719125,2.6766208677731926,1.0
trunc_laplace,43056,SF_k107,107,0.9310223909852352,2.493160952974379,0.9921050760107675
trunc_laplace,43056,SF_k108,108,0.9438729148535301,2.460568278518448,0.9893539667751163
trunc_laplace,43056,SF_k109,109,0.957600953042881,2.3994788068647983,0.9839386319632588
trunc_laplace,43056,SF_k110,110,0.9731335699937322,2.4289089585949255,0.9865905842780931
trunc_laplace,43057,SF_k106,106,0.9187206599719125,3.614462531283349,1.0
trunc_laplace,43057,SF_k107,107,0.9310223909852352,3.3730679695366845,1.0
trunc_laplace,43057,SF_k108,108,0.9438729148535301,3.409938813649501,1.0
trunc_laplace,43057,SF_k109,109,0.957600953042881,3.2918666767341134,1.0
trunc_laplace,43057,SF_k110,110,0.9731335699937322,3.209395720423487,1.0
trunc_laplace,43058,SF_k106,106,0.9187206599719125,3.550845916357399,1.0
trunc_laplace,43058,SF_k107,107,0.9310223909852352,3.3176390992017044,1.0
trunc_laplace,43058,SF_k108,108,0.9438729148535301,3.1271799861807335,1.0
trunc_laplace,43058,SF_k109,109,0.957600953042881,2.93709353488312,1.0
trunc_laplace,43058,SF_k110,110,0.9731335699937322,2.7804569065852185,1.0
trunc_laplace,43059,SF_k106,106,0.9187206599719125,2.7638078726709834,1.0
trunc_laplace,43059,SF_k107,107,0.9310223909852352,2.589073268389121,0.9996789248066564
trunc_laplace,43059,SF_k108,108,0.9438729148535301,2.646862996037954,1.0
trunc_laplace,43059,SF_k109,109,0.957600953042881,2.578565611318004,0.9988856466646092
trunc_laplace,43059,SF_k110,110,0.9731335699937322,3.1830798421520656,1.0
trunc_laplace,43060,SF_k106,106,0.9187206599719125,3.287325809402286,1.0
trunc_laplace,43060,SF_k107,107,0.9310223909852352,3.1641498396139762,1.0
trunc_laplace,43060,SF_k108,108,0.9438729148535301,3.0636491873847764,1.0
trunc_laplace,43060,SF_k109,109,0.957600953042881,3.0599904192142087,1.0
trunc_laplace,43060,SF_k110,110,0.9731335699937322,2.8354800831999625,1.0
trunc_laplace,43061,SF_k106,106,0.9187206599719125,2.9866643474714283,1.0
trunc_laplace,43061,SF_k107,107,0.9310223909852352,3.17770773156467,1.0
trunc_laplace,43061,SF_k108,108,0.9438729148535301,3.049304645206457,1.0
trunc_laplace,43061,SF_k109,109,0.957600953042881,2.928198043645537,1.0
trunc_laplace,43061,SF_k110,110,0.9731335699937322,2.789629183764937,1.0
trunc_laplace,43062,SF_k106,106,0.9187206599719125,2.775745527520551,1.0
trunc_laplace,43062,SF_k107,107,0.9310223909852352,2.8758854695749685,1.0
trunc_laplace,43062,SF_k108,108,0.9438729148535301,2.7409985448586363,1.0
trunc_laplace,43062,SF_k109,109,0.957600953042881,2.653219075443191,1.0
trunc_laplace,43062,SF_k110,110,0.9731335699937322,4.249097108801394,1.0
trunc_laplace,43063,SF_k106,106,0.9187206599719125,2.470103039218675,0.990168485394195
trunc_laplace,43063,SF_k107,107,0.9310223909852352,2.3766121980692843,0.9818211819006772
trunc_laplace,43063,SF_k108,108,0.9438729148535301,2.2406993345513833,0.968137969425285
trunc_laplace,43063,SF_k109,109,0.957600953042881,2.6031830255670925,1.0
trunc_laplace,43063,SF_k110,110,0.9731335699937322,2.64798432981793,1.0
trunc_laplace,43064,SF_k106,106,0.9187206599719125,2.9160371722860425,1.0
trunc_laplace,43064,SF_k107,107,0.9310223909852352,2.994535330255817,1.0
trunc_laplace,43064,SF_k108,108,0.9438729148535301,2.8658509406160153,1.0
trunc_laplace,43064,SF_k109,109,0.957600953042881,3.2709854836394245,1.0
trunc_laplace,43064,SF_k110,110,0.9731335699937322,3.31151031395331,1.0
trunc_laplace,43065,SF_k106,106,0.9187206599719125,2.982461203938138,1.0
trunc_laplace,43065,SF_k107,107,0.9310223909852352,3.26615995010458,1.0
trunc_laplace,43065,SF_k108,108,0.9438729148535301,3.162157958936517,1.0
trunc_laplace,43065,SF_k109,109,0.957600953042881,2.951280945823271,1.0
trunc_laplace,43065,SF_k110,110,0.9731335699937322,3.2941039847827334,1.0
trunc_laplace,43066,SF_k106,106,0.9187206599719125,3.382651137845737,1.0
trunc_laplace,43066,SF_k107,107,0.9310223909852352,3.144226511258993,1.0
trunc_laplace,43066,SF_k108,108,0.9438729148535301,3.0515147550679504,1.0
trunc_laplace,43066,SF_k109,109,0.957600953042881,2.88273043901209,1.0
trunc_laplace,43066,SF_k110,110,0.9731335699937322,3.831942600764987,1.0
trunc_laplace,43067,SF_k106,106,0.9187206599719125,3.012429898506868,1.0
trunc_laplace,43067,SF_k107,107,0.9310223909852352,3.410679983954613,1.0
trunc_laplace,43067,SF_k108,108,0.9438729148535301,3.322703164463934,1.0
trunc_laplace,43067,SF_k109,109,0.957600953042881,3.5376280978991317,1.0
trunc_laplace,43067,SF_k110,110,0.9731335699937322,3.7240784790903576,1.0
trunc_laplace,43068,SF_k106,106,0.9187206599719125,3.2064268285485227,1.0
trunc_laplace,43068,SF_k107,107,0.9310223909852352,3.0018510761219495,1.0
trunc_laplace,43068,SF_k108,108,0.9438729148535301,2.9310648303681104,1.0
trunc_laplace,43068,SF_k109,109,0.957600953042881,2.812416481430269,1.0
trunc_laplace,43068,SF_k110,110,0.9731335699937322,3.2455577658727015,1.0
trunc_laplace,43069,SF_k106,106,0.9187206599719125,2.93083785254236,1.0
trunc_laplace,43069,SF_k107,107,0.9310223909852352,2.7441222503291978,1.0
trunc_laplace,43069,SF_k108,108,0.9438729148535301,2.725773843070344,1.0
trunc_laplace,43069,SF_k109,109,0.957600953042881,2.7901214691447285,1.0
trunc_laplace,43069,SF_k110,110,0.9731335699937322,2.673582567144769,1.0
trunc_laplace,43070,SF_k106,106,0.9187206599719125,2.949789188979488,1.0
trunc_laplace,43070,SF_k107,107,0.9310223909852352,2.8046705970817327,1.0
trunc_laplace,43070,SF_k108,108,0.9438729148535301,2.7512537201455007,1.0
trunc_laplace,43070,SF_k109,109,0.957600953042881,2.8961480368137926,1.0
trunc_laplace,43070,SF_k110,110,0.9731335699937322,2.8072513362415727,1.0
trunc_laplace,43071,SF_k106,106,0.9187206599719125,2.9249463538789726,1.0
trunc_laplace,43071,SF_k107,107,0.9310223909852352,2.733726042662603,1.0
trunc_laplace,43071,SF_k108,108,0.9438729148535301,2.6715188158828176,1.0
trunc_laplace,43071,SF_k109,109,0.957600953042881,2.991532990640925,1.0
trunc_laplace,43071,SF_k110,110,0.9731335699937322,2.7747113316176475,1.0
trunc_laplace,43072,SF_k106,106,0.9187206599719125,3.432641252237599,1.0
trunc_laplace,43072,SF_k107,107,0.9310223909852352,3.267222867368329,1.0
trunc_laplace,43072,SF_k108,108,0.9438729148535301,3.080980183742166,1.0
trunc_laplace,43072,SF_k109,109,0.957600953042881,3.015952268888106,1.0
trunc_laplace,43072,SF_k110,110,0.9731335699937322,3.0409887510461053,1.0
trunc_laplace,43073,SF_k106,106,0.9187206599719125,2.9528097518901353,1.0
trunc_laplace,43073,SF_k107,107,0.9310223909852352,2.868620897172523,1.0
trunc_laplace,43073,SF_k108,108,0.9438729148535301,2.790775288161474,1.0
trunc_laplace,43073,SF_k109,109,0.957600953042881,2.866237107622807,1.0
trunc_laplace,43073,SF_k110,110,0.9731335699937322,2.6402430861757984,1.0
trunc_laplace,43074,SF_k106,106,0.9187206599719125,3.09296302618239,1.0
trunc_laplace,43074,SF_k107,107,0.9310223909852352,3.3909800563251467,1.0
trunc_laplace,43074,SF_k108,108,0.9438729148535301,3.179530952393678,1.0
trunc_laplace,43074,SF_k109,109,0.957600953042881,3.2394324935568553,1.0
trunc_laplace,43074,SF_k110,110,0.9731335699937322,3.09305017073216,1.0
trunc_laplace,43075,SF_k106,106,0.9187206599719125,2.4126766431517734,0.9851379624260028
trunc_laplace,43075,SF_k107,107,0.9310223909852352,2.3059426041922113,0.9749486378813068
trunc_laplace,43075,SF_k108,108,0.9438729148535301,2.3981587142135274,0.983817760052613
trunc_laplace,43075,SF_k109,109,0.957600953042881,2.3398526388924332,0.9783095979447844
trunc_laplace,43075,SF_k110,110,0.9731335699937322,2.4453625801398613,0.9880381241632343
trunc_laplace,43076,SF_k106,106,0.9187206599719125,2.495203613602444,0.9922743999983086
trunc_laplace,43076,SF_k107,107,0.9310223909852352,2.332902470509715,0.977630390436325
trunc_laplace,43076,SF_k108,108,0.9438729148535301,2.215283852513969,0.9653568793240441
trunc_laplace,43076,SF_k109,109,0.957600953042881,2.012678889227933,0.9403414805767198
trunc_laplace,43076,SF_k110,110,0.9731335699937322,1.8959044510751468,0.9233315078268696
trunc_laplace,43077,SF_k106,106,0.9187206599719125,3.3781833207862118,1.0
trunc_laplace,43077,SF_k107,107,0.9310223909852352,3.281954479457407,1.0
trunc_laplace,43077,SF_k108,108,0.9438729148535301,3.8598656282676953,1.0
trunc_laplace,43077,SF_k109,109,0.957600953042881,3.7871143314339712,1.0
trunc_laplace,43077,SF_k110,110,0.9731335699937322,3.6277256925570702,1.0
trunc_laplace,43078,SF_k106,106,0.9187206599719125,3.1388279821131704,1.0
trunc_laplace,43078,SF_k107,107,0.9310223909852352,2.9237922099795743,1.0
trunc_laplace,43078,SF_k108,108,0.9438729148535301,2.7919994824647296,1.0
trunc_laplace,43078,SF_k109,109,0.957600953042881,2.581838558262916,0.9991336715323094
trunc_laplace,43078,SF_k110,110,0.9731335699937322,4.945592012335402,1.0
trunc_laplace,43079,SF_k106,106,0.9187206599719125,2.7950565935668865,1.0
trunc_laplace,43079,SF_k107,107,0.9310223909852352,3.1419728610255957,1.0
trunc_laplace,43079,SF_k108,108,0.9438729148535301,2.92870460046302,1.0
trunc_laplace,43079,SF_k109,109,0.957600953042881,2.8889778372286155,1.0
trunc_laplace,43079,SF_k110,110,0.9731335699937322,2.8010225949108554,1.0
trunc_laplace,43080,SF_k106,106,0.9187206599719125,2.9009087074127704,1.0
trunc_laplace,43080,SF_k107,107,0.9310223909852352,2.7108649848978494,1.0
trunc_laplace,43080,SF_k108,108,0.9438729148535301,2.6391084637906315,1.0
trunc_laplace,43080,SF_k109,109,0.957600953042881,3.2052231962400226,1.0
trunc_laplace,43080,SF_k110,110,0.9731335699937322,3.4984068409654063,1.0
trunc_laplace,43081,SF_k106,106,0.9187206599719125,3.39851157614837,1.0
trunc_laplace,43081,SF_k107,107,0.9310223909852352,3.3693532738484224,1.0
trunc_laplace,43081,SF_k108,108,0.9438729148535301,3.1911561383832376,1.0
trunc_laplace,43081,SF_k109,109,0.957600953042881,3.30317525376883,1.0
trunc_laplace,43081,SF_k110,110,0.9731335699937322,3.0817275915380757,1.0
trunc_laplace,43082,SF_k106,106,0.9187206599719125,3.242720268118067,1.0
trunc_laplace,43082,SF_k107,107,0.9310223909852352,3.061244285805401,1.0
trunc_laplace,43082,SF_k108,108,0.9438729148535301,3.0553575250815848,1.0
trunc_laplace,43082,SF_k109,109,0.957600953042881,2.9628257585223334,1.0
trunc_laplace,43082,SF_k110,110,0.9731335699937322,2.7104828774432406,1.0
trunc_laplace,43083,SF_k106,106,0.9187206599719125,2.978708192419848,1.0
trunc_laplace,43083,SF_k107,107,0.9310223909852352,2.8101991921633203,1.0
trunc_laplace,43083,SF_k108,108,0.9438729148535301,2.745553497546069,1.0
trunc_laplace,43083,SF_k109,109,0.957600953042881,2.583390816904764,0.9992510064568809
trunc_laplace,43083,SF_k110,110,0.9731335699937322,2.5984326311616197,1.0
trunc_laplace,43084,SF_k106,106,0.9187206599719125,2.8387390100148955,1.0
trunc_laplace,43084,SF_k107,107,0.9310223909852352,2.760733849678167,1.0
trunc_laplace,43084,SF_k108,108,0.9438729148535301,2.5951350066886345,1.0
trunc_laplace,43084,SF_k109,109,0.957600953042881,3.035860335080859,1.0
trunc_laplace,43084,SF_k110,110,0.9731335699937322,3.063781400790087,1.0
trunc_laplace,43085,SF_k106,106,0.9187206599719125,2.9747946145494826,1.0
trunc_laplace,43085,SF_k107,107,0.9310223909852352,3.025913984823335,1.0
trunc_laplace,43085,SF_k108,108,0.9438729148535301,3.1410060208043964,1.0
trunc_laplace,43085,SF_k109,109,0.957600953042881,2.9466408266451105,1.0
trunc_laplace,43085,SF_k110,110,0.9731335699937322,3.281693503764305,1.0
trunc_laplace,43086,SF_k106,106,0.9187206599719125,3.164931640655177,1.0
trunc_laplace,43086,SF_k107,107,0.9310223909852352,3.04154280254346,1.0
trunc_laplace,43086,SF_k108,108,0.9438729148535301,2.916526538628217,1.0
trunc_laplace,43086,SF_k109,109,0.957600953042881,2.7600628857506653,1.0
trunc_laplace,43086,SF_k110,110,0.9731335699937322,2.5965831978532723,1.0
trunc_laplace,43087,SF_k106,106,0.9187206599719125,3.0542165315191614,1.0
trunc_laplace,43087,SF_k107,107,0.9310223909852352,2.843478750460085,1.0
trunc_laplace,43087,SF_k108,108,0.9438729148535301,2.8221181723276567,1.0
trunc_laplace,43087,SF_k109,109,0.957600953042881,2.872134613374052,1.0
trunc_laplace,43087,SF_k110,110,0.9731335699937322,2.8705231598471195,1.0
trunc_laplace,43088,SF_k106,106,0.9187206599719125,3.2410602907935107,1.0
trunc_laplace,43088,SF_k107,107,0.9310223909852352,3.009215033517137,1.0
trunc_laplace,43088,SF_k108,108,0.9438729148535301,2.863513228769237,1.0
trunc_laplace,43088,SF_k109,109,0.957600953042881,2.693277754545718,1.0
trunc_laplace,43088,SF_k110,110,0.9731335699937322,2.6594110175551795,1.0
trunc_laplace,43089,SF_k106,106,0.9187206599719125,3.0675102487699943,1.0
trunc_laplace,43089,SF_k107,107,0.9310223909852352,2.941295709001678,1.0
trunc_laplace,43089,SF_k108,108,0.9438729148535301,2.9519691784410034,1.0
trunc_laplace,43089,SF_k109,109,0.957600953042881,2.879503128218547,1.0
trunc_laplace,43089,SF_k110,110,0.9731335699937322,2.639635346534075,1.0
trunc_laplace,43090,SF_k106,106,0.9187206599719125,3.0581199570860362,1.0
trunc_laplace,43090,SF_k107,107,0.9310223909852352,2.904228426063662,1.0
trunc_laplace,43090,SF_k108,108,0.9438729148535301,3.167944366716912,1.0
trunc_laplace,43090,SF_k109,109,0.957600953042881,3.2269424923158865,1.0
trunc_laplace,43090,SF_k110,110,0.9731335699937322,3.0498136804115337,1.0
trunc_laplace,43091,SF_k106,106,0.9187206599719125,2.795507631404519,1.0
trunc_laplace,43091,SF_k107,107,0.9310223909852352,2.595487984139776,1.0
trunc_laplace,43091,SF_k108,108,0.9438729148535301,2.510712432832829,0.9935482853132935
trunc_laplace,43091,SF_k109,109,0.957600953042881,2.7315187724857513,1.0
trunc_laplace,43091,SF_k110,110,0.9731335699937322,2.6231451503260526,1.0
trunc_laplace,43092,SF_k106,106,0.9187206599719125,3.414446273991059,1.0
trunc_laplace,43092,SF_k107,107,0.9310223909852352,3.2601755269806905,1.0
trunc_laplace,43092,SF_k108,108,0.9438729148535301,3.1657018087962543,1.0
trunc_laplace,43092,SF_k109,109,0.957600953042881,3.0581413284812773,1.0
trunc_laplace,43092,SF_k110,110,0.9731335699937322,3.8915046859862756,1.0
trunc_laplace,43093,SF_k106,106,0.9187206599719125,3.044582362665867,1.0
trunc_laplace,43093,SF_k107,107,0.9310223909852352,2.8235495036740073,1.0
trunc_laplace,43093,SF_k108,108,0.9438729148535301,2.6759858037691098,1.0
trunc_laplace,43093,SF_k109,109,0.957600953042881,2.9269526528728926,1.0
trunc_laplace,43093,SF_k110,110,0.9731335699937322,2.8002537097639153,1.0
trunc_laplace,43094,SF_k106,106,0.9187206599719125,3.374037151828971,1.0
trunc_laplace,43094,SF_k107,107,0.9310223909852352,3.139355240403078,1.0
trunc_laplace,43094,SF_k108,108,0.9438729148535301,2.9552360004909355,1.0
trunc_laplace,43094,SF_k109,109,0.957600953042881,2.824227538679784,1.0
trunc_laplace,43094,SF_k110,110,0.9731335699937322,3.154146524335801,1.0
trunc_laplace,43095,SF_k106,106,0.9187206599719125,2.7955451588434355,1.0
trunc_laplace,43095,SF_k107,107,0.9310223909852352,2.7113985472557163,1.0
trunc_laplace,43095,SF_k108,108,0.9438729148535301,2.7250694623397025,1.0
trunc_laplace,43095,SF_k109,109,0.957600953042881,2.531784594364101,0.9952464479281877
trunc_laplace,43095,SF_k110,110,0.9731335699937322,3.5425800557834934,1.0
trunc_laplace,43096,SF_k106,106,0.9187206599719125,2.9621254476471117,1.0
trunc_laplace,43096,SF_k107,107,0.9310223909852352,2.760798002548582,1.0
trunc_laplace,43096,SF_k108,108,0.9438729148535301,2.613940656703889,1.0
trunc_laplace,43096,SF_k109,109,0.957600953042881,4.041177087906537,1.0
trunc_laplace,43096,SF_k110,110,0.9731335699937322,3.9518709914999177,1.0
trunc_laplace,43097,SF_k106,106,0.9187206599719125,2.4572561579477497,0.9890691237830458
trunc_laplace,43097,SF_k107,107,0.9310223909852352,2.2695979004830877,0.9712119056685835
trunc_laplace,43097,SF_k108,108,0.9438729148535301,2.692548811130855,1.0
trunc_laplace,43097,SF_k109,109,0.957600953042881,2.6217282085867635,1.0
trunc_laplace,43097,SF_k110,110,0.9731335699937322,2.3111590292575697,0.9754734271581529
trunc_laplace,43098,SF_k106,106,0.9187206599719125,3.225606883598774,1.0
trunc_laplace,43098,SF_k107,107,0.9310223909852352,3.187777127149788,1.0
trunc_laplace,43098,SF_k108,108,0.9438729148535301,3.04891050148885,1.0
trunc_laplace,43098,SF_k109,109,0.957600953042881,3.1760896438310895,1.0
trunc_laplace,43098,SF_k110,110,0.9731335699937322,2.920140722804653,1.0
trunc_laplace,43099,SF_k106,106,0.9187206599719125,3.1681583686852117,1.0
trunc_laplace,43099,SF_k107,107,0.9310223909852352,3.027095859061646,1.0
trunc_laplace,43099,SF_k108,108,0.9438729148535301,3.251488408528657,1.0
trunc_laplace,43099,SF_k109,109,0.957600953042881,3.1831603329767546,1.0
trunc_laplace,43099,SF_k110,110,0.9731335699937322,3.2418469129023624,1.0
trunc_laplace,43100,SF_k106,106,0.9187206599719125,3.069724072509852,1.0
trunc_laplace,43100,SF_k107,107,0.9310223909852352,2.8619727466099336,1.0
trunc_laplace,43100,SF_k108,108,0.9438729148535301,3.000508179698541,1.0
trunc_laplace,43100,SF_k109,109,0.957600953042881,2.814470975256138,1.0
trunc_laplace,43100,SF_k110,110,0.9731335699937322,3.3079460726902856,1.0
trunc_laplace,43101,SF_k106,106,0.9187206599719125,2.729338090486718,1.0
trunc_laplace,43101,SF_k107,107,0.9310223909852352,2.5689445495571497,0.9981516377985236
trunc_laplace,43101,SF_k108,108,0.9438729148535301,2.515552252772435,0.9939416249021549
trunc_laplace,43101,SF_k109,109,0.957600953042881,2.3087092035657393,0.9752273223348729
trunc_laplace,43101,SF_k110,110,0.9731335699937322,2.0699215182947035,0.947952756426313
trunc_laplace,43102,SF_k106,106,0.9187206599719125,3.329948381808566,1.0
trunc_laplace,43102,SF_k107,107,0.9310223909852352,3.21762071851263,1.0
trunc_laplace,43102,SF_k108,108,0.9438729148535301,3.0660256784115467,1.0
trunc_laplace,43102,SF_k109,109,0.957600953042881,2.915251013998111,1.0
trunc_laplace,43102,SF_k110,110,0.9731335699937322,3.6675171586681192,1.0
trunc_laplace,43103,SF_k106,106,0.9187206599719125,2.2906681159708793,0.9733954507007665
trunc_laplace,43103,SF_k107,107,0.9310223909852352,2.421640958600519,0.9859432143877227
trunc_laplace,43103,SF_k108,108,0.9438729148535301,2.5724922243598574,0.9984231542348394
trunc_laplace,43103,SF_k109,109,0.957600953042881,2.736655830461683,1.0
trunc_laplace,43103,SF_k110,110,0.9731335699937322,2.5595851521334323,0.9974304886808916
trunc_laplace,43104,SF_k106,106,0.9187206599719125,2.666434609882534,1.0
trunc_laplace,43104,SF_k107,107,0.9310223909852352,2.767353681407963,1.0
trunc_laplace,43104,SF_k108,108,0.9438729148535301,2.633822782392335,1.0
trunc_laplace,43104,SF_k109,109,0.957600953042881,2.902694751188717,1.0
trunc_laplace,43104,SF_k110,110,0.9731335699937322,2.6807747375444224,1.0
trunc_laplace,43105,SF_k106,106,0.9187206599719125,3.3997047195544186,1.0
trunc_laplace,43105,SF_k107,107,0.9310223909852352,3.5990194743613997,1.0
trunc_laplace,43105,SF_k108,108,0.9438729148535301,3.4559687026902375,1.0
trunc_laplace,43105,SF_k109,109,0.957600953042881,3.368832009543073,1.0
trunc_laplace,43105,SF_k110,110,0.9731335699937322,3.1831696150210083,1.0
trunc_laplace,43106,SF_k106,106,0.9187206599719125,2.837612543721909,1.0
trunc_laplace,43106,SF_k107,107,0.9310223909852352,2.711553773404574,1.0
trunc_laplace,43106,SF_k108,108,0.9438729148535301,2.8610072647267724,1.0
trunc_laplace,43106,SF_k109,109,0.957600953042881,2.84411872245246,1.0
trunc_laplace,43106,SF_k110,110,0.9731335699937322,2.6407527030579656,1.0
trunc_laplace,43107,SF_k106,106,0.9187206599719125,2.8118912776178293,1.0
trunc_laplace,43107,SF_k107,107,0.9310223909852352,2.9532601611937084,1.0
trunc_laplace,43107,SF_k108,108,0.9438729148535301,2.9541193503515415,1.0
trunc_laplace,43107,SF_k109,109,0.957600953042881,2.826916240810305,1.0
trunc_laplace,43107,SF_k110,110,0.9731335699937322,3.0295276082912763,1.0
trunc_laplace,43108,SF_k106,106,0.9187206599719125,3.0037423470698372,1.0
trunc_laplace,43108,SF_k107,107,0.9310223909852352,3.0086379555047316,1.0
trunc_laplace,43108,SF_k108,108,0.9438729148535301,2.812818066033209,1.0
trunc_laplace,43108,SF_k109,109,0.957600953042881,2.6146816344501014,1.0
trunc_laplace,43108,SF_k110,110,0.9731335699937322,2.521318942486783,0.9944077075232816
trunc_laplace,43109,SF_k106,106,0.9187206599719125,3.0224384804883027,1.0
trunc_laplace,43109,SF_k107,107,0.9310223909852352,3.088205195730845,1.0
trunc_laplace,43109,SF_k108,108,0.9438729148535301,3.163197140711467,1.0
trunc_laplace,43109,SF_k109,109,0.957600953042881,3.034345277182254,1.0
trunc_laplace,43109,SF_k110,110,0.9731335699937322,4.813279200513537,1.0
trunc_laplace,43110,SF_k106,106,0.9187206599719125,3.1118029156336062,1.0
trunc_laplace,43110,SF_k107,107,0.9310223909852352,2.8727313401914873,1.0
trunc_laplace,43110,SF_k108,108,0.9438729148535301,2.8596929897792567,1.0
trunc_laplace,43110,SF_k109,109,0.957600953042881,2.940473140838376,1.0
trunc_laplace,43110,SF_k110,110,0.9731335699937322,2.9209267000643915,1.0
trunc_laplace,43111,SF_k106,106,0.9187206599719125,2.616652062176615,1.0
trunc_laplace,43111,SF_k107,107,0.9310223909852352,2.7317840335413446,1.0
trunc_laplace,43111,SF_k108,108,0.9438729148535301,3.0102024455450476,1.0
trunc_laplace,43111,SF_k109,109,0.957600953042881,2.7875139329555,1.0
trunc_laplace,43111,SF_k110,110,0.9731335699937322,2.6774422375883824,1.0
trunc_laplace,43112,SF_k106,106,0.9187206599719125,2.245731116277636,0.9686798831193506
trunc_laplace,43112,SF_k107,107,0.9310223909852352,2.133215559293942,0.9558561589477785
trunc_laplace,43112,SF_k108,108,0.9438729148535301,2.64550587053621,1.0
trunc_laplace,43112,SF_k109,109,0.957600953042881,2.4532380286163193,0.988722240252814
trunc_laplace,43112,SF_k110,110,0.9731335699937322,2.794726587010102,1.0
trunc_laplace,43113,SF_k106,106,0.9187206599719125,3.3590542236298018,1.0
trunc_laplace,43113,SF_k107,107,0.9310223909852352,3.141069798120511,1.0
trunc_laplace,43113,SF_k108,108,0.9438729148535301,3.334404960468737,1.0
trunc_laplace,43113,SF_k109,109,0.957600953042881,3.137699807704446,1.0
trunc_laplace,43113,SF_k110,110,0.9731335699937322,3.632023539364187,1.0
trunc_laplace,43114,SF_k106,106,0.9187206599719125,2.8275870533270195,1.0
trunc_laplace,43114,SF_k107,107,0.9310223909852352,2.8904996735191166,1.0
trunc_laplace,43114,SF_k108,108,0.9438729148535301,2.700267566932683,1.0
trunc_laplace,43114,SF_k109,109,0.957600953042881,3.100800931930266,1.0
trunc_laplace,43114,SF_k110,110,0.9731335699937322,3.6319820933877383,1.0
trunc_laplace,43115,SF_k106,106,0.9187206599719125,3.4708417582873388,1.0
trunc_laplace,43115,SF_k107,107,0.9310223909852352,3.4675995838822615,1.0
trunc_laplace,43115,SF_k108,108,0.9438729148535301,3.940353299832733,1.0
trunc_laplace,43115,SF_k109,109,0.957600953042881,3.725533239266775,1.0
trunc_laplace,43115,SF_k110,110,0.9731335699937322,3.4764026983808685,1.0
trunc_laplace,43116,SF_k106,106,0.9187206599719125,3.8556897373766743,1.0
trunc_laplace,43116,SF_k107,107,0.9310223909852352,3.7532115373017145,1.0
trunc_laplace,43116,SF_k108,108,0.9438729148535301,3.578318360716968,1.0
trunc_laplace,43116,SF_k109,109,0.957600953042881,3.386264640031597,1.0
trunc_laplace,43116,SF_k110,110,0.9731335699937322,3.1222077686015357,1.0
trunc_laplace,43117,SF_k106,106,0.9187206599719125,2.84867701914243,1.0
trunc_laplace,43117,SF_k107,107,0.9310223909852352,2.665893487103509,1.0
trunc_laplace,43117,SF_k108,108,0.9438729148535301,2.7633584944896397,1.0
trunc_laplace,43117,SF_k109,109,0.957600953042881,2.8687353683998835,1.0
trunc_laplace,43117,SF_k110,110,0.9731335699937322,2.890071775233982,1.0
trunc_laplace,43118,SF_k106,106,0.9187206599719125,2.341003014929084,0.9784215446508142
trunc_laplace,43118,SF_k107,107,0.9310223909852352,2.6854438786982353,1.0
trunc_laplace,43118,SF_k108,108,0.9438729148535301,2.5887271783219608,0.9996529348823069
trunc_laplace,43118,SF_k109,109,0.957600953042881,2.4140985365325616,0.9852661920808072
trunc_laplace,43118,SF_k110,110,0.9731335699937322,3.6554450527628357,1.0
trunc_laplace,43119,SF_k106,106,0.9187206599719125,2.5902953654383984,0.9997706241901763
trunc_laplace,43119,SF_k107,107,0.9310223909852352,2.454777535583994,0.9888553171151768
trunc_laplace,43119,SF_k108,108,0.9438729148535301,2.4355552017607374,0.9871782929860746
trunc_laplace,43119,SF_k109,109,0.957600953042881,2.3559365619534383,0.9798626505646089
trunc_laplace,43119,SF_k110,110,0.9731335699937322,3.322671739170645,1.0
trunc_laplace,43120,SF_k106,106,0.9187206599719125,3.389998204120365,1.0
trunc_laplace,43120,SF_k107,107,0.9310223909852352,3.5024442446258144,1.0
trunc_laplace,43120,SF_k108,108,0.9438729148535301,3.2939421142941185,1.0
trunc_laplace,43120,SF_k109,109,0.957600953042881,3.092585297888331,1.0
trunc_laplace,43120,SF_k110,110,0.9731335699937322,2.970374141238633,1.0
trunc_laplace,43121,SF_k106,106,0.9187206599719125,3.204821209889286,1.0
trunc_laplace,43121,SF_k107,107,0.9310223909852352,3.1341764996828974,1.0
trunc_laplace,43121,SF_k108,108,0.9438729148535301,2.945261710262649,1.0
trunc_laplace,43121,SF_k109,109,0.957600953042881,3.1888523048615447,1.0
trunc_laplace,43121,SF_k110,110,0.9731335699937322,3.3401684472489612,1.0
trunc_laplace,43122,SF_k106,106,0.9187206599719125,2.837096256452224,1.0
trunc_laplace,43122,SF_k107,107,0.9310223909852352,2.6749104635546095,1.0
trunc_laplace,43122,SF_k108,108,0.9438729148535301,2.5188507272710994,0.9942085614591738
trunc_laplace,43122,SF_k109,109,0.957600953042881,2.445814472503281,0.9880775308293972
trunc_laplace,43122,SF_k110,110,0.9731335699937322,3.5413895689733073,1.0
trunc_laplace,43123,SF_k106,106,0.9187206599719125,2.969822458324502,1.0
trunc_laplace,43123,SF_k107,107,0.9310223909852352,2.9583633996096537,1.0
trunc_laplace,43123,SF_k108,108,0.9438729148535301,2.9232004175875392,1.0
trunc_laplace,43123,SF_k109,109,0.957600953042881,2.7485944438968453,1.0
trunc_laplace,43123,SF_k110,110,0.9731335699937322,2.489217518088661,0.9917771672731872
trunc_laplace,43124,SF_k106,106,0.9187206599719125,2.8710117646523057,1.0
trunc_laplace,43124,SF_k107,107,0.9310223909852352,2.723364467529109,1.0
trunc_laplace,43124,SF_k108,108,0.9438729148535301,2.5605537750520324,0.9975054488731798
trunc_laplace,43124,SF_k109,109,0.957600953042881,2.85881867066159,1.0
trunc_laplace,43124,SF_k110,110,0.9731335699937322,3.713561978963248,1.0
trunc_laplace,43125,SF_k106,106,0.9187206599719125,2.476680399114519,0.9907256616096287
trunc_laplace,43125,SF_k107,107,0.9310223909852352,2.2617308719989113,0.9703842484211889
trunc_laplace,43125,SF_k108,108,0.9438729148535301,2.051973212922347,0.9456149787846146
trunc_laplace,43125,SF_k109,109,0.957600953042881,2.9484101855844793,1.0
trunc_laplace,43125,SF_k110,110,0.9731335699937322,2.7750923585549048,1.0
trunc_laplace,43126,SF_k106,106,0.9187206599719125,3.3645440258092925,1.0
trunc_laplace,43126,SF_k107,107,0.9310223909852352,3.493524143537208,1.0
trunc_laplace,43126,SF_k108,108,0.9438729148535301,3.3177429698061975,1.0
trunc_laplace,43126,SF_k109,109,0.957600953042881,3.3093139125084092,1.0
trunc_laplace,43126,SF_k110,110,0.9731335699937322,3.132487432576638,1.0
trunc_laplace,43127,SF_k106,106,0.9187206599719125,3.146270952152005,1.0
trunc_laplace,43127,SF_k107,107,0.9310223909852352,3.023165893121742,1.0
trunc_laplace,43127,SF_k108,108,0.9438729148535301,2.822855971446179,1.0
trunc_laplace,43127,SF_k109,109,0.957600953042881,2.9287605046437055,1.0
trunc_laplace,43127,SF_k110,110,0.9731335699937322,2.656154168238513,1.0
trunc_laplace,43128,SF_k106,106,0.9187206599719125,2.8167650046328823,1.0
trunc_laplace,43128,SF_k107,107,0.9310223909852352,2.76902749191835,1.0
trunc_laplace,43128,SF_k108,108,0.9438729148535301,2.8423055300272027,1.0
trunc_laplace,43128,SF_k109,109,0.957600953042881,2.6552024858612038,1.0
trunc_laplace,43128,SF_k110,110,0.9731335699937322,2.3576628801941535,0.9800277996129303
trunc_laplace,43129,SF_k106,106,0.9187206599719125,3.3888626499138,1.0
trunc_laplace,43129,SF_k107,107,0.9310223909852352,3.1699378600343335,1.0
trunc_laplace,43129,SF_k108,108,0.9438729148535301,3.08277055135965,1.0
trunc_laplace,43129,SF_k109,109,0.957600953042881,2.922146391529047,1.0
trunc_laplace,43129,SF_k110,110,0.9731335699937322,2.7913562351257584,1.0
trunc_laplace,43130,SF_k106,106,0.9187206599719125,2.978449992634513,1.0
trunc_laplace,43130,SF_k107,107,0.9310223909852352,2.919060774184844,1.0
trunc_laplace,43130,SF_k108,108,0.9438729148535301,3.1128647027675487,1.0
trunc_laplace,43130,SF_k109,109,0.957600953042881,2.910791994298097,1.0
trunc_laplace,43130,SF_k110,110,0.9731335699937322,2.9749690279333287,1.0
trunc_laplace,43131,SF_k106,106,0.9187206599719125,2.8144030454121767,1.0
trunc_laplace,43131,SF_k107,107,0.9310223909852352,2.6020052456098326,1.0
trunc_laplace,43131,SF_k108,108,0.9438729148535301,2.8209299347348304,1.0
trunc_laplace,43131,SF_k109,109,0.957600953042881,3.3148015223239655,1.0
trunc_laplace,43131,SF_k110,110,0.9731335699937322,3.257061801610632,1.0
trunc_laplace,43132,SF_k106,106,0.9187206599719125,2.7488497583275198,1.0
trunc_laplace,43132,SF_k107,107,0.9310223909852352,2.5626438682516564,0.9976669400824567
trunc_laplace,43132,SF_k108,108,0.9438729148535301,2.4062641161051093,0.9845572971196175
trunc_laplace,43132,SF_k109,109,0.957600953042881,2.3072671757754497,0.9750821646679735
trunc_laplace,43132,SF_k110,110,0.9731335699937322,2.1191429850449643,0.9541437738708038
trunc_laplace,43133,SF_k106,106,0.9187206599719125,2.8415340660028185,1.0
trunc_laplace,43133,SF_k107,107,0.9310223909852352,2.7114042938842884,1.0
trunc_laplace,43133,SF_k108,108,0.9438729148535301,2.526651541365306,0.9948362177711005
trunc_laplace,43133,SF_k109,109,0.957600953042881,2.3606849932513216,0.9803161964862714
trunc_laplace,43133,SF_k110,110,0.9731335699937322,2.3264060336510592,0.9769910563723627
trunc_laplace,43134,SF_k106,106,0.9187206599719125,3.1654005709764994,1.0
trunc_laplace,43134,SF_k107,107,0.9310223909852352,2.9828418893490345,1.0
trunc_laplace,43134,SF_k108,108,0.9438729148535301,3.0675544484256205,1.0
trunc_laplace,43134,SF_k109,109,0.957600953042881,2.891401525097471,1.0
trunc_laplace,43134,SF_k110,110,0.9731335699937322,3.2550895615655193,1.0
trunc_laplace,43135,SF_k106,106,0.9187206599719125,3.3120019167803614,1.0
trunc_laplace,43135,SF_k107,107,0.9310223909852352,3.0828280595440516,1.0
trunc_laplace,43135,SF_k108,108,0.9438729148535301,2.887418930462271,1.0
trunc_laplace,43135,SF_k109,109,0.957600953042881,2.964110766945193,1.0
trunc_laplace,43135,SF_k110,110,0.9731335699937322,2.720242029864108,1.0
trunc_laplace,43136,SF_k106,106,0.9187206599719125,2.4935715175509965,0.9921391382604687
trunc_laplace,43136,SF_k107,107,0.9310223909852352,2.4069591816728853,0.9846204243333148
trunc_laplace,43136,SF_k108,108,0.9438729148535301,2.720662810509775,1.0
trunc_laplace,43136,SF_k109,109,0.957600953042881,2.516668781962621,0.9940320854088034
trunc_laplace,43136,SF_k110,110,0.9731335699937322,2.603312001375143,1.0
trunc_laplace,43137,SF_k106,106,0.9187206599719125,3.7419848692797992,1.0
trunc_laplace,43137,SF_k107,107,0.9310223909852352,3.546217275278535,1.0
trunc_laplace,43137,SF_k108,108,0.9438729148535301,3.658570594005939,1.0
trunc_laplace,43137,SF_k109,109,0.957600953042881,3.5002441419437753,1.0
trunc_laplace,43137,SF_k110,110,0.9731335699937322,3.6056418089452373,1.0
trunc_laplace,43138,SF_k106,106,0.9187206599719125,3.2663701712686968,1.0
trunc_laplace,43138,SF_k107,107,0.9310223909852352,3.0546615732284907,1.0
trunc_laplace,43138,SF_k108,108,0.9438729148535301,2.837892739597908,1.0
trunc_laplace,43138,SF_k109,109,0.957600953042881,2.6239332381110274,1.0
trunc_laplace,43138,SF_k110,110,0.9731335699937322,3.0986503333506397,1.0
trunc_laplace,43139,SF_k106,106,0.9187206599719125,2.9663977212323775,1.0
trunc_laplace,43139,SF_k107,107,0.9310223909852352,2.854272886375773,1.0
trunc_laplace,43139,SF_k108,108,0.9438729148535301,2.717719014054397,1.0
trunc_laplace,43139,SF_k109,109,0.957600953042881,2.6439124727656993,1.0
trunc_laplace,43139,SF_k110,110,0.9731335699937322,2.413469702315239,0.985209505801816
trunc_laplace,43140,SF_k106,106,0.9187206599719125,3.288006834028624,1.0
trunc_laplace,43140,SF_k107,107,0.9310223909852352,3.2944016757192474,1.0
trunc_laplace,43140,SF_k108,108,0.9438729148535301,3.5501877931860473,1.0
trunc_laplace,43140,SF_k109,109,0.957600953042881,4.054565096626098,1.0
trunc_laplace,43140,SF_k110,110,0.9731335699937322,4.177413329594,1.0
trunc_laplace,43141,SF_k106,106,0.9187206599719125,2.8333532125297536,1.0
trunc_laplace,43141,SF_k107,107,0.9310223909852352,2.8735579191842904,1.0
trunc_laplace,43141,SF_k108,108,0.9438729148535301,2.720292434046168,1.0
trunc_laplace,43141,SF_k109,109,0.957600953042881,2.7923055617734915,1.0
trunc_laplace,43141,SF_k110,110,0.9731335699937322,2.7345290685289974,1.0
trunc_laplace,43142,SF_k106,106,0.9187206599719125,2.8020811999418282,1.0
trunc_laplace,43142,SF_k107,107,0.9310223909852352,2.7591918701523035,1.0
trunc_laplace,43142,SF_k108,108,0.9438729148535301,3.007885781538554,1.0
trunc_laplace,43142,SF_k109,109,0.957600953042881,2.9358871879809287,1.0
trunc_laplace,43142,SF_k110,110,0.9731335699937322,3.3867506829150256,1.0
trunc_laplace,43143,SF_k106,106,0.9187206599719125,2.9545876268638507,1.0
trunc_laplace,43143,SF_k107,107,0.9310223909852352,3.1790091569165284,1.0
trunc_laplace,43143,SF_k108,108,0.9438729148535301,3.46271283791259,1.0
trunc_laplace,43143,SF_k109,109,0.957600953042881,3.5069113977496458,1.0
trunc_laplace,43143,SF_k110,110,0.9731335699937322,5.4563059473567295,1.0
trunc_laplace,43144,SF_k106,106,0.9187206599719125,3.0824527867539446,1.0
trunc_laplace,43144,SF_k107,107,0.9310223909852352,2.865696332259544,1.0
trunc_laplace,43144,SF_k108,108,0.9438729148535301,2.7733118205394405,1.0
trunc_laplace,43144,SF_k109,109,0.957600953042881,2.7682799773746214,1.0
trunc_laplace,43144,SF_k110,110,0.9731335699937322,3.707105507104296,1.0
trunc_laplace,43145,SF_k106,106,0.9187206599719125,3.7457223387908587,1.0
trunc_laplace,43145,SF_k107,107,0.9310223909852352,3.495552793708053,1.0
trunc_laplace,43145,SF_k108,108,0.9438729148535301,3.3564937411645213,1.0
trunc_laplace,43145,SF_k109,109,0.957600953042881,3.258435924186608,1.0
trunc_laplace,43145,SF_k110,110,0.9731335699937322,2.994965033189673,1.0
trunc_laplace,43146,SF_k106,106,0.9187206599719125,3.2444649576482467,1.0
trunc_laplace,43146,SF_k107,107,0.9310223909852352,3.177412675822061,1.0
trunc_laplace,43146,SF_k108,108,0.9438729148535301,3.854282105650968,1.0
trunc_laplace,43146,SF_k109,109,0.957600953042881,3.937468356295529,1.0
trunc_laplace,43146,SF_k110,110,0.9731335699937322,3.705384210011431,1.0
trunc_laplace,43147,SF_k106,106,0.9187206599719125,3.0607772749907842,1.0
trunc_laplace,43147,SF_k107,107,0.9310223909852352,3.6022026055075176,1.0
trunc_laplace,43147,SF_k108,108,0.9438729148535301,3.3976905671852258,1.0
trunc_laplace,43147,SF_k109,109,0.957600953042881,4.101927918050672,1.0
trunc_laplace,43147,SF_k110,110,0.9731335699937322,4.115812476896117,1.0
trunc_laplace,43148,SF_k106,106,0.9187206599719125,3.482666898619747,1.0
trunc_laplace,43148,SF_k107,107,0.9310223909852352,3.5423802372262094,1.0
trunc_laplace,43148,SF_k108,108,0.9438729148535301,3.51788670604665,1.0
trunc_laplace,43148,SF_k109,109,0.957600953042881,3.600525526706489,1.0
trunc_laplace,43148,SF_k110,110,0.9731335699937322,3.5123933034449855,1.0
trunc_laplace,43149,SF_k106,106,0.9187206599719125,3.049201568551218,1.0
trunc_laplace,43149,SF_k107,107,0.9310223909852352,3.3287024289780263,1.0
trunc_laplace,43149,SF_k108,108,0.9438729148535301,3.2105890436964777,1.0
trunc_laplace,43149,SF_k109,109,0.957600953042881,3.068121729843152,1.0
trunc_laplace,43149,SF_k110,110,0.9731335699937322,2.9369456128221767,1.0
